packet_id,packet_md_path,packet_json_path,row_index,article_id,title,periodical,issue_id,language,article_type,review_text_chars,review_strategy,n_trigger_windows,retrieval_hint_codes,packet_article_position
chat_packet_001,chat_annotation_packets_jaleo/packets/chat_packet_001.md,chat_annotation_packets_jaleo/packets/chat_packet_001.json,0,JALEO_1977_08::A1,WHY A FLAMENCO ASSOCIATION?,jaleo,JALEO_1977_08,en,editorial,3155,full,0,,1
chat_packet_001,chat_annotation_packets_jaleo/packets/chat_packet_001.md,chat_annotation_packets_jaleo/packets/chat_packet_001.json,1,JALEO_1977_08::A2,JUERGA REPORT,jaleo,JALEO_1977_08,en,article,3274,full,0,,2
chat_packet_001,chat_annotation_packets_jaleo/packets/chat_packet_001.md,chat_annotation_packets_jaleo/packets/chat_packet_001.json,2,JALEO_1977_08::A3,COMING UP,jaleo,JALEO_1977_08,en,event,2473,full,0,,3
chat_packet_001,chat_annotation_packets_jaleo/packets/chat_packet_001.md,chat_annotation_packets_jaleo/packets/chat_packet_001.json,3,JALEO_1977_08::A4,SEVILLANAS,jaleo,JALEO_1977_08,en,article,2894,full,0,,4
chat_packet_001,chat_annotation_packets_jaleo/packets/chat_packet_001.md,chat_annotation_packets_jaleo/packets/chat_packet_001.json,4,JALEO_1977_08::A5,SEVILLANAS SIN GUITARRA,jaleo,JALEO_1977_08,en,article,2866,head_tail_windows,1,PED_02,5
chat_packet_002,chat_annotation_packets_jaleo/packets/chat_packet_002.md,chat_annotation_packets_jaleo/packets/chat_packet_002.json,5,JALEO_1977_08::A6,SEVILLANAS CASTANETS,jaleo,JALEO_1977_08,en,article,4426,head_tail_windows,1,COMM_04,1
chat_packet_002,chat_annotation_packets_jaleo/packets/chat_packet_002.md,chat_annotation_packets_jaleo/packets/chat_packet_002.json,6,JALEO_1977_08::A7,SEVILLA,jaleo,JALEO_1977_08,en,poem,2105,head_tail_windows,1,CRIT_02,2
chat_packet_002,chat_annotation_packets_jaleo/packets/chat_packet_002.md,chat_annotation_packets_jaleo/packets/chat_packet_002.json,7,JALEO_1977_08::A8,SEVILLANAS GUITAR,jaleo,JALEO_1977_08,en,other,759,full,0,,3
chat_packet_002,chat_annotation_packets_jaleo/packets/chat_packet_002.md,chat_annotation_packets_jaleo/packets/chat_packet_002.json,8,JALEO_1977_09::A1,i FANDANGOS!,jaleo,JALEO_1977_09,en,other,3062,full,0,,4
chat_packet_002,chat_annotation_packets_jaleo/packets/chat_packet_002.md,chat_annotation_packets_jaleo/packets/chat_packet_002.json,9,JALEO_1977_09::A2,FANDANGOS STYLES,jaleo,JALEO_1977_09,en,other,3985,full,0,,5
chat_packet_003,chat_annotation_packets_jaleo/packets/chat_packet_003.md,chat_annotation_packets_jaleo/packets/chat_packet_003.json,10,JALEO_1977_09::A3,FANDANGOS VERSE,jaleo,JALEO_1977_09,en,other,302,full,0,,1
chat_packet_003,chat_annotation_packets_jaleo/packets/chat_packet_003.md,chat_annotation_packets_jaleo/packets/chat_packet_003.json,11,JALEO_1977_09::A4,ANNIVERSARY JUERGA,jaleo,JALEO_1977_09,en,other,676,full,0,,2
chat_packet_003,chat_annotation_packets_jaleo/packets/chat_packet_003.md,chat_annotation_packets_jaleo/packets/chat_packet_003.json,12,JALEO_1977_09::A5,JUERGAS,jaleo,JALEO_1977_09,en,other,696,full,0,,3
chat_packet_003,chat_annotation_packets_jaleo/packets/chat_packet_003.md,chat_annotation_packets_jaleo/packets/chat_packet_003.json,13,JALEO_1977_09::A6,AUGUST JUERGA A SMASH!,jaleo,JALEO_1977_09,en,other,1847,full,0,,4
chat_packet_003,chat_annotation_packets_jaleo/packets/chat_packet_003.md,chat_annotation_packets_jaleo/packets/chat_packet_003.json,14,JALEO_1977_09::A7,ROCÍO,jaleo,JALEO_1977_09,en,other,5792,full,0,,5
chat_packet_004,chat_annotation_packets_jaleo/packets/chat_packet_004.md,chat_annotation_packets_jaleo/packets/chat_packet_004.json,15,JALEO_1977_09::A8,LA LUZ,jaleo,JALEO_1977_09,en,other,959,full,0,,1
chat_packet_004,chat_annotation_packets_jaleo/packets/chat_packet_004.md,chat_annotation_packets_jaleo/packets/chat_packet_004.json,16,JALEO_1977_09::A9,MORCA,jaleo,JALEO_1977_09,en,other,1459,full,0,,2
chat_packet_004,chat_annotation_packets_jaleo/packets/chat_packet_004.md,chat_annotation_packets_jaleo/packets/chat_packet_004.json,17,JALEO_1977_10::A1,SOLEARES,jaleo,JALEO_1977_10,en,other,4161,full,0,,3
chat_packet_004,chat_annotation_packets_jaleo/packets/chat_packet_004.md,chat_annotation_packets_jaleo/packets/chat_packet_004.json,18,JALEO_1977_10::A2,THE SPANISH TABLAO,jaleo,JALEO_1977_10,en,other,4793,full,0,,4
chat_packet_004,chat_annotation_packets_jaleo/packets/chat_packet_004.md,chat_annotation_packets_jaleo/packets/chat_packet_004.json,19,JALEO_1977_10::A3,LA LUZ,jaleo,JALEO_1977_10,en,other,2247,full,0,,5
chat_packet_005,chat_annotation_packets_jaleo/packets/chat_packet_005.md,chat_annotation_packets_jaleo/packets/chat_packet_005.json,20,JALEO_1977_10::A4,JUERGAS,jaleo,JALEO_1977_10,en,other,2583,full,0,,1
chat_packet_005,chat_annotation_packets_jaleo/packets/chat_packet_005.md,chat_annotation_packets_jaleo/packets/chat_packet_005.json,21,JALEO_1977_10::A5,OCTOBER JUERGA,jaleo,JALEO_1977_10,en,other,1553,full,0,,2
chat_packet_005,chat_annotation_packets_jaleo/packets/chat_packet_005.md,chat_annotation_packets_jaleo/packets/chat_packet_005.json,22,JALEO_1977_12::A1,JUERGAS,jaleo,JALEO_1977_12,en,other,1345,full,0,,3
chat_packet_005,chat_annotation_packets_jaleo/packets/chat_packet_005.md,chat_annotation_packets_jaleo/packets/chat_packet_005.json,23,JALEO_1977_12::A2,NEW YEAR'S EVE JUERGA!,jaleo,JALEO_1977_12,en,other,962,full,0,,4
chat_packet_005,chat_annotation_packets_jaleo/packets/chat_packet_005.md,chat_annotation_packets_jaleo/packets/chat_packet_005.json,24,JALEO_1977_12::A3,GRAPES OF NEW YEAR'S EVE,jaleo,JALEO_1977_12,en,other,932,full,0,,5
chat_packet_006,chat_annotation_packets_jaleo/packets/chat_packet_006.md,chat_annotation_packets_jaleo/packets/chat_packet_006.json,25,JALEO_1977_12::A4,LETTERS,jaleo,JALEO_1977_12,en,other,4550,full,0,,1
chat_packet_006,chat_annotation_packets_jaleo/packets/chat_packet_006.md,chat_annotation_packets_jaleo/packets/chat_packet_006.json,26,JALEO_1977_12::A5,SABICAS,jaleo,JALEO_1977_12,en,other,3635,head_tail_windows,1,PED_01,2
chat_packet_006,chat_annotation_packets_jaleo/packets/chat_packet_006.md,chat_annotation_packets_jaleo/packets/chat_packet_006.json,27,JALEO_1977_12::A6,THE SEARCH FOR FLAMENCO in mexico city ,jaleo,JALEO_1977_12,en,other,4250,full,0,,3
chat_packet_006,chat_annotation_packets_jaleo/packets/chat_packet_006.md,chat_annotation_packets_jaleo/packets/chat_packet_006.json,28,JALEO_1977_12::A7,PACO DE LUCIA,jaleo,JALEO_1977_12,en,other,5488,full,0,,4
chat_packet_006,chat_annotation_packets_jaleo/packets/chat_packet_006.md,chat_annotation_packets_jaleo/packets/chat_packet_006.json,29,JALEO_1977_12::A8,GYPSY IN DARKNESS,jaleo,JALEO_1977_12,en,other,2318,full,0,,5
chat_packet_007,chat_annotation_packets_jaleo/packets/chat_packet_007.md,chat_annotation_packets_jaleo/packets/chat_packet_007.json,30,JALEO_1978_01::A1,DUENDE AND THE JUERGA,jaleo,JALEO_1978_01,en,other,4736,full,0,,1
chat_packet_007,chat_annotation_packets_jaleo/packets/chat_packet_007.md,chat_annotation_packets_jaleo/packets/chat_packet_007.json,31,JALEO_1978_01::A2,LETTERS,jaleo,JALEO_1978_01,en,other,530,full,0,,2
chat_packet_007,chat_annotation_packets_jaleo/packets/chat_packet_007.md,chat_annotation_packets_jaleo/packets/chat_packet_007.json,32,JALEO_1978_01::A3,RODRIGO de SAN DIEGO,jaleo,JALEO_1978_01,en,other,3820,full,0,,3
chat_packet_007,chat_annotation_packets_jaleo/packets/chat_packet_007.md,chat_annotation_packets_jaleo/packets/chat_packet_007.json,33,JALEO_1978_01::A4,Transcribed by Peter Baime Seguiriya,jaleo,JALEO_1978_01,en,other,1774,full,0,,4
chat_packet_007,chat_annotation_packets_jaleo/packets/chat_packet_007.md,chat_annotation_packets_jaleo/packets/chat_packet_007.json,34,JALEO_1978_01::A5,RECORDS DONATED,jaleo,JALEO_1978_01,en,other,689,full,0,,5
chat_packet_008,chat_annotation_packets_jaleo/packets/chat_packet_008.md,chat_annotation_packets_jaleo/packets/chat_packet_008.json,35,JALEO_1978_01::A6,LA LUZ,jaleo,JALEO_1978_01,en,other,4944,full,0,,1
chat_packet_008,chat_annotation_packets_jaleo/packets/chat_packet_008.md,chat_annotation_packets_jaleo/packets/chat_packet_008.json,36,JALEO_1978_01::A7,THE SAN FRANCISCO SCENE,jaleo,JALEO_1978_01,en,other,536,full,0,,2
chat_packet_008,chat_annotation_packets_jaleo/packets/chat_packet_008.md,chat_annotation_packets_jaleo/packets/chat_packet_008.json,37,JALEO_1978_01::A8,JUERGAS,jaleo,JALEO_1978_01,en,other,3461,full,0,,3
chat_packet_008,chat_annotation_packets_jaleo/packets/chat_packet_008.md,chat_annotation_packets_jaleo/packets/chat_packet_008.json,38,JALEO_1978_02::A1,FEBRUARY JUERGA,jaleo,JALEO_1978_02,en,other,2838,full,0,,4
chat_packet_008,chat_annotation_packets_jaleo/packets/chat_packet_008.md,chat_annotation_packets_jaleo/packets/chat_packet_008.json,39,JALEO_1978_02::A2,LETTERS,jaleo,JALEO_1978_02,en,other,1574,full,0,,5
chat_packet_009,chat_annotation_packets_jaleo/packets/chat_packet_009.md,chat_annotation_packets_jaleo/packets/chat_packet_009.json,40,JALEO_1978_02::A3,PUNTO DE VISTA,jaleo,JALEO_1978_02,en,other,2506,full,0,,1
chat_packet_009,chat_annotation_packets_jaleo/packets/chat_packet_009.md,chat_annotation_packets_jaleo/packets/chat_packet_009.json,41,JALEO_1978_02::A4,UNIQUE DANCE CLASSES,jaleo,JALEO_1978_02,en,other,1046,full,0,,2
chat_packet_009,chat_annotation_packets_jaleo/packets/chat_packet_009.md,chat_annotation_packets_jaleo/packets/chat_packet_009.json,42,JALEO_1978_02::A5,ALEGRIAS,jaleo,JALEO_1978_02,en,other,2833,head_tail_windows,1,PED_02,3
chat_packet_009,chat_annotation_packets_jaleo/packets/chat_packet_009.md,chat_annotation_packets_jaleo/packets/chat_packet_009.json,43,JALEO_1978_02::A6,LA LUZ ,jaleo,JALEO_1978_02,en,other,2141,full,0,,4
chat_packet_009,chat_annotation_packets_jaleo/packets/chat_packet_009.md,chat_annotation_packets_jaleo/packets/chat_packet_009.json,44,JALEO_1978_02::A7,Ballet Nacional Festivales de España,jaleo,JALEO_1978_02,en,other,3421,full,0,,5
chat_packet_010,chat_annotation_packets_jaleo/packets/chat_packet_010.md,chat_annotation_packets_jaleo/packets/chat_packet_010.json,45,JALEO_1978_02::A8,ENRIQUE DE MELCHOR,jaleo,JALEO_1978_02,en,other,2467,full,0,,1
chat_packet_010,chat_annotation_packets_jaleo/packets/chat_packet_010.md,chat_annotation_packets_jaleo/packets/chat_packet_010.json,46,JALEO_1978_02::A9,ADIOS!,jaleo,JALEO_1978_02,en,other,2816,full,0,,2
chat_packet_010,chat_annotation_packets_jaleo/packets/chat_packet_010.md,chat_annotation_packets_jaleo/packets/chat_packet_010.json,47,JALEO_1978_02::A11,Tortilla De Patata,jaleo,JALEO_1978_02,en,other,872,full,0,,3
chat_packet_010,chat_annotation_packets_jaleo/packets/chat_packet_010.md,chat_annotation_packets_jaleo/packets/chat_packet_010.json,48,JALEO_1978_02::A12,EL OIDO,jaleo,JALEO_1978_02,en,other,495,full,0,,4
chat_packet_010,chat_annotation_packets_jaleo/packets/chat_packet_010.md,chat_annotation_packets_jaleo/packets/chat_packet_010.json,49,JALEO_1978_02::A13,ALEGRIAS,jaleo,JALEO_1978_02,en,other,2191,full,0,,5
chat_packet_011,chat_annotation_packets_jaleo/packets/chat_packet_011.md,chat_annotation_packets_jaleo/packets/chat_packet_011.json,50,JALEO_1978_02::A14,FLAMENCO MUSIC IN PRINT,jaleo,JALEO_1978_02,en,other,4427,full,0,,1
chat_packet_011,chat_annotation_packets_jaleo/packets/chat_packet_011.md,chat_annotation_packets_jaleo/packets/chat_packet_011.json,51,JALEO_1978_02::A15,MARCH JUERGA,jaleo,JALEO_1978_02,en,other,699,full,0,,2
chat_packet_011,chat_annotation_packets_jaleo/packets/chat_packet_011.md,chat_annotation_packets_jaleo/packets/chat_packet_011.json,52,JALEO_1978_03::A1,FEBRUARY JUERGA,jaleo,JALEO_1978_03,en,other,3918,full,0,,3
chat_packet_011,chat_annotation_packets_jaleo/packets/chat_packet_011.md,chat_annotation_packets_jaleo/packets/chat_packet_011.json,53,JALEO_1978_03::A2,LETTERS,jaleo,JALEO_1978_03,en,other,1574,full,0,,4
chat_packet_011,chat_annotation_packets_jaleo/packets/chat_packet_011.md,chat_annotation_packets_jaleo/packets/chat_packet_011.json,54,JALEO_1978_03::A3,PUNTO DE VISTA,jaleo,JALEO_1978_03,en,other,2506,full,0,,5
chat_packet_012,chat_annotation_packets_jaleo/packets/chat_packet_012.md,chat_annotation_packets_jaleo/packets/chat_packet_012.json,55,JALEO_1978_03::A4,UNIQUE DANCE CLASSES,jaleo,JALEO_1978_03,en,other,1046,full,0,,1
chat_packet_012,chat_annotation_packets_jaleo/packets/chat_packet_012.md,chat_annotation_packets_jaleo/packets/chat_packet_012.json,56,JALEO_1978_03::A5,ALEGRIAS,jaleo,JALEO_1978_03,en,other,2833,head_tail_windows,1,PED_02,2
chat_packet_012,chat_annotation_packets_jaleo/packets/chat_packet_012.md,chat_annotation_packets_jaleo/packets/chat_packet_012.json,57,JALEO_1978_03::A6,LA LUZ ,jaleo,JALEO_1978_03,en,other,2141,full,0,,3
chat_packet_012,chat_annotation_packets_jaleo/packets/chat_packet_012.md,chat_annotation_packets_jaleo/packets/chat_packet_012.json,58,JALEO_1978_03::A7,Ballet Nacional Festivales de España,jaleo,JALEO_1978_03,en,other,3421,full,0,,4
chat_packet_012,chat_annotation_packets_jaleo/packets/chat_packet_012.md,chat_annotation_packets_jaleo/packets/chat_packet_012.json,59,JALEO_1978_03::A8,ENRIQUE DE MELCHOR,jaleo,JALEO_1978_03,en,other,1100,full,0,,5
chat_packet_013,chat_annotation_packets_jaleo/packets/chat_packet_013.md,chat_annotation_packets_jaleo/packets/chat_packet_013.json,60,JALEO_1978_03::A9,ADIOS!,jaleo,JALEO_1978_03,en,other,2816,full,0,,1
chat_packet_013,chat_annotation_packets_jaleo/packets/chat_packet_013.md,chat_annotation_packets_jaleo/packets/chat_packet_013.json,61,JALEO_1978_03::A10,FLAMENCO TALK,jaleo,JALEO_1978_03,en,other,1053,full,0,,2
chat_packet_013,chat_annotation_packets_jaleo/packets/chat_packet_013.md,chat_annotation_packets_jaleo/packets/chat_packet_013.json,62,JALEO_1978_03::A11,Tortilla De Patata,jaleo,JALEO_1978_03,en,other,872,full,0,,3
chat_packet_013,chat_annotation_packets_jaleo/packets/chat_packet_013.md,chat_annotation_packets_jaleo/packets/chat_packet_013.json,63,JALEO_1978_03::A12,EL OIDO,jaleo,JALEO_1978_03,en,other,495,full,0,,4
chat_packet_013,chat_annotation_packets_jaleo/packets/chat_packet_013.md,chat_annotation_packets_jaleo/packets/chat_packet_013.json,64,JALEO_1978_03::A13,ALEGRIAS,jaleo,JALEO_1978_03,en,other,2191,full,0,,5
chat_packet_014,chat_annotation_packets_jaleo/packets/chat_packet_014.md,chat_annotation_packets_jaleo/packets/chat_packet_014.json,65,JALEO_1978_03::A14,FLAMENCO MUSIC IN PRINT,jaleo,JALEO_1978_03,en,other,4427,full,0,,1
chat_packet_014,chat_annotation_packets_jaleo/packets/chat_packet_014.md,chat_annotation_packets_jaleo/packets/chat_packet_014.json,66,JALEO_1978_03::A15,MARCH JUERGA,jaleo,JALEO_1978_03,en,other,699,full,0,,2
chat_packet_014,chat_annotation_packets_jaleo/packets/chat_packet_014.md,chat_annotation_packets_jaleo/packets/chat_packet_014.json,67,JALEO_1978_04::A1,Sevilla,jaleo,JALEO_1978_04,en,poem,3667,full,0,,3
chat_packet_014,chat_annotation_packets_jaleo/packets/chat_packet_014.md,chat_annotation_packets_jaleo/packets/chat_packet_014.json,68,JALEO_1978_04::A2,LETTERS,jaleo,JALEO_1978_04,en,other,762,full,0,,4
chat_packet_014,chat_annotation_packets_jaleo/packets/chat_packet_014.md,chat_annotation_packets_jaleo/packets/chat_packet_014.json,69,JALEO_1978_04::A3,PUNTO DE VISTA,jaleo,JALEO_1978_04,en,other,1712,full,0,,5
chat_packet_015,chat_annotation_packets_jaleo/packets/chat_packet_015.md,chat_annotation_packets_jaleo/packets/chat_packet_015.json,70,JALEO_1978_04::A4,Like A Parade!,jaleo,JALEO_1978_04,en,other,3057,full,0,,1
chat_packet_015,chat_annotation_packets_jaleo/packets/chat_packet_015.md,chat_annotation_packets_jaleo/packets/chat_packet_015.json,71,JALEO_1978_04::A5,La Feria de Sevilla,jaleo,JALEO_1978_04,en,other,3431,head_tail_windows,1,AUTH_03,2
chat_packet_015,chat_annotation_packets_jaleo/packets/chat_packet_015.md,chat_annotation_packets_jaleo/packets/chat_packet_015.json,72,JALEO_1978_04::A6,LA LUZ,jaleo,JALEO_1978_04,en,other,4258,full,0,,3
chat_packet_015,chat_annotation_packets_jaleo/packets/chat_packet_015.md,chat_annotation_packets_jaleo/packets/chat_packet_015.json,73,JALEO_1978_04::A7,TOO LONG AGAIN!,jaleo,JALEO_1978_04,en,other,3401,full,0,,4
chat_packet_015,chat_annotation_packets_jaleo/packets/chat_packet_015.md,chat_annotation_packets_jaleo/packets/chat_packet_015.json,74,JALEO_1978_04::A8,Luis de Córdoba,jaleo,JALEO_1978_04,en,other,778,full,0,,5
chat_packet_016,chat_annotation_packets_jaleo/packets/chat_packet_016.md,chat_annotation_packets_jaleo/packets/chat_packet_016.json,75,JALEO_1978_04::A9,Sevillanas,jaleo,JALEO_1978_04,en,article,4794,full,0,,1
chat_packet_016,chat_annotation_packets_jaleo/packets/chat_packet_016.md,chat_annotation_packets_jaleo/packets/chat_packet_016.json,76,JALEO_1978_04::A10,For Voice and Guitar,jaleo,JALEO_1978_04,en,article,616,full,0,,2
chat_packet_016,chat_annotation_packets_jaleo/packets/chat_packet_016.md,chat_annotation_packets_jaleo/packets/chat_packet_016.json,77,JALEO_1978_04::A11,More on Caló,jaleo,JALEO_1978_04,en,other,2885,full,0,,3
chat_packet_016,chat_annotation_packets_jaleo/packets/chat_packet_016.md,chat_annotation_packets_jaleo/packets/chat_packet_016.json,78,JALEO_1978_04::A12,Alegrías,jaleo,JALEO_1978_04,en,other,354,full,0,,4
chat_packet_016,chat_annotation_packets_jaleo/packets/chat_packet_016.md,chat_annotation_packets_jaleo/packets/chat_packet_016.json,79,JALEO_1978_04::A13,FLAMENCO TALK,jaleo,JALEO_1978_04,en,other,1124,full,0,,5
chat_packet_017,chat_annotation_packets_jaleo/packets/chat_packet_017.md,chat_annotation_packets_jaleo/packets/chat_packet_017.json,80,JALEO_1978_04::A14,FLAMENCO Guitar Method Books,jaleo,JALEO_1978_04,en,article,3941,full,0,,1
chat_packet_017,chat_annotation_packets_jaleo/packets/chat_packet_017.md,chat_annotation_packets_jaleo/packets/chat_packet_017.json,81,JALEO_1978_04::A15,EL OIDO,jaleo,JALEO_1978_04,en,other,841,full,0,,2
chat_packet_017,chat_annotation_packets_jaleo/packets/chat_packet_017.md,chat_annotation_packets_jaleo/packets/chat_packet_017.json,82,JALEO_1978_04::A16,New Flamenco Guitar Music,jaleo,JALEO_1978_04,en,article,1317,full,0,,3
chat_packet_017,chat_annotation_packets_jaleo/packets/chat_packet_017.md,chat_annotation_packets_jaleo/packets/chat_packet_017.json,83,JALEO_1978_04::A17,MARCH JUERGA,jaleo,JALEO_1978_04,en,other,3745,full,0,,4
chat_packet_017,chat_annotation_packets_jaleo/packets/chat_packet_017.md,chat_annotation_packets_jaleo/packets/chat_packet_017.json,84,JALEO_1978_04::A18,APRIL JUERGA,jaleo,JALEO_1978_04,en,other,3379,full,0,,5
chat_packet_018,chat_annotation_packets_jaleo/packets/chat_packet_018.md,chat_annotation_packets_jaleo/packets/chat_packet_018.json,85,JALEO_1978_05::A1,FINDING THE EAGLE,jaleo,JALEO_1978_05,en,other,5553,full,0,,1
chat_packet_018,chat_annotation_packets_jaleo/packets/chat_packet_018.md,chat_annotation_packets_jaleo/packets/chat_packet_018.json,86,JALEO_1978_05::A2,FLAMENCO PALMAS,jaleo,JALEO_1978_05,en,other,4277,full,0,,2
chat_packet_018,chat_annotation_packets_jaleo/packets/chat_packet_018.md,chat_annotation_packets_jaleo/packets/chat_packet_018.json,87,JALEO_1978_05::A3,LETTERS,jaleo,JALEO_1978_05,en,other,3792,full,0,,3
chat_packet_018,chat_annotation_packets_jaleo/packets/chat_packet_018.md,chat_annotation_packets_jaleo/packets/chat_packet_018.json,88,JALEO_1978_05::A4,PUNTO DE VISTA,jaleo,JALEO_1978_05,en,other,4383,full,0,,4
chat_packet_018,chat_annotation_packets_jaleo/packets/chat_packet_018.md,chat_annotation_packets_jaleo/packets/chat_packet_018.json,89,JALEO_1978_05::A5,FESTIVAL,jaleo,JALEO_1978_05,en,other,3218,head_tail_windows,1,PED_03,5
chat_packet_019,chat_annotation_packets_jaleo/packets/chat_packet_019.md,chat_annotation_packets_jaleo/packets/chat_packet_019.json,90,JALEO_1978_05::A6,The Morcas the Merrier,jaleo,JALEO_1978_05,en,other,3407,full,0,,1
chat_packet_019,chat_annotation_packets_jaleo/packets/chat_packet_019.md,chat_annotation_packets_jaleo/packets/chat_packet_019.json,91,JALEO_1978_05::A7,Gary Hayes,jaleo,JALEO_1978_05,en,other,1792,full,0,,2
chat_packet_019,chat_annotation_packets_jaleo/packets/chat_packet_019.md,chat_annotation_packets_jaleo/packets/chat_packet_019.json,92,JALEO_1978_05::A8,FOSFORITO EN LOS CANTES DE MÁLAGA,jaleo,JALEO_1978_05,en,other,1076,full,0,,3
chat_packet_019,chat_annotation_packets_jaleo/packets/chat_packet_019.md,chat_annotation_packets_jaleo/packets/chat_packet_019.json,93,JALEO_1978_05::A9,NEW FLAMENCO GUITAR MUSIC,jaleo,JALEO_1978_05,en,article,1613,full,0,,4
chat_packet_019,chat_annotation_packets_jaleo/packets/chat_packet_019.md,chat_annotation_packets_jaleo/packets/chat_packet_019.json,94,JALEO_1978_05::A10,Alegrías,jaleo,JALEO_1978_05,en,other,887,full,0,,5
chat_packet_020,chat_annotation_packets_jaleo/packets/chat_packet_020.md,chat_annotation_packets_jaleo/packets/chat_packet_020.json,95,JALEO_1978_05::A11,Music & Dances of Spain,jaleo,JALEO_1978_05,en,other,4430,full,0,,1
chat_packet_020,chat_annotation_packets_jaleo/packets/chat_packet_020.md,chat_annotation_packets_jaleo/packets/chat_packet_020.json,96,JALEO_1978_05::A12,José Molina,jaleo,JALEO_1978_05,en,poem,4053,head_tail_windows,2,"COMM_02, AUTH_03",2
chat_packet_020,chat_annotation_packets_jaleo/packets/chat_packet_020.md,chat_annotation_packets_jaleo/packets/chat_packet_020.json,97,JALEO_1978_05::A13,FLAMENCO TALK,jaleo,JALEO_1978_05,en,other,57,full,0,,3
chat_packet_020,chat_annotation_packets_jaleo/packets/chat_packet_020.md,chat_annotation_packets_jaleo/packets/chat_packet_020.json,98,JALEO_1978_05::A14,APRIl JUERGA,jaleo,JALEO_1978_05,en,other,868,full,0,,4
chat_packet_020,chat_annotation_packets_jaleo/packets/chat_packet_020.md,chat_annotation_packets_jaleo/packets/chat_packet_020.json,99,JALEO_1978_05::A15,MAY JUERGA,jaleo,JALEO_1978_05,en,other,2209,full,0,,5
chat_packet_021,chat_annotation_packets_jaleo/packets/chat_packet_021.md,chat_annotation_packets_jaleo/packets/chat_packet_021.json,100,JALEO_1978_06::A1,FLAMENCO and its NEW AUDIENCES,jaleo,JALEO_1978_06,en,other,2636,head_tail_windows,1,COMM_02,1
chat_packet_021,chat_annotation_packets_jaleo/packets/chat_packet_021.md,chat_annotation_packets_jaleo/packets/chat_packet_021.json,101,JALEO_1978_06::A2,PACO de LUCIA,jaleo,JALEO_1978_06,en,other,2932,head_tail_windows,1,COMM_04,2
chat_packet_021,chat_annotation_packets_jaleo/packets/chat_packet_021.md,chat_annotation_packets_jaleo/packets/chat_packet_021.json,102,JALEO_1978_06::A3,LETTERS,jaleo,JALEO_1978_06,en,other,2541,full,0,,3
chat_packet_021,chat_annotation_packets_jaleo/packets/chat_packet_021.md,chat_annotation_packets_jaleo/packets/chat_packet_021.json,103,JALEO_1978_06::A4,Tangos-Tientos,jaleo,JALEO_1978_06,en,other,4347,full,0,,4
chat_packet_021,chat_annotation_packets_jaleo/packets/chat_packet_021.md,chat_annotation_packets_jaleo/packets/chat_packet_021.json,104,JALEO_1978_06::A5,Tangos Today,jaleo,JALEO_1978_06,en,other,3316,head_tail_windows,1,CRIT_01,5
chat_packet_022,chat_annotation_packets_jaleo/packets/chat_packet_022.md,chat_annotation_packets_jaleo/packets/chat_packet_022.json,105,JALEO_1978_06::A6,FLAMENCO GUITAR MUSIC,jaleo,JALEO_1978_06,en,article,724,full,0,,1
chat_packet_022,chat_annotation_packets_jaleo/packets/chat_packet_022.md,chat_annotation_packets_jaleo/packets/chat_packet_022.json,106,JALEO_1978_06::A7,ROUTES,jaleo,JALEO_1978_06,en,other,187,full,0,,2
chat_packet_022,chat_annotation_packets_jaleo/packets/chat_packet_022.md,chat_annotation_packets_jaleo/packets/chat_packet_022.json,107,JALEO_1978_06::A8,FLAMENCO TALK,jaleo,JALEO_1978_06,en,other,4495,full,0,,3
chat_packet_022,chat_annotation_packets_jaleo/packets/chat_packet_022.md,chat_annotation_packets_jaleo/packets/chat_packet_022.json,108,JALEO_1978_06::A9,NEW FLAMENCO GUITAR MUSIC,jaleo,JALEO_1978_06,en,article,4191,full,0,,4
chat_packet_022,chat_annotation_packets_jaleo/packets/chat_packet_022.md,chat_annotation_packets_jaleo/packets/chat_packet_022.json,109,JALEO_1978_06::A10,THE SAN FRANCISCO SCENE,jaleo,JALEO_1978_06,en,other,1759,full,0,,5
chat_packet_023,chat_annotation_packets_jaleo/packets/chat_packet_023.md,chat_annotation_packets_jaleo/packets/chat_packet_023.json,110,JALEO_1978_06::A11,NAQUERANDO CALÓ,jaleo,JALEO_1978_06,en,other,427,full,0,,1
chat_packet_023,chat_annotation_packets_jaleo/packets/chat_packet_023.md,chat_annotation_packets_jaleo/packets/chat_packet_023.json,111,JALEO_1978_06::A12,Hasta La Vista,jaleo,JALEO_1978_06,en,other,4167,head_tail_windows,1,COMM_02,2
chat_packet_023,chat_annotation_packets_jaleo/packets/chat_packet_023.md,chat_annotation_packets_jaleo/packets/chat_packet_023.json,112,JALEO_1978_06::A13,MAY JUERGA,jaleo,JALEO_1978_06,en,other,4192,full,0,,3
chat_packet_023,chat_annotation_packets_jaleo/packets/chat_packet_023.md,chat_annotation_packets_jaleo/packets/chat_packet_023.json,113,JALEO_1978_06::A14,June Breakfast Juerga,jaleo,JALEO_1978_06,en,other,3268,full,0,,4
chat_packet_023,chat_annotation_packets_jaleo/packets/chat_packet_023.md,chat_annotation_packets_jaleo/packets/chat_packet_023.json,114,JALEO_1978_07::A1,Gypsy Genius,jaleo,JALEO_1978_07,en,other,1844,full,0,,5
chat_packet_024,chat_annotation_packets_jaleo/packets/chat_packet_024.md,chat_annotation_packets_jaleo/packets/chat_packet_024.json,115,JALEO_1978_07::A2,Jaleistas & Jaleo Survive a Year,jaleo,JALEO_1978_07,en,other,5448,full,0,,1
chat_packet_024,chat_annotation_packets_jaleo/packets/chat_packet_024.md,chat_annotation_packets_jaleo/packets/chat_packet_024.json,116,JALEO_1978_07::A3,LETTERS,jaleo,JALEO_1978_07,en,other,4633,full,0,,2
chat_packet_024,chat_annotation_packets_jaleo/packets/chat_packet_024.md,chat_annotation_packets_jaleo/packets/chat_packet_024.json,117,JALEO_1978_07::A4,PUNTO DE VISTA,jaleo,JALEO_1978_07,en,other,4418,full,0,,3
chat_packet_024,chat_annotation_packets_jaleo/packets/chat_packet_024.md,chat_annotation_packets_jaleo/packets/chat_packet_024.json,118,JALEO_1978_07::A5,"FOR LACK OF KNOWLEDGE, FLAMENCO LANGUISHES",jaleo,JALEO_1978_07,en,other,3492,full,0,,4
chat_packet_024,chat_annotation_packets_jaleo/packets/chat_packet_024.md,chat_annotation_packets_jaleo/packets/chat_packet_024.json,119,JALEO_1978_07::A6,One Magnanimous Flamenco Lost,jaleo,JALEO_1978_07,en,other,5044,full,0,,5
chat_packet_025,chat_annotation_packets_jaleo/packets/chat_packet_025.md,chat_annotation_packets_jaleo/packets/chat_packet_025.json,120,JALEO_1978_07::A7,The Three Sides of Carlos Montoya,jaleo,JALEO_1978_07,en,other,1838,full,0,,1
chat_packet_025,chat_annotation_packets_jaleo/packets/chat_packet_025.md,chat_annotation_packets_jaleo/packets/chat_packet_025.json,121,JALEO_1978_07::A8,Putting Montoya in Perspective,jaleo,JALEO_1978_07,en,other,2227,full,0,,2
chat_packet_025,chat_annotation_packets_jaleo/packets/chat_packet_025.md,chat_annotation_packets_jaleo/packets/chat_packet_025.json,122,JALEO_1978_07::A9,Carlos Montoya,jaleo,JALEO_1978_07,en,other,2062,full,0,,3
chat_packet_025,chat_annotation_packets_jaleo/packets/chat_packet_025.md,chat_annotation_packets_jaleo/packets/chat_packet_025.json,123,JALEO_1978_07::A10,SIDE THREE,jaleo,JALEO_1978_07,en,other,3778,head_tail_windows,1,CRIT_01,4
chat_packet_025,chat_annotation_packets_jaleo/packets/chat_packet_025.md,chat_annotation_packets_jaleo/packets/chat_packet_025.json,124,JALEO_1978_07::A11,Carmen Mora in California,jaleo,JALEO_1978_07,en,poem,590,full,0,,5
chat_packet_026,chat_annotation_packets_jaleo/packets/chat_packet_026.md,chat_annotation_packets_jaleo/packets/chat_packet_026.json,125,JALEO_1978_07::A12,What Our Audiences Are Saying,jaleo,JALEO_1978_07,en,other,813,full,0,,1
chat_packet_026,chat_annotation_packets_jaleo/packets/chat_packet_026.md,chat_annotation_packets_jaleo/packets/chat_packet_026.json,126,JALEO_1978_07::A13,NEW FLAMENCO GUITAR MUSIC,jaleo,JALEO_1978_07,en,article,1060,full,0,,2
chat_packet_026,chat_annotation_packets_jaleo/packets/chat_packet_026.md,chat_annotation_packets_jaleo/packets/chat_packet_026.json,127,JALEO_1978_07::A14,Juerga in Concert,jaleo,JALEO_1978_07,en,other,859,full,0,,3
chat_packet_026,chat_annotation_packets_jaleo/packets/chat_packet_026.md,chat_annotation_packets_jaleo/packets/chat_packet_026.json,128,JALEO_1978_07::A15,June Breakfast Juerga,jaleo,JALEO_1978_07,en,poem,1050,full,0,,4
chat_packet_026,chat_annotation_packets_jaleo/packets/chat_packet_026.md,chat_annotation_packets_jaleo/packets/chat_packet_026.json,129,JALEO_1978_07::A16,JULY JUERGA,jaleo,JALEO_1978_07,en,other,1014,full,0,,5
chat_packet_027,chat_annotation_packets_jaleo/packets/chat_packet_027.md,chat_annotation_packets_jaleo/packets/chat_packet_027.json,130,JALEO_1978_08::A1,Dance Experiences in Spain,jaleo,JALEO_1978_08,en,other,2774,head_tail_windows,1,CRIT_03,1
chat_packet_027,chat_annotation_packets_jaleo/packets/chat_packet_027.md,chat_annotation_packets_jaleo/packets/chat_packet_027.json,131,JALEO_1978_08::A2,LESSONS WITH JOSELERO,jaleo,JALEO_1978_08,en,other,4402,full,0,,2
chat_packet_027,chat_annotation_packets_jaleo/packets/chat_packet_027.md,chat_annotation_packets_jaleo/packets/chat_packet_027.json,132,JALEO_1978_08::A3,Teresita Osta Eases Into Retirement,jaleo,JALEO_1978_08,en,other,923,full,0,,3
chat_packet_027,chat_annotation_packets_jaleo/packets/chat_packet_027.md,chat_annotation_packets_jaleo/packets/chat_packet_027.json,133,JALEO_1978_08::A4,LETTERS,jaleo,JALEO_1978_08,en,other,2264,full,0,,4
chat_packet_027,chat_annotation_packets_jaleo/packets/chat_packet_027.md,chat_annotation_packets_jaleo/packets/chat_packet_027.json,134,JALEO_1978_08::A5,MALAGUÊNÃS,jaleo,JALEO_1978_08,en,other,2670,full,0,,5
chat_packet_028,chat_annotation_packets_jaleo/packets/chat_packet_028.md,chat_annotation_packets_jaleo/packets/chat_packet_028.json,135,JALEO_1978_08::A6,Paco de Lucía Succeeds With Santana,jaleo,JALEO_1978_08,en,other,1230,full,0,,1
chat_packet_028,chat_annotation_packets_jaleo/packets/chat_packet_028.md,chat_annotation_packets_jaleo/packets/chat_packet_028.json,136,JALEO_1978_08::A7,Antonio To Retire,jaleo,JALEO_1978_08,en,other,385,full,0,,2
chat_packet_028,chat_annotation_packets_jaleo/packets/chat_packet_028.md,chat_annotation_packets_jaleo/packets/chat_packet_028.json,137,JALEO_1978_08::A8,Casas de Hospitalidad,jaleo,JALEO_1978_08,en,other,791,full,0,,3
chat_packet_028,chat_annotation_packets_jaleo/packets/chat_packet_028.md,chat_annotation_packets_jaleo/packets/chat_packet_028.json,138,JALEO_1978_08::A9,LOLA MONTES AND HER SPANISH DANCERS,jaleo,JALEO_1978_08,en,other,1164,full,0,,4
chat_packet_028,chat_annotation_packets_jaleo/packets/chat_packet_028.md,chat_annotation_packets_jaleo/packets/chat_packet_028.json,139,JALEO_1978_08::A10,EL OIDO,jaleo,JALEO_1978_08,en,other,3401,full,0,,5
chat_packet_029,chat_annotation_packets_jaleo/packets/chat_packet_029.md,chat_annotation_packets_jaleo/packets/chat_packet_029.json,140,JALEO_1978_08::A11,FLAMENCO TALK,jaleo,JALEO_1978_08,en,other,1871,full,0,,1
chat_packet_029,chat_annotation_packets_jaleo/packets/chat_packet_029.md,chat_annotation_packets_jaleo/packets/chat_packet_029.json,141,JALEO_1978_08::A12,JULY JUERGA,jaleo,JALEO_1978_08,en,other,1328,full,0,,2
chat_packet_029,chat_annotation_packets_jaleo/packets/chat_packet_029.md,chat_annotation_packets_jaleo/packets/chat_packet_029.json,142,JALEO_1978_08::A13,AUGUST JUERGA,jaleo,JALEO_1978_08,en,other,419,full,0,,3
chat_packet_029,chat_annotation_packets_jaleo/packets/chat_packet_029.md,chat_annotation_packets_jaleo/packets/chat_packet_029.json,143,JALEO_1978_09::A1,SUZANNE HAUSER TOURS WITH GYPSIES,jaleo,JALEO_1978_09,en,other,3238,head_tail_windows,1,COMM_02,4
chat_packet_029,chat_annotation_packets_jaleo/packets/chat_packet_029.md,chat_annotation_packets_jaleo/packets/chat_packet_029.json,144,JALEO_1978_09::A2,LETTERS,jaleo,JALEO_1978_09,en,other,2590,full,0,,5
chat_packet_030,chat_annotation_packets_jaleo/packets/chat_packet_030.md,chat_annotation_packets_jaleo/packets/chat_packet_030.json,145,JALEO_1978_09::A3,PUNTO DE VISTA,jaleo,JALEO_1978_09,en,other,2143,full,0,,1
chat_packet_030,chat_annotation_packets_jaleo/packets/chat_packet_030.md,chat_annotation_packets_jaleo/packets/chat_packet_030.json,146,JALEO_1978_09::A5,Diego del Gastor: Flamenco Stories,jaleo,JALEO_1978_09,en,other,3072,head_tail_windows,1,CRIT_03,2
chat_packet_030,chat_annotation_packets_jaleo/packets/chat_packet_030.md,chat_annotation_packets_jaleo/packets/chat_packet_030.json,147,JALEO_1978_09::A6,Dance Experiences in Spain,jaleo,JALEO_1978_09,en,other,4684,head_tail_windows,2,"COMM_03, CRIT_02",3
chat_packet_030,chat_annotation_packets_jaleo/packets/chat_packet_030.md,chat_annotation_packets_jaleo/packets/chat_packet_030.json,148,JALEO_1978_09::A7,Suzanne Keyser,jaleo,JALEO_1978_09,en,other,480,full,0,,4
chat_packet_030,chat_annotation_packets_jaleo/packets/chat_packet_030.md,chat_annotation_packets_jaleo/packets/chat_packet_030.json,149,JALEO_1978_09::A8,Dance: Spanish Flavor,jaleo,JALEO_1978_09,en,poem,1433,full,0,,5
chat_packet_031,chat_annotation_packets_jaleo/packets/chat_packet_031.md,chat_annotation_packets_jaleo/packets/chat_packet_031.json,150,JALEO_1978_09::A9,Romantic Verse in Flamenco,jaleo,JALEO_1978_09,en,other,4248,full,0,,1
chat_packet_031,chat_annotation_packets_jaleo/packets/chat_packet_031.md,chat_annotation_packets_jaleo/packets/chat_packet_031.json,151,JALEO_1978_09::A10,Un Guitarista de Flamenco Norteamericano,jaleo,JALEO_1978_09,en,article,729,full,0,,2
chat_packet_031,chat_annotation_packets_jaleo/packets/chat_packet_031.md,chat_annotation_packets_jaleo/packets/chat_packet_031.json,152,JALEO_1978_09::A11,Michael and Suzanne Hauser,jaleo,JALEO_1978_09,en,other,3455,full,0,,3
chat_packet_031,chat_annotation_packets_jaleo/packets/chat_packet_031.md,chat_annotation_packets_jaleo/packets/chat_packet_031.json,153,JALEO_1978_09::A12,FLAMENCO TALK,jaleo,JALEO_1978_09,en,other,5595,full,0,,4
chat_packet_031,chat_annotation_packets_jaleo/packets/chat_packet_031.md,chat_annotation_packets_jaleo/packets/chat_packet_031.json,154,JALEO_1978_09::A13,AUGUST JUERGA,jaleo,JALEO_1978_09,en,other,2349,full,0,,5
chat_packet_032,chat_annotation_packets_jaleo/packets/chat_packet_032.md,chat_annotation_packets_jaleo/packets/chat_packet_032.json,155,JALEO_1978_09::A14,SEPT. JUERGA,jaleo,JALEO_1978_09,en,other,414,full,0,,1
chat_packet_032,chat_annotation_packets_jaleo/packets/chat_packet_032.md,chat_annotation_packets_jaleo/packets/chat_packet_032.json,156,JALEO_1978_10::A1,Fiery Flamenco Flourishes\nin San Francisco,jaleo,JALEO_1978_10,en,other,1434,full,0,,2
chat_packet_032,chat_annotation_packets_jaleo/packets/chat_packet_032.md,chat_annotation_packets_jaleo/packets/chat_packet_032.json,157,JALEO_1978_10::A3,PUNTO DE VISTA,jaleo,JALEO_1978_10,en,other,3838,full,0,,3
chat_packet_032,chat_annotation_packets_jaleo/packets/chat_packet_032.md,chat_annotation_packets_jaleo/packets/chat_packet_032.json,158,JALEO_1978_10::A4,"Accents, Stresses, and Compás",jaleo,JALEO_1978_10,en,other,2195,full,0,,4
chat_packet_032,chat_annotation_packets_jaleo/packets/chat_packet_032.md,chat_annotation_packets_jaleo/packets/chat_packet_032.json,159,JALEO_1978_10::A5,Gaól on Cante,jaleo,JALEO_1978_10,en,other,4043,full,0,,5
chat_packet_033,chat_annotation_packets_jaleo/packets/chat_packet_033.md,chat_annotation_packets_jaleo/packets/chat_packet_033.json,160,JALEO_1978_10::A6,PACO DE LUCIA: A Discussion on his Revolution of Flamenco,jaleo,JALEO_1978_10,en,poem,2941,head_tail_windows,1,CRIT_03,1
chat_packet_033,chat_annotation_packets_jaleo/packets/chat_packet_033.md,chat_annotation_packets_jaleo/packets/chat_packet_033.json,161,JALEO_1978_10::A7,CASI GITANO,jaleo,JALEO_1978_10,en,other,2829,full,0,,2
chat_packet_033,chat_annotation_packets_jaleo/packets/chat_packet_033.md,chat_annotation_packets_jaleo/packets/chat_packet_033.json,162,JALEO_1978_10::A8,Teodoro Morca en el Caé de Chinitas,jaleo,JALEO_1978_10,en,other,1189,full,0,,3
chat_packet_033,chat_annotation_packets_jaleo/packets/chat_packet_033.md,chat_annotation_packets_jaleo/packets/chat_packet_033.json,163,JALEO_1978_10::A9,Dance Experiences in Spain,jaleo,JALEO_1978_10,en,other,3032,head_tail_windows,1,COMM_03,4
chat_packet_033,chat_annotation_packets_jaleo/packets/chat_packet_033.md,chat_annotation_packets_jaleo/packets/chat_packet_033.json,164,JALEO_1978_10::A10,Tablao-California Style,jaleo,JALEO_1978_10,en,other,3578,full,0,,5
chat_packet_034,chat_annotation_packets_jaleo/packets/chat_packet_034.md,chat_annotation_packets_jaleo/packets/chat_packet_034.json,165,JALEO_1978_10::A11,Diego del Gastor: Flamenco Stories,jaleo,JALEO_1978_10,en,other,2818,head_tail_windows,1,CRIT_03,1
chat_packet_034,chat_annotation_packets_jaleo/packets/chat_packet_034.md,chat_annotation_packets_jaleo/packets/chat_packet_034.json,166,JALEO_1978_10::A12,Duende Through a Lens,jaleo,JALEO_1978_10,en,other,3445,full,0,,2
chat_packet_034,chat_annotation_packets_jaleo/packets/chat_packet_034.md,chat_annotation_packets_jaleo/packets/chat_packet_034.json,167,JALEO_1978_10::A13,MORCA... sobre el baile,jaleo,JALEO_1978_10,en,other,2524,full,0,,3
chat_packet_034,chat_annotation_packets_jaleo/packets/chat_packet_034.md,chat_annotation_packets_jaleo/packets/chat_packet_034.json,168,JALEO_1978_10::A14,EL OIDO,jaleo,JALEO_1978_10,en,other,815,full,0,,4
chat_packet_034,chat_annotation_packets_jaleo/packets/chat_packet_034.md,chat_annotation_packets_jaleo/packets/chat_packet_034.json,169,JALEO_1978_10::A15,FLAMENCO TALK,jaleo,JALEO_1978_10,en,other,74,full,0,,5
chat_packet_035,chat_annotation_packets_jaleo/packets/chat_packet_035.md,chat_annotation_packets_jaleo/packets/chat_packet_035.json,170,JALEO_1978_10::A16,SEPT. JUERGA,jaleo,JALEO_1978_10,en,other,2691,full,0,,1
chat_packet_035,chat_annotation_packets_jaleo/packets/chat_packet_035.md,chat_annotation_packets_jaleo/packets/chat_packet_035.json,171,JALEO_1978_10::A17,DETOBER JUERGA,jaleo,JALEO_1978_10,en,other,598,full,0,,2
chat_packet_035,chat_annotation_packets_jaleo/packets/chat_packet_035.md,chat_annotation_packets_jaleo/packets/chat_packet_035.json,172,JALEO_1978_11::A1,CAFE de CHINITAS,jaleo,JALEO_1978_11,en,other,4321,full,0,,3
chat_packet_035,chat_annotation_packets_jaleo/packets/chat_packet_035.md,chat_annotation_packets_jaleo/packets/chat_packet_035.json,173,JALEO_1978_11::A2,LETTERS,jaleo,JALEO_1978_11,en,other,3340,full,0,,4
chat_packet_035,chat_annotation_packets_jaleo/packets/chat_packet_035.md,chat_annotation_packets_jaleo/packets/chat_packet_035.json,174,JALEO_1978_11::A3,PUNTO DE VISTA,jaleo,JALEO_1978_11,en,other,4610,full,0,,5
chat_packet_036,chat_annotation_packets_jaleo/packets/chat_packet_036.md,chat_annotation_packets_jaleo/packets/chat_packet_036.json,175,JALEO_1978_11::A4,"Señores, When?",jaleo,JALEO_1978_11,en,other,3529,head_tail_windows,1,CRIT_01,1
chat_packet_036,chat_annotation_packets_jaleo/packets/chat_packet_036.md,chat_annotation_packets_jaleo/packets/chat_packet_036.json,176,JALEO_1978_11::A6,MORCA... sobre el baile,jaleo,JALEO_1978_11,en,other,1426,full,0,,2
chat_packet_036,chat_annotation_packets_jaleo/packets/chat_packet_036.md,chat_annotation_packets_jaleo/packets/chat_packet_036.json,177,JALEO_1978_11::A7,A GYPSY IN THE CONGRESS,jaleo,JALEO_1978_11,en,other,237,full,0,,3
chat_packet_036,chat_annotation_packets_jaleo/packets/chat_packet_036.md,chat_annotation_packets_jaleo/packets/chat_packet_036.json,178,JALEO_1978_11::A8,Lole y Manuel,jaleo,JALEO_1978_11,en,other,3214,head_tail_windows,1,CRIT_01,4
chat_packet_036,chat_annotation_packets_jaleo/packets/chat_packet_036.md,chat_annotation_packets_jaleo/packets/chat_packet_036.json,179,JALEO_1978_11::A9,Gaól on Cante,jaleo,JALEO_1978_11,en,other,3728,full,0,,5
chat_packet_037,chat_annotation_packets_jaleo/packets/chat_packet_037.md,chat_annotation_packets_jaleo/packets/chat_packet_037.json,180,JALEO_1978_11::A10,A New Transcription from Peter Baime,jaleo,JALEO_1978_11,en,other,927,full,0,,1
chat_packet_037,chat_annotation_packets_jaleo/packets/chat_packet_037.md,chat_annotation_packets_jaleo/packets/chat_packet_037.json,181,JALEO_1978_11::A11,Diego del Gastor: Flamenco Stories,jaleo,JALEO_1978_11,en,other,5702,full,0,,2
chat_packet_037,chat_annotation_packets_jaleo/packets/chat_packet_037.md,chat_annotation_packets_jaleo/packets/chat_packet_037.json,182,JALEO_1978_11::A12,SABICAS,jaleo,JALEO_1978_11,en,other,221,full,0,,3
chat_packet_037,chat_annotation_packets_jaleo/packets/chat_packet_037.md,chat_annotation_packets_jaleo/packets/chat_packet_037.json,183,JALEO_1978_11::A13,FLAMENCO SHOWCASE,jaleo,JALEO_1978_11,en,other,3397,full,0,,4
chat_packet_037,chat_annotation_packets_jaleo/packets/chat_packet_037.md,chat_annotation_packets_jaleo/packets/chat_packet_037.json,184,JALEO_1978_11::A14,FLAMENCO TALK,jaleo,JALEO_1978_11,en,other,1584,full,0,,5
chat_packet_038,chat_annotation_packets_jaleo/packets/chat_packet_038.md,chat_annotation_packets_jaleo/packets/chat_packet_038.json,185,JALEO_1978_11::A15,SEPT. JUERGA,jaleo,JALEO_1978_11,en,other,2821,full,0,,1
chat_packet_038,chat_annotation_packets_jaleo/packets/chat_packet_038.md,chat_annotation_packets_jaleo/packets/chat_packet_038.json,186,JALEO_1978_11::A16,DETOBER JUERGA,jaleo,JALEO_1978_11,en,other,5393,full,0,,2
chat_packet_038,chat_annotation_packets_jaleo/packets/chat_packet_038.md,chat_annotation_packets_jaleo/packets/chat_packet_038.json,187,JALEO_1978_11::A17,NOVEMBER JUERGA,jaleo,JALEO_1978_11,en,other,1942,full,0,,3
chat_packet_038,chat_annotation_packets_jaleo/packets/chat_packet_038.md,chat_annotation_packets_jaleo/packets/chat_packet_038.json,188,JALEO_1979_05::A1,AGUSTIN RIOS,jaleo,JALEO_1979_05,en,other,3119,full,0,,4
chat_packet_038,chat_annotation_packets_jaleo/packets/chat_packet_038.md,chat_annotation_packets_jaleo/packets/chat_packet_038.json,189,JALEO_1979_05::A2,"Granada By Brook Zern Recollection, Reunion, and Remuneration",jaleo,JALEO_1979_05,en,other,4777,full,0,,5
chat_packet_039,chat_annotation_packets_jaleo/packets/chat_packet_039.md,chat_annotation_packets_jaleo/packets/chat_packet_039.json,190,JALEO_1979_05::A3,LETTERS,jaleo,JALEO_1979_05,en,other,1115,full,0,,1
chat_packet_039,chat_annotation_packets_jaleo/packets/chat_packet_039.md,chat_annotation_packets_jaleo/packets/chat_packet_039.json,191,JALEO_1979_05::A4,Manolito de Maria: Impressions,jaleo,JALEO_1979_05,en,other,3312,head_tail_windows,1,COMM_04,2
chat_packet_039,chat_annotation_packets_jaleo/packets/chat_packet_039.md,chat_annotation_packets_jaleo/packets/chat_packet_039.json,192,JALEO_1979_05::A5,Gaól on Cante,jaleo,JALEO_1979_05,en,other,3782,head_tail_windows,2,"COMM_03, HERIT_02",3
chat_packet_039,chat_annotation_packets_jaleo/packets/chat_packet_039.md,chat_annotation_packets_jaleo/packets/chat_packet_039.json,193,JALEO_1979_05::A6,Roberto Cartagena,jaleo,JALEO_1979_05,en,other,1685,full,0,,4
chat_packet_039,chat_annotation_packets_jaleo/packets/chat_packet_039.md,chat_annotation_packets_jaleo/packets/chat_packet_039.json,194,JALEO_1979_05::A7,"DON ANTONIO CHACON, PAPA DEL CANTE",jaleo,JALEO_1979_05,en,other,3475,head_tail_windows,1,COMM_04,5
chat_packet_040,chat_annotation_packets_jaleo/packets/chat_packet_040.md,chat_annotation_packets_jaleo/packets/chat_packet_040.json,195,JALEO_1979_05::A8,"HARKEN, BULL LOVERS",jaleo,JALEO_1979_05,en,other,2984,head_tail_windows,1,PED_02,1
chat_packet_040,chat_annotation_packets_jaleo/packets/chat_packet_040.md,chat_annotation_packets_jaleo/packets/chat_packet_040.json,196,JALEO_1979_05::A10,FALSETAS OF PEPE TRANCA,jaleo,JALEO_1979_05,en,other,602,full,0,,2
chat_packet_040,chat_annotation_packets_jaleo/packets/chat_packet_040.md,chat_annotation_packets_jaleo/packets/chat_packet_040.json,197,JALEO_1979_05::A9,EL OIDO,jaleo,JALEO_1979_05,en,other,600,full,0,,3
chat_packet_040,chat_annotation_packets_jaleo/packets/chat_packet_040.md,chat_annotation_packets_jaleo/packets/chat_packet_040.json,198,JALEO_1979_05::A11,SOME BOOKS,jaleo,JALEO_1979_05,en,other,3621,full,0,,4
chat_packet_040,chat_annotation_packets_jaleo/packets/chat_packet_040.md,chat_annotation_packets_jaleo/packets/chat_packet_040.json,199,JALEO_1979_05::A12,FLAMENCO TALK,jaleo,JALEO_1979_05,en,other,1788,full,0,,5
chat_packet_041,chat_annotation_packets_jaleo/packets/chat_packet_041.md,chat_annotation_packets_jaleo/packets/chat_packet_041.json,200,JALEO_1979_05::A13,APRIL JUERGA,jaleo,JALEO_1979_05,en,other,906,full,0,,1
chat_packet_041,chat_annotation_packets_jaleo/packets/chat_packet_041.md,chat_annotation_packets_jaleo/packets/chat_packet_041.json,201,JALEO_1979_05::A14,MAY JUERGA,jaleo,JALEO_1979_05,en,other,718,full,0,,2
chat_packet_041,chat_annotation_packets_jaleo/packets/chat_packet_041.md,chat_annotation_packets_jaleo/packets/chat_packet_041.json,202,JALEO_1979_06::A1,FLAMENCO FLING,jaleo,JALEO_1979_06,en,other,2807,head_tail_windows,1,COMM_04,3
chat_packet_041,chat_annotation_packets_jaleo/packets/chat_packet_041.md,chat_annotation_packets_jaleo/packets/chat_packet_041.json,203,JALEO_1979_06::A2,LETTERS,jaleo,JALEO_1979_06,en,other,1714,full,0,,4
chat_packet_041,chat_annotation_packets_jaleo/packets/chat_packet_041.md,chat_annotation_packets_jaleo/packets/chat_packet_041.json,204,JALEO_1979_06::A3,ADVENTURES OF AN AFICIONADA,jaleo,JALEO_1979_06,en,other,5733,full,0,,5
chat_packet_042,chat_annotation_packets_jaleo/packets/chat_packet_042.md,chat_annotation_packets_jaleo/packets/chat_packet_042.json,205,JALEO_1979_06::A4,XVII CÚRSOS INTERNACIONALES DE VERANO DE ARTE FLAMENCO,jaleo,JALEO_1979_06,en,other,2258,full,0,,1
chat_packet_042,chat_annotation_packets_jaleo/packets/chat_packet_042.md,chat_annotation_packets_jaleo/packets/chat_packet_042.json,206,JALEO_1979_06::A5,Inspiration of CARMEN AMAYA,jaleo,JALEO_1979_06,en,other,3959,full,0,,2
chat_packet_042,chat_annotation_packets_jaleo/packets/chat_packet_042.md,chat_annotation_packets_jaleo/packets/chat_packet_042.json,207,JALEO_1979_06::A6,A New Flamenco Magazine,jaleo,JALEO_1979_06,en,other,504,full,0,,3
chat_packet_042,chat_annotation_packets_jaleo/packets/chat_packet_042.md,chat_annotation_packets_jaleo/packets/chat_packet_042.json,208,JALEO_1979_06::A7,Gaól on Cante,jaleo,JALEO_1979_06,en,other,2694,head_tail_windows,1,HERIT_02,4
chat_packet_042,chat_annotation_packets_jaleo/packets/chat_packet_042.md,chat_annotation_packets_jaleo/packets/chat_packet_042.json,209,JALEO_1979_06::A8,"DON ANTONIO CHACON, PAPA DEL CANTE",jaleo,JALEO_1979_06,en,other,3586,head_tail_windows,1,HERIT_03,5
chat_packet_043,chat_annotation_packets_jaleo/packets/chat_packet_043.md,chat_annotation_packets_jaleo/packets/chat_packet_043.json,210,JALEO_1979_06::A9,LATE NOTICE: June Juerga,jaleo,JALEO_1979_06,en,other,276,full,0,,1
chat_packet_043,chat_annotation_packets_jaleo/packets/chat_packet_043.md,chat_annotation_packets_jaleo/packets/chat_packet_043.json,211,JALEO_1979_06::A10,PALMAS SORDAS,jaleo,JALEO_1979_06,en,other,3237,head_tail_windows,1,COMM_04,2
chat_packet_043,chat_annotation_packets_jaleo/packets/chat_packet_043.md,chat_annotation_packets_jaleo/packets/chat_packet_043.json,212,JALEO_1979_06::A11,GRANAINAS,jaleo,JALEO_1979_06,en,other,1079,full,0,,3
chat_packet_043,chat_annotation_packets_jaleo/packets/chat_packet_043.md,chat_annotation_packets_jaleo/packets/chat_packet_043.json,213,JALEO_1979_06::A12,FLAMENCO SPECTACULAR,jaleo,JALEO_1979_06,en,other,3436,head_tail_windows,1,COMM_04,4
chat_packet_043,chat_annotation_packets_jaleo/packets/chat_packet_043.md,chat_annotation_packets_jaleo/packets/chat_packet_043.json,214,JALEO_1979_06::A13,FlAMENCO TALK,jaleo,JALEO_1979_06,en,other,3525,full,0,,5
chat_packet_044,chat_annotation_packets_jaleo/packets/chat_packet_044.md,chat_annotation_packets_jaleo/packets/chat_packet_044.json,215,JALEO_1979_06::A14,MIAMI FLAMENCO SCENE IN MAY,jaleo,JALEO_1979_06,en,poem,3031,full,0,,1
chat_packet_044,chat_annotation_packets_jaleo/packets/chat_packet_044.md,chat_annotation_packets_jaleo/packets/chat_packet_044.json,216,JALEO_1979_07::A1,A Flamenco Master Sings for His Sangria,jaleo,JALEO_1979_07,en,poem,3342,head_tail_windows,1,COMM_04,2
chat_packet_044,chat_annotation_packets_jaleo/packets/chat_packet_044.md,chat_annotation_packets_jaleo/packets/chat_packet_044.json,217,JALEO_1979_07::A2,LETTERS,jaleo,JALEO_1979_07,en,other,3800,head_tail_windows,1,CRIT_01,3
chat_packet_044,chat_annotation_packets_jaleo/packets/chat_packet_044.md,chat_annotation_packets_jaleo/packets/chat_packet_044.json,218,JALEO_1979_07::A3,A Jaleista Meets Curro Torres,jaleo,JALEO_1979_07,en,other,2582,full,0,,4
chat_packet_044,chat_annotation_packets_jaleo/packets/chat_packet_044.md,chat_annotation_packets_jaleo/packets/chat_packet_044.json,219,JALEO_1979_07::A5,"El Flamenco, Los Gitanos, y La Historia",jaleo,JALEO_1979_07,en,other,2931,head_tail_windows,1,COMM_04,5
chat_packet_045,chat_annotation_packets_jaleo/packets/chat_packet_045.md,chat_annotation_packets_jaleo/packets/chat_packet_045.json,220,JALEO_1979_07::A6,EL FLAMENCO Y LOS GITANOS,jaleo,JALEO_1979_07,en,other,1570,full,0,,1
chat_packet_045,chat_annotation_packets_jaleo/packets/chat_packet_045.md,chat_annotation_packets_jaleo/packets/chat_packet_045.json,221,JALEO_1979_07::A7,The Guitars of Ramon Montoya,jaleo,JALEO_1979_07,en,article,4579,full,0,,2
chat_packet_045,chat_annotation_packets_jaleo/packets/chat_packet_045.md,chat_annotation_packets_jaleo/packets/chat_packet_045.json,222,JALEO_1979_07::A9,FANDANGOS DE by Paco Sevilla MÁLAGA,jaleo,JALEO_1979_07,en,other,3213,head_tail_windows,1,AUTH_04,3
chat_packet_045,chat_annotation_packets_jaleo/packets/chat_packet_045.md,chat_annotation_packets_jaleo/packets/chat_packet_045.json,223,JALEO_1979_07::A10,LOS ROCIEROS,jaleo,JALEO_1979_07,en,other,1378,full,0,,4
chat_packet_045,chat_annotation_packets_jaleo/packets/chat_packet_045.md,chat_annotation_packets_jaleo/packets/chat_packet_045.json,224,JALEO_1979_07::A11,MORCA FLAMENCO WORKSHOP & JUERGA,jaleo,JALEO_1979_07,en,other,943,full,0,,5
chat_packet_046,chat_annotation_packets_jaleo/packets/chat_packet_046.md,chat_annotation_packets_jaleo/packets/chat_packet_046.json,225,JALEO_1979_07::A12,MORCA... sobre el baile,jaleo,JALEO_1979_07,en,other,2112,full,0,,1
chat_packet_046,chat_annotation_packets_jaleo/packets/chat_packet_046.md,chat_annotation_packets_jaleo/packets/chat_packet_046.json,226,JALEO_1979_07::A13,"In Spain: Castanets Si, Petipa No",jaleo,JALEO_1979_07,en,article,5801,full,0,,2
chat_packet_046,chat_annotation_packets_jaleo/packets/chat_packet_046.md,chat_annotation_packets_jaleo/packets/chat_packet_046.json,227,JALEO_1979_07::A14,"DON ANTONIO CHACON, PAPA DEL CANTE",jaleo,JALEO_1979_07,en,other,3427,head_tail_windows,1,COMM_04,3
chat_packet_046,chat_annotation_packets_jaleo/packets/chat_packet_046.md,chat_annotation_packets_jaleo/packets/chat_packet_046.json,228,JALEO_1979_07::A15,Gaól on Cante,jaleo,JALEO_1979_07,en,poem,3483,head_tail_windows,1,CRIT_02,4
chat_packet_046,chat_annotation_packets_jaleo/packets/chat_packet_046.md,chat_annotation_packets_jaleo/packets/chat_packet_046.json,229,JALEO_1979_07::A16,JUNE JUERGA,jaleo,JALEO_1979_07,en,other,1616,full,0,,5
chat_packet_047,chat_annotation_packets_jaleo/packets/chat_packet_047.md,chat_annotation_packets_jaleo/packets/chat_packet_047.json,230,JALEO_1979_07::A17,JULY JUERGA,jaleo,JALEO_1979_07,en,other,991,full,0,,1
chat_packet_047,chat_annotation_packets_jaleo/packets/chat_packet_047.md,chat_annotation_packets_jaleo/packets/chat_packet_047.json,231,JALEO_1979_08::A1,CARLOS BOND LOMAS,jaleo,JALEO_1979_08,en,other,5413,full,0,,2
chat_packet_047,chat_annotation_packets_jaleo/packets/chat_packet_047.md,chat_annotation_packets_jaleo/packets/chat_packet_047.json,232,JALEO_1979_08::A2,EDITORIAL,jaleo,JALEO_1979_08,en,other,2841,full,0,,3
chat_packet_047,chat_annotation_packets_jaleo/packets/chat_packet_047.md,chat_annotation_packets_jaleo/packets/chat_packet_047.json,233,JALEO_1979_08::A3,PUNTO DE VISTA,jaleo,JALEO_1979_08,en,other,1658,full,0,,4
chat_packet_047,chat_annotation_packets_jaleo/packets/chat_packet_047.md,chat_annotation_packets_jaleo/packets/chat_packet_047.json,234,JALEO_1979_08::A4,THE OTHER SIDE OF JONDO,jaleo,JALEO_1979_08,en,other,3483,head_tail_windows,1,COMM_03,5
chat_packet_048,chat_annotation_packets_jaleo/packets/chat_packet_048.md,chat_annotation_packets_jaleo/packets/chat_packet_048.json,235,JALEO_1979_08::A5,NEWS FROM ANDALUSIA,jaleo,JALEO_1979_08,en,other,183,full,0,,1
chat_packet_048,chat_annotation_packets_jaleo/packets/chat_packet_048.md,chat_annotation_packets_jaleo/packets/chat_packet_048.json,236,JALEO_1979_08::A6,FANDANGOS DE MALAGA - PART II,jaleo,JALEO_1979_08,en,other,3423,head_tail_windows,1,AUTH_03,2
chat_packet_048,chat_annotation_packets_jaleo/packets/chat_packet_048.md,chat_annotation_packets_jaleo/packets/chat_packet_048.json,237,JALEO_1979_08::A7,"EDUARDO SERRANO ""EL GUITO""",jaleo,JALEO_1979_08,en,other,3441,full,0,,3
chat_packet_048,chat_annotation_packets_jaleo/packets/chat_packet_048.md,chat_annotation_packets_jaleo/packets/chat_packet_048.json,238,JALEO_1979_08::A8,"CAROL ON CANTE ""AJENA AL CANTE""",jaleo,JALEO_1979_08,en,poem,3812,head_tail_windows,1,PED_03,4
chat_packet_048,chat_annotation_packets_jaleo/packets/chat_packet_048.md,chat_annotation_packets_jaleo/packets/chat_packet_048.json,239,JALEO_1979_08::A9,"MORCA ""LEARNING FLAMENCO OUTSIDE OF SPAIN",jaleo,JALEO_1979_08,en,other,2104,full,0,,5
chat_packet_049,chat_annotation_packets_jaleo/packets/chat_packet_049.md,chat_annotation_packets_jaleo/packets/chat_packet_049.json,240,JALEO_1979_08::A10,NEW RECORDS AND GUITAR METHODS,jaleo,JALEO_1979_08,en,article,1420,full,0,,1
chat_packet_049,chat_annotation_packets_jaleo/packets/chat_packet_049.md,chat_annotation_packets_jaleo/packets/chat_packet_049.json,241,JALEO_1979_08::A11,THE SOUL OF FLAMENCO,jaleo,JALEO_1979_08,en,other,1811,full,0,,2
chat_packet_049,chat_annotation_packets_jaleo/packets/chat_packet_049.md,chat_annotation_packets_jaleo/packets/chat_packet_049.json,242,JALEO_1979_08::A12,"""EL TANGUILLO DE LOS JALEISTAS""",jaleo,JALEO_1979_08,en,other,933,full,0,,3
chat_packet_049,chat_annotation_packets_jaleo/packets/chat_packet_049.md,chat_annotation_packets_jaleo/packets/chat_packet_049.json,243,JALEO_1979_08::A13,FLAMENCO TALK,jaleo,JALEO_1979_08,en,other,2509,full,0,,4
chat_packet_049,chat_annotation_packets_jaleo/packets/chat_packet_049.md,chat_annotation_packets_jaleo/packets/chat_packet_049.json,244,JALEO_1979_08::A14,EL OIDO,jaleo,JALEO_1979_08,en,other,170,full,0,,5
chat_packet_050,chat_annotation_packets_jaleo/packets/chat_packet_050.md,chat_annotation_packets_jaleo/packets/chat_packet_050.json,245,JALEO_1979_08::A15,JUERGAS,jaleo,JALEO_1979_08,en,other,4317,full,0,,1
chat_packet_050,chat_annotation_packets_jaleo/packets/chat_packet_050.md,chat_annotation_packets_jaleo/packets/chat_packet_050.json,246,JALEO_1979_09::A1,ANSONINI: SECOND ROUND,jaleo,JALEO_1979_09,en,other,2780,head_tail_windows,1,COMM_04,2
chat_packet_050,chat_annotation_packets_jaleo/packets/chat_packet_050.md,chat_annotation_packets_jaleo/packets/chat_packet_050.json,247,JALEO_1979_09::A2,PUNTO DE VISTA,jaleo,JALEO_1979_09,en,other,3124,head_tail_windows,1,PED_03,3
chat_packet_050,chat_annotation_packets_jaleo/packets/chat_packet_050.md,chat_annotation_packets_jaleo/packets/chat_packet_050.json,248,JALEO_1979_09::A3,MANUEL TORRE,jaleo,JALEO_1979_09,en,other,2916,full,0,,4
chat_packet_050,chat_annotation_packets_jaleo/packets/chat_packet_050.md,chat_annotation_packets_jaleo/packets/chat_packet_050.json,249,JALEO_1979_09::A4,POESIA DE MARIA JOSE JARVIS,jaleo,JALEO_1979_09,en,other,736,full,0,,5
chat_packet_051,chat_annotation_packets_jaleo/packets/chat_packet_051.md,chat_annotation_packets_jaleo/packets/chat_packet_051.json,250,JALEO_1979_09::A5,CRISTINA HOYOS,jaleo,JALEO_1979_09,en,other,3718,full,0,,1
chat_packet_051,chat_annotation_packets_jaleo/packets/chat_packet_051.md,chat_annotation_packets_jaleo/packets/chat_packet_051.json,251,JALEO_1979_09::A6,A VISIT WITH THE GUITAR FINISHER,jaleo,JALEO_1979_09,en,article,556,full,0,,2
chat_packet_051,chat_annotation_packets_jaleo/packets/chat_packet_051.md,chat_annotation_packets_jaleo/packets/chat_packet_051.json,252,JALEO_1979_09::A7,LEARNING TO SING: TAKING IT,jaleo,JALEO_1979_09,en,other,1176,full,0,,3
chat_packet_051,chat_annotation_packets_jaleo/packets/chat_packet_051.md,chat_annotation_packets_jaleo/packets/chat_packet_051.json,253,JALEO_1979_09::A8,NEW GUITAR METHODS,jaleo,JALEO_1979_09,en,article,1163,full,0,,4
chat_packet_051,chat_annotation_packets_jaleo/packets/chat_packet_051.md,chat_annotation_packets_jaleo/packets/chat_packet_051.json,254,JALEO_1979_09::A9,FLAMENCO TALK,jaleo,JALEO_1979_09,en,other,1864,full,0,,5
chat_packet_052,chat_annotation_packets_jaleo/packets/chat_packet_052.md,chat_annotation_packets_jaleo/packets/chat_packet_052.json,255,JALEO_1979_09::A11,JUERGAS,jaleo,JALEO_1979_09,en,poem,4841,full,0,,1
chat_packet_052,chat_annotation_packets_jaleo/packets/chat_packet_052.md,chat_annotation_packets_jaleo/packets/chat_packet_052.json,256,JALEO_1979_10::A1,ANGEL MONZON - A PROFILE,jaleo,JALEO_1979_10,en,other,5934,full,0,,2
chat_packet_052,chat_annotation_packets_jaleo/packets/chat_packet_052.md,chat_annotation_packets_jaleo/packets/chat_packet_052.json,257,JALEO_1979_10::A2,WHO SHOULD DO IT?,jaleo,JALEO_1979_10,en,other,4075,full,0,,3
chat_packet_052,chat_annotation_packets_jaleo/packets/chat_packet_052.md,chat_annotation_packets_jaleo/packets/chat_packet_052.json,258,JALEO_1979_10::A3,FLAMENCO IN EGYPT,jaleo,JALEO_1979_10,en,other,2105,full,0,,4
chat_packet_052,chat_annotation_packets_jaleo/packets/chat_packet_052.md,chat_annotation_packets_jaleo/packets/chat_packet_052.json,259,JALEO_1979_10::A4,ADELA VERGARA,jaleo,JALEO_1979_10,en,other,676,full,0,,5
chat_packet_053,chat_annotation_packets_jaleo/packets/chat_packet_053.md,chat_annotation_packets_jaleo/packets/chat_packet_053.json,260,JALEO_1979_10::A5,JALEO,jaleo,JALEO_1979_10,en,other,4279,full,0,,1
chat_packet_053,chat_annotation_packets_jaleo/packets/chat_packet_053.md,chat_annotation_packets_jaleo/packets/chat_packet_053.json,261,JALEO_1979_10::A6,CONCERT NIGHT WITH PACO DE LUCIA,jaleo,JALEO_1979_10,en,other,1505,full,0,,2
chat_packet_053,chat_annotation_packets_jaleo/packets/chat_packet_053.md,chat_annotation_packets_jaleo/packets/chat_packet_053.json,262,JALEO_1979_10::A7,PACO'S MUSIC INSPIRES,jaleo,JALEO_1979_10,en,other,533,full,0,,3
chat_packet_053,chat_annotation_packets_jaleo/packets/chat_packet_053.md,chat_annotation_packets_jaleo/packets/chat_packet_053.json,263,JALEO_1979_10::A8,SEVILLANAS,jaleo,JALEO_1979_10,en,article,186,full,0,,4
chat_packet_053,chat_annotation_packets_jaleo/packets/chat_packet_053.md,chat_annotation_packets_jaleo/packets/chat_packet_053.json,264,JALEO_1979_10::A9,MORCA'S FIRST FLAMENCO WORKSHOP-,jaleo,JALEO_1979_10,en,other,838,full,0,,5
chat_packet_054,chat_annotation_packets_jaleo/packets/chat_packet_054.md,chat_annotation_packets_jaleo/packets/chat_packet_054.json,265,JALEO_1979_10::A10,MORCA AS MAESTRO,jaleo,JALEO_1979_10,en,other,1126,full,0,,1
chat_packet_054,chat_annotation_packets_jaleo/packets/chat_packet_054.md,chat_annotation_packets_jaleo/packets/chat_packet_054.json,266,JALEO_1979_10::A11,"MORCA COUPLE CREATES PURE, HOLY",jaleo,JALEO_1979_10,en,other,1366,full,0,,2
chat_packet_054,chat_annotation_packets_jaleo/packets/chat_packet_054.md,chat_annotation_packets_jaleo/packets/chat_packet_054.json,267,JALEO_1979_10::A12,MAIRENA'S CONFESIONES,jaleo,JALEO_1979_10,en,other,2924,head_tail_windows,1,CRIT_01,3
chat_packet_054,chat_annotation_packets_jaleo/packets/chat_packet_054.md,chat_annotation_packets_jaleo/packets/chat_packet_054.json,268,JALEO_1979_10::A13,PILAR LOPEZ,jaleo,JALEO_1979_10,en,other,294,full,0,,4
chat_packet_054,chat_annotation_packets_jaleo/packets/chat_packet_054.md,chat_annotation_packets_jaleo/packets/chat_packet_054.json,269,JALEO_1979_10::A14,"NEW VERSION OF ""LOS TARANTOS""",jaleo,JALEO_1979_10,en,other,874,full,0,,5
chat_packet_055,chat_annotation_packets_jaleo/packets/chat_packet_055.md,chat_annotation_packets_jaleo/packets/chat_packet_055.json,270,JALEO_1979_10::A15,TABLAO FLAMENCO IN SAN DIEGO,jaleo,JALEO_1979_10,en,other,909,full,0,,1
chat_packet_055,chat_annotation_packets_jaleo/packets/chat_packet_055.md,chat_annotation_packets_jaleo/packets/chat_packet_055.json,271,JALEO_1979_10::A17,JUERGAS,jaleo,JALEO_1979_10,en,poem,4679,full,0,,2
chat_packet_055,chat_annotation_packets_jaleo/packets/chat_packet_055.md,chat_annotation_packets_jaleo/packets/chat_packet_055.json,272,JALEO_1979_11::A1,BAROQUE WINGS,jaleo,JALEO_1979_11,en,other,624,full,0,,3
chat_packet_055,chat_annotation_packets_jaleo/packets/chat_packet_055.md,chat_annotation_packets_jaleo/packets/chat_packet_055.json,273,JALEO_1979_11::A2,LA NINA DE LOS PEINES,jaleo,JALEO_1979_11,en,other,2509,full,0,,4
chat_packet_055,chat_annotation_packets_jaleo/packets/chat_packet_055.md,chat_annotation_packets_jaleo/packets/chat_packet_055.json,274,JALEO_1979_11::A3,DISCOGRAPHY OF LA NINA DE LOS,jaleo,JALEO_1979_11,en,poem,3134,full,0,,5
chat_packet_056,chat_annotation_packets_jaleo/packets/chat_packet_056.md,chat_annotation_packets_jaleo/packets/chat_packet_056.json,275,JALEO_1979_11::A4,THE FLAMENCO GUITAR REPERTOIRE,jaleo,JALEO_1979_11,en,article,3846,full,0,,1
chat_packet_056,chat_annotation_packets_jaleo/packets/chat_packet_056.md,chat_annotation_packets_jaleo/packets/chat_packet_056.json,276,JALEO_1979_11::A7,"RACISM, NO",jaleo,JALEO_1979_11,en,other,3581,full,0,,2
chat_packet_056,chat_annotation_packets_jaleo/packets/chat_packet_056.md,chat_annotation_packets_jaleo/packets/chat_packet_056.json,277,JALEO_1979_11::A8,LOS MORCA - VOLANTES (REVIEW),jaleo,JALEO_1979_11,en,other,3556,full,0,,3
chat_packet_056,chat_annotation_packets_jaleo/packets/chat_packet_056.md,chat_annotation_packets_jaleo/packets/chat_packet_056.json,278,JALEO_1979_11::A9,FROM UNDER THE ROCKS,jaleo,JALEO_1979_11,en,other,4490,full,0,,4
chat_packet_056,chat_annotation_packets_jaleo/packets/chat_packet_056.md,chat_annotation_packets_jaleo/packets/chat_packet_056.json,279,JALEO_1979_11::A10,MARIO MAYA PROPOSES FLAMENCO CENTER,jaleo,JALEO_1979_11,en,other,1974,full,0,,5
chat_packet_057,chat_annotation_packets_jaleo/packets/chat_packet_057.md,chat_annotation_packets_jaleo/packets/chat_packet_057.json,280,JALEO_1979_11::A11,QUE JONDO CALO EL CANTE,jaleo,JALEO_1979_11,en,other,565,full,0,,1
chat_packet_057,chat_annotation_packets_jaleo/packets/chat_packet_057.md,chat_annotation_packets_jaleo/packets/chat_packet_057.json,281,JALEO_1979_11::A12,MANO A MANO,jaleo,JALEO_1979_11,en,other,848,full,0,,2
chat_packet_057,chat_annotation_packets_jaleo/packets/chat_packet_057.md,chat_annotation_packets_jaleo/packets/chat_packet_057.json,282,JALEO_1979_11::A14,FLAMENCO IN OHIO,jaleo,JALEO_1979_11,en,other,441,full,0,,3
chat_packet_057,chat_annotation_packets_jaleo/packets/chat_packet_057.md,chat_annotation_packets_jaleo/packets/chat_packet_057.json,283,JALEO_1979_11::A15,LOUIS ERNEST LENSHAW,jaleo,JALEO_1979_11,en,other,422,full,0,,4
chat_packet_057,chat_annotation_packets_jaleo/packets/chat_packet_057.md,chat_annotation_packets_jaleo/packets/chat_packet_057.json,284,JALEO_1979_11::A16,JUERGAS,jaleo,JALEO_1979_11,en,other,3926,head_tail_windows,1,CRIT_02,5
chat_packet_058,chat_annotation_packets_jaleo/packets/chat_packet_058.md,chat_annotation_packets_jaleo/packets/chat_packet_058.json,285,JALEO_1979_12::A1,MARCELO BARBERO - A TRIBUTE,jaleo,JALEO_1979_12,en,other,3230,head_tail_windows,1,CRIT_01,1
chat_packet_058,chat_annotation_packets_jaleo/packets/chat_packet_058.md,chat_annotation_packets_jaleo/packets/chat_packet_058.json,286,JALEO_1979_12::A2,EDITORIAL,jaleo,JALEO_1979_12,en,other,4652,full,0,,2
chat_packet_058,chat_annotation_packets_jaleo/packets/chat_packet_058.md,chat_annotation_packets_jaleo/packets/chat_packet_058.json,287,JALEO_1979_12::A3,PUNTO DE VISTA,jaleo,JALEO_1979_12,en,other,2990,head_tail_windows,1,COMM_04,3
chat_packet_058,chat_annotation_packets_jaleo/packets/chat_packet_058.md,chat_annotation_packets_jaleo/packets/chat_packet_058.json,288,JALEO_1979_12::A4,FESTIVALES Y TABLAOS '79,jaleo,JALEO_1979_12,en,poem,5085,head_tail_windows,2,"CRIT_03, HERIT_02",4
chat_packet_058,chat_annotation_packets_jaleo/packets/chat_packet_058.md,chat_annotation_packets_jaleo/packets/chat_packet_058.json,289,JALEO_1979_12::A5,"FLAMENCO, THE PROLONGED TEAR OF POVERTY",jaleo,JALEO_1979_12,en,other,3163,head_tail_windows,1,CRIT_03,5
chat_packet_059,chat_annotation_packets_jaleo/packets/chat_packet_059.md,chat_annotation_packets_jaleo/packets/chat_packet_059.json,290,JALEO_1979_12::A6,ANTONIO,jaleo,JALEO_1979_12,en,other,3996,full,0,,1
chat_packet_059,chat_annotation_packets_jaleo/packets/chat_packet_059.md,chat_annotation_packets_jaleo/packets/chat_packet_059.json,291,JALEO_1979_12::A7,SABICAS IN NEW YORK,jaleo,JALEO_1979_12,en,other,1179,full,0,,2
chat_packet_059,chat_annotation_packets_jaleo/packets/chat_packet_059.md,chat_annotation_packets_jaleo/packets/chat_packet_059.json,292,JALEO_1979_12::A8,THE MAKING OF A BARBERO GUITAR,jaleo,JALEO_1979_12,en,article,3833,head_tail_windows,1,COMM_02,3
chat_packet_059,chat_annotation_packets_jaleo/packets/chat_packet_059.md,chat_annotation_packets_jaleo/packets/chat_packet_059.json,293,JALEO_1979_12::A9,RECORD REVIEWS,jaleo,JALEO_1979_12,en,poem,2130,full,0,,4
chat_packet_059,chat_annotation_packets_jaleo/packets/chat_packet_059.md,chat_annotation_packets_jaleo/packets/chat_packet_059.json,294,JALEO_1979_12::A10,HEREDIA PROVIDES ARTISTRY PLUS STRUMMING UP A STORM,jaleo,JALEO_1979_12,en,other,1239,full,0,,5
chat_packet_060,chat_annotation_packets_jaleo/packets/chat_packet_060.md,chat_annotation_packets_jaleo/packets/chat_packet_060.json,295,JALEO_1979_12::A11,GUITARIST CHUCHO VIDAL,jaleo,JALEO_1979_12,en,article,597,full,0,,1
chat_packet_060,chat_annotation_packets_jaleo/packets/chat_packet_060.md,chat_annotation_packets_jaleo/packets/chat_packet_060.json,296,JALEO_1979_12::A12,FLAMENCO SOCIETY OF MINNESOTA,jaleo,JALEO_1979_12,en,other,1546,full,0,,2
chat_packet_060,chat_annotation_packets_jaleo/packets/chat_packet_060.md,chat_annotation_packets_jaleo/packets/chat_packet_060.json,297,JALEO_1979_12::A14,JUERGAS,jaleo,JALEO_1979_12,en,other,4123,full,0,,3
chat_packet_060,chat_annotation_packets_jaleo/packets/chat_packet_060.md,chat_annotation_packets_jaleo/packets/chat_packet_060.json,298,JALEO_1980_01::A1,EDITORIAL,jaleo,JALEO_1980_01,en,other,4199,full,0,,4
chat_packet_060,chat_annotation_packets_jaleo/packets/chat_packet_060.md,chat_annotation_packets_jaleo/packets/chat_packet_060.json,299,JALEO_1980_01::A2,LETTERS,jaleo,JALEO_1980_01,en,other,3113,full,0,,5
chat_packet_061,chat_annotation_packets_jaleo/packets/chat_packet_061.md,chat_annotation_packets_jaleo/packets/chat_packet_061.json,300,JALEO_1980_01::A3,EDWARD FREEMAN,jaleo,JALEO_1980_01,en,other,3276,full,0,,1
chat_packet_061,chat_annotation_packets_jaleo/packets/chat_packet_061.md,chat_annotation_packets_jaleo/packets/chat_packet_061.json,301,JALEO_1980_01::A4,FLAIR FOR FLAMENCO,jaleo,JALEO_1980_01,en,other,2467,full,0,,2
chat_packet_061,chat_annotation_packets_jaleo/packets/chat_packet_061.md,chat_annotation_packets_jaleo/packets/chat_packet_061.json,302,JALEO_1980_01::A5,ABRUPTLY BIOGRAPHICAL,jaleo,JALEO_1980_01,en,other,2499,full,0,,3
chat_packet_061,chat_annotation_packets_jaleo/packets/chat_packet_061.md,chat_annotation_packets_jaleo/packets/chat_packet_061.json,303,JALEO_1980_01::A6,FREEMAN'S LEGACY,jaleo,JALEO_1980_01,en,other,2329,full,0,,4
chat_packet_061,chat_annotation_packets_jaleo/packets/chat_packet_061.md,chat_annotation_packets_jaleo/packets/chat_packet_061.json,304,JALEO_1980_01::A8,A SCIENTISTS VIEW OF ED FREEMAN,jaleo,JALEO_1980_01,en,other,1832,full,0,,5
chat_packet_062,chat_annotation_packets_jaleo/packets/chat_packet_062.md,chat_annotation_packets_jaleo/packets/chat_packet_062.json,305,JALEO_1980_01::A9,RE: EDWARD FREEMAN,jaleo,JALEO_1980_01,en,other,761,full,0,,1
chat_packet_062,chat_annotation_packets_jaleo/packets/chat_packet_062.md,chat_annotation_packets_jaleo/packets/chat_packet_062.json,306,JALEO_1980_01::A10,EL CONQUISTADOR FREEMAN,jaleo,JALEO_1980_01,en,other,833,full,0,,2
chat_packet_062,chat_annotation_packets_jaleo/packets/chat_packet_062.md,chat_annotation_packets_jaleo/packets/chat_packet_062.json,307,JALEO_1980_01::A11,INSPIRATION FREEMAN,jaleo,JALEO_1980_01,en,other,629,full,0,,3
chat_packet_062,chat_annotation_packets_jaleo/packets/chat_packet_062.md,chat_annotation_packets_jaleo/packets/chat_packet_062.json,308,JALEO_1980_01::A12,A SURGEON'S VIEW OF EDWARD FREEMAN,jaleo,JALEO_1980_01,en,other,2324,full,0,,4
chat_packet_062,chat_annotation_packets_jaleo/packets/chat_packet_062.md,chat_annotation_packets_jaleo/packets/chat_packet_062.json,309,JALEO_1980_01::A13,POINT OF VIEW,jaleo,JALEO_1980_01,en,other,3661,full,0,,5
chat_packet_063,chat_annotation_packets_jaleo/packets/chat_packet_063.md,chat_annotation_packets_jaleo/packets/chat_packet_063.json,310,JALEO_1980_01::A14,A PORTRAIT OF ED FREEMAN,jaleo,JALEO_1980_01,en,other,4425,full,0,,1
chat_packet_063,chat_annotation_packets_jaleo/packets/chat_packet_063.md,chat_annotation_packets_jaleo/packets/chat_packet_063.json,311,JALEO_1980_01::A15,INSTRUCTION,jaleo,JALEO_1980_01,en,other,1360,full,0,,2
chat_packet_063,chat_annotation_packets_jaleo/packets/chat_packet_063.md,chat_annotation_packets_jaleo/packets/chat_packet_063.json,312,JALEO_1980_01::A16,"""DEAD ACCURACY""",jaleo,JALEO_1980_01,en,other,3631,full,0,,3
chat_packet_063,chat_annotation_packets_jaleo/packets/chat_packet_063.md,chat_annotation_packets_jaleo/packets/chat_packet_063.json,313,JALEO_1980_01::A17,IN REMEMBRANCE,jaleo,JALEO_1980_01,en,poem,2779,head_tail_windows,1,PED_03,4
chat_packet_063,chat_annotation_packets_jaleo/packets/chat_packet_063.md,chat_annotation_packets_jaleo/packets/chat_packet_063.json,314,JALEO_1980_01::A18,INDIVIDUALITY AND FLAMENCO DANCE,jaleo,JALEO_1980_01,en,other,4007,full,0,,5
chat_packet_064,chat_annotation_packets_jaleo/packets/chat_packet_064.md,chat_annotation_packets_jaleo/packets/chat_packet_064.json,315,JALEO_1980_01::A19,CANTANDO POR ALEGRIAS,jaleo,JALEO_1980_01,en,other,460,full,0,,1
chat_packet_064,chat_annotation_packets_jaleo/packets/chat_packet_064.md,chat_annotation_packets_jaleo/packets/chat_packet_064.json,316,JALEO_1980_01::A20,MANOLO SANLUCAR (INTERVIEW),jaleo,JALEO_1980_01,en,poem,1960,full,0,,2
chat_packet_064,chat_annotation_packets_jaleo/packets/chat_packet_064.md,chat_annotation_packets_jaleo/packets/chat_packet_064.json,317,JALEO_1980_01::A22,FLAMENCOHIO,jaleo,JALEO_1980_01,en,other,712,full,0,,3
chat_packet_064,chat_annotation_packets_jaleo/packets/chat_packet_064.md,chat_annotation_packets_jaleo/packets/chat_packet_064.json,318,JALEO_1980_01::A23,JUERGA IN OHIO,jaleo,JALEO_1980_01,en,other,1434,full,0,,4
chat_packet_064,chat_annotation_packets_jaleo/packets/chat_packet_064.md,chat_annotation_packets_jaleo/packets/chat_packet_064.json,319,JALEO_1980_01::A24,JALEOHIO '79,jaleo,JALEO_1980_01,en,other,5367,full,0,,5
chat_packet_065,chat_annotation_packets_jaleo/packets/chat_packet_065.md,chat_annotation_packets_jaleo/packets/chat_packet_065.json,320,JALEO_1980_01::A25,JUERGAS,jaleo,JALEO_1980_01,en,other,2615,full,0,,1
chat_packet_065,chat_annotation_packets_jaleo/packets/chat_packet_065.md,chat_annotation_packets_jaleo/packets/chat_packet_065.json,321,JALEO_1980_02::A1,PACO DE LUCIA IN FRANCE,jaleo,JALEO_1980_02,en,other,1466,full,0,,2
chat_packet_065,chat_annotation_packets_jaleo/packets/chat_packet_065.md,chat_annotation_packets_jaleo/packets/chat_packet_065.json,322,JALEO_1980_02::A2,PASTORA IMPERIO (obituary),jaleo,JALEO_1980_02,en,other,1156,full,0,,3
chat_packet_065,chat_annotation_packets_jaleo/packets/chat_packet_065.md,chat_annotation_packets_jaleo/packets/chat_packet_065.json,323,JALEO_1980_02::A3,JUANA DE ALVA (biography),jaleo,JALEO_1980_02,en,other,2817,head_tail_windows,1,COMM_02,4
chat_packet_065,chat_annotation_packets_jaleo/packets/chat_packet_065.md,chat_annotation_packets_jaleo/packets/chat_packet_065.json,324,JALEO_1980_02::A4,FANDANGOS DEL CERRO,jaleo,JALEO_1980_02,en,other,2662,head_tail_windows,1,COMM_02,5
chat_packet_066,chat_annotation_packets_jaleo/packets/chat_packet_066.md,chat_annotation_packets_jaleo/packets/chat_packet_066.json,325,JALEO_1980_02::A5,THE VIRTUOSO AND THE GYPSY,jaleo,JALEO_1980_02,en,other,566,full,0,,1
chat_packet_066,chat_annotation_packets_jaleo/packets/chat_packet_066.md,chat_annotation_packets_jaleo/packets/chat_packet_066.json,326,JALEO_1980_02::A6,PACO PENA & LOLI FLORES,jaleo,JALEO_1980_02,en,other,1063,full,0,,2
chat_packet_066,chat_annotation_packets_jaleo/packets/chat_packet_066.md,chat_annotation_packets_jaleo/packets/chat_packet_066.json,327,JALEO_1980_02::A7,PACO PENA AND HIS COMPANY,jaleo,JALEO_1980_02,en,other,1241,full,0,,3
chat_packet_066,chat_annotation_packets_jaleo/packets/chat_packet_066.md,chat_annotation_packets_jaleo/packets/chat_packet_066.json,328,JALEO_1980_02::A8,DANCE IN COLOR,jaleo,JALEO_1980_02,en,other,3670,full,0,,4
chat_packet_066,chat_annotation_packets_jaleo/packets/chat_packet_066.md,chat_annotation_packets_jaleo/packets/chat_packet_066.json,329,JALEO_1980_02::A9,CULTURE TAKES TO THE HILLS,jaleo,JALEO_1980_02,en,other,821,full,0,,5
chat_packet_067,chat_annotation_packets_jaleo/packets/chat_packet_067.md,chat_annotation_packets_jaleo/packets/chat_packet_067.json,330,JALEO_1980_02::A10,MANUEL TORRE (biography),jaleo,JALEO_1980_02,en,other,2182,full,0,,1
chat_packet_067,chat_annotation_packets_jaleo/packets/chat_packet_067.md,chat_annotation_packets_jaleo/packets/chat_packet_067.json,331,JALEO_1980_02::A11,FLAMENCO INCARNATE: CARLOS MONTOYA,jaleo,JALEO_1980_02,en,other,3035,full,0,,2
chat_packet_067,chat_annotation_packets_jaleo/packets/chat_packet_067.md,chat_annotation_packets_jaleo/packets/chat_packet_067.json,332,JALEO_1980_02::A12,MIGUEL HERRERO (biography),jaleo,JALEO_1980_02,en,other,641,full,0,,3
chat_packet_067,chat_annotation_packets_jaleo/packets/chat_packet_067.md,chat_annotation_packets_jaleo/packets/chat_packet_067.json,333,JALEO_1980_02::A13,JUAN MARTIN'S GUITAR METHOD,jaleo,JALEO_1980_02,en,article,2944,head_tail_windows,1,PED_02,4
chat_packet_067,chat_annotation_packets_jaleo/packets/chat_packet_067.md,chat_annotation_packets_jaleo/packets/chat_packet_067.json,334,JALEO_1980_03::A1,MARIA DEL CARMEN,jaleo,JALEO_1980_03,en,other,427,full,0,,5
chat_packet_068,chat_annotation_packets_jaleo/packets/chat_packet_068.md,chat_annotation_packets_jaleo/packets/chat_packet_068.json,335,JALEO_1980_03::A2,LETTERS,jaleo,JALEO_1980_03,en,other,1344,full,0,,1
chat_packet_068,chat_annotation_packets_jaleo/packets/chat_packet_068.md,chat_annotation_packets_jaleo/packets/chat_packet_068.json,336,JALEO_1980_03::A3,ANTONIO MAIRENA,jaleo,JALEO_1980_03,en,other,3365,full,0,,2
chat_packet_068,chat_annotation_packets_jaleo/packets/chat_packet_068.md,chat_annotation_packets_jaleo/packets/chat_packet_068.json,337,JALEO_1980_03::A4,"OUR BEST ""PALMAS A COMPAS""",jaleo,JALEO_1980_03,en,other,1658,full,0,,3
chat_packet_068,chat_annotation_packets_jaleo/packets/chat_packet_068.md,chat_annotation_packets_jaleo/packets/chat_packet_068.json,338,JALEO_1980_03::A5,AN IMMORTAL TEACHER,jaleo,JALEO_1980_03,en,other,2051,full,0,,4
chat_packet_068,chat_annotation_packets_jaleo/packets/chat_packet_068.md,chat_annotation_packets_jaleo/packets/chat_packet_068.json,339,JALEO_1980_03::A6,THE HONEST WORDS OF FOSFORITO,jaleo,JALEO_1980_03,en,other,1610,full,0,,5
chat_packet_069,chat_annotation_packets_jaleo/packets/chat_packet_069.md,chat_annotation_packets_jaleo/packets/chat_packet_069.json,340,JALEO_1980_03::A7,ANTONIO MAIRENA: AN INTERVIEW,jaleo,JALEO_1980_03,en,other,2925,head_tail_windows,1,COMM_04,1
chat_packet_069,chat_annotation_packets_jaleo/packets/chat_packet_069.md,chat_annotation_packets_jaleo/packets/chat_packet_069.json,341,JALEO_1980_03::A8,ANTONIO MAIRENA AND MANUEL TORRE,jaleo,JALEO_1980_03,en,other,1604,full,0,,2
chat_packet_069,chat_annotation_packets_jaleo/packets/chat_packet_069.md,chat_annotation_packets_jaleo/packets/chat_packet_069.json,342,JALEO_1980_03::A9,ANTONIO MAIRENA ON MANUEL TORRE,jaleo,JALEO_1980_03,en,other,2066,full,0,,3
chat_packet_069,chat_annotation_packets_jaleo/packets/chat_packet_069.md,chat_annotation_packets_jaleo/packets/chat_packet_069.json,343,JALEO_1980_03::A10,MAKING A FLAMENCO RECORD,jaleo,JALEO_1980_03,en,other,4622,full,0,,4
chat_packet_069,chat_annotation_packets_jaleo/packets/chat_packet_069.md,chat_annotation_packets_jaleo/packets/chat_packet_069.json,344,JALEO_1980_03::A11,GUILLERMO SALAZAR,jaleo,JALEO_1980_03,en,other,3907,full,0,,5
chat_packet_070,chat_annotation_packets_jaleo/packets/chat_packet_070.md,chat_annotation_packets_jaleo/packets/chat_packet_070.json,345,JALEO_1980_03::A12,SOME RECORDS BY AMERICAN GUITARISTS,jaleo,JALEO_1980_03,en,article,5467,full,0,,1
chat_packet_070,chat_annotation_packets_jaleo/packets/chat_packet_070.md,chat_annotation_packets_jaleo/packets/chat_packet_070.json,346,JALEO_1980_03::A13,FANDANGOS DE CABEZAS RUBIAS,jaleo,JALEO_1980_03,en,other,1478,full,0,,2
chat_packet_070,chat_annotation_packets_jaleo/packets/chat_packet_070.md,chat_annotation_packets_jaleo/packets/chat_packet_070.json,347,JALEO_1980_03::A14,RAFAEL DE CORDOBA,jaleo,JALEO_1980_03,en,other,951,full,0,,3
chat_packet_070,chat_annotation_packets_jaleo/packets/chat_packet_070.md,chat_annotation_packets_jaleo/packets/chat_packet_070.json,348,JALEO_1980_03::A15,INTERNATIONAL COURSES: JEREZ,jaleo,JALEO_1980_03,en,other,1488,full,0,,4
chat_packet_070,chat_annotation_packets_jaleo/packets/chat_packet_070.md,chat_annotation_packets_jaleo/packets/chat_packet_070.json,349,JALEO_1980_03::A16,FLAMENCO?,jaleo,JALEO_1980_03,en,other,1692,full,0,,5
chat_packet_071,chat_annotation_packets_jaleo/packets/chat_packet_071.md,chat_annotation_packets_jaleo/packets/chat_packet_071.json,350,JALEO_1980_03::A17,"""BAILES DE ESPAÑA""",jaleo,JALEO_1980_03,en,other,1712,full,0,,1
chat_packet_071,chat_annotation_packets_jaleo/packets/chat_packet_071.md,chat_annotation_packets_jaleo/packets/chat_packet_071.json,351,JALEO_1980_03::A18,ANZONINI IN SAN DIEGO?,jaleo,JALEO_1980_03,en,other,1218,full,0,,2
chat_packet_071,chat_annotation_packets_jaleo/packets/chat_packet_071.md,chat_annotation_packets_jaleo/packets/chat_packet_071.json,352,JALEO_1980_03::A19,JUERGAS,jaleo,JALEO_1980_03,en,other,2061,full,0,,3
chat_packet_071,chat_annotation_packets_jaleo/packets/chat_packet_071.md,chat_annotation_packets_jaleo/packets/chat_packet_071.json,353,JALEO_1980_04::A1,MARINA TORRES,jaleo,JALEO_1980_04,en,other,5164,full,0,,4
chat_packet_071,chat_annotation_packets_jaleo/packets/chat_packet_071.md,chat_annotation_packets_jaleo/packets/chat_packet_071.json,354,JALEO_1980_04::A2,EDITORIAL,jaleo,JALEO_1980_04,en,other,3167,full,0,,5
chat_packet_072,chat_annotation_packets_jaleo/packets/chat_packet_072.md,chat_annotation_packets_jaleo/packets/chat_packet_072.json,355,JALEO_1980_04::A3,LETTERS,jaleo,JALEO_1980_04,en,other,1682,full,0,,1
chat_packet_072,chat_annotation_packets_jaleo/packets/chat_packet_072.md,chat_annotation_packets_jaleo/packets/chat_packet_072.json,356,JALEO_1980_04::A4,PUNTO DE VISTA,jaleo,JALEO_1980_04,en,other,5968,full,0,,2
chat_packet_072,chat_annotation_packets_jaleo/packets/chat_packet_072.md,chat_annotation_packets_jaleo/packets/chat_packet_072.json,357,JALEO_1980_04::A5,JOSE GRECO AND HIS COMPANIES,jaleo,JALEO_1980_04,en,poem,5632,full,0,,3
chat_packet_072,chat_annotation_packets_jaleo/packets/chat_packet_072.md,chat_annotation_packets_jaleo/packets/chat_packet_072.json,358,JALEO_1980_04::A6,AUDIENCES KNOW,jaleo,JALEO_1980_04,en,other,1323,full,0,,4
chat_packet_072,chat_annotation_packets_jaleo/packets/chat_packet_072.md,chat_annotation_packets_jaleo/packets/chat_packet_072.json,359,JALEO_1980_04::A7,HIS DAUGHTERS,jaleo,JALEO_1980_04,en,other,5269,full,0,,5
chat_packet_073,chat_annotation_packets_jaleo/packets/chat_packet_073.md,chat_annotation_packets_jaleo/packets/chat_packet_073.json,360,JALEO_1980_04::A8,FLAMENCO DANCER TEACHES AT COLONY,jaleo,JALEO_1980_04,en,other,1976,full,0,,1
chat_packet_073,chat_annotation_packets_jaleo/packets/chat_packet_073.md,chat_annotation_packets_jaleo/packets/chat_packet_073.json,361,JALEO_1980_04::A9,THE MAKING OF JALEO,jaleo,JALEO_1980_04,en,other,2386,full,0,,2
chat_packet_073,chat_annotation_packets_jaleo/packets/chat_packet_073.md,chat_annotation_packets_jaleo/packets/chat_packet_073.json,362,JALEO_1980_04::A10,ARTE ANDALUZ,jaleo,JALEO_1980_04,en,other,520,full,0,,3
chat_packet_073,chat_annotation_packets_jaleo/packets/chat_packet_073.md,chat_annotation_packets_jaleo/packets/chat_packet_073.json,363,JALEO_1980_04::A11,JUERGAS,jaleo,JALEO_1980_04,en,other,5920,full,0,,4
chat_packet_073,chat_annotation_packets_jaleo/packets/chat_packet_073.md,chat_annotation_packets_jaleo/packets/chat_packet_073.json,364,JALEO_1980_05::A1,JOEL BLAIR,jaleo,JALEO_1980_05,en,other,299,full,0,,5
chat_packet_074,chat_annotation_packets_jaleo/packets/chat_packet_074.md,chat_annotation_packets_jaleo/packets/chat_packet_074.json,365,JALEO_1980_05::A2,I BIENAL DE ARTE FLAMENCO,jaleo,JALEO_1980_05,en,other,2772,full,0,,1
chat_packet_074,chat_annotation_packets_jaleo/packets/chat_packet_074.md,chat_annotation_packets_jaleo/packets/chat_packet_074.json,366,JALEO_1980_05::A3,LETTERS,jaleo,JALEO_1980_05,en,other,1235,full,0,,2
chat_packet_074,chat_annotation_packets_jaleo/packets/chat_packet_074.md,chat_annotation_packets_jaleo/packets/chat_packet_074.json,367,JALEO_1980_05::A4,PUNTO DE VISTA,jaleo,JALEO_1980_05,en,other,930,full,0,,3
chat_packet_074,chat_annotation_packets_jaleo/packets/chat_packet_074.md,chat_annotation_packets_jaleo/packets/chat_packet_074.json,368,JALEO_1980_05::A5,EDITORIAL,jaleo,JALEO_1980_05,en,other,676,full,0,,4
chat_packet_074,chat_annotation_packets_jaleo/packets/chat_packet_074.md,chat_annotation_packets_jaleo/packets/chat_packet_074.json,369,JALEO_1980_05::A6,ANDALUZ,jaleo,JALEO_1980_05,en,other,3255,head_tail_windows,1,COMM_02,5
chat_packet_075,chat_annotation_packets_jaleo/packets/chat_packet_075.md,chat_annotation_packets_jaleo/packets/chat_packet_075.json,370,JALEO_1980_05::A7,DOCTORATE IN CANTE FLAMENCO,jaleo,JALEO_1980_05,en,other,705,full,0,,1
chat_packet_075,chat_annotation_packets_jaleo/packets/chat_packet_075.md,chat_annotation_packets_jaleo/packets/chat_packet_075.json,371,JALEO_1980_05::A8,PATRI NADER,jaleo,JALEO_1980_05,en,other,1769,full,0,,2
chat_packet_075,chat_annotation_packets_jaleo/packets/chat_packet_075.md,chat_annotation_packets_jaleo/packets/chat_packet_075.json,372,JALEO_1980_05::A9,NEW GUITAR STRINGS,jaleo,JALEO_1980_05,en,article,1027,full,0,,3
chat_packet_075,chat_annotation_packets_jaleo/packets/chat_packet_075.md,chat_annotation_packets_jaleo/packets/chat_packet_075.json,373,JALEO_1980_05::A10,MANUEL TORRE,jaleo,JALEO_1980_05,en,other,3777,full,0,,4
chat_packet_075,chat_annotation_packets_jaleo/packets/chat_packet_075.md,chat_annotation_packets_jaleo/packets/chat_packet_075.json,374,JALEO_1980_05::A11,MERENGUE DE CÓRDOBA,jaleo,JALEO_1980_05,en,other,3500,full,0,,5
chat_packet_076,chat_annotation_packets_jaleo/packets/chat_packet_076.md,chat_annotation_packets_jaleo/packets/chat_packet_076.json,375,JALEO_1980_05::A12,RECORDS,jaleo,JALEO_1980_05,en,other,5883,full,0,,1
chat_packet_076,chat_annotation_packets_jaleo/packets/chat_packet_076.md,chat_annotation_packets_jaleo/packets/chat_packet_076.json,376,JALEO_1980_05::A13,MIAMI FLAMENCO,jaleo,JALEO_1980_05,en,poem,1105,full,0,,2
chat_packet_076,chat_annotation_packets_jaleo/packets/chat_packet_076.md,chat_annotation_packets_jaleo/packets/chat_packet_076.json,377,JALEO_1980_05::A14,JUERGAS,jaleo,JALEO_1980_05,en,other,4185,full,0,,3
chat_packet_076,chat_annotation_packets_jaleo/packets/chat_packet_076.md,chat_annotation_packets_jaleo/packets/chat_packet_076.json,378,JALEO_1980_07::A1,CANTAORA,jaleo,JALEO_1980_07,en,other,2914,full,0,,4
chat_packet_076,chat_annotation_packets_jaleo/packets/chat_packet_076.md,chat_annotation_packets_jaleo/packets/chat_packet_076.json,379,JALEO_1980_07::A2,LETTERS,jaleo,JALEO_1980_07,en,other,1226,full,0,,5
chat_packet_077,chat_annotation_packets_jaleo/packets/chat_packet_077.md,chat_annotation_packets_jaleo/packets/chat_packet_077.json,380,JALEO_1980_07::A3,HIS HANDS,jaleo,JALEO_1980_07,en,other,4077,full,0,,1
chat_packet_077,chat_annotation_packets_jaleo/packets/chat_packet_077.md,chat_annotation_packets_jaleo/packets/chat_packet_077.json,381,JALEO_1980_07::A4,JOSE GRECO TODAY,jaleo,JALEO_1980_07,en,poem,3469,head_tail_windows,1,COMM_02,2
chat_packet_077,chat_annotation_packets_jaleo/packets/chat_packet_077.md,chat_annotation_packets_jaleo/packets/chat_packet_077.json,382,JALEO_1980_07::A5,FLAMENCO IN FRANCE,jaleo,JALEO_1980_07,en,other,4333,full,0,,3
chat_packet_077,chat_annotation_packets_jaleo/packets/chat_packet_077.md,chat_annotation_packets_jaleo/packets/chat_packet_077.json,383,JALEO_1980_07::A6,COSTUMING FOR FLAMENCO,jaleo,JALEO_1980_07,en,poem,3584,full,0,,4
chat_packet_077,chat_annotation_packets_jaleo/packets/chat_packet_077.md,chat_annotation_packets_jaleo/packets/chat_packet_077.json,384,JALEO_1980_07::A7,THANK YOU SUE GARSON,jaleo,JALEO_1980_07,en,other,1331,full,0,,5
chat_packet_078,chat_annotation_packets_jaleo/packets/chat_packet_078.md,chat_annotation_packets_jaleo/packets/chat_packet_078.json,385,JALEO_1980_07::A8,ART OF SUFFERING,jaleo,JALEO_1980_07,en,other,2861,head_tail_windows,1,AUTH_04,1
chat_packet_078,chat_annotation_packets_jaleo/packets/chat_packet_078.md,chat_annotation_packets_jaleo/packets/chat_packet_078.json,386,JALEO_1980_07::A9,TORRE,jaleo,JALEO_1980_07,en,other,4158,full,0,,2
chat_packet_078,chat_annotation_packets_jaleo/packets/chat_packet_078.md,chat_annotation_packets_jaleo/packets/chat_packet_078.json,387,JALEO_1980_07::A10,FANDANGOS DE SANTA EULALIA,jaleo,JALEO_1980_07,en,other,4606,full,0,,3
chat_packet_078,chat_annotation_packets_jaleo/packets/chat_packet_078.md,chat_annotation_packets_jaleo/packets/chat_packet_078.json,388,JALEO_1980_07::A12,JOSE MIGUEL HERRERO,jaleo,JALEO_1980_07,en,other,1123,full,0,,4
chat_packet_078,chat_annotation_packets_jaleo/packets/chat_packet_078.md,chat_annotation_packets_jaleo/packets/chat_packet_078.json,389,JALEO_1980_07::A13,GUILLERMO SALAZAR IN SAN DIEGO,jaleo,JALEO_1980_07,en,other,4257,full,0,,5
chat_packet_079,chat_annotation_packets_jaleo/packets/chat_packet_079.md,chat_annotation_packets_jaleo/packets/chat_packet_079.json,390,JALEO_1980_07::A14,JULY JUERGA,jaleo,JALEO_1980_07,en,other,370,full,0,,1
chat_packet_079,chat_annotation_packets_jaleo/packets/chat_packet_079.md,chat_annotation_packets_jaleo/packets/chat_packet_079.json,391,JALEO_1980_08::A1,ON THE FLAMENCO TRAIL,jaleo,JALEO_1980_08,en,other,3997,full,0,,2
chat_packet_079,chat_annotation_packets_jaleo/packets/chat_packet_079.md,chat_annotation_packets_jaleo/packets/chat_packet_079.json,392,JALEO_1980_08::A2,EDITORIAL,jaleo,JALEO_1980_08,en,other,686,full,0,,3
chat_packet_079,chat_annotation_packets_jaleo/packets/chat_packet_079.md,chat_annotation_packets_jaleo/packets/chat_packet_079.json,393,JALEO_1980_08::A3,PLAYING OTHER PEOPLE'S MUSIC,jaleo,JALEO_1980_08,en,other,1653,full,0,,4
chat_packet_079,chat_annotation_packets_jaleo/packets/chat_packet_079.md,chat_annotation_packets_jaleo/packets/chat_packet_079.json,394,JALEO_1980_08::A4,GHOST STORY,jaleo,JALEO_1980_08,en,poem,3166,head_tail_windows,1,COMM_04,5
chat_packet_080,chat_annotation_packets_jaleo/packets/chat_packet_080.md,chat_annotation_packets_jaleo/packets/chat_packet_080.json,395,JALEO_1980_08::A5,DIEGO EN SU NOCHE DE MORON,jaleo,JALEO_1980_08,en,poem,3035,full,0,,1
chat_packet_080,chat_annotation_packets_jaleo/packets/chat_packet_080.md,chat_annotation_packets_jaleo/packets/chat_packet_080.json,396,JALEO_1980_08::A6,UN GAZPACHO CON MUCHO TOMATE,jaleo,JALEO_1980_08,en,other,724,full,0,,2
chat_packet_080,chat_annotation_packets_jaleo/packets/chat_packet_080.md,chat_annotation_packets_jaleo/packets/chat_packet_080.json,397,JALEO_1980_08::A7,"DIEGO DEL GASTOR, A LEGEND",jaleo,JALEO_1980_08,en,other,1463,full,0,,3
chat_packet_080,chat_annotation_packets_jaleo/packets/chat_packet_080.md,chat_annotation_packets_jaleo/packets/chat_packet_080.json,398,JALEO_1980_08::A8,EVOCACION A DIEGO DEL GASTOR,jaleo,JALEO_1980_08,en,other,496,full,0,,4
chat_packet_080,chat_annotation_packets_jaleo/packets/chat_packet_080.md,chat_annotation_packets_jaleo/packets/chat_packet_080.json,399,JALEO_1980_08::A9,A DIEGO DEL GASTOR,jaleo,JALEO_1980_08,en,other,888,full,0,,5
chat_packet_081,chat_annotation_packets_jaleo/packets/chat_packet_081.md,chat_annotation_packets_jaleo/packets/chat_packet_081.json,400,JALEO_1980_08::A10,"BURIAL OF ""NINO DEL GASTOR""",jaleo,JALEO_1980_08,en,other,1294,full,0,,1
chat_packet_081,chat_annotation_packets_jaleo/packets/chat_packet_081.md,chat_annotation_packets_jaleo/packets/chat_packet_081.json,401,JALEO_1980_08::A11,FERNANDILLO DE MORON DIES IN A TRAGIC ACCIDENT,jaleo,JALEO_1980_08,en,other,661,full,0,,2
chat_packet_081,chat_annotation_packets_jaleo/packets/chat_packet_081.md,chat_annotation_packets_jaleo/packets/chat_packet_081.json,402,JALEO_1980_08::A12,DIEGO DEL GASTOR (POEM),jaleo,JALEO_1980_08,en,poem,333,full,0,,3
chat_packet_081,chat_annotation_packets_jaleo/packets/chat_packet_081.md,chat_annotation_packets_jaleo/packets/chat_packet_081.json,403,JALEO_1980_08::A13,A STYLE THAT ENDURES,jaleo,JALEO_1980_08,en,other,1692,full,0,,4
chat_packet_081,chat_annotation_packets_jaleo/packets/chat_packet_081.md,chat_annotation_packets_jaleo/packets/chat_packet_081.json,404,JALEO_1980_08::A15,A MORON SCRAPBOOK,jaleo,JALEO_1980_08,en,other,1001,full,0,,5
chat_packet_082,chat_annotation_packets_jaleo/packets/chat_packet_082.md,chat_annotation_packets_jaleo/packets/chat_packet_082.json,405,JALEO_1980_08::A16,FINCA ESPARTERO: FLAMENCO AS A WAY OF LIFE,jaleo,JALEO_1980_08,en,other,3740,full,0,,1
chat_packet_082,chat_annotation_packets_jaleo/packets/chat_packet_082.md,chat_annotation_packets_jaleo/packets/chat_packet_082.json,406,JALEO_1980_08::A17,A WAY OF LIFE,jaleo,JALEO_1980_08,en,other,2957,head_tail_windows,1,COMM_02,2
chat_packet_082,chat_annotation_packets_jaleo/packets/chat_packet_082.md,chat_annotation_packets_jaleo/packets/chat_packet_082.json,407,JALEO_1980_08::A18,COSTUMING FOR FLAMENCO,jaleo,JALEO_1980_08,en,other,3362,head_tail_windows,1,COMM_04,3
chat_packet_082,chat_annotation_packets_jaleo/packets/chat_packet_082.md,chat_annotation_packets_jaleo/packets/chat_packet_082.json,408,JALEO_1980_09::A1,JUAN SERRANO,jaleo,JALEO_1980_09,en,other,5183,full,0,,4
chat_packet_082,chat_annotation_packets_jaleo/packets/chat_packet_082.md,chat_annotation_packets_jaleo/packets/chat_packet_082.json,409,JALEO_1980_09::A2,LETTERS,jaleo,JALEO_1980_09,en,other,3209,head_tail_windows,1,COMM_03,5
chat_packet_083,chat_annotation_packets_jaleo/packets/chat_packet_083.md,chat_annotation_packets_jaleo/packets/chat_packet_083.json,410,JALEO_1980_09::A3,JUANA SERRANO AS MAESTRO,jaleo,JALEO_1980_09,en,other,1654,full,0,,1
chat_packet_083,chat_annotation_packets_jaleo/packets/chat_packet_083.md,chat_annotation_packets_jaleo/packets/chat_packet_083.json,411,JALEO_1980_09::A4,TIENTOS (MUSIC BY JUAN SERRANO),jaleo,JALEO_1980_09,en,other,349,full,0,,2
chat_packet_083,chat_annotation_packets_jaleo/packets/chat_packet_083.md,chat_annotation_packets_jaleo/packets/chat_packet_083.json,412,JALEO_1980_09::A5,FLAMENCO IN DETROIT,jaleo,JALEO_1980_09,en,poem,3794,full,0,,3
chat_packet_083,chat_annotation_packets_jaleo/packets/chat_packet_083.md,chat_annotation_packets_jaleo/packets/chat_packet_083.json,413,JALEO_1980_09::A6,DANCING ON A CRUISE SHIP,jaleo,JALEO_1980_09,en,other,1587,full,0,,4
chat_packet_083,chat_annotation_packets_jaleo/packets/chat_packet_083.md,chat_annotation_packets_jaleo/packets/chat_packet_083.json,414,JALEO_1980_09::A7,GAZPACHO DE GUILLERMO,jaleo,JALEO_1980_09,en,other,4757,full,0,,5
chat_packet_084,chat_annotation_packets_jaleo/packets/chat_packet_084.md,chat_annotation_packets_jaleo/packets/chat_packet_084.json,415,JALEO_1980_09::A8,MORCA SOBRE EL BAILE,jaleo,JALEO_1980_09,en,other,2946,full,0,,1
chat_packet_084,chat_annotation_packets_jaleo/packets/chat_packet_084.md,chat_annotation_packets_jaleo/packets/chat_packet_084.json,416,JALEO_1980_09::A9,FLAMENCO WEEK IN SEATTLE,jaleo,JALEO_1980_09,en,other,1507,full,0,,2
chat_packet_084,chat_annotation_packets_jaleo/packets/chat_packet_084.md,chat_annotation_packets_jaleo/packets/chat_packet_084.json,417,JALEO_1980_09::A10,TWO RECORDS,jaleo,JALEO_1980_09,en,other,568,full,0,,3
chat_packet_084,chat_annotation_packets_jaleo/packets/chat_packet_084.md,chat_annotation_packets_jaleo/packets/chat_packet_084.json,418,JALEO_1980_09::A11,ANTONIO GADES: A STAR IN ORBIT,jaleo,JALEO_1980_09,en,other,3459,full,0,,4
chat_packet_084,chat_annotation_packets_jaleo/packets/chat_packet_084.md,chat_annotation_packets_jaleo/packets/chat_packet_084.json,419,JALEO_1980_09::A12,FLAMENCO WITH A FLAIR,jaleo,JALEO_1980_09,en,other,67,full,0,,5
chat_packet_085,chat_annotation_packets_jaleo/packets/chat_packet_085.md,chat_annotation_packets_jaleo/packets/chat_packet_085.json,420,JALEO_1980_09::A13,IN RETURN VISIT,jaleo,JALEO_1980_09,en,other,3174,full,0,,1
chat_packet_085,chat_annotation_packets_jaleo/packets/chat_packet_085.md,chat_annotation_packets_jaleo/packets/chat_packet_085.json,421,JALEO_1980_09::A14,PACO DE LUCIA: AN INTERVIEW,jaleo,JALEO_1980_09,en,other,3959,full,0,,2
chat_packet_085,chat_annotation_packets_jaleo/packets/chat_packet_085.md,chat_annotation_packets_jaleo/packets/chat_packet_085.json,422,JALEO_1980_09::A15,ESPANOLISIMAS,jaleo,JALEO_1980_09,en,other,3527,full,0,,3
chat_packet_085,chat_annotation_packets_jaleo/packets/chat_packet_085.md,chat_annotation_packets_jaleo/packets/chat_packet_085.json,423,JALEO_1980_09::A16,FLAMENCO INDIAN PROGRAM,jaleo,JALEO_1980_09,en,other,1747,full,0,,4
chat_packet_085,chat_annotation_packets_jaleo/packets/chat_packet_085.md,chat_annotation_packets_jaleo/packets/chat_packet_085.json,424,JALEO_1980_09::A17,INTERVIEW WITH RENE HEREDIA,jaleo,JALEO_1980_09,en,other,4198,full,0,,5
chat_packet_086,chat_annotation_packets_jaleo/packets/chat_packet_086.md,chat_annotation_packets_jaleo/packets/chat_packet_086.json,425,JALEO_1980_09::A18,AN AKRONISM: JUERGA IN OHIO,jaleo,JALEO_1980_09,en,other,2307,full,0,,1
chat_packet_086,chat_annotation_packets_jaleo/packets/chat_packet_086.md,chat_annotation_packets_jaleo/packets/chat_packet_086.json,426,JALEO_1980_09::A19,SAN DIEGO SCENE: JUNE JUERGA,jaleo,JALEO_1980_09,en,other,1953,full,0,,2
chat_packet_086,chat_annotation_packets_jaleo/packets/chat_packet_086.md,chat_annotation_packets_jaleo/packets/chat_packet_086.json,427,JALEO_1980_09::A20,AUGUST JUERGA,jaleo,JALEO_1980_09,en,other,368,full,0,,3
chat_packet_086,chat_annotation_packets_jaleo/packets/chat_packet_086.md,chat_annotation_packets_jaleo/packets/chat_packet_086.json,428,JALEO_1980_09::A21,SEPTEMBER JUERGA,jaleo,JALEO_1980_09,en,other,1615,full,0,,4
chat_packet_086,chat_annotation_packets_jaleo/packets/chat_packet_086.md,chat_annotation_packets_jaleo/packets/chat_packet_086.json,429,JALEO_1980_09::A23,FLAMENCO DICTIONARY,jaleo,JALEO_1980_09,en,other,2694,full,0,,5
chat_packet_087,chat_annotation_packets_jaleo/packets/chat_packet_087.md,chat_annotation_packets_jaleo/packets/chat_packet_087.json,430,JALEO_1980_10::A1,FLAMENCO TABLAOS,jaleo,JALEO_1980_10,en,other,5013,full,0,,1
chat_packet_087,chat_annotation_packets_jaleo/packets/chat_packet_087.md,chat_annotation_packets_jaleo/packets/chat_packet_087.json,431,JALEO_1980_10::A2,LETTERS,jaleo,JALEO_1980_10,en,other,1541,full,0,,2
chat_packet_087,chat_annotation_packets_jaleo/packets/chat_packet_087.md,chat_annotation_packets_jaleo/packets/chat_packet_087.json,432,JALEO_1980_10::A3,BOSTON,jaleo,JALEO_1980_10,en,other,4145,full,0,,3
chat_packet_087,chat_annotation_packets_jaleo/packets/chat_packet_087.md,chat_annotation_packets_jaleo/packets/chat_packet_087.json,433,JALEO_1980_10::A4,THEATER: TWO REVIEWS,jaleo,JALEO_1980_10,en,other,4635,full,0,,4
chat_packet_087,chat_annotation_packets_jaleo/packets/chat_packet_087.md,chat_annotation_packets_jaleo/packets/chat_packet_087.json,434,JALEO_1980_10::A5,PACO DE LUCIA IN CADIZ,jaleo,JALEO_1980_10,en,other,1896,full,0,,5
chat_packet_088,chat_annotation_packets_jaleo/packets/chat_packet_088.md,chat_annotation_packets_jaleo/packets/chat_packet_088.json,435,JALEO_1980_10::A6,ABOUT GORDON BOOTH,jaleo,JALEO_1980_10,en,other,1380,full,0,,1
chat_packet_088,chat_annotation_packets_jaleo/packets/chat_packet_088.md,chat_annotation_packets_jaleo/packets/chat_packet_088.json,436,JALEO_1980_10::A7,MORCA SOBRE EL BAILE,jaleo,JALEO_1980_10,en,other,2822,full,0,,2
chat_packet_088,chat_annotation_packets_jaleo/packets/chat_packet_088.md,chat_annotation_packets_jaleo/packets/chat_packet_088.json,437,JALEO_1980_10::A8,GAZPACHO DE GUILLERMO,jaleo,JALEO_1980_10,en,other,1471,full,0,,3
chat_packet_088,chat_annotation_packets_jaleo/packets/chat_packet_088.md,chat_annotation_packets_jaleo/packets/chat_packet_088.json,438,JALEO_1980_10::A9,ENCOUNTER: A CAPER IN SEVILLA,jaleo,JALEO_1980_10,en,other,4438,full,0,,4
chat_packet_088,chat_annotation_packets_jaleo/packets/chat_packet_088.md,chat_annotation_packets_jaleo/packets/chat_packet_088.json,439,JALEO_1980_10::A10,FLAMENCO SALERIES,jaleo,JALEO_1980_10,en,other,2494,full,0,,5
chat_packet_089,chat_annotation_packets_jaleo/packets/chat_packet_089.md,chat_annotation_packets_jaleo/packets/chat_packet_089.json,440,JALEO_1980_10::A11,DONN POHREN & LUISA MARAVILLA,jaleo,JALEO_1980_10,en,other,1172,full,0,,1
chat_packet_089,chat_annotation_packets_jaleo/packets/chat_packet_089.md,chat_annotation_packets_jaleo/packets/chat_packet_089.json,441,JALEO_1980_10::A12,"PEPE ""EL DE LA MATRONA""",jaleo,JALEO_1980_10,en,other,1743,full,0,,2
chat_packet_089,chat_annotation_packets_jaleo/packets/chat_packet_089.md,chat_annotation_packets_jaleo/packets/chat_packet_089.json,442,JALEO_1980_10::A13,SAN DIEGO SCENE,jaleo,JALEO_1980_10,en,other,1002,full,0,,3
chat_packet_089,chat_annotation_packets_jaleo/packets/chat_packet_089.md,chat_annotation_packets_jaleo/packets/chat_packet_089.json,443,JALEO_1980_10::A15,FLAMENCO DICTIONARY,jaleo,JALEO_1980_10,en,other,2981,full,0,,4
chat_packet_089,chat_annotation_packets_jaleo/packets/chat_packet_089.md,chat_annotation_packets_jaleo/packets/chat_packet_089.json,444,JALEO_1980_11::A1,CARMEN AMAYA,jaleo,JALEO_1980_11,en,poem,4145,head_tail_windows,1,COMM_04,5
chat_packet_090,chat_annotation_packets_jaleo/packets/chat_packet_090.md,chat_annotation_packets_jaleo/packets/chat_packet_090.json,445,JALEO_1980_11::A2,"INNOVATOR, & CREATIVE FORCE""",jaleo,JALEO_1980_11,en,other,3061,full,0,,1
chat_packet_090,chat_annotation_packets_jaleo/packets/chat_packet_090.md,chat_annotation_packets_jaleo/packets/chat_packet_090.json,446,JALEO_1980_11::A3,"GUILLERMO,""WHY FLAMENCO?""",jaleo,JALEO_1980_11,en,other,3025,full,0,,2
chat_packet_090,chat_annotation_packets_jaleo/packets/chat_packet_090.md,chat_annotation_packets_jaleo/packets/chat_packet_090.json,447,JALEO_1980_11::A4,"PACO DEL GASTOR""",jaleo,JALEO_1980_11,en,other,1299,full,0,,3
chat_packet_090,chat_annotation_packets_jaleo/packets/chat_packet_090.md,chat_annotation_packets_jaleo/packets/chat_packet_090.json,448,JALEO_1980_11::A5,PART II,jaleo,JALEO_1980_11,en,other,4737,full,0,,4
chat_packet_090,chat_annotation_packets_jaleo/packets/chat_packet_090.md,chat_annotation_packets_jaleo/packets/chat_packet_090.json,449,JALEO_1980_11::A6,FLAMENCO EN LA PLAZA DE TOROS,jaleo,JALEO_1980_11,en,other,1268,full,0,,5
chat_packet_091,chat_annotation_packets_jaleo/packets/chat_packet_091.md,chat_annotation_packets_jaleo/packets/chat_packet_091.json,450,JALEO_1980_11::A7,FESTIVALES 1980,jaleo,JALEO_1980_11,en,other,4087,full,0,,1
chat_packet_091,chat_annotation_packets_jaleo/packets/chat_packet_091.md,chat_annotation_packets_jaleo/packets/chat_packet_091.json,451,JALEO_1980_11::A8,FLAMENCOHIO,jaleo,JALEO_1980_11,en,other,990,full,0,,2
chat_packet_091,chat_annotation_packets_jaleo/packets/chat_packet_091.md,chat_annotation_packets_jaleo/packets/chat_packet_091.json,452,JALEO_1980_11::A9,JALEO GETS HELP,jaleo,JALEO_1980_11,en,other,1076,full,0,,3
chat_packet_091,chat_annotation_packets_jaleo/packets/chat_packet_091.md,chat_annotation_packets_jaleo/packets/chat_packet_091.json,453,JALEO_1980_11::A10,MARIO MAYA SURPRISES SAN DIEGO,jaleo,JALEO_1980_11,en,other,2972,full,0,,4
chat_packet_091,chat_annotation_packets_jaleo/packets/chat_packet_091.md,chat_annotation_packets_jaleo/packets/chat_packet_091.json,454,JALEO_1980_11::A11,SEPTEMBER JUERGA,jaleo,JALEO_1980_11,en,other,115,full,0,,5
chat_packet_092,chat_annotation_packets_jaleo/packets/chat_packet_092.md,chat_annotation_packets_jaleo/packets/chat_packet_092.json,455,JALEO_1980_11::A12,NOVEMBER JUERGA,jaleo,JALEO_1980_11,en,other,5877,full,0,,1
chat_packet_092,chat_annotation_packets_jaleo/packets/chat_packet_092.md,chat_annotation_packets_jaleo/packets/chat_packet_092.json,456,JALEO_1981_01::A1,"JOSE DOMINGUEZ, ""EL CABRERO""",jaleo,JALEO_1981_01,en,other,1524,full,0,,2
chat_packet_092,chat_annotation_packets_jaleo/packets/chat_packet_092.md,chat_annotation_packets_jaleo/packets/chat_packet_092.json,457,JALEO_1981_01::A2,LETTERS,jaleo,JALEO_1981_01,en,other,835,full,0,,3
chat_packet_092,chat_annotation_packets_jaleo/packets/chat_packet_092.md,chat_annotation_packets_jaleo/packets/chat_packet_092.json,458,JALEO_1981_01::A3,PUNTO DE VISTA,jaleo,JALEO_1981_01,en,other,2901,full,0,,4
chat_packet_092,chat_annotation_packets_jaleo/packets/chat_packet_092.md,chat_annotation_packets_jaleo/packets/chat_packet_092.json,459,JALEO_1981_01::A4,MARTA DEL CID,jaleo,JALEO_1981_01,en,other,3023,head_tail_windows,1,COMM_04,5
chat_packet_093,chat_annotation_packets_jaleo/packets/chat_packet_093.md,chat_annotation_packets_jaleo/packets/chat_packet_093.json,460,JALEO_1981_01::A5,ARCHIVO: PART I,jaleo,JALEO_1981_01,en,other,4725,full,0,,1
chat_packet_093,chat_annotation_packets_jaleo/packets/chat_packet_093.md,chat_annotation_packets_jaleo/packets/chat_packet_093.json,461,JALEO_1981_01::A6,CONVERSANCIONES CON GINO D'AURI,jaleo,JALEO_1981_01,en,other,2921,full,0,,2
chat_packet_093,chat_annotation_packets_jaleo/packets/chat_packet_093.md,chat_annotation_packets_jaleo/packets/chat_packet_093.json,462,JALEO_1981_01::A7,GAZPACHO DE MORON,jaleo,JALEO_1981_01,en,other,1270,full,0,,3
chat_packet_093,chat_annotation_packets_jaleo/packets/chat_packet_093.md,chat_annotation_packets_jaleo/packets/chat_packet_093.json,463,JALEO_1981_01::A8,MUCH CEMENT AND LITTLE GRAVEL,jaleo,JALEO_1981_01,en,other,1690,full,0,,4
chat_packet_093,chat_annotation_packets_jaleo/packets/chat_packet_093.md,chat_annotation_packets_jaleo/packets/chat_packet_093.json,464,JALEO_1981_01::A9,GAZPACHO DE GUILLERMO,jaleo,JALEO_1981_01,en,other,3621,full,0,,5
chat_packet_094,chat_annotation_packets_jaleo/packets/chat_packet_094.md,chat_annotation_packets_jaleo/packets/chat_packet_094.json,465,JALEO_1981_01::A10,FESTIVALES 1980,jaleo,JALEO_1981_01,en,other,2653,head_tail_windows,1,PED_02,1
chat_packet_094,chat_annotation_packets_jaleo/packets/chat_packet_094.md,chat_annotation_packets_jaleo/packets/chat_packet_094.json,466,JALEO_1981_01::A11,"PACO DE LUCIA, JOHN MCLAUGHLIN, AND AL DIMEOLA IN LOS ANGELES",jaleo,JALEO_1981_01,en,other,2186,full,0,,2
chat_packet_094,chat_annotation_packets_jaleo/packets/chat_packet_094.md,chat_annotation_packets_jaleo/packets/chat_packet_094.json,467,JALEO_1981_01::A12,ANGELITA: CONCERT REVIEW,jaleo,JALEO_1981_01,en,other,3095,head_tail_windows,1,PED_03,3
chat_packet_094,chat_annotation_packets_jaleo/packets/chat_packet_094.md,chat_annotation_packets_jaleo/packets/chat_packet_094.json,468,JALEO_1981_01::A13,EL CID: REVIEW,jaleo,JALEO_1981_01,en,other,2253,full,0,,4
chat_packet_094,chat_annotation_packets_jaleo/packets/chat_packet_094.md,chat_annotation_packets_jaleo/packets/chat_packet_094.json,469,JALEO_1981_01::A14,MONTOYA: HIS HANDS STILL FLY,jaleo,JALEO_1981_01,en,other,2039,full,0,,5
chat_packet_095,chat_annotation_packets_jaleo/packets/chat_packet_095.md,chat_annotation_packets_jaleo/packets/chat_packet_095.json,470,JALEO_1981_01::A15,THE CRIES OF MADRID,jaleo,JALEO_1981_01,en,other,3049,full,0,,1
chat_packet_095,chat_annotation_packets_jaleo/packets/chat_packet_095.md,chat_annotation_packets_jaleo/packets/chat_packet_095.json,471,JALEO_1981_01::A16,SAN DIEGO SCENE: -EL OIDO,jaleo,JALEO_1981_01,en,poem,925,full,0,,2
chat_packet_095,chat_annotation_packets_jaleo/packets/chat_packet_095.md,chat_annotation_packets_jaleo/packets/chat_packet_095.json,472,JALEO_1981_01::A17,-AN EVENING AT OLAMENDI'S,jaleo,JALEO_1981_01,en,other,1976,full,0,,3
chat_packet_095,chat_annotation_packets_jaleo/packets/chat_packet_095.md,chat_annotation_packets_jaleo/packets/chat_packet_095.json,473,JALEO_1981_01::A19,-JANUARY MEETING-JUERGA,jaleo,JALEO_1981_01,en,other,75,full,0,,4
chat_packet_095,chat_annotation_packets_jaleo/packets/chat_packet_095.md,chat_annotation_packets_jaleo/packets/chat_packet_095.json,474,JALEO_1981_01::A21,DICTIONARY OF FLAMENCO,jaleo,JALEO_1981_01,en,other,2620,full,0,,5
chat_packet_096,chat_annotation_packets_jaleo/packets/chat_packet_096.md,chat_annotation_packets_jaleo/packets/chat_packet_096.json,475,JALEO_1981_02::A1,CANTE JONDO O ABRIRSE LAS CARNES CANTANDO,jaleo,JALEO_1981_02,en,other,2837,full,0,,1
chat_packet_096,chat_annotation_packets_jaleo/packets/chat_packet_096.md,chat_annotation_packets_jaleo/packets/chat_packet_096.json,476,JALEO_1981_02::A2,LETTERS,jaleo,JALEO_1981_02,en,other,4538,full,0,,2
chat_packet_096,chat_annotation_packets_jaleo/packets/chat_packet_096.md,chat_annotation_packets_jaleo/packets/chat_packet_096.json,477,JALEO_1981_02::A3,FLAMENCO SUPREMES: A REVIEW,jaleo,JALEO_1981_02,en,other,2982,head_tail_windows,1,CRIT_03,3
chat_packet_096,chat_annotation_packets_jaleo/packets/chat_packet_096.md,chat_annotation_packets_jaleo/packets/chat_packet_096.json,478,JALEO_1981_02::A4,MORCA SOBRE EL BAILE,jaleo,JALEO_1981_02,en,other,3182,full,0,,4
chat_packet_096,chat_annotation_packets_jaleo/packets/chat_packet_096.md,chat_annotation_packets_jaleo/packets/chat_packet_096.json,479,JALEO_1981_02::A5,GAZPACHO DE GUILLERMO,jaleo,JALEO_1981_02,en,other,3902,full,0,,5
chat_packet_097,chat_annotation_packets_jaleo/packets/chat_packet_097.md,chat_annotation_packets_jaleo/packets/chat_packet_097.json,480,JALEO_1981_02::A6,FESTIVALES 1980,jaleo,JALEO_1981_02,en,other,3051,head_tail_windows,1,PED_02,1
chat_packet_097,chat_annotation_packets_jaleo/packets/chat_packet_097.md,chat_annotation_packets_jaleo/packets/chat_packet_097.json,481,JALEO_1981_02::A7,PHILADELPHIA JUERGA,jaleo,JALEO_1981_02,en,other,277,full,0,,2
chat_packet_097,chat_annotation_packets_jaleo/packets/chat_packet_097.md,chat_annotation_packets_jaleo/packets/chat_packet_097.json,482,JALEO_1981_02::A8,EL CID: PHOTO REVIEW,jaleo,JALEO_1981_02,en,other,625,full,0,,3
chat_packet_097,chat_annotation_packets_jaleo/packets/chat_packet_097.md,chat_annotation_packets_jaleo/packets/chat_packet_097.json,483,JALEO_1981_02::A9,"""CANDELA"": A RECORD REVIEW",jaleo,JALEO_1981_02,en,other,2087,full,0,,4
chat_packet_097,chat_annotation_packets_jaleo/packets/chat_packet_097.md,chat_annotation_packets_jaleo/packets/chat_packet_097.json,484,JALEO_1981_02::A10,ARCHIVO: THE MAKING OF AN ANTHOLOGY,jaleo,JALEO_1981_02,en,other,2960,head_tail_windows,1,PED_03,5
chat_packet_098,chat_annotation_packets_jaleo/packets/chat_packet_098.md,chat_annotation_packets_jaleo/packets/chat_packet_098.json,485,JALEO_1981_02::A11,DECEMBER JUERGA,jaleo,JALEO_1981_02,en,other,449,full,0,,1
chat_packet_098,chat_annotation_packets_jaleo/packets/chat_packet_098.md,chat_annotation_packets_jaleo/packets/chat_packet_098.json,486,JALEO_1981_02::A12,ANNIVERSARY JUERGA,jaleo,JALEO_1981_02,en,other,380,full,0,,2
chat_packet_098,chat_annotation_packets_jaleo/packets/chat_packet_098.md,chat_annotation_packets_jaleo/packets/chat_packet_098.json,487,JALEO_1981_02::A13,FEBRUARY MEETING-JUERGA,jaleo,JALEO_1981_02,en,other,601,full,0,,3
chat_packet_098,chat_annotation_packets_jaleo/packets/chat_packet_098.md,chat_annotation_packets_jaleo/packets/chat_packet_098.json,488,JALEO_1981_02::A15,DICTIONARY OF FLAMENCO,jaleo,JALEO_1981_02,en,other,2734,full,0,,4
chat_packet_098,chat_annotation_packets_jaleo/packets/chat_packet_098.md,chat_annotation_packets_jaleo/packets/chat_packet_098.json,489,JALEO_1981_03::A1,VICENTE ESCUDERO,jaleo,JALEO_1981_03,en,other,3703,full,0,,5
chat_packet_099,chat_annotation_packets_jaleo/packets/chat_packet_099.md,chat_annotation_packets_jaleo/packets/chat_packet_099.json,490,JALEO_1981_03::A2,EDITORIAL,jaleo,JALEO_1981_03,en,other,3079,head_tail_windows,1,COMM_03,1
chat_packet_099,chat_annotation_packets_jaleo/packets/chat_packet_099.md,chat_annotation_packets_jaleo/packets/chat_packet_099.json,491,JALEO_1981_03::A3,ARCHIVO: PART III,jaleo,JALEO_1981_03,en,other,3627,full,0,,2
chat_packet_099,chat_annotation_packets_jaleo/packets/chat_packet_099.md,chat_annotation_packets_jaleo/packets/chat_packet_099.json,492,JALEO_1981_03::A4,STYLE OF PLAY,jaleo,JALEO_1981_03,en,other,137,full,0,,3
chat_packet_099,chat_annotation_packets_jaleo/packets/chat_packet_099.md,chat_annotation_packets_jaleo/packets/chat_packet_099.json,493,JALEO_1981_03::A5,GAZPACHO DE GUILLERMO,jaleo,JALEO_1981_03,en,other,3675,full,0,,4
chat_packet_099,chat_annotation_packets_jaleo/packets/chat_packet_099.md,chat_annotation_packets_jaleo/packets/chat_packet_099.json,494,JALEO_1981_03::A6,VERANO DE ARTE FLAMENCO,jaleo,JALEO_1981_03,en,other,1457,full,0,,5
chat_packet_100,chat_annotation_packets_jaleo/packets/chat_packet_100.md,chat_annotation_packets_jaleo/packets/chat_packet_100.json,495,JALEO_1981_03::A7,ESTEBAN SANLUCAR,jaleo,JALEO_1981_03,en,other,761,full,0,,1
chat_packet_100,chat_annotation_packets_jaleo/packets/chat_packet_100.md,chat_annotation_packets_jaleo/packets/chat_packet_100.json,496,JALEO_1981_03::A8,BALLET FIESTA,jaleo,JALEO_1981_03,en,other,624,full,0,,2
chat_packet_100,chat_annotation_packets_jaleo/packets/chat_packet_100.md,chat_annotation_packets_jaleo/packets/chat_packet_100.json,497,JALEO_1981_03::A9,JUAN SERRANO STRIKES AGAIN,jaleo,JALEO_1981_03,en,other,476,full,0,,3
chat_packet_100,chat_annotation_packets_jaleo/packets/chat_packet_100.md,chat_annotation_packets_jaleo/packets/chat_packet_100.json,498,JALEO_1981_03::A10,MALAGUENAS,jaleo,JALEO_1981_03,en,other,4124,head_tail_windows,1,CRIT_03,4
chat_packet_100,chat_annotation_packets_jaleo/packets/chat_packet_100.md,chat_annotation_packets_jaleo/packets/chat_packet_100.json,499,JALEO_1981_03::A11,MARCH JUERGA,jaleo,JALEO_1981_03,en,other,1517,full,0,,5
chat_packet_101,chat_annotation_packets_jaleo/packets/chat_packet_101.md,chat_annotation_packets_jaleo/packets/chat_packet_101.json,500,JALEO_1981_03::A13,DICTIONARY OF FLAMENCO,jaleo,JALEO_1981_03,en,other,2531,full,0,,1
chat_packet_101,chat_annotation_packets_jaleo/packets/chat_packet_101.md,chat_annotation_packets_jaleo/packets/chat_packet_101.json,501,JALEO_1981_04::A1,AN INTERVIEW WITH SABICAS,jaleo,JALEO_1981_04,en,other,1223,full,0,,2
chat_packet_101,chat_annotation_packets_jaleo/packets/chat_packet_101.md,chat_annotation_packets_jaleo/packets/chat_packet_101.json,502,JALEO_1981_04::A2,EDITORIAL,jaleo,JALEO_1981_04,en,other,3059,head_tail_windows,1,COMM_04,3
chat_packet_101,chat_annotation_packets_jaleo/packets/chat_packet_101.md,chat_annotation_packets_jaleo/packets/chat_packet_101.json,503,JALEO_1981_04::A3,SABICAS IN CONCERT AT ROYCE HALL,jaleo,JALEO_1981_04,en,other,1714,full,0,,4
chat_packet_101,chat_annotation_packets_jaleo/packets/chat_packet_101.md,chat_annotation_packets_jaleo/packets/chat_packet_101.json,504,JALEO_1981_04::A4,SAETA,jaleo,JALEO_1981_04,en,other,1862,full,0,,5
chat_packet_102,chat_annotation_packets_jaleo/packets/chat_packet_102.md,chat_annotation_packets_jaleo/packets/chat_packet_102.json,505,JALEO_1981_04::A5,THE SAETA,jaleo,JALEO_1981_04,en,other,3247,head_tail_windows,1,PED_02,1
chat_packet_102,chat_annotation_packets_jaleo/packets/chat_packet_102.md,chat_annotation_packets_jaleo/packets/chat_packet_102.json,506,JALEO_1981_04::A6,MORCA SOBRE EL BAILE,jaleo,JALEO_1981_04,en,other,967,full,0,,2
chat_packet_102,chat_annotation_packets_jaleo/packets/chat_packet_102.md,chat_annotation_packets_jaleo/packets/chat_packet_102.json,507,JALEO_1981_04::A7,GAZPACHO DE GUILLERMO,jaleo,JALEO_1981_04,en,other,2834,full,0,,3
chat_packet_102,chat_annotation_packets_jaleo/packets/chat_packet_102.md,chat_annotation_packets_jaleo/packets/chat_packet_102.json,508,JALEO_1981_04::A8,"GRANADA, 1922",jaleo,JALEO_1981_04,en,poem,3022,head_tail_windows,1,COMM_03,4
chat_packet_102,chat_annotation_packets_jaleo/packets/chat_packet_102.md,chat_annotation_packets_jaleo/packets/chat_packet_102.json,509,JALEO_1981_04::A9,RECORDS BY AMERICAN GUITARISTS,jaleo,JALEO_1981_04,en,article,2343,full,0,,5
chat_packet_103,chat_annotation_packets_jaleo/packets/chat_packet_103.md,chat_annotation_packets_jaleo/packets/chat_packet_103.json,510,JALEO_1981_04::A10,LA CONJA,jaleo,JALEO_1981_04,en,other,3325,head_tail_windows,1,COMM_02,1
chat_packet_103,chat_annotation_packets_jaleo/packets/chat_packet_103.md,chat_annotation_packets_jaleo/packets/chat_packet_103.json,511,JALEO_1981_04::A12,- FEBRUARY JUERGA,jaleo,JALEO_1981_04,en,other,1576,full,0,,2
chat_packet_103,chat_annotation_packets_jaleo/packets/chat_packet_103.md,chat_annotation_packets_jaleo/packets/chat_packet_103.json,512,JALEO_1981_04::A13,- APRIL JUERGA,jaleo,JALEO_1981_04,en,other,2009,full,0,,3
chat_packet_103,chat_annotation_packets_jaleo/packets/chat_packet_103.md,chat_annotation_packets_jaleo/packets/chat_packet_103.json,513,JALEO_1981_04::A15,DICTIONARY OF FLAMENCO,jaleo,JALEO_1981_04,en,other,2801,full,0,,4
chat_packet_103,chat_annotation_packets_jaleo/packets/chat_packet_103.md,chat_annotation_packets_jaleo/packets/chat_packet_103.json,514,JALEO_1981_05::A1,SARITA HEREDIA,jaleo,JALEO_1981_05,en,other,4930,full,0,,5
chat_packet_104,chat_annotation_packets_jaleo/packets/chat_packet_104.md,chat_annotation_packets_jaleo/packets/chat_packet_104.json,515,JALEO_1981_05::A2,LETTERS PUNTO DE VISTA,jaleo,JALEO_1981_05,en,other,790,full,0,,1
chat_packet_104,chat_annotation_packets_jaleo/packets/chat_packet_104.md,chat_annotation_packets_jaleo/packets/chat_packet_104.json,516,JALEO_1981_05::A3,-TOURING: THE PLEASURE & PAIN,jaleo,JALEO_1981_05,en,other,1885,full,0,,2
chat_packet_104,chat_annotation_packets_jaleo/packets/chat_packet_104.md,chat_annotation_packets_jaleo/packets/chat_packet_104.json,517,JALEO_1981_05::A4,-PACO KNOWS WHAT HE IS DOING,jaleo,JALEO_1981_05,en,other,675,full,0,,3
chat_packet_104,chat_annotation_packets_jaleo/packets/chat_packet_104.md,chat_annotation_packets_jaleo/packets/chat_packet_104.json,518,JALEO_1981_05::A5,PACO PENA: GUITAR SEMINARS PACO DE LUCIA: PINNACLE OF,jaleo,JALEO_1981_05,en,article,170,full,0,,4
chat_packet_104,chat_annotation_packets_jaleo/packets/chat_packet_104.md,chat_annotation_packets_jaleo/packets/chat_packet_104.json,519,JALEO_1981_05::A6,"FLAMENCO AL DIMEOLA, PACO DE LUCIA, JOHN",jaleo,JALEO_1981_05,en,other,5276,full,0,,5
chat_packet_105,chat_annotation_packets_jaleo/packets/chat_packet_105.md,chat_annotation_packets_jaleo/packets/chat_packet_105.json,520,JALEO_1981_05::A7,MCLAUGHLIN II QUICENA DE FLAMENCO Y MUSICA,jaleo,JALEO_1981_05,en,other,2314,full,0,,1
chat_packet_105,chat_annotation_packets_jaleo/packets/chat_packet_105.md,chat_annotation_packets_jaleo/packets/chat_packet_105.json,521,JALEO_1981_05::A8,ANDALUZA,jaleo,JALEO_1981_05,en,other,3637,head_tail_windows,1,COMM_04,2
chat_packet_105,chat_annotation_packets_jaleo/packets/chat_packet_105.md,chat_annotation_packets_jaleo/packets/chat_packet_105.json,522,JALEO_1981_05::A9,GAZPACHO DE GUILLERMO,jaleo,JALEO_1981_05,en,other,4001,full,0,,3
chat_packet_105,chat_annotation_packets_jaleo/packets/chat_packet_105.md,chat_annotation_packets_jaleo/packets/chat_packet_105.json,523,JALEO_1981_05::A10,ARCHIVO,jaleo,JALEO_1981_05,en,other,4952,full,0,,4
chat_packet_105,chat_annotation_packets_jaleo/packets/chat_packet_105.md,chat_annotation_packets_jaleo/packets/chat_packet_105.json,524,JALEO_1981_05::A11,PHILADELPHIA JUERGA SAN DIEGO,jaleo,JALEO_1981_05,en,other,532,full,0,,5
chat_packet_106,chat_annotation_packets_jaleo/packets/chat_packet_106.md,chat_annotation_packets_jaleo/packets/chat_packet_106.json,525,JALEO_1981_05::A12,-FLAMENCO MEANDERINGS,jaleo,JALEO_1981_05,en,other,3676,full,0,,1
chat_packet_106,chat_annotation_packets_jaleo/packets/chat_packet_106.md,chat_annotation_packets_jaleo/packets/chat_packet_106.json,526,JALEO_1981_05::A13,-MARCH JUERGA,jaleo,JALEO_1981_05,en,other,4448,full,0,,2
chat_packet_106,chat_annotation_packets_jaleo/packets/chat_packet_106.md,chat_annotation_packets_jaleo/packets/chat_packet_106.json,527,JALEO_1981_05::A14,-MAY JUERGA,jaleo,JALEO_1981_05,en,other,1957,full,0,,3
chat_packet_106,chat_annotation_packets_jaleo/packets/chat_packet_106.md,chat_annotation_packets_jaleo/packets/chat_packet_106.json,528,JALEO_1981_05::A16,DIRECTORY OF FLAMENCO,jaleo,JALEO_1981_05,en,other,2858,full,0,,4
chat_packet_106,chat_annotation_packets_jaleo/packets/chat_packet_106.md,chat_annotation_packets_jaleo/packets/chat_packet_106.json,529,JALEO_1981_06::A1,LYDIA TOREA,jaleo,JALEO_1981_06,en,poem,2927,head_tail_windows,1,AUTH_04,5
chat_packet_107,chat_annotation_packets_jaleo/packets/chat_packet_107.md,chat_annotation_packets_jaleo/packets/chat_packet_107.json,530,JALEO_1981_06::A2,EDITORIAL,jaleo,JALEO_1981_06,en,other,1786,full,0,,1
chat_packet_107,chat_annotation_packets_jaleo/packets/chat_packet_107.md,chat_annotation_packets_jaleo/packets/chat_packet_107.json,531,JALEO_1981_06::A3,LETTERS,jaleo,JALEO_1981_06,en,other,1068,full,0,,2
chat_packet_107,chat_annotation_packets_jaleo/packets/chat_packet_107.md,chat_annotation_packets_jaleo/packets/chat_packet_107.json,532,JALEO_1981_06::A4,PUNTO DE VISTA,jaleo,JALEO_1981_06,en,other,2844,full,0,,3
chat_packet_107,chat_annotation_packets_jaleo/packets/chat_packet_107.md,chat_annotation_packets_jaleo/packets/chat_packet_107.json,533,JALEO_1981_06::A5,-RODRIGO,jaleo,JALEO_1981_06,en,other,3290,head_tail_windows,1,CRIT_03,4
chat_packet_107,chat_annotation_packets_jaleo/packets/chat_packet_107.md,chat_annotation_packets_jaleo/packets/chat_packet_107.json,534,JALEO_1981_06::A6,-REMEDIOS FLORES,jaleo,JALEO_1981_06,en,other,3252,full,0,,5
chat_packet_108,chat_annotation_packets_jaleo/packets/chat_packet_108.md,chat_annotation_packets_jaleo/packets/chat_packet_108.json,535,JALEO_1981_06::A7,OF ART,jaleo,JALEO_1981_06,en,other,849,full,0,,1
chat_packet_108,chat_annotation_packets_jaleo/packets/chat_packet_108.md,chat_annotation_packets_jaleo/packets/chat_packet_108.json,536,JALEO_1981_06::A8,LESTER DEVOE ON GUITAR CARE,jaleo,JALEO_1981_06,en,article,265,full,0,,2
chat_packet_108,chat_annotation_packets_jaleo/packets/chat_packet_108.md,chat_annotation_packets_jaleo/packets/chat_packet_108.json,537,JALEO_1981_06::A9,SEPTEMBER FLAMENCO TOUR,jaleo,JALEO_1981_06,en,other,1180,full,0,,3
chat_packet_108,chat_annotation_packets_jaleo/packets/chat_packet_108.md,chat_annotation_packets_jaleo/packets/chat_packet_108.json,538,JALEO_1981_06::A10,ARCHIVO: PART VI,jaleo,JALEO_1981_06,en,other,4364,full,0,,4
chat_packet_108,chat_annotation_packets_jaleo/packets/chat_packet_108.md,chat_annotation_packets_jaleo/packets/chat_packet_108.json,539,JALEO_1981_06::A11,GAZPACHO DE GUILLERMO,jaleo,JALEO_1981_06,en,other,2931,full,0,,5
chat_packet_109,chat_annotation_packets_jaleo/packets/chat_packet_109.md,chat_annotation_packets_jaleo/packets/chat_packet_109.json,540,JALEO_1981_06::A12,-JUANITA FRANCO DEBUTS IN EL MORO,jaleo,JALEO_1981_06,en,other,2686,full,0,,1
chat_packet_109,chat_annotation_packets_jaleo/packets/chat_packet_109.md,chat_annotation_packets_jaleo/packets/chat_packet_109.json,541,JALEO_1981_06::A13,-APRIL JUERGA,jaleo,JALEO_1981_06,en,other,270,full,0,,2
chat_packet_109,chat_annotation_packets_jaleo/packets/chat_packet_109.md,chat_annotation_packets_jaleo/packets/chat_packet_109.json,542,JALEO_1981_06::A14,-JUNE JUERGA,jaleo,JALEO_1981_06,en,other,3396,head_tail_windows,1,COMM_02,3
chat_packet_109,chat_annotation_packets_jaleo/packets/chat_packet_109.md,chat_annotation_packets_jaleo/packets/chat_packet_109.json,543,JALEO_1981_06::A16,DICTIONARY OF FLAMENCO,jaleo,JALEO_1981_06,en,other,1949,full,0,,4
chat_packet_109,chat_annotation_packets_jaleo/packets/chat_packet_109.md,chat_annotation_packets_jaleo/packets/chat_packet_109.json,544,JALEO_1981_07::A1,RECUERDOS DE MANOLO BARON,jaleo,JALEO_1981_07,en,poem,3426,head_tail_windows,1,COMM_02,5
chat_packet_110,chat_annotation_packets_jaleo/packets/chat_packet_110.md,chat_annotation_packets_jaleo/packets/chat_packet_110.json,545,JALEO_1981_07::A2,CAROLINA DE LOS REYES,jaleo,JALEO_1981_07,en,poem,5632,full,0,,1
chat_packet_110,chat_annotation_packets_jaleo/packets/chat_packet_110.md,chat_annotation_packets_jaleo/packets/chat_packet_110.json,546,JALEO_1981_07::A3,COMPETION IN JEREZ,jaleo,JALEO_1981_07,en,other,1878,full,0,,2
chat_packet_110,chat_annotation_packets_jaleo/packets/chat_packet_110.md,chat_annotation_packets_jaleo/packets/chat_packet_110.json,547,JALEO_1981_07::A4,LESTER DE VOE ON GUITAR,jaleo,JALEO_1981_07,en,article,1354,full,0,,3
chat_packet_110,chat_annotation_packets_jaleo/packets/chat_packet_110.md,chat_annotation_packets_jaleo/packets/chat_packet_110.json,548,JALEO_1981_07::A5,"""EL INGLES""",jaleo,JALEO_1981_07,en,other,3564,full,0,,4
chat_packet_110,chat_annotation_packets_jaleo/packets/chat_packet_110.md,chat_annotation_packets_jaleo/packets/chat_packet_110.json,549,JALEO_1981_07::A6,ARCHIVO: PART VII,jaleo,JALEO_1981_07,en,other,2503,full,0,,5
chat_packet_111,chat_annotation_packets_jaleo/packets/chat_packet_111.md,chat_annotation_packets_jaleo/packets/chat_packet_111.json,550,JALEO_1981_07::A7,FLAMENCOHIO MONTAGE,jaleo,JALEO_1981_07,en,other,804,full,0,,1
chat_packet_111,chat_annotation_packets_jaleo/packets/chat_packet_111.md,chat_annotation_packets_jaleo/packets/chat_packet_111.json,551,JALEO_1981_07::A8,GAZPACHO DE GUILLERMO,jaleo,JALEO_1981_07,en,other,5043,full,0,,2
chat_packet_111,chat_annotation_packets_jaleo/packets/chat_packet_111.md,chat_annotation_packets_jaleo/packets/chat_packet_111.json,552,JALEO_1981_07::A9,CONCERT REVIEWS,jaleo,JALEO_1981_07,en,other,3984,full,0,,3
chat_packet_111,chat_annotation_packets_jaleo/packets/chat_packet_111.md,chat_annotation_packets_jaleo/packets/chat_packet_111.json,553,JALEO_1981_07::A10,PHILADELPHIA JUERGA,jaleo,JALEO_1981_07,en,other,1284,full,0,,4
chat_packet_111,chat_annotation_packets_jaleo/packets/chat_packet_111.md,chat_annotation_packets_jaleo/packets/chat_packet_111.json,554,JALEO_1981_07::A11,FOSFORITO,jaleo,JALEO_1981_07,en,other,3461,full,0,,5
chat_packet_112,chat_annotation_packets_jaleo/packets/chat_packet_112.md,chat_annotation_packets_jaleo/packets/chat_packet_112.json,555,JALEO_1981_07::A12,ROSA MONTOYA IN SAN DIEGO,jaleo,JALEO_1981_07,en,other,1007,full,0,,1
chat_packet_112,chat_annotation_packets_jaleo/packets/chat_packet_112.md,chat_annotation_packets_jaleo/packets/chat_packet_112.json,556,JALEO_1981_07::A13,MAY JUERGA,jaleo,JALEO_1981_07,en,other,1154,full,0,,2
chat_packet_112,chat_annotation_packets_jaleo/packets/chat_packet_112.md,chat_annotation_packets_jaleo/packets/chat_packet_112.json,557,JALEO_1981_07::A14,JULY JUERGA,jaleo,JALEO_1981_07,en,other,2308,full,0,,3
chat_packet_112,chat_annotation_packets_jaleo/packets/chat_packet_112.md,chat_annotation_packets_jaleo/packets/chat_packet_112.json,558,JALEO_1981_07::A15,ORIGIN OF THE CABALES,jaleo,JALEO_1981_07,en,other,1942,full,0,,4
chat_packet_112,chat_annotation_packets_jaleo/packets/chat_packet_112.md,chat_annotation_packets_jaleo/packets/chat_packet_112.json,559,JALEO_1981_08::A1,PEPE DE MALAGA,jaleo,JALEO_1981_08,en,other,2821,full,0,,5
chat_packet_113,chat_annotation_packets_jaleo/packets/chat_packet_113.md,chat_annotation_packets_jaleo/packets/chat_packet_113.json,560,JALEO_1981_08::A2,EDITORIAL,jaleo,JALEO_1981_08,en,other,1993,full,0,,1
chat_packet_113,chat_annotation_packets_jaleo/packets/chat_packet_113.md,chat_annotation_packets_jaleo/packets/chat_packet_113.json,561,JALEO_1981_08::A3,LETTERS,jaleo,JALEO_1981_08,en,other,1291,full,0,,2
chat_packet_113,chat_annotation_packets_jaleo/packets/chat_packet_113.md,chat_annotation_packets_jaleo/packets/chat_packet_113.json,562,JALEO_1981_08::A4,ESTRELLA MORENA,jaleo,JALEO_1981_08,en,other,4558,full,0,,3
chat_packet_113,chat_annotation_packets_jaleo/packets/chat_packet_113.md,chat_annotation_packets_jaleo/packets/chat_packet_113.json,563,JALEO_1981_08::A5,LA SONATA ENRIQUE EL COJO: HALF A CENTURY,jaleo,JALEO_1981_08,en,other,2722,head_tail_windows,1,COMM_03,4
chat_packet_113,chat_annotation_packets_jaleo/packets/chat_packet_113.md,chat_annotation_packets_jaleo/packets/chat_packet_113.json,564,JALEO_1981_08::A6,OF DANCE,jaleo,JALEO_1981_08,en,other,3658,full,0,,5
chat_packet_114,chat_annotation_packets_jaleo/packets/chat_packet_114.md,chat_annotation_packets_jaleo/packets/chat_packet_114.json,565,JALEO_1981_08::A7,MORCA SOBRE EL BAILE,jaleo,JALEO_1981_08,en,other,3754,full,0,,1
chat_packet_114,chat_annotation_packets_jaleo/packets/chat_packet_114.md,chat_annotation_packets_jaleo/packets/chat_packet_114.json,566,JALEO_1981_08::A8,ESTAMPA FLAMENCA,jaleo,JALEO_1981_08,en,other,831,full,0,,2
chat_packet_114,chat_annotation_packets_jaleo/packets/chat_packet_114.md,chat_annotation_packets_jaleo/packets/chat_packet_114.json,567,JALEO_1981_08::A9,TIENTOS,jaleo,JALEO_1981_08,en,other,933,full,0,,3
chat_packet_114,chat_annotation_packets_jaleo/packets/chat_packet_114.md,chat_annotation_packets_jaleo/packets/chat_packet_114.json,568,JALEO_1981_08::A11,OBITUARES,jaleo,JALEO_1981_08,en,other,367,full,0,,4
chat_packet_114,chat_annotation_packets_jaleo/packets/chat_packet_114.md,chat_annotation_packets_jaleo/packets/chat_packet_114.json,569,JALEO_1981_08::A12,GAZPACHO DE GUILLERMO,jaleo,JALEO_1981_08,en,other,92,full,0,,5
chat_packet_115,chat_annotation_packets_jaleo/packets/chat_packet_115.md,chat_annotation_packets_jaleo/packets/chat_packet_115.json,570,JALEO_1981_08::A13,JUNE JUERGA,jaleo,JALEO_1981_08,en,other,423,full,0,,1
chat_packet_115,chat_annotation_packets_jaleo/packets/chat_packet_115.md,chat_annotation_packets_jaleo/packets/chat_packet_115.json,571,JALEO_1981_08::A14,AUGUST JUERGA,jaleo,JALEO_1981_08,en,other,3492,full,0,,2
chat_packet_115,chat_annotation_packets_jaleo/packets/chat_packet_115.md,chat_annotation_packets_jaleo/packets/chat_packet_115.json,572,JALEO_1981_08::A15,NEW RECORDS BY PACO DE LUCIA,jaleo,JALEO_1981_08,en,other,1154,full,0,,3
chat_packet_115,chat_annotation_packets_jaleo/packets/chat_packet_115.md,chat_annotation_packets_jaleo/packets/chat_packet_115.json,573,JALEO_1981_08::A16,GUITAR OLYMPICS,jaleo,JALEO_1981_08,en,article,905,full,0,,4
chat_packet_115,chat_annotation_packets_jaleo/packets/chat_packet_115.md,chat_annotation_packets_jaleo/packets/chat_packet_115.json,574,JALEO_1981_08::A17,NEW FLAMENCO GUITAR MUSIC,jaleo,JALEO_1981_08,en,article,2407,full,0,,5
chat_packet_116,chat_annotation_packets_jaleo/packets/chat_packet_116.md,chat_annotation_packets_jaleo/packets/chat_packet_116.json,575,JALEO_1981_08::A18,ARCHIVO: PART VIII,jaleo,JALEO_1981_08,en,other,2728,head_tail_windows,1,COMM_03,1
chat_packet_116,chat_annotation_packets_jaleo/packets/chat_packet_116.md,chat_annotation_packets_jaleo/packets/chat_packet_116.json,576,JALEO_1981_09::A1,LA TAMARA,jaleo,JALEO_1981_09,en,poem,2605,full,0,,2
chat_packet_116,chat_annotation_packets_jaleo/packets/chat_packet_116.md,chat_annotation_packets_jaleo/packets/chat_packet_116.json,577,JALEO_1981_09::A2,EDITORIAL,jaleo,JALEO_1981_09,en,other,1365,full,0,,3
chat_packet_116,chat_annotation_packets_jaleo/packets/chat_packet_116.md,chat_annotation_packets_jaleo/packets/chat_packet_116.json,578,JALEO_1981_09::A3,LETTERS,jaleo,JALEO_1981_09,en,other,991,full,0,,4
chat_packet_116,chat_annotation_packets_jaleo/packets/chat_packet_116.md,chat_annotation_packets_jaleo/packets/chat_packet_116.json,579,JALEO_1981_09::A4,GISELA,jaleo,JALEO_1981_09,en,other,1898,full,0,,5
chat_packet_117,chat_annotation_packets_jaleo/packets/chat_packet_117.md,chat_annotation_packets_jaleo/packets/chat_packet_117.json,580,JALEO_1981_09::A5,MORCA: SOBRE EL BAILE,jaleo,JALEO_1981_09,en,other,3964,full,0,,1
chat_packet_117,chat_annotation_packets_jaleo/packets/chat_packet_117.md,chat_annotation_packets_jaleo/packets/chat_packet_117.json,581,JALEO_1981_09::A8,PACO,jaleo,JALEO_1981_09,en,other,3034,full,0,,2
chat_packet_117,chat_annotation_packets_jaleo/packets/chat_packet_117.md,chat_annotation_packets_jaleo/packets/chat_packet_117.json,582,JALEO_1981_09::A9,DE LUCIA,jaleo,JALEO_1981_09,en,other,3315,full,0,,3
chat_packet_117,chat_annotation_packets_jaleo/packets/chat_packet_117.md,chat_annotation_packets_jaleo/packets/chat_packet_117.json,583,JALEO_1981_09::A10,OLYMPICS II,jaleo,JALEO_1981_09,en,other,5008,full,0,,4
chat_packet_117,chat_annotation_packets_jaleo/packets/chat_packet_117.md,chat_annotation_packets_jaleo/packets/chat_packet_117.json,584,JALEO_1981_09::A11,RONALD RADFORD,jaleo,JALEO_1981_09,en,other,4556,full,0,,5
chat_packet_118,chat_annotation_packets_jaleo/packets/chat_packet_118.md,chat_annotation_packets_jaleo/packets/chat_packet_118.json,585,JALEO_1981_09::A12,GAZPACHO DE GUILLERMO,jaleo,JALEO_1981_09,en,other,3858,full,0,,1
chat_packet_118,chat_annotation_packets_jaleo/packets/chat_packet_118.md,chat_annotation_packets_jaleo/packets/chat_packet_118.json,586,JALEO_1981_09::A13,ROSA DURAN,jaleo,JALEO_1981_09,en,other,1439,full,0,,2
chat_packet_118,chat_annotation_packets_jaleo/packets/chat_packet_118.md,chat_annotation_packets_jaleo/packets/chat_packet_118.json,587,JALEO_1981_09::A14,LESTER DEVOE ON GUITAR,jaleo,JALEO_1981_09,en,article,964,full,0,,3
chat_packet_118,chat_annotation_packets_jaleo/packets/chat_packet_118.md,chat_annotation_packets_jaleo/packets/chat_packet_118.json,588,JALEO_1981_09::A15,FOSFORITO,jaleo,JALEO_1981_09,en,other,3072,full,0,,4
chat_packet_118,chat_annotation_packets_jaleo/packets/chat_packet_118.md,chat_annotation_packets_jaleo/packets/chat_packet_118.json,589,JALEO_1981_09::A16,SAN DIEGO SCENE CONCERT REVIEWS,jaleo,JALEO_1981_09,en,other,2682,full,0,,5
chat_packet_119,chat_annotation_packets_jaleo/packets/chat_packet_119.md,chat_annotation_packets_jaleo/packets/chat_packet_119.json,590,JALEO_1981_09::A17,-ESMERALDA,jaleo,JALEO_1981_09,en,other,646,full,0,,1
chat_packet_119,chat_annotation_packets_jaleo/packets/chat_packet_119.md,chat_annotation_packets_jaleo/packets/chat_packet_119.json,591,JALEO_1981_09::A18,-AMARAL,jaleo,JALEO_1981_09,en,other,1820,full,0,,2
chat_packet_119,chat_annotation_packets_jaleo/packets/chat_packet_119.md,chat_annotation_packets_jaleo/packets/chat_packet_119.json,592,JALEO_1981_09::A19,ARCHIVO - PART IX,jaleo,JALEO_1981_09,en,other,321,full,0,,3
chat_packet_119,chat_annotation_packets_jaleo/packets/chat_packet_119.md,chat_annotation_packets_jaleo/packets/chat_packet_119.json,593,JALEO_1981_09::A20,CONTENTS OF THE ARCHIVO,jaleo,JALEO_1981_09,en,other,5189,full,0,,4
chat_packet_119,chat_annotation_packets_jaleo/packets/chat_packet_119.md,chat_annotation_packets_jaleo/packets/chat_packet_119.json,594,JALEO_1981_10::A1,"U.S.A: CALIFORNIA: Tony Vakos, Juan Torre, Elena Villablanca, Richard Parker, Rosalie Branigan; ILLINOIS: Ridgeville Park District; LOUISIANA: Agustin R. Guitart; NEVADA: E. Ford; NEW MEXICO: Mrs. Alfred T. Peaslee Jr., Donald & Eva Encinias; NEW YORK: Stephen Janofsky; OHIO: Libby Lubinger; TEXAS: Amos Dubrawsky; FINLAND: Osmo Aaltonen; MARIANO CORDOBA",jaleo,JALEO_1981_10,en,article,4548,full,0,,5
chat_packet_120,chat_annotation_packets_jaleo/packets/chat_packet_120.md,chat_annotation_packets_jaleo/packets/chat_packet_120.json,595,JALEO_1981_10::A2,LETTERS,jaleo,JALEO_1981_10,en,other,5196,full,0,,1
chat_packet_120,chat_annotation_packets_jaleo/packets/chat_packet_120.md,chat_annotation_packets_jaleo/packets/chat_packet_120.json,596,JALEO_1981_10::A3,WHATEVER BECAME OF SPANISH DANCE?,jaleo,JALEO_1981_10,en,other,4751,full,0,,2
chat_packet_120,chat_annotation_packets_jaleo/packets/chat_packet_120.md,chat_annotation_packets_jaleo/packets/chat_packet_120.json,597,JALEO_1981_10::A4,ZORONGO FLAMENCO,jaleo,JALEO_1981_10,en,other,5926,full,0,,3
chat_packet_120,chat_annotation_packets_jaleo/packets/chat_packet_120.md,chat_annotation_packets_jaleo/packets/chat_packet_120.json,598,JALEO_1981_10::A5,FESTIVALES 1981,jaleo,JALEO_1981_10,en,other,3594,head_tail_windows,1,CRIT_03,4
chat_packet_120,chat_annotation_packets_jaleo/packets/chat_packet_120.md,chat_annotation_packets_jaleo/packets/chat_packet_120.json,599,JALEO_1981_10::A6,OLYMPICS III,jaleo,JALEO_1981_10,en,other,2696,full,0,,5
chat_packet_121,chat_annotation_packets_jaleo/packets/chat_packet_121.md,chat_annotation_packets_jaleo/packets/chat_packet_121.json,600,JALEO_1981_10::A7,LESTER DEVOE ON GUITAR CARE,jaleo,JALEO_1981_10,en,article,944,full,0,,1
chat_packet_121,chat_annotation_packets_jaleo/packets/chat_packet_121.md,chat_annotation_packets_jaleo/packets/chat_packet_121.json,601,JALEO_1981_10::A8,GAZPACHO DE GUILLERMO,jaleo,JALEO_1981_10,en,other,1442,full,0,,2
chat_packet_121,chat_annotation_packets_jaleo/packets/chat_packet_121.md,chat_annotation_packets_jaleo/packets/chat_packet_121.json,602,JALEO_1981_10::A9,-AUGUST JUERGA,jaleo,JALEO_1981_10,en,other,1299,full,0,,3
chat_packet_121,chat_annotation_packets_jaleo/packets/chat_packet_121.md,chat_annotation_packets_jaleo/packets/chat_packet_121.json,603,JALEO_1981_10::A10,-OCTOBER JUERGA,jaleo,JALEO_1981_10,en,other,2139,full,0,,4
chat_packet_121,chat_annotation_packets_jaleo/packets/chat_packet_121.md,chat_annotation_packets_jaleo/packets/chat_packet_121.json,604,JALEO_1981_10::A11,ARCHIVO: PART X,jaleo,JALEO_1981_10,en,other,4901,full,0,,5
chat_packet_122,chat_annotation_packets_jaleo/packets/chat_packet_122.md,chat_annotation_packets_jaleo/packets/chat_packet_122.json,605,JALEO_1981_11::A1,LOS FLAMENCOS OF SOUTH AUSTRALIA,jaleo,JALEO_1981_11,en,other,4838,full,0,,1
chat_packet_122,chat_annotation_packets_jaleo/packets/chat_packet_122.md,chat_annotation_packets_jaleo/packets/chat_packet_122.json,606,JALEO_1981_11::A2,LETTERS,jaleo,JALEO_1981_11,en,other,504,full,0,,2
chat_packet_122,chat_annotation_packets_jaleo/packets/chat_packet_122.md,chat_annotation_packets_jaleo/packets/chat_packet_122.json,607,JALEO_1981_11::A3,PUNTO DE VISTA,jaleo,JALEO_1981_11,en,other,4410,full,0,,3
chat_packet_122,chat_annotation_packets_jaleo/packets/chat_packet_122.md,chat_annotation_packets_jaleo/packets/chat_packet_122.json,608,JALEO_1981_11::A4,THE LAST MALAGUENA OF ENRIQUEEL MELLIZO,jaleo,JALEO_1981_11,en,other,3322,head_tail_windows,1,CRIT_04,4
chat_packet_122,chat_annotation_packets_jaleo/packets/chat_packet_122.md,chat_annotation_packets_jaleo/packets/chat_packet_122.json,609,JALEO_1981_11::A5,A VISIT TO SOBRINOS DE ESTESO,jaleo,JALEO_1981_11,en,other,1343,full,0,,5
chat_packet_123,chat_annotation_packets_jaleo/packets/chat_packet_123.md,chat_annotation_packets_jaleo/packets/chat_packet_123.json,610,JALEO_1981_11::A6,GAZPACHO DE GUILLERMO,jaleo,JALEO_1981_11,en,other,2069,full,0,,1
chat_packet_123,chat_annotation_packets_jaleo/packets/chat_packet_123.md,chat_annotation_packets_jaleo/packets/chat_packet_123.json,611,JALEO_1981_11::A7,CARMEN MORA DIES IN MEXICO,jaleo,JALEO_1981_11,en,poem,5047,full,0,,2
chat_packet_123,chat_annotation_packets_jaleo/packets/chat_packet_123.md,chat_annotation_packets_jaleo/packets/chat_packet_123.json,612,JALEO_1981_11::A8,TERREMOTO DIES SUDDENLY,jaleo,JALEO_1981_11,en,other,3407,head_tail_windows,1,PED_02,3
chat_packet_123,chat_annotation_packets_jaleo/packets/chat_packet_123.md,chat_annotation_packets_jaleo/packets/chat_packet_123.json,613,JALEO_1981_11::A9,JOSE GRECO IN SANTA FE,jaleo,JALEO_1981_11,en,other,2798,head_tail_windows,1,AUTH_02,4
chat_packet_123,chat_annotation_packets_jaleo/packets/chat_packet_123.md,chat_annotation_packets_jaleo/packets/chat_packet_123.json,614,JALEO_1981_11::A10,FESTIVALES 1981,jaleo,JALEO_1981_11,en,poem,1402,full,0,,5
chat_packet_124,chat_annotation_packets_jaleo/packets/chat_packet_124.md,chat_annotation_packets_jaleo/packets/chat_packet_124.json,615,JALEO_1981_11::A11,"AUGUST JUERGA IN HARRISBURG, PENN",jaleo,JALEO_1981_11,en,other,1106,full,0,,1
chat_packet_124,chat_annotation_packets_jaleo/packets/chat_packet_124.md,chat_annotation_packets_jaleo/packets/chat_packet_124.json,616,JALEO_1981_11::A12,SAN DIEGO SCENE-SPIRIT OF JALEISTAS ENTERS 90TH YEAR,jaleo,JALEO_1981_11,en,other,1136,full,0,,2
chat_packet_124,chat_annotation_packets_jaleo/packets/chat_packet_124.md,chat_annotation_packets_jaleo/packets/chat_packet_124.json,617,JALEO_1981_11::A13,-NOVEMBER JUERGA,jaleo,JALEO_1981_11,en,other,290,full,0,,3
chat_packet_124,chat_annotation_packets_jaleo/packets/chat_packet_124.md,chat_annotation_packets_jaleo/packets/chat_packet_124.json,618,JALEO_1981_11::A14,MURIO CURRO,jaleo,JALEO_1981_11,en,other,309,full,0,,4
chat_packet_124,chat_annotation_packets_jaleo/packets/chat_packet_124.md,chat_annotation_packets_jaleo/packets/chat_packet_124.json,619,JALEO_1981_11::A15,ARCHIVO: PART XI,jaleo,JALEO_1981_11,en,other,5187,full,0,,5
chat_packet_125,chat_annotation_packets_jaleo/packets/chat_packet_125.md,chat_annotation_packets_jaleo/packets/chat_packet_125.json,620,JALEO_1981_12::A1,PACO PEÑA: FASINATING RHYTHMS,jaleo,JALEO_1981_12,en,other,2915,head_tail_windows,1,COMM_02,1
chat_packet_125,chat_annotation_packets_jaleo/packets/chat_packet_125.md,chat_annotation_packets_jaleo/packets/chat_packet_125.json,621,JALEO_1981_12::A2,EDITORIAL,jaleo,JALEO_1981_12,en,other,3113,full,0,,2
chat_packet_125,chat_annotation_packets_jaleo/packets/chat_packet_125.md,chat_annotation_packets_jaleo/packets/chat_packet_125.json,622,JALEO_1981_12::A3,LETTERS,jaleo,JALEO_1981_12,en,other,1346,full,0,,3
chat_packet_125,chat_annotation_packets_jaleo/packets/chat_packet_125.md,chat_annotation_packets_jaleo/packets/chat_packet_125.json,623,JALEO_1981_12::A4,PACO PEÑA: INTERVIEW FOR JALEO,jaleo,JALEO_1981_12,en,other,3636,head_tail_windows,1,COMM_02,4
chat_packet_125,chat_annotation_packets_jaleo/packets/chat_packet_125.md,chat_annotation_packets_jaleo/packets/chat_packet_125.json,624,JALEO_1981_12::A5,PACO PEÑA DISCOGRAPHY,jaleo,JALEO_1981_12,en,other,15,full,0,,5
chat_packet_126,chat_annotation_packets_jaleo/packets/chat_packet_126.md,chat_annotation_packets_jaleo/packets/chat_packet_126.json,625,JALEO_1981_12::A6,PACO PEÑA: CONCERT REVIEW,jaleo,JALEO_1981_12,en,other,1985,full,0,,1
chat_packet_126,chat_annotation_packets_jaleo/packets/chat_packet_126.md,chat_annotation_packets_jaleo/packets/chat_packet_126.json,626,JALEO_1981_12::A7,CENTRO FLAMENCO PACO PEÑA,jaleo,JALEO_1981_12,en,other,3179,head_tail_windows,1,HERIT_03,2
chat_packet_126,chat_annotation_packets_jaleo/packets/chat_packet_126.md,chat_annotation_packets_jaleo/packets/chat_packet_126.json,627,JALEO_1981_12::A8,GAZPACHO DE GUILLERMO,jaleo,JALEO_1981_12,en,other,1454,full,0,,3
chat_packet_126,chat_annotation_packets_jaleo/packets/chat_packet_126.md,chat_annotation_packets_jaleo/packets/chat_packet_126.json,628,JALEO_1981_12::A9,MORCA SOBRE EL BAILE,jaleo,JALEO_1981_12,en,other,1079,full,0,,4
chat_packet_126,chat_annotation_packets_jaleo/packets/chat_packet_126.md,chat_annotation_packets_jaleo/packets/chat_packet_126.json,629,JALEO_1981_12::A10,CONCERT REVIEW,jaleo,JALEO_1981_12,en,other,1375,full,0,,5
chat_packet_127,chat_annotation_packets_jaleo/packets/chat_packet_127.md,chat_annotation_packets_jaleo/packets/chat_packet_127.json,630,JALEO_1981_12::A11,ARCHIVO: PART XII - CADIZ,jaleo,JALEO_1981_12,en,other,4003,full,0,,1
chat_packet_127,chat_annotation_packets_jaleo/packets/chat_packet_127.md,chat_annotation_packets_jaleo/packets/chat_packet_127.json,631,JALEO_1981_12::A12,SAN DIEGO SCENE -OCTOBER JUERGA,jaleo,JALEO_1981_12,en,other,773,full,0,,2
chat_packet_127,chat_annotation_packets_jaleo/packets/chat_packet_127.md,chat_annotation_packets_jaleo/packets/chat_packet_127.json,632,JALEO_1981_12::A13,-DECEMBER JUERGA,jaleo,JALEO_1981_12,en,other,2023,full,0,,3
chat_packet_127,chat_annotation_packets_jaleo/packets/chat_packet_127.md,chat_annotation_packets_jaleo/packets/chat_packet_127.json,633,JALEO_1982_01::A1,VICENTE ESCUDERO,jaleo,JALEO_1982_01,en,other,5572,full,0,,4
chat_packet_127,chat_annotation_packets_jaleo/packets/chat_packet_127.md,chat_annotation_packets_jaleo/packets/chat_packet_127.json,634,JALEO_1982_01::A2,LETTERS,jaleo,JALEO_1982_01,en,other,1160,full,0,,5
chat_packet_128,chat_annotation_packets_jaleo/packets/chat_packet_128.md,chat_annotation_packets_jaleo/packets/chat_packet_128.json,635,JALEO_1982_01::A3,PUNTO DE VISTA,jaleo,JALEO_1982_01,en,other,3309,full,0,,1
chat_packet_128,chat_annotation_packets_jaleo/packets/chat_packet_128.md,chat_annotation_packets_jaleo/packets/chat_packet_128.json,636,JALEO_1982_01::A4,INCOME TAX,jaleo,JALEO_1982_01,en,other,2464,full,0,,2
chat_packet_128,chat_annotation_packets_jaleo/packets/chat_packet_128.md,chat_annotation_packets_jaleo/packets/chat_packet_128.json,637,JALEO_1982_01::A5,MARTHA NELSON,jaleo,JALEO_1982_01,en,other,1588,full,0,,3
chat_packet_128,chat_annotation_packets_jaleo/packets/chat_packet_128.md,chat_annotation_packets_jaleo/packets/chat_packet_128.json,638,JALEO_1982_01::A6,MARCOS & RUBINA CARMONA: INTERVIEW.,jaleo,JALEO_1982_01,en,other,3160,head_tail_windows,1,COMM_03,4
chat_packet_128,chat_annotation_packets_jaleo/packets/chat_packet_128.md,chat_annotation_packets_jaleo/packets/chat_packet_128.json,639,JALEO_1982_01::A7,TERREMOTO,jaleo,JALEO_1982_01,en,other,973,full,0,,5
chat_packet_129,chat_annotation_packets_jaleo/packets/chat_packet_129.md,chat_annotation_packets_jaleo/packets/chat_packet_129.json,640,JALEO_1982_01::A8,FESTIVALES 1981,jaleo,JALEO_1982_01,en,other,4707,full,0,,1
chat_packet_129,chat_annotation_packets_jaleo/packets/chat_packet_129.md,chat_annotation_packets_jaleo/packets/chat_packet_129.json,641,JALEO_1982_01::A9,WITH PACO PENA IN CORDOBA,jaleo,JALEO_1982_01,en,other,3440,head_tail_windows,1,COMM_04,2
chat_packet_129,chat_annotation_packets_jaleo/packets/chat_packet_129.md,chat_annotation_packets_jaleo/packets/chat_packet_129.json,642,JALEO_1982_01::A10,GAZPACHO DE GUILLERMO,jaleo,JALEO_1982_01,en,other,4454,full,0,,3
chat_packet_129,chat_annotation_packets_jaleo/packets/chat_packet_129.md,chat_annotation_packets_jaleo/packets/chat_packet_129.json,643,JALEO_1982_01::A11,"MORE ""GUITAR OLYMPICS",jaleo,JALEO_1982_01,en,article,799,full,0,,4
chat_packet_129,chat_annotation_packets_jaleo/packets/chat_packet_129.md,chat_annotation_packets_jaleo/packets/chat_packet_129.json,644,JALEO_1982_01::A12,GUITAR STRINGS,jaleo,JALEO_1982_01,en,article,4328,full,0,,5
chat_packet_130,chat_annotation_packets_jaleo/packets/chat_packet_130.md,chat_annotation_packets_jaleo/packets/chat_packet_130.json,645,JALEO_1982_01::A13,LESTER DEVOE ON GUITAR CARE,jaleo,JALEO_1982_01,en,article,1343,full,0,,1
chat_packet_130,chat_annotation_packets_jaleo/packets/chat_packet_130.md,chat_annotation_packets_jaleo/packets/chat_packet_130.json,646,JALEO_1982_01::A14,CONCERT REVIEWS,jaleo,JALEO_1982_01,en,other,1657,full,0,,2
chat_packet_130,chat_annotation_packets_jaleo/packets/chat_packet_130.md,chat_annotation_packets_jaleo/packets/chat_packet_130.json,647,JALEO_1982_01::A15,ARCHIVO PART XIII - CORDOBA & MADRID,jaleo,JALEO_1982_01,en,other,2638,head_tail_windows,1,CRIT_04,3
chat_packet_130,chat_annotation_packets_jaleo/packets/chat_packet_130.md,chat_annotation_packets_jaleo/packets/chat_packet_130.json,648,JALEO_1982_01::A16,JANUARY MEETING,jaleo,JALEO_1982_01,en,other,718,full,0,,4
chat_packet_130,chat_annotation_packets_jaleo/packets/chat_packet_130.md,chat_annotation_packets_jaleo/packets/chat_packet_130.json,649,JALEO_1982_02::A1,CONVERSACIONES CON...MANOLO LEIVA,jaleo,JALEO_1982_02,en,poem,3644,head_tail_windows,1,COMM_04,5
chat_packet_131,chat_annotation_packets_jaleo/packets/chat_packet_131.md,chat_annotation_packets_jaleo/packets/chat_packet_131.json,650,JALEO_1982_02::A2,LETTERS,jaleo,JALEO_1982_02,en,other,5814,full,0,,1
chat_packet_131,chat_annotation_packets_jaleo/packets/chat_packet_131.md,chat_annotation_packets_jaleo/packets/chat_packet_131.json,651,JALEO_1982_02::A3,CONVERSACIONES CON...CARLOS RAMOS,jaleo,JALEO_1982_02,en,poem,4652,head_tail_windows,1,HERIT_02,2
chat_packet_131,chat_annotation_packets_jaleo/packets/chat_packet_131.md,chat_annotation_packets_jaleo/packets/chat_packet_131.json,652,JALEO_1982_02::A4,CARLOS RAMOS...'A MASTER',jaleo,JALEO_1982_02,en,other,860,full,0,,3
chat_packet_131,chat_annotation_packets_jaleo/packets/chat_packet_131.md,chat_annotation_packets_jaleo/packets/chat_packet_131.json,653,JALEO_1982_02::A5,NATALIA MONTELEON,jaleo,JALEO_1982_02,en,other,967,full,0,,4
chat_packet_131,chat_annotation_packets_jaleo/packets/chat_packet_131.md,chat_annotation_packets_jaleo/packets/chat_packet_131.json,654,JALEO_1982_02::A6,EL BODEGON,jaleo,JALEO_1982_02,en,other,1658,full,0,,5
chat_packet_132,chat_annotation_packets_jaleo/packets/chat_packet_132.md,chat_annotation_packets_jaleo/packets/chat_packet_132.json,655,JALEO_1982_02::A7,FESTIVAL HISPANICO IN BALTIMORE,jaleo,JALEO_1982_02,en,other,832,full,0,,1
chat_packet_132,chat_annotation_packets_jaleo/packets/chat_packet_132.md,chat_annotation_packets_jaleo/packets/chat_packet_132.json,656,JALEO_1982_02::A8,MALAGUENA,jaleo,JALEO_1982_02,en,other,911,full,0,,2
chat_packet_132,chat_annotation_packets_jaleo/packets/chat_packet_132.md,chat_annotation_packets_jaleo/packets/chat_packet_132.json,657,JALEO_1982_02::A9,SUMMARY OF JALEO BACK ISSUES,jaleo,JALEO_1982_02,en,other,4886,full,0,,3
chat_packet_132,chat_annotation_packets_jaleo/packets/chat_packet_132.md,chat_annotation_packets_jaleo/packets/chat_packet_132.json,658,JALEO_1982_02::A10,GAZPACHO DE GUILLERMO,jaleo,JALEO_1982_02,en,other,477,full,0,,4
chat_packet_132,chat_annotation_packets_jaleo/packets/chat_packet_132.md,chat_annotation_packets_jaleo/packets/chat_packet_132.json,659,JALEO_1982_02::A11,FESTIVALES 1981,jaleo,JALEO_1982_02,en,other,2777,full,0,,5
chat_packet_133,chat_annotation_packets_jaleo/packets/chat_packet_133.md,chat_annotation_packets_jaleo/packets/chat_packet_133.json,660,JALEO_1982_02::A12,PART II,jaleo,JALEO_1982_02,en,other,3036,full,0,,1
chat_packet_133,chat_annotation_packets_jaleo/packets/chat_packet_133.md,chat_annotation_packets_jaleo/packets/chat_packet_133.json,661,JALEO_1982_02::A13,DEATH SPARKS A COMMUNITY,jaleo,JALEO_1982_02,en,other,761,full,0,,2
chat_packet_133,chat_annotation_packets_jaleo/packets/chat_packet_133.md,chat_annotation_packets_jaleo/packets/chat_packet_133.json,662,JALEO_1982_02::A14,ROMERIA ALPHARETTA,jaleo,JALEO_1982_02,en,other,5814,full,0,,3
chat_packet_133,chat_annotation_packets_jaleo/packets/chat_packet_133.md,chat_annotation_packets_jaleo/packets/chat_packet_133.json,663,JALEO_1982_02::A15,SAN DIEGO SCENE,jaleo,JALEO_1982_02,en,other,2061,full,0,,4
chat_packet_133,chat_annotation_packets_jaleo/packets/chat_packet_133.md,chat_annotation_packets_jaleo/packets/chat_packet_133.json,664,JALEO_1982_02::A16,JUNTA REPORT,jaleo,JALEO_1982_02,en,article,1078,full,0,,5
chat_packet_134,chat_annotation_packets_jaleo/packets/chat_packet_134.md,chat_annotation_packets_jaleo/packets/chat_packet_134.json,665,JALEO_1982_03::A1,ENRIQUE MELCHOR,jaleo,JALEO_1982_03,en,other,2026,full,0,,1
chat_packet_134,chat_annotation_packets_jaleo/packets/chat_packet_134.md,chat_annotation_packets_jaleo/packets/chat_packet_134.json,666,JALEO_1982_03::A2,EDITORIAL,jaleo,JALEO_1982_03,en,other,1419,full,0,,2
chat_packet_134,chat_annotation_packets_jaleo/packets/chat_packet_134.md,chat_annotation_packets_jaleo/packets/chat_packet_134.json,667,JALEO_1982_03::A3,LETTERS,jaleo,JALEO_1982_03,en,other,3158,full,0,,3
chat_packet_134,chat_annotation_packets_jaleo/packets/chat_packet_134.md,chat_annotation_packets_jaleo/packets/chat_packet_134.json,668,JALEO_1982_03::A4,PUNTO DE VISTA: TIME WRAP,jaleo,JALEO_1982_03,en,other,3638,head_tail_windows,1,COMM_04,4
chat_packet_134,chat_annotation_packets_jaleo/packets/chat_packet_134.md,chat_annotation_packets_jaleo/packets/chat_packet_134.json,669,JALEO_1982_03::A5,RAQUEL PEÑA AND FERNANDO SIRVENT,jaleo,JALEO_1982_03,en,other,4188,head_tail_windows,1,COMM_04,5
chat_packet_135,chat_annotation_packets_jaleo/packets/chat_packet_135.md,chat_annotation_packets_jaleo/packets/chat_packet_135.json,670,JALEO_1982_03::A6,FESTIVALES 1981,jaleo,JALEO_1982_03,en,other,2697,head_tail_windows,1,COMM_01,1
chat_packet_135,chat_annotation_packets_jaleo/packets/chat_packet_135.md,chat_annotation_packets_jaleo/packets/chat_packet_135.json,671,JALEO_1982_03::A7,MORCA SOBRE EL BAILE,jaleo,JALEO_1982_03,en,poem,2772,head_tail_windows,1,CRIT_03,2
chat_packet_135,chat_annotation_packets_jaleo/packets/chat_packet_135.md,chat_annotation_packets_jaleo/packets/chat_packet_135.json,672,JALEO_1982_03::A8,GAZPACHO DE GUILLERMO,jaleo,JALEO_1982_03,en,other,3329,full,0,,3
chat_packet_135,chat_annotation_packets_jaleo/packets/chat_packet_135.md,chat_annotation_packets_jaleo/packets/chat_packet_135.json,673,JALEO_1982_03::A9,ARTIST IN PROFILE: CHARLES MOESER,jaleo,JALEO_1982_03,en,other,96,full,0,,4
chat_packet_135,chat_annotation_packets_jaleo/packets/chat_packet_135.md,chat_annotation_packets_jaleo/packets/chat_packet_135.json,674,JALEO_1982_03::A10,NAILING DOWN NAIL CARE,jaleo,JALEO_1982_03,en,other,3566,head_tail_windows,1,COMM_04,5
chat_packet_136,chat_annotation_packets_jaleo/packets/chat_packet_136.md,chat_annotation_packets_jaleo/packets/chat_packet_136.json,675,JALEO_1982_03::A11,BIG BEN TONES STRIKE OFTEN IN L.A,jaleo,JALEO_1982_03,en,other,2850,full,0,,1
chat_packet_136,chat_annotation_packets_jaleo/packets/chat_packet_136.md,chat_annotation_packets_jaleo/packets/chat_packet_136.json,676,JALEO_1982_03::A12,VICENTE ESCUDERO: PART III,jaleo,JALEO_1982_03,en,other,5834,full,0,,2
chat_packet_136,chat_annotation_packets_jaleo/packets/chat_packet_136.md,chat_annotation_packets_jaleo/packets/chat_packet_136.json,677,JALEO_1982_03::A13,LETTER TO SAN DIEGO JALEISTAS,jaleo,JALEO_1982_03,en,other,792,full,0,,3
chat_packet_136,chat_annotation_packets_jaleo/packets/chat_packet_136.md,chat_annotation_packets_jaleo/packets/chat_packet_136.json,678,JALEO_1982_03::A14,MARCH JUERGA,jaleo,JALEO_1982_03,en,other,789,full,0,,4
chat_packet_136,chat_annotation_packets_jaleo/packets/chat_packet_136.md,chat_annotation_packets_jaleo/packets/chat_packet_136.json,679,JALEO_1982_03::A15,JUNTA REPORT,jaleo,JALEO_1982_03,en,article,4959,full,0,,5
chat_packet_137,chat_annotation_packets_jaleo/packets/chat_packet_137.md,chat_annotation_packets_jaleo/packets/chat_packet_137.json,680,JALEO_1982_04::A1,OF SPAIN TO SAN ANTONIO,jaleo,JALEO_1982_04,en,other,1240,full,0,,1
chat_packet_137,chat_annotation_packets_jaleo/packets/chat_packet_137.md,chat_annotation_packets_jaleo/packets/chat_packet_137.json,681,JALEO_1982_04::A2,EDITORIAL,jaleo,JALEO_1982_04,en,other,2083,full,0,,2
chat_packet_137,chat_annotation_packets_jaleo/packets/chat_packet_137.md,chat_annotation_packets_jaleo/packets/chat_packet_137.json,682,JALEO_1982_04::A3,LETTERS,jaleo,JALEO_1982_04,en,other,2776,head_tail_windows,1,CRIT_01,3
chat_packet_137,chat_annotation_packets_jaleo/packets/chat_packet_137.md,chat_annotation_packets_jaleo/packets/chat_packet_137.json,683,JALEO_1982_04::A4,FLAMENCO RECORD COLLECTING,jaleo,JALEO_1982_04,en,other,4603,full,0,,4
chat_packet_137,chat_annotation_packets_jaleo/packets/chat_packet_137.md,chat_annotation_packets_jaleo/packets/chat_packet_137.json,684,JALEO_1982_04::A5,FLAMENCOHIO,jaleo,JALEO_1982_04,en,other,3491,full,0,,5
chat_packet_138,chat_annotation_packets_jaleo/packets/chat_packet_138.md,chat_annotation_packets_jaleo/packets/chat_packet_138.json,685,JALEO_1982_04::A6,NON-SPANIARDS AND THE CANTE,jaleo,JALEO_1982_04,en,other,3163,head_tail_windows,1,COMM_04,1
chat_packet_138,chat_annotation_packets_jaleo/packets/chat_packet_138.md,chat_annotation_packets_jaleo/packets/chat_packet_138.json,686,JALEO_1982_04::A7,ANA MARIA BUENO,jaleo,JALEO_1982_04,en,other,3098,head_tail_windows,1,COMM_02,2
chat_packet_138,chat_annotation_packets_jaleo/packets/chat_packet_138.md,chat_annotation_packets_jaleo/packets/chat_packet_138.json,687,JALEO_1982_04::A8,STRUCTURE UP CLOSE,jaleo,JALEO_1982_04,en,other,29,full,0,,3
chat_packet_138,chat_annotation_packets_jaleo/packets/chat_packet_138.md,chat_annotation_packets_jaleo/packets/chat_packet_138.json,688,JALEO_1982_04::A9,GUITAR AND THE MASTERS,jaleo,JALEO_1982_04,en,article,796,full,0,,4
chat_packet_138,chat_annotation_packets_jaleo/packets/chat_packet_138.md,chat_annotation_packets_jaleo/packets/chat_packet_138.json,689,JALEO_1982_04::A10,XX FESTIVAL FLAMENCO EN JEREZ,jaleo,JALEO_1982_04,en,other,817,full,0,,5
chat_packet_139,chat_annotation_packets_jaleo/packets/chat_packet_139.md,chat_annotation_packets_jaleo/packets/chat_packet_139.json,690,JALEO_1982_04::A11,EL EVANGELIO GITANO,jaleo,JALEO_1982_04,en,other,523,full,0,,1
chat_packet_139,chat_annotation_packets_jaleo/packets/chat_packet_139.md,chat_annotation_packets_jaleo/packets/chat_packet_139.json,691,JALEO_1982_04::A12,EL FLAMENCO EN EL ARTE ACTUAL,jaleo,JALEO_1982_04,en,other,1424,full,0,,2
chat_packet_139,chat_annotation_packets_jaleo/packets/chat_packet_139.md,chat_annotation_packets_jaleo/packets/chat_packet_139.json,692,JALEO_1982_04::A14,MORCA SOBRE EL BAILE,jaleo,JALEO_1982_04,en,other,4089,head_tail_windows,1,HERIT_03,3
chat_packet_139,chat_annotation_packets_jaleo/packets/chat_packet_139.md,chat_annotation_packets_jaleo/packets/chat_packet_139.json,693,JALEO_1982_04::A15,REVIEWS,jaleo,JALEO_1982_04,en,poem,2938,head_tail_windows,1,COMM_02,4
chat_packet_139,chat_annotation_packets_jaleo/packets/chat_packet_139.md,chat_annotation_packets_jaleo/packets/chat_packet_139.json,694,JALEO_1982_04::A16,MARCH JUERGA,jaleo,JALEO_1982_04,en,other,2203,full,0,,5
chat_packet_140,chat_annotation_packets_jaleo/packets/chat_packet_140.md,chat_annotation_packets_jaleo/packets/chat_packet_140.json,695,JALEO_1982_04::A18,APRIL JUERGA,jaleo,JALEO_1982_04,en,other,1786,full,0,,1
chat_packet_140,chat_annotation_packets_jaleo/packets/chat_packet_140.md,chat_annotation_packets_jaleo/packets/chat_packet_140.json,696,JALEO_1982_05::A1,CADIZ,jaleo,JALEO_1982_05,en,other,133,full,0,,2
chat_packet_140,chat_annotation_packets_jaleo/packets/chat_packet_140.md,chat_annotation_packets_jaleo/packets/chat_packet_140.json,697,JALEO_1982_05::A2,LETTERS,jaleo,JALEO_1982_05,en,other,4656,full,0,,3
chat_packet_140,chat_annotation_packets_jaleo/packets/chat_packet_140.md,chat_annotation_packets_jaleo/packets/chat_packet_140.json,698,JALEO_1982_05::A4,MORCA: SOBRE EL BAILE,jaleo,JALEO_1982_05,en,other,2631,head_tail_windows,1,COMM_04,4
chat_packet_140,chat_annotation_packets_jaleo/packets/chat_packet_140.md,chat_annotation_packets_jaleo/packets/chat_packet_140.json,699,JALEO_1982_05::A5,ANDALUZA,jaleo,JALEO_1982_05,en,other,4269,head_tail_windows,2,"COMM_04, PED_01",5
chat_packet_141,chat_annotation_packets_jaleo/packets/chat_packet_141.md,chat_annotation_packets_jaleo/packets/chat_packet_141.json,700,JALEO_1982_05::A6,LOS ANGELES JUERGAS,jaleo,JALEO_1982_05,en,other,66,full,0,,1
chat_packet_141,chat_annotation_packets_jaleo/packets/chat_packet_141.md,chat_annotation_packets_jaleo/packets/chat_packet_141.json,701,JALEO_1982_05::A7,PHILADELPHIA JUERGA,jaleo,JALEO_1982_05,en,other,1085,full,0,,2
chat_packet_141,chat_annotation_packets_jaleo/packets/chat_packet_141.md,chat_annotation_packets_jaleo/packets/chat_packet_141.json,702,JALEO_1982_05::A8,ARIZONA JUERGA,jaleo,JALEO_1982_05,en,other,5562,full,0,,3
chat_packet_141,chat_annotation_packets_jaleo/packets/chat_packet_141.md,chat_annotation_packets_jaleo/packets/chat_packet_141.json,703,JALEO_1982_05::A9,NOTES FROM ANDALUCIA,jaleo,JALEO_1982_05,en,other,962,full,0,,4
chat_packet_141,chat_annotation_packets_jaleo/packets/chat_packet_141.md,chat_annotation_packets_jaleo/packets/chat_packet_141.json,704,JALEO_1982_05::A10,CONCERT REVIEW,jaleo,JALEO_1982_05,en,other,2358,full,0,,5
chat_packet_142,chat_annotation_packets_jaleo/packets/chat_packet_142.md,chat_annotation_packets_jaleo/packets/chat_packet_142.json,705,JALEO_1982_05::A11,EL OIDO,jaleo,JALEO_1982_05,en,other,1932,full,0,,1
chat_packet_142,chat_annotation_packets_jaleo/packets/chat_packet_142.md,chat_annotation_packets_jaleo/packets/chat_packet_142.json,706,JALEO_1982_05::A12,DANCE SHOES,jaleo,JALEO_1982_05,en,other,2691,full,0,,2
chat_packet_142,chat_annotation_packets_jaleo/packets/chat_packet_142.md,chat_annotation_packets_jaleo/packets/chat_packet_142.json,707,JALEO_1982_05::A13,SAN DIEGO SCENE: MAY JUERGA,jaleo,JALEO_1982_05,en,other,2649,full,0,,3
chat_packet_142,chat_annotation_packets_jaleo/packets/chat_packet_142.md,chat_annotation_packets_jaleo/packets/chat_packet_142.json,708,JALEO_1982_05::A14,JUNTA REPORT,jaleo,JALEO_1982_05,en,article,4298,full,0,,4
chat_packet_142,chat_annotation_packets_jaleo/packets/chat_packet_142.md,chat_annotation_packets_jaleo/packets/chat_packet_142.json,709,JALEO_1982_06::A1,LOLA FLORES AND MANUELA CARASCO,jaleo,JALEO_1982_06,en,poem,4215,head_tail_windows,1,COMM_04,5
chat_packet_143,chat_annotation_packets_jaleo/packets/chat_packet_143.md,chat_annotation_packets_jaleo/packets/chat_packet_143.json,710,JALEO_1982_06::A2,LETTERS,jaleo,JALEO_1982_06,en,other,3333,full,0,,1
chat_packet_143,chat_annotation_packets_jaleo/packets/chat_packet_143.md,chat_annotation_packets_jaleo/packets/chat_packet_143.json,711,JALEO_1982_06::A3,PUNTO DE VISTA,jaleo,JALEO_1982_06,en,other,4249,full,0,,2
chat_packet_143,chat_annotation_packets_jaleo/packets/chat_packet_143.md,chat_annotation_packets_jaleo/packets/chat_packet_143.json,712,JALEO_1982_06::A4,ANA MARTINEZ AND PACO DE MALAGA,jaleo,JALEO_1982_06,en,poem,3455,head_tail_windows,1,PED_03,3
chat_packet_143,chat_annotation_packets_jaleo/packets/chat_packet_143.md,chat_annotation_packets_jaleo/packets/chat_packet_143.json,713,JALEO_1982_06::A5,GAZPACHO DE GUILLERMO,jaleo,JALEO_1982_06,en,other,3284,full,0,,4
chat_packet_143,chat_annotation_packets_jaleo/packets/chat_packet_143.md,chat_annotation_packets_jaleo/packets/chat_packet_143.json,714,JALEO_1982_06::A6,CONCERT REVIEWS,jaleo,JALEO_1982_06,en,other,3341,full,0,,5
chat_packet_144,chat_annotation_packets_jaleo/packets/chat_packet_144.md,chat_annotation_packets_jaleo/packets/chat_packet_144.json,715,JALEO_1982_06::A7,LOLE Y MANUEL,jaleo,JALEO_1982_06,en,other,3323,head_tail_windows,1,COMM_02,1
chat_packet_144,chat_annotation_packets_jaleo/packets/chat_packet_144.md,chat_annotation_packets_jaleo/packets/chat_packet_144.json,716,JALEO_1982_06::A8,VI GAZPACHO ANDALUZ DE MORON DE LA FRONTERA,jaleo,JALEO_1982_06,en,other,2945,head_tail_windows,1,HERIT_02,2
chat_packet_144,chat_annotation_packets_jaleo/packets/chat_packet_144.md,chat_annotation_packets_jaleo/packets/chat_packet_144.json,717,JALEO_1982_06::A9,"PASTORA PAVON ""LA NINA DE LOS PEINES""",jaleo,JALEO_1982_06,en,other,4051,full,0,,3
chat_packet_144,chat_annotation_packets_jaleo/packets/chat_packet_144.md,chat_annotation_packets_jaleo/packets/chat_packet_144.json,718,JALEO_1982_06::A10,THE MASTERY OF FOSFORITO AND CHAQUETON'S GREAT EVENING AT VALLECAS,jaleo,JALEO_1982_06,en,other,3074,full,0,,4
chat_packet_144,chat_annotation_packets_jaleo/packets/chat_packet_144.md,chat_annotation_packets_jaleo/packets/chat_packet_144.json,719,JALEO_1982_06::A11,EL OIDO,jaleo,JALEO_1982_06,en,other,801,full,0,,5
chat_packet_145,chat_annotation_packets_jaleo/packets/chat_packet_145.md,chat_annotation_packets_jaleo/packets/chat_packet_145.json,720,JALEO_1982_06::A12,ANDA JALEO,jaleo,JALEO_1982_06,en,other,2833,full,0,,1
chat_packet_145,chat_annotation_packets_jaleo/packets/chat_packet_145.md,chat_annotation_packets_jaleo/packets/chat_packet_145.json,721,JALEO_1982_06::A13,JUERGAS ACROSS THE NATION,jaleo,JALEO_1982_06,en,poem,3645,full,0,,2
chat_packet_145,chat_annotation_packets_jaleo/packets/chat_packet_145.md,chat_annotation_packets_jaleo/packets/chat_packet_145.json,722,JALEO_1982_07::A1,FLAMENCO SUMMER SEMINARS,jaleo,JALEO_1982_07,en,other,223,full,0,,3
chat_packet_145,chat_annotation_packets_jaleo/packets/chat_packet_145.md,chat_annotation_packets_jaleo/packets/chat_packet_145.json,723,JALEO_1982_07::A2,LETTERS,jaleo,JALEO_1982_07,en,other,4136,full,0,,4
chat_packet_145,chat_annotation_packets_jaleo/packets/chat_packet_145.md,chat_annotation_packets_jaleo/packets/chat_packet_145.json,724,JALEO_1982_07::A3,PUNTO DE VISTA,jaleo,JALEO_1982_07,en,other,3042,full,0,,5
chat_packet_146,chat_annotation_packets_jaleo/packets/chat_packet_146.md,chat_annotation_packets_jaleo/packets/chat_packet_146.json,725,JALEO_1982_07::A4,FESTIVALES 1982,jaleo,JALEO_1982_07,en,other,1614,full,0,,1
chat_packet_146,chat_annotation_packets_jaleo/packets/chat_packet_146.md,chat_annotation_packets_jaleo/packets/chat_packet_146.json,726,JALEO_1982_07::A5,CHININ DE TRIANA,jaleo,JALEO_1982_07,en,other,3987,head_tail_windows,1,COMM_04,2
chat_packet_146,chat_annotation_packets_jaleo/packets/chat_packet_146.md,chat_annotation_packets_jaleo/packets/chat_packet_146.json,727,JALEO_1982_07::A7,CONCERT REVIEW,jaleo,JALEO_1982_07,en,other,3041,head_tail_windows,1,CRIT_03,3
chat_packet_146,chat_annotation_packets_jaleo/packets/chat_packet_146.md,chat_annotation_packets_jaleo/packets/chat_packet_146.json,728,JALEO_1982_07::A8,ANDA JALEO,jaleo,JALEO_1982_07,en,other,828,full,0,,4
chat_packet_146,chat_annotation_packets_jaleo/packets/chat_packet_146.md,chat_annotation_packets_jaleo/packets/chat_packet_146.json,729,JALEO_1982_07::A9,EL OIDO,jaleo,JALEO_1982_07,en,poem,5781,full,0,,5
chat_packet_147,chat_annotation_packets_jaleo/packets/chat_packet_147.md,chat_annotation_packets_jaleo/packets/chat_packet_147.json,730,JALEO_1982_07::A10,JUERGAS IN LOS ANGELES,jaleo,JALEO_1982_07,en,other,2196,full,0,,1
chat_packet_147,chat_annotation_packets_jaleo/packets/chat_packet_147.md,chat_annotation_packets_jaleo/packets/chat_packet_147.json,731,JALEO_1982_07::A11,SAN DIEGO SCENE,jaleo,JALEO_1982_07,en,other,2650,full,0,,2
chat_packet_147,chat_annotation_packets_jaleo/packets/chat_packet_147.md,chat_annotation_packets_jaleo/packets/chat_packet_147.json,732,JALEO_1982_08::A1,CACHARITO DE MALAGA,jaleo,JALEO_1982_08,en,other,2974,full,0,,3
chat_packet_147,chat_annotation_packets_jaleo/packets/chat_packet_147.md,chat_annotation_packets_jaleo/packets/chat_packet_147.json,733,JALEO_1982_08::A2,LETTERS,jaleo,JALEO_1982_08,en,other,2962,full,0,,4
chat_packet_147,chat_annotation_packets_jaleo/packets/chat_packet_147.md,chat_annotation_packets_jaleo/packets/chat_packet_147.json,734,JALEO_1982_08::A3,PUNTO DA VISTA,jaleo,JALEO_1982_08,en,other,2984,full,0,,5
chat_packet_148,chat_annotation_packets_jaleo/packets/chat_packet_148.md,chat_annotation_packets_jaleo/packets/chat_packet_148.json,735,JALEO_1982_08::A4,EDITORIAL,jaleo,JALEO_1982_08,en,other,3791,full,0,,1
chat_packet_148,chat_annotation_packets_jaleo/packets/chat_packet_148.md,chat_annotation_packets_jaleo/packets/chat_packet_148.json,736,JALEO_1982_08::A5,TEO MORCA,jaleo,JALEO_1982_08,en,poem,3799,head_tail_windows,1,COMM_03,2
chat_packet_148,chat_annotation_packets_jaleo/packets/chat_packet_148.md,chat_annotation_packets_jaleo/packets/chat_packet_148.json,737,JALEO_1982_08::A7,MORCA SOBRE EL BAILE,jaleo,JALEO_1982_08,en,other,2401,full,0,,3
chat_packet_148,chat_annotation_packets_jaleo/packets/chat_packet_148.md,chat_annotation_packets_jaleo/packets/chat_packet_148.json,738,JALEO_1982_08::A8,"MARINA KEET: SOUTH AFRICA'S LOSS, AMERICA'S GAIN",jaleo,JALEO_1982_08,en,poem,2954,full,0,,4
chat_packet_148,chat_annotation_packets_jaleo/packets/chat_packet_148.md,chat_annotation_packets_jaleo/packets/chat_packet_148.json,739,JALEO_1982_08::A9,FESTIVALES 1982,jaleo,JALEO_1982_08,en,poem,1798,full,0,,5
chat_packet_149,chat_annotation_packets_jaleo/packets/chat_packet_149.md,chat_annotation_packets_jaleo/packets/chat_packet_149.json,740,JALEO_1982_08::A10,SANCHEZ PERNIA,jaleo,JALEO_1982_08,en,other,3967,full,0,,1
chat_packet_149,chat_annotation_packets_jaleo/packets/chat_packet_149.md,chat_annotation_packets_jaleo/packets/chat_packet_149.json,741,JALEO_1982_08::A11,REVIEW: SABICAS IN SPAIN,jaleo,JALEO_1982_08,en,other,3043,full,0,,2
chat_packet_149,chat_annotation_packets_jaleo/packets/chat_packet_149.md,chat_annotation_packets_jaleo/packets/chat_packet_149.json,742,JALEO_1982_08::A12,MISCELLANEOUS,jaleo,JALEO_1982_08,en,other,613,full,0,,3
chat_packet_149,chat_annotation_packets_jaleo/packets/chat_packet_149.md,chat_annotation_packets_jaleo/packets/chat_packet_149.json,743,JALEO_1982_08::A13,SAN DIEGO SCENE,jaleo,JALEO_1982_08,en,other,2046,full,0,,4
chat_packet_149,chat_annotation_packets_jaleo/packets/chat_packet_149.md,chat_annotation_packets_jaleo/packets/chat_packet_149.json,744,JALEO_1982_10::A1,FLAMENCO IS ALIVE AND WELL IN THE STREETS OF PARIS,jaleo,JALEO_1982_10,en,other,1367,full,0,,5
chat_packet_150,chat_annotation_packets_jaleo/packets/chat_packet_150.md,chat_annotation_packets_jaleo/packets/chat_packet_150.json,745,JALEO_1982_10::A2,EDITORIAL,jaleo,JALEO_1982_10,en,other,883,full,0,,1
chat_packet_150,chat_annotation_packets_jaleo/packets/chat_packet_150.md,chat_annotation_packets_jaleo/packets/chat_packet_150.json,746,JALEO_1982_10::A3,LETTERS,jaleo,JALEO_1982_10,en,other,2181,full,0,,2
chat_packet_150,chat_annotation_packets_jaleo/packets/chat_packet_150.md,chat_annotation_packets_jaleo/packets/chat_packet_150.json,747,JALEO_1982_10::A4,PUNTO DE VISTA,jaleo,JALEO_1982_10,en,other,2732,head_tail_windows,1,AUTH_03,3
chat_packet_150,chat_annotation_packets_jaleo/packets/chat_packet_150.md,chat_annotation_packets_jaleo/packets/chat_packet_150.json,748,JALEO_1982_10::A5,LAURA MOYA,jaleo,JALEO_1982_10,en,other,2051,full,0,,4
chat_packet_150,chat_annotation_packets_jaleo/packets/chat_packet_150.md,chat_annotation_packets_jaleo/packets/chat_packet_150.json,749,JALEO_1982_10::A6,JUAN MARTINEZ: EL ARTE FLAMENCO,jaleo,JALEO_1982_10,en,other,5883,full,0,,5
chat_packet_151,chat_annotation_packets_jaleo/packets/chat_packet_151.md,chat_annotation_packets_jaleo/packets/chat_packet_151.json,750,JALEO_1982_10::A7,ZAMBRA MORA,jaleo,JALEO_1982_10,en,other,3452,full,0,,1
chat_packet_151,chat_annotation_packets_jaleo/packets/chat_packet_151.md,chat_annotation_packets_jaleo/packets/chat_packet_151.json,751,JALEO_1982_10::A8,MORCA SOBRE EL BAILE,jaleo,JALEO_1982_10,en,other,2796,head_tail_windows,1,COMM_02,2
chat_packet_151,chat_annotation_packets_jaleo/packets/chat_packet_151.md,chat_annotation_packets_jaleo/packets/chat_packet_151.json,752,JALEO_1982_10::A10,MANOLO SANLUCAR IN THE NEWS,jaleo,JALEO_1982_10,en,other,5554,full,0,,3
chat_packet_151,chat_annotation_packets_jaleo/packets/chat_packet_151.md,chat_annotation_packets_jaleo/packets/chat_packet_151.json,753,JALEO_1982_10::A11,REVIEWS,jaleo,JALEO_1982_10,en,other,1454,full,0,,4
chat_packet_151,chat_annotation_packets_jaleo/packets/chat_packet_151.md,chat_annotation_packets_jaleo/packets/chat_packet_151.json,754,JALEO_1982_10::A12,FLAMENCO HOMAGE TO MARIO ESCUDERO,jaleo,JALEO_1982_10,en,other,3060,full,0,,5
chat_packet_152,chat_annotation_packets_jaleo/packets/chat_packet_152.md,chat_annotation_packets_jaleo/packets/chat_packet_152.json,755,JALEO_1982_10::A13,EL OIDO,jaleo,JALEO_1982_10,en,other,1265,full,0,,1
chat_packet_152,chat_annotation_packets_jaleo/packets/chat_packet_152.md,chat_annotation_packets_jaleo/packets/chat_packet_152.json,756,JALEO_1982_10::A14,JUERGAS,jaleo,JALEO_1982_10,en,other,2147,full,0,,2
chat_packet_152,chat_annotation_packets_jaleo/packets/chat_packet_152.md,chat_annotation_packets_jaleo/packets/chat_packet_152.json,757,JALEO_1982_10::A15,SAN DIEGO SCENE,jaleo,JALEO_1982_10,en,other,4211,full,0,,3
chat_packet_152,chat_annotation_packets_jaleo/packets/chat_packet_152.md,chat_annotation_packets_jaleo/packets/chat_packet_152.json,758,JALEO_1982_11::A1,MARA SULTANI,jaleo,JALEO_1982_11,en,poem,2026,full,0,,4
chat_packet_152,chat_annotation_packets_jaleo/packets/chat_packet_152.md,chat_annotation_packets_jaleo/packets/chat_packet_152.json,759,JALEO_1982_11::A2,LETTERS,jaleo,JALEO_1982_11,en,other,2759,full,0,,5
chat_packet_153,chat_annotation_packets_jaleo/packets/chat_packet_153.md,chat_annotation_packets_jaleo/packets/chat_packet_153.json,760,JALEO_1982_11::A3,PUNTO DE VISTA,jaleo,JALEO_1982_11,en,other,3642,full,0,,1
chat_packet_153,chat_annotation_packets_jaleo/packets/chat_packet_153.md,chat_annotation_packets_jaleo/packets/chat_packet_153.json,761,JALEO_1982_11::A4,TIA JUANA LA DEL PIPA,jaleo,JALEO_1982_11,en,other,4593,head_tail_windows,2,"COMM_04, CRIT_04",2
chat_packet_153,chat_annotation_packets_jaleo/packets/chat_packet_153.md,chat_annotation_packets_jaleo/packets/chat_packet_153.json,762,JALEO_1982_11::A5,DEL CANTE DE JEREZ,jaleo,JALEO_1982_11,en,other,222,full,0,,3
chat_packet_153,chat_annotation_packets_jaleo/packets/chat_packet_153.md,chat_annotation_packets_jaleo/packets/chat_packet_153.json,763,JALEO_1982_11::A6,JOSE DE UDAETA'S X CURSO INTER-NACIONAL DE BAILE ESPAÑOL,jaleo,JALEO_1982_11,en,poem,5484,full,0,,4
chat_packet_153,chat_annotation_packets_jaleo/packets/chat_packet_153.md,chat_annotation_packets_jaleo/packets/chat_packet_153.json,764,JALEO_1982_11::A7,JUERGAS IN LOS ANGELES GRECO-IBERIAN FUSION: RETIREMENT,jaleo,JALEO_1982_11,en,other,59,full,0,,5
chat_packet_154,chat_annotation_packets_jaleo/packets/chat_packet_154.md,chat_annotation_packets_jaleo/packets/chat_packet_154.json,765,JALEO_1982_11::A8,JUERGA FOR KATINA VRINOS,jaleo,JALEO_1982_11,en,poem,624,full,0,,1
chat_packet_154,chat_annotation_packets_jaleo/packets/chat_packet_154.md,chat_annotation_packets_jaleo/packets/chat_packet_154.json,766,JALEO_1982_11::A9,STRUCTURE UP CLOSE,jaleo,JALEO_1982_11,en,other,1906,full,0,,2
chat_packet_154,chat_annotation_packets_jaleo/packets/chat_packet_154.md,chat_annotation_packets_jaleo/packets/chat_packet_154.json,767,JALEO_1982_11::A10,GAZPACHO DE GUILLERMO,jaleo,JALEO_1982_11,en,other,3120,head_tail_windows,1,HERIT_03,3
chat_packet_154,chat_annotation_packets_jaleo/packets/chat_packet_154.md,chat_annotation_packets_jaleo/packets/chat_packet_154.json,768,JALEO_1982_11::A11,JUAN MARTINEZ: EL ARTE FLAMENCO,jaleo,JALEO_1982_11,en,other,3335,head_tail_windows,1,PED_02,4
chat_packet_154,chat_annotation_packets_jaleo/packets/chat_packet_154.md,chat_annotation_packets_jaleo/packets/chat_packet_154.json,769,JALEO_1982_11::A12,REVIEWS,jaleo,JALEO_1982_11,en,other,5623,full,0,,5
chat_packet_155,chat_annotation_packets_jaleo/packets/chat_packet_155.md,chat_annotation_packets_jaleo/packets/chat_packet_155.json,770,JALEO_1982_11::A13,EL OIDO,jaleo,JALEO_1982_11,en,other,5532,full,0,,1
chat_packet_155,chat_annotation_packets_jaleo/packets/chat_packet_155.md,chat_annotation_packets_jaleo/packets/chat_packet_155.json,771,JALEO_1982_11::A14,SAN DIEGO,jaleo,JALEO_1982_11,en,other,642,full,0,,2
chat_packet_155,chat_annotation_packets_jaleo/packets/chat_packet_155.md,chat_annotation_packets_jaleo/packets/chat_packet_155.json,772,JALEO_1982_12::A1,CHRISTMAS IN THE CANTE FLAMENCO,jaleo,JALEO_1982_12,en,other,3347,head_tail_windows,1,COMM_04,3
chat_packet_155,chat_annotation_packets_jaleo/packets/chat_packet_155.md,chat_annotation_packets_jaleo/packets/chat_packet_155.json,773,JALEO_1982_12::A2,EDITORIAL,jaleo,JALEO_1982_12,en,other,637,full,0,,4
chat_packet_155,chat_annotation_packets_jaleo/packets/chat_packet_155.md,chat_annotation_packets_jaleo/packets/chat_packet_155.json,774,JALEO_1982_12::A3,LETTERS,jaleo,JALEO_1982_12,en,other,1369,full,0,,5
chat_packet_156,chat_annotation_packets_jaleo/packets/chat_packet_156.md,chat_annotation_packets_jaleo/packets/chat_packet_156.json,775,JALEO_1982_12::A4,PUNTO DE VISTA,jaleo,JALEO_1982_12,en,other,3479,head_tail_windows,1,CRIT_03,1
chat_packet_156,chat_annotation_packets_jaleo/packets/chat_packet_156.md,chat_annotation_packets_jaleo/packets/chat_packet_156.json,776,JALEO_1982_12::A5,ROSA MONTOYA,jaleo,JALEO_1982_12,en,other,3061,head_tail_windows,1,COMM_02,2
chat_packet_156,chat_annotation_packets_jaleo/packets/chat_packet_156.md,chat_annotation_packets_jaleo/packets/chat_packet_156.json,777,JALEO_1982_12::A6,MORCA SOBRE EL BAILE,jaleo,JALEO_1982_12,en,other,3869,full,0,,3
chat_packet_156,chat_annotation_packets_jaleo/packets/chat_packet_156.md,chat_annotation_packets_jaleo/packets/chat_packet_156.json,778,JALEO_1982_12::A7,JUAN MARTINEZ: EL ARTE FLAMENCO,jaleo,JALEO_1982_12,en,other,1876,full,0,,4
chat_packet_156,chat_annotation_packets_jaleo/packets/chat_packet_156.md,chat_annotation_packets_jaleo/packets/chat_packet_156.json,779,JALEO_1982_12::A8,GAZPACHO DE GUILLERMO,jaleo,JALEO_1982_12,en,other,2311,full,0,,5
chat_packet_157,chat_annotation_packets_jaleo/packets/chat_packet_157.md,chat_annotation_packets_jaleo/packets/chat_packet_157.json,780,JALEO_1982_12::A9,REVIEWS,jaleo,JALEO_1982_12,en,poem,2914,head_tail_windows,1,COMM_03,1
chat_packet_157,chat_annotation_packets_jaleo/packets/chat_packet_157.md,chat_annotation_packets_jaleo/packets/chat_packet_157.json,781,JALEO_1982_12::A10,CHRISTMAS WITH JOAQUIN EL DE LA PAULA,jaleo,JALEO_1982_12,en,other,2118,full,0,,2
chat_packet_157,chat_annotation_packets_jaleo/packets/chat_packet_157.md,chat_annotation_packets_jaleo/packets/chat_packet_157.json,782,JALEO_1982_12::A11,EL OIDO,jaleo,JALEO_1982_12,en,other,1924,full,0,,3
chat_packet_157,chat_annotation_packets_jaleo/packets/chat_packet_157.md,chat_annotation_packets_jaleo/packets/chat_packet_157.json,783,JALEO_1983_01::A1,ESCUELA BOLERA,jaleo,JALEO_1983_01,en,other,4761,full,0,,4
chat_packet_157,chat_annotation_packets_jaleo/packets/chat_packet_157.md,chat_annotation_packets_jaleo/packets/chat_packet_157.json,784,JALEO_1983_01::A2,EDITORIAL,jaleo,JALEO_1983_01,en,other,1062,full,0,,5
chat_packet_158,chat_annotation_packets_jaleo/packets/chat_packet_158.md,chat_annotation_packets_jaleo/packets/chat_packet_158.json,785,JALEO_1983_01::A3,LETTERS,jaleo,JALEO_1983_01,en,other,2637,full,0,,1
chat_packet_158,chat_annotation_packets_jaleo/packets/chat_packet_158.md,chat_annotation_packets_jaleo/packets/chat_packet_158.json,786,JALEO_1983_01::A4,PUNTO DE VISTA,jaleo,JALEO_1983_01,en,other,4122,full,0,,2
chat_packet_158,chat_annotation_packets_jaleo/packets/chat_packet_158.md,chat_annotation_packets_jaleo/packets/chat_packet_158.json,787,JALEO_1983_01::A5,GAZPACHO DE GUILLERMO,jaleo,JALEO_1983_01,en,other,660,full,0,,3
chat_packet_158,chat_annotation_packets_jaleo/packets/chat_packet_158.md,chat_annotation_packets_jaleo/packets/chat_packet_158.json,788,JALEO_1983_01::A6,ENRIQUE MORENTE,jaleo,JALEO_1983_01,en,other,2985,head_tail_windows,1,COMM_04,4
chat_packet_158,chat_annotation_packets_jaleo/packets/chat_packet_158.md,chat_annotation_packets_jaleo/packets/chat_packet_158.json,789,JALEO_1983_01::A7,THE FLAMENCO SCENE IN NEW YORK IN THE FORTIES,jaleo,JALEO_1983_01,en,other,4147,head_tail_windows,1,COMM_02,5
chat_packet_159,chat_annotation_packets_jaleo/packets/chat_packet_159.md,chat_annotation_packets_jaleo/packets/chat_packet_159.json,790,JALEO_1983_01::A8,MANOLO CARACOL,jaleo,JALEO_1983_01,en,poem,3006,head_tail_windows,1,COMM_02,1
chat_packet_159,chat_annotation_packets_jaleo/packets/chat_packet_159.md,chat_annotation_packets_jaleo/packets/chat_packet_159.json,791,JALEO_1983_01::A9,FLAMENCO ROOTS AND REVERBERATIONS,jaleo,JALEO_1983_01,en,other,3242,full,0,,2
chat_packet_159,chat_annotation_packets_jaleo/packets/chat_packet_159.md,chat_annotation_packets_jaleo/packets/chat_packet_159.json,792,JALEO_1983_01::A10,MORCA SOBRE EL BAILE,jaleo,JALEO_1983_01,en,other,2681,full,0,,3
chat_packet_159,chat_annotation_packets_jaleo/packets/chat_packet_159.md,chat_annotation_packets_jaleo/packets/chat_packet_159.json,793,JALEO_1983_01::A11,JUAN MARTINEZ: EL ARTE FLAMENCO,jaleo,JALEO_1983_01,en,other,2544,full,0,,4
chat_packet_159,chat_annotation_packets_jaleo/packets/chat_packet_159.md,chat_annotation_packets_jaleo/packets/chat_packet_159.json,794,JALEO_1983_01::A12,REVIEWS,jaleo,JALEO_1983_01,en,other,2586,head_tail_windows,1,CRIT_03,5
chat_packet_160,chat_annotation_packets_jaleo/packets/chat_packet_160.md,chat_annotation_packets_jaleo/packets/chat_packet_160.json,795,JALEO_1983_01::A13,EL OIDO,jaleo,JALEO_1983_01,en,other,1556,full,0,,1
chat_packet_160,chat_annotation_packets_jaleo/packets/chat_packet_160.md,chat_annotation_packets_jaleo/packets/chat_packet_160.json,796,JALEO_1983_01::A14,SAN DIEGO SCENE,jaleo,JALEO_1983_01,en,other,2593,full,0,,2
chat_packet_160,chat_annotation_packets_jaleo/packets/chat_packet_160.md,chat_annotation_packets_jaleo/packets/chat_packet_160.json,797,JALEO_1983_02::A1,PILAR RIOJA,jaleo,JALEO_1983_02,en,poem,3741,head_tail_windows,2,"AUTH_02, COMM_04",3
chat_packet_160,chat_annotation_packets_jaleo/packets/chat_packet_160.md,chat_annotation_packets_jaleo/packets/chat_packet_160.json,798,JALEO_1983_02::A2,EDITORIAL,jaleo,JALEO_1983_02,en,other,1559,full,0,,4
chat_packet_160,chat_annotation_packets_jaleo/packets/chat_packet_160.md,chat_annotation_packets_jaleo/packets/chat_packet_160.json,799,JALEO_1983_02::A3,LETTERS,jaleo,JALEO_1983_02,en,other,2264,full,0,,5
chat_packet_161,chat_annotation_packets_jaleo/packets/chat_packet_161.md,chat_annotation_packets_jaleo/packets/chat_packet_161.json,800,JALEO_1983_02::A4,BIG SUR JUERGA,jaleo,JALEO_1983_02,en,other,2712,head_tail_windows,1,PED_02,1
chat_packet_161,chat_annotation_packets_jaleo/packets/chat_packet_161.md,chat_annotation_packets_jaleo/packets/chat_packet_161.json,801,JALEO_1983_02::A6,JUAN MARTIN: EL ARTE FLAMENCO,jaleo,JALEO_1983_02,en,other,4949,full,0,,2
chat_packet_161,chat_annotation_packets_jaleo/packets/chat_packet_161.md,chat_annotation_packets_jaleo/packets/chat_packet_161.json,802,JALEO_1983_02::A7,REVIEWS,jaleo,JALEO_1983_02,en,other,3741,full,0,,3
chat_packet_161,chat_annotation_packets_jaleo/packets/chat_packet_161.md,chat_annotation_packets_jaleo/packets/chat_packet_161.json,803,JALEO_1983_02::A8,LOS ANGELES JUERGAS,jaleo,JALEO_1983_02,en,poem,3821,head_tail_windows,1,AUTH_03,4
chat_packet_161,chat_annotation_packets_jaleo/packets/chat_packet_161.md,chat_annotation_packets_jaleo/packets/chat_packet_161.json,804,JALEO_1983_02::A9,MISCELLANEOUS,jaleo,JALEO_1983_02,en,other,160,full,0,,5
chat_packet_162,chat_annotation_packets_jaleo/packets/chat_packet_162.md,chat_annotation_packets_jaleo/packets/chat_packet_162.json,805,JALEO_1983_02::A10,SAN DIEGO SCENE,jaleo,JALEO_1983_02,en,other,274,full,0,,1
chat_packet_162,chat_annotation_packets_jaleo/packets/chat_packet_162.md,chat_annotation_packets_jaleo/packets/chat_packet_162.json,806,JALEO_1983_02::A11,BACK ISSUES OF JALEO AVAILABLE,jaleo,JALEO_1983_02,en,other,2592,head_tail_windows,1,AUTH_02,2
chat_packet_162,chat_annotation_packets_jaleo/packets/chat_packet_162.md,chat_annotation_packets_jaleo/packets/chat_packet_162.json,807,JALEO_1983_03::A1,LIBBY KOMAIKO FLEMING,jaleo,JALEO_1983_03,en,poem,1679,full,0,,3
chat_packet_162,chat_annotation_packets_jaleo/packets/chat_packet_162.md,chat_annotation_packets_jaleo/packets/chat_packet_162.json,808,JALEO_1983_03::A2,EDITORIAL,jaleo,JALEO_1983_03,en,other,1227,full,0,,4
chat_packet_162,chat_annotation_packets_jaleo/packets/chat_packet_162.md,chat_annotation_packets_jaleo/packets/chat_packet_162.json,809,JALEO_1983_03::A3,LETTERS,jaleo,JALEO_1983_03,en,poem,2739,head_tail_windows,1,COMM_03,5
chat_packet_163,chat_annotation_packets_jaleo/packets/chat_packet_163.md,chat_annotation_packets_jaleo/packets/chat_packet_163.json,810,JALEO_1983_03::A4,LA PETENERA IV QUINCENA DE FLAMENCO Y MUSICA,jaleo,JALEO_1983_03,en,other,3278,head_tail_windows,1,COMM_04,1
chat_packet_163,chat_annotation_packets_jaleo/packets/chat_packet_163.md,chat_annotation_packets_jaleo/packets/chat_packet_163.json,811,JALEO_1983_03::A5,ANDALUZA,jaleo,JALEO_1983_03,en,other,2636,head_tail_windows,1,PED_01,2
chat_packet_163,chat_annotation_packets_jaleo/packets/chat_packet_163.md,chat_annotation_packets_jaleo/packets/chat_packet_163.json,812,JALEO_1983_03::A6,FOOTWORK NOTATION,jaleo,JALEO_1983_03,en,other,3821,full,0,,3
chat_packet_163,chat_annotation_packets_jaleo/packets/chat_packet_163.md,chat_annotation_packets_jaleo/packets/chat_packet_163.json,813,JALEO_1983_03::A7,GUITAR: TIPS ON TECHNIQUE,jaleo,JALEO_1983_03,en,article,2952,full,0,,4
chat_packet_163,chat_annotation_packets_jaleo/packets/chat_packet_163.md,chat_annotation_packets_jaleo/packets/chat_packet_163.json,814,JALEO_1983_03::A8,MORCA SOBRE EL BAILE,jaleo,JALEO_1983_03,en,other,5423,full,0,,5
chat_packet_164,chat_annotation_packets_jaleo/packets/chat_packet_164.md,chat_annotation_packets_jaleo/packets/chat_packet_164.json,815,JALEO_1983_03::A10,JUAN MARTINEZ: EL ARTE FLAMENCO,jaleo,JALEO_1983_03,en,other,1001,full,0,,1
chat_packet_164,chat_annotation_packets_jaleo/packets/chat_packet_164.md,chat_annotation_packets_jaleo/packets/chat_packet_164.json,816,JALEO_1983_03::A11,REVIEWS,jaleo,JALEO_1983_03,en,other,2998,head_tail_windows,1,PED_01,2
chat_packet_164,chat_annotation_packets_jaleo/packets/chat_packet_164.md,chat_annotation_packets_jaleo/packets/chat_packet_164.json,817,JALEO_1983_03::A12,"MANUEL CANO: ""IT IS SAD THAT EVERYBODY THINKS IT IS ALL RUMBITA""",jaleo,JALEO_1983_03,en,other,3526,full,0,,3
chat_packet_164,chat_annotation_packets_jaleo/packets/chat_packet_164.md,chat_annotation_packets_jaleo/packets/chat_packet_164.json,818,JALEO_1983_03::A13,FLAMENCO SOCIETY OF NORTHERN CALIFORNIA: JUERGA,jaleo,JALEO_1983_03,en,other,1558,full,0,,4
chat_packet_164,chat_annotation_packets_jaleo/packets/chat_packet_164.md,chat_annotation_packets_jaleo/packets/chat_packet_164.json,819,JALEO_1983_03::A14,PHILADELPHIA'S FIRST DOUBLE-JUERGA,jaleo,JALEO_1983_03,en,poem,3246,full,0,,5
chat_packet_165,chat_annotation_packets_jaleo/packets/chat_packet_165.md,chat_annotation_packets_jaleo/packets/chat_packet_165.json,820,JALEO_1983_03::A15,SAN DIEGO SCENE,jaleo,JALEO_1983_03,en,other,3123,full,0,,1
chat_packet_165,chat_annotation_packets_jaleo/packets/chat_packet_165.md,chat_annotation_packets_jaleo/packets/chat_packet_165.json,821,JALEO_1983_04::A1,AN INTERVIEW WITH RICARDO IZNAOLA,jaleo,JALEO_1983_04,en,other,1482,full,0,,2
chat_packet_165,chat_annotation_packets_jaleo/packets/chat_packet_165.md,chat_annotation_packets_jaleo/packets/chat_packet_165.json,822,JALEO_1983_04::A2,EDITORIAL,jaleo,JALEO_1983_04,en,other,3041,full,0,,3
chat_packet_165,chat_annotation_packets_jaleo/packets/chat_packet_165.md,chat_annotation_packets_jaleo/packets/chat_packet_165.json,823,JALEO_1983_04::A3,LETTERS,jaleo,JALEO_1983_04,en,poem,2658,head_tail_windows,1,PED_01,4
chat_packet_165,chat_annotation_packets_jaleo/packets/chat_packet_165.md,chat_annotation_packets_jaleo/packets/chat_packet_165.json,824,JALEO_1983_04::A4,MANOLO MARIN,jaleo,JALEO_1983_04,en,other,3743,head_tail_windows,1,COMM_04,5
chat_packet_166,chat_annotation_packets_jaleo/packets/chat_packet_166.md,chat_annotation_packets_jaleo/packets/chat_packet_166.json,825,JALEO_1983_04::A5,CAFE DE CHINITAS,jaleo,JALEO_1983_04,en,poem,4034,head_tail_windows,1,AUTH_03,1
chat_packet_166,chat_annotation_packets_jaleo/packets/chat_packet_166.md,chat_annotation_packets_jaleo/packets/chat_packet_166.json,826,JALEO_1983_04::A6,II BIENAL DE ARTE FLAMENCO,jaleo,JALEO_1983_04,en,other,2805,head_tail_windows,1,CRIT_01,2
chat_packet_166,chat_annotation_packets_jaleo/packets/chat_packet_166.md,chat_annotation_packets_jaleo/packets/chat_packet_166.json,827,JALEO_1983_04::A7,MAIRENA,jaleo,JALEO_1983_04,en,other,3199,head_tail_windows,1,COMM_04,3
chat_packet_166,chat_annotation_packets_jaleo/packets/chat_packet_166.md,chat_annotation_packets_jaleo/packets/chat_packet_166.json,828,JALEO_1983_04::A9,JUAN MARTINEZ: EL ARTE FLAMENCO THE CONCURSO DE CANTE JONDO DE,jaleo,JALEO_1983_04,en,other,3897,full,0,,4
chat_packet_166,chat_annotation_packets_jaleo/packets/chat_packet_166.md,chat_annotation_packets_jaleo/packets/chat_packet_166.json,829,JALEO_1983_04::A10,"GRANADA, 1922",jaleo,JALEO_1983_04,en,other,3162,head_tail_windows,1,PED_03,5
chat_packet_167,chat_annotation_packets_jaleo/packets/chat_packet_167.md,chat_annotation_packets_jaleo/packets/chat_packet_167.json,830,JALEO_1983_04::A11,CENTRO FLAMENCO PACO PEÑA SEMINARS,jaleo,JALEO_1983_04,en,other,1434,full,0,,1
chat_packet_167,chat_annotation_packets_jaleo/packets/chat_packet_167.md,chat_annotation_packets_jaleo/packets/chat_packet_167.json,831,JALEO_1983_04::A12,LOS ANGELES MAY JUERGA,jaleo,JALEO_1983_04,en,other,2395,full,0,,2
chat_packet_167,chat_annotation_packets_jaleo/packets/chat_packet_167.md,chat_annotation_packets_jaleo/packets/chat_packet_167.json,832,JALEO_1983_04::A13,SAN DIEGO SCENE,jaleo,JALEO_1983_04,en,other,1053,full,0,,3
chat_packet_167,chat_annotation_packets_jaleo/packets/chat_packet_167.md,chat_annotation_packets_jaleo/packets/chat_packet_167.json,833,JALEO_1983_06::A1,PACO PEÑA IN ATLANTA,jaleo,JALEO_1983_06,en,other,5879,full,0,,4
chat_packet_167,chat_annotation_packets_jaleo/packets/chat_packet_167.md,chat_annotation_packets_jaleo/packets/chat_packet_167.json,834,JALEO_1983_06::A2,EDITORIAL,jaleo,JALEO_1983_06,en,other,753,full,0,,5
chat_packet_168,chat_annotation_packets_jaleo/packets/chat_packet_168.md,chat_annotation_packets_jaleo/packets/chat_packet_168.json,835,JALEO_1983_06::A3,LETTERS,jaleo,JALEO_1983_06,en,other,5086,full,0,,1
chat_packet_168,chat_annotation_packets_jaleo/packets/chat_packet_168.md,chat_annotation_packets_jaleo/packets/chat_packet_168.json,836,JALEO_1983_06::A4,DAVID SERVA,jaleo,JALEO_1983_06,en,other,3698,head_tail_windows,1,COMM_04,2
chat_packet_168,chat_annotation_packets_jaleo/packets/chat_packet_168.md,chat_annotation_packets_jaleo/packets/chat_packet_168.json,837,JALEO_1983_06::A5,EL OIDO,jaleo,JALEO_1983_06,en,poem,1287,full,0,,3
chat_packet_168,chat_annotation_packets_jaleo/packets/chat_packet_168.md,chat_annotation_packets_jaleo/packets/chat_packet_168.json,838,JALEO_1983_06::A6,PUNTO DE VISTA,jaleo,JALEO_1983_06,en,other,2959,head_tail_windows,1,AUTH_03,4
chat_packet_168,chat_annotation_packets_jaleo/packets/chat_packet_168.md,chat_annotation_packets_jaleo/packets/chat_packet_168.json,839,JALEO_1983_06::A7,SABICAS,jaleo,JALEO_1983_06,en,other,4121,head_tail_windows,2,"COMM_02, COMM_04",5
chat_packet_169,chat_annotation_packets_jaleo/packets/chat_packet_169.md,chat_annotation_packets_jaleo/packets/chat_packet_169.json,840,JALEO_1983_06::A8,MORCA SOBRE EL BAILE,jaleo,JALEO_1983_06,en,other,3912,full,0,,1
chat_packet_169,chat_annotation_packets_jaleo/packets/chat_packet_169.md,chat_annotation_packets_jaleo/packets/chat_packet_169.json,841,JALEO_1983_06::A10,"JUAN MARTINEZ"" EL ARTE FLAMENCO",jaleo,JALEO_1983_06,en,poem,3108,head_tail_windows,1,AUTH_03,2
chat_packet_169,chat_annotation_packets_jaleo/packets/chat_packet_169.md,chat_annotation_packets_jaleo/packets/chat_packet_169.json,842,JALEO_1983_06::A11,THE TWO SIDES OF DENNIS KOSTER,jaleo,JALEO_1983_06,en,other,1396,full,0,,3
chat_packet_169,chat_annotation_packets_jaleo/packets/chat_packet_169.md,chat_annotation_packets_jaleo/packets/chat_packet_169.json,843,JALEO_1983_06::A12,CONCERT REVIEW,jaleo,JALEO_1983_06,en,poem,2984,head_tail_windows,1,COMM_03,4
chat_packet_169,chat_annotation_packets_jaleo/packets/chat_packet_169.md,chat_annotation_packets_jaleo/packets/chat_packet_169.json,844,JALEO_1983_06::A13,LOS ANGELES JUERGAS,jaleo,JALEO_1983_06,en,other,4392,full,0,,5
chat_packet_170,chat_annotation_packets_jaleo/packets/chat_packet_170.md,chat_annotation_packets_jaleo/packets/chat_packet_170.json,845,JALEO_1983_06::A14,SPANISH ACCENT ON GUITAR,jaleo,JALEO_1983_06,en,article,3944,full,0,,1
chat_packet_170,chat_annotation_packets_jaleo/packets/chat_packet_170.md,chat_annotation_packets_jaleo/packets/chat_packet_170.json,846,JALEO_1983_06::A15,SAN DIEGO SCENE,jaleo,JALEO_1983_06,en,other,1933,full,0,,2
chat_packet_170,chat_annotation_packets_jaleo/packets/chat_packet_170.md,chat_annotation_packets_jaleo/packets/chat_packet_170.json,847,JALEO_1983_07::A1,PEDRO BACAN,jaleo,JALEO_1983_07,en,other,1008,full,0,,3
chat_packet_170,chat_annotation_packets_jaleo/packets/chat_packet_170.md,chat_annotation_packets_jaleo/packets/chat_packet_170.json,848,JALEO_1983_07::A2,EDITORIAL,jaleo,JALEO_1983_07,en,other,674,full,0,,4
chat_packet_170,chat_annotation_packets_jaleo/packets/chat_packet_170.md,chat_annotation_packets_jaleo/packets/chat_packet_170.json,849,JALEO_1983_07::A3,LETTERS EXTREMADURA,jaleo,JALEO_1983_07,en,other,2637,full,0,,5
chat_packet_171,chat_annotation_packets_jaleo/packets/chat_packet_171.md,chat_annotation_packets_jaleo/packets/chat_packet_171.json,850,JALEO_1983_07::A4,FLAMENCO IN EXTREMADURA,jaleo,JALEO_1983_07,en,other,4133,head_tail_windows,1,COMM_02,1
chat_packet_171,chat_annotation_packets_jaleo/packets/chat_packet_171.md,chat_annotation_packets_jaleo/packets/chat_packet_171.json,851,JALEO_1983_07::A5,JOAQUIN ROJAS PASTOR: INTERVIEW,jaleo,JALEO_1983_07,en,other,3002,head_tail_windows,1,CRIT_03,2
chat_packet_171,chat_annotation_packets_jaleo/packets/chat_packet_171.md,chat_annotation_packets_jaleo/packets/chat_packet_171.json,852,JALEO_1983_07::A6,REPORTS FROM EXTREMADURA PRESS RELEASES,jaleo,JALEO_1983_07,en,article,3100,head_tail_windows,1,COMM_02,3
chat_packet_171,chat_annotation_packets_jaleo/packets/chat_packet_171.md,chat_annotation_packets_jaleo/packets/chat_packet_171.json,853,JALEO_1983_07::A7,CARMEN RUBIO,jaleo,JALEO_1983_07,en,other,266,full,0,,4
chat_packet_171,chat_annotation_packets_jaleo/packets/chat_packet_171.md,chat_annotation_packets_jaleo/packets/chat_packet_171.json,854,JALEO_1983_07::A8,PEPE CULATA,jaleo,JALEO_1983_07,en,other,2371,full,0,,5
chat_packet_172,chat_annotation_packets_jaleo/packets/chat_packet_172.md,chat_annotation_packets_jaleo/packets/chat_packet_172.json,855,JALEO_1983_07::A9,JUAN TALAVERA,jaleo,JALEO_1983_07,en,other,909,full,0,,1
chat_packet_172,chat_annotation_packets_jaleo/packets/chat_packet_172.md,chat_annotation_packets_jaleo/packets/chat_packet_172.json,856,JALEO_1983_07::A10,MANOLO MARIN,jaleo,JALEO_1983_07,en,poem,4263,full,0,,2
chat_packet_172,chat_annotation_packets_jaleo/packets/chat_packet_172.md,chat_annotation_packets_jaleo/packets/chat_packet_172.json,857,JALEO_1983_07::A11,MORCA SOBRE EL BAILE: COSTUMES,jaleo,JALEO_1983_07,en,other,4392,full,0,,3
chat_packet_172,chat_annotation_packets_jaleo/packets/chat_packet_172.md,chat_annotation_packets_jaleo/packets/chat_packet_172.json,858,JALEO_1983_07::A12,STRUCTURE UP CLOSE: TREMOLO,jaleo,JALEO_1983_07,en,other,2583,head_tail_windows,1,PED_03,4
chat_packet_172,chat_annotation_packets_jaleo/packets/chat_packet_172.md,chat_annotation_packets_jaleo/packets/chat_packet_172.json,859,JALEO_1983_07::A13,PAULA DURBIN ON DANCE: DANCE NOTATION,jaleo,JALEO_1983_07,en,other,1138,full,0,,5
chat_packet_173,chat_annotation_packets_jaleo/packets/chat_packet_173.md,chat_annotation_packets_jaleo/packets/chat_packet_173.json,860,JALEO_1983_07::A14,GAZPACHO DE GUILLERMO,jaleo,JALEO_1983_07,en,other,2689,full,0,,1
chat_packet_173,chat_annotation_packets_jaleo/packets/chat_packet_173.md,chat_annotation_packets_jaleo/packets/chat_packet_173.json,861,JALEO_1983_07::A16,REVIEWS,jaleo,JALEO_1983_07,en,poem,5815,full,0,,2
chat_packet_173,chat_annotation_packets_jaleo/packets/chat_packet_173.md,chat_annotation_packets_jaleo/packets/chat_packet_173.json,862,JALEO_1983_07::A17,LOS ANGELES JUERGAS,jaleo,JALEO_1983_07,en,other,702,full,0,,3
chat_packet_173,chat_annotation_packets_jaleo/packets/chat_packet_173.md,chat_annotation_packets_jaleo/packets/chat_packet_173.json,863,JALEO_1983_07::A18,MYSTERY PHOTOS,jaleo,JALEO_1983_07,en,other,777,full,0,,4
chat_packet_173,chat_annotation_packets_jaleo/packets/chat_packet_173.md,chat_annotation_packets_jaleo/packets/chat_packet_173.json,864,JALEO_1983_07::A19,SAN DIEGO SCENE,jaleo,JALEO_1983_07,en,other,3066,head_tail_windows,1,COMM_02,5
chat_packet_174,chat_annotation_packets_jaleo/packets/chat_packet_174.md,chat_annotation_packets_jaleo/packets/chat_packet_174.json,865,JALEO_1983_08::A1,ANITA SHEER,jaleo,JALEO_1983_08,en,other,4928,full,0,,1
chat_packet_174,chat_annotation_packets_jaleo/packets/chat_packet_174.md,chat_annotation_packets_jaleo/packets/chat_packet_174.json,866,JALEO_1983_08::A2,EDITORIAL,jaleo,JALEO_1983_08,en,other,3395,full,0,,2
chat_packet_174,chat_annotation_packets_jaleo/packets/chat_packet_174.md,chat_annotation_packets_jaleo/packets/chat_packet_174.json,867,JALEO_1983_08::A3,JOSE DE UDAETA'S,jaleo,JALEO_1983_08,en,other,3652,full,0,,3
chat_packet_174,chat_annotation_packets_jaleo/packets/chat_packet_174.md,chat_annotation_packets_jaleo/packets/chat_packet_174.json,868,JALEO_1983_08::A5,DE BAILE ESPANOL,jaleo,JALEO_1983_08,en,other,2541,head_tail_windows,1,HERIT_02,4
chat_packet_174,chat_annotation_packets_jaleo/packets/chat_packet_174.md,chat_annotation_packets_jaleo/packets/chat_packet_174.json,869,JALEO_1983_08::A6,JOSE DE UDAETA,jaleo,JALEO_1983_08,en,other,868,full,0,,5
chat_packet_175,chat_annotation_packets_jaleo/packets/chat_packet_175.md,chat_annotation_packets_jaleo/packets/chat_packet_175.json,870,JALEO_1983_08::A7,TO VISIT HAWAII,jaleo,JALEO_1983_08,en,poem,2684,head_tail_windows,1,COMM_04,1
chat_packet_175,chat_annotation_packets_jaleo/packets/chat_packet_175.md,chat_annotation_packets_jaleo/packets/chat_packet_175.json,871,JALEO_1983_08::A8,THE FASCINATION OF,jaleo,JALEO_1983_08,en,other,3667,full,0,,2
chat_packet_175,chat_annotation_packets_jaleo/packets/chat_packet_175.md,chat_annotation_packets_jaleo/packets/chat_packet_175.json,872,JALEO_1983_08::A9,FLAMENCO EL OIDO,jaleo,JALEO_1983_08,en,other,80,full,0,,3
chat_packet_175,chat_annotation_packets_jaleo/packets/chat_packet_175.md,chat_annotation_packets_jaleo/packets/chat_packet_175.json,873,JALEO_1983_08::A10,LA MERI GASPACHO,jaleo,JALEO_1983_08,en,other,5723,full,0,,4
chat_packet_175,chat_annotation_packets_jaleo/packets/chat_packet_175.md,chat_annotation_packets_jaleo/packets/chat_packet_175.json,874,JALEO_1983_08::A11,DE GUILLERMO GUITAR:,jaleo,JALEO_1983_08,en,article,250,full,0,,5
chat_packet_176,chat_annotation_packets_jaleo/packets/chat_packet_176.md,chat_annotation_packets_jaleo/packets/chat_packet_176.json,875,JALEO_1983_08::A12,TIPS ON TECHNIQUE MORCA,jaleo,JALEO_1983_08,en,other,1359,full,0,,1
chat_packet_176,chat_annotation_packets_jaleo/packets/chat_packet_176.md,chat_annotation_packets_jaleo/packets/chat_packet_176.json,876,JALEO_1983_08::A13,SOBRE EL BAILE WITH,jaleo,JALEO_1983_08,en,poem,3686,head_tail_windows,1,COMM_03,2
chat_packet_176,chat_annotation_packets_jaleo/packets/chat_packet_176.md,chat_annotation_packets_jaleo/packets/chat_packet_176.json,877,JALEO_1983_08::A14,FANDANGOS TO THE MARTYR,jaleo,JALEO_1983_08,en,other,3958,full,0,,3
chat_packet_176,chat_annotation_packets_jaleo/packets/chat_packet_176.md,chat_annotation_packets_jaleo/packets/chat_packet_176.json,878,JALEO_1983_10::A1,MARIO ESCUDERO: INTERVIEW,jaleo,JALEO_1983_10,en,other,4158,full,0,,4
chat_packet_176,chat_annotation_packets_jaleo/packets/chat_packet_176.md,chat_annotation_packets_jaleo/packets/chat_packet_176.json,879,JALEO_1983_10::A2,LETTERS,jaleo,JALEO_1983_10,en,other,2856,head_tail_windows,1,COMM_03,5
chat_packet_177,chat_annotation_packets_jaleo/packets/chat_packet_177.md,chat_annotation_packets_jaleo/packets/chat_packet_177.json,880,JALEO_1983_10::A3,ANTONIO MAIRENA 1909-1983,jaleo,JALEO_1983_10,en,other,2869,head_tail_windows,1,AUTH_03,1
chat_packet_177,chat_annotation_packets_jaleo/packets/chat_packet_177.md,chat_annotation_packets_jaleo/packets/chat_packet_177.json,881,JALEO_1983_10::A4,A THREE PART SERIES,jaleo,JALEO_1983_10,en,other,5592,full,0,,2
chat_packet_177,chat_annotation_packets_jaleo/packets/chat_packet_177.md,chat_annotation_packets_jaleo/packets/chat_packet_177.json,882,JALEO_1983_10::A5,PEDRO BACAN: INTERVIEW,jaleo,JALEO_1983_10,en,other,1884,full,0,,3
chat_packet_177,chat_annotation_packets_jaleo/packets/chat_packet_177.md,chat_annotation_packets_jaleo/packets/chat_packet_177.json,883,JALEO_1983_10::A6,NOTICIAS FROM SPAIN,jaleo,JALEO_1983_10,en,other,3850,full,0,,4
chat_packet_177,chat_annotation_packets_jaleo/packets/chat_packet_177.md,chat_annotation_packets_jaleo/packets/chat_packet_177.json,884,JALEO_1983_10::A7,FLAMENCO IN CHICAGO,jaleo,JALEO_1983_10,en,other,1548,full,0,,5
chat_packet_178,chat_annotation_packets_jaleo/packets/chat_packet_178.md,chat_annotation_packets_jaleo/packets/chat_packet_178.json,885,JALEO_1983_10::A8,MANOLO THE MAN,jaleo,JALEO_1983_10,en,poem,4822,head_tail_windows,2,"COMM_04, PED_03",1
chat_packet_178,chat_annotation_packets_jaleo/packets/chat_packet_178.md,chat_annotation_packets_jaleo/packets/chat_packet_178.json,886,JALEO_1983_10::A9,SPANISH DANCE SOCIETY,jaleo,JALEO_1983_10,en,other,522,full,0,,2
chat_packet_178,chat_annotation_packets_jaleo/packets/chat_packet_178.md,chat_annotation_packets_jaleo/packets/chat_packet_178.json,887,JALEO_1983_10::A10,MORCA SOBRE EL BAILE,jaleo,JALEO_1983_10,en,other,2854,head_tail_windows,1,PED_02,3
chat_packet_178,chat_annotation_packets_jaleo/packets/chat_packet_178.md,chat_annotation_packets_jaleo/packets/chat_packet_178.json,888,JALEO_1983_10::A11,NEWS FROM FRANCE,jaleo,JALEO_1983_10,en,other,260,full,0,,4
chat_packet_178,chat_annotation_packets_jaleo/packets/chat_packet_178.md,chat_annotation_packets_jaleo/packets/chat_packet_178.json,889,JALEO_1983_10::A12,GAZPACHO DE GUILLERMO,jaleo,JALEO_1983_10,en,other,458,full,0,,5
chat_packet_179,chat_annotation_packets_jaleo/packets/chat_packet_179.md,chat_annotation_packets_jaleo/packets/chat_packet_179.json,890,JALEO_1983_10::A13,PRESS RELEASES,jaleo,JALEO_1983_10,en,other,3121,full,0,,1
chat_packet_179,chat_annotation_packets_jaleo/packets/chat_packet_179.md,chat_annotation_packets_jaleo/packets/chat_packet_179.json,891,JALEO_1983_10::A14,REVIEWS,jaleo,JALEO_1983_10,en,other,3494,head_tail_windows,1,COMM_02,2
chat_packet_179,chat_annotation_packets_jaleo/packets/chat_packet_179.md,chat_annotation_packets_jaleo/packets/chat_packet_179.json,892,JALEO_1983_10::A15,EL OIDO,jaleo,JALEO_1983_10,en,other,2259,full,0,,3
chat_packet_179,chat_annotation_packets_jaleo/packets/chat_packet_179.md,chat_annotation_packets_jaleo/packets/chat_packet_179.json,893,JALEO_1983_10::A16,LOS ANGELES JUERGAS,jaleo,JALEO_1983_10,en,other,1202,full,0,,4
chat_packet_179,chat_annotation_packets_jaleo/packets/chat_packet_179.md,chat_annotation_packets_jaleo/packets/chat_packet_179.json,894,JALEO_1983_10::A17,SAN DIEGO SCENE,jaleo,JALEO_1983_10,en,other,2309,full,0,,5
chat_packet_180,chat_annotation_packets_jaleo/packets/chat_packet_180.md,chat_annotation_packets_jaleo/packets/chat_packet_180.json,895,JALEO_1983_12::A1,A THREE PART SERIES,jaleo,JALEO_1983_12,en,other,5167,full,0,,1
chat_packet_180,chat_annotation_packets_jaleo/packets/chat_packet_180.md,chat_annotation_packets_jaleo/packets/chat_packet_180.json,896,JALEO_1983_12::A2,LETTERS,jaleo,JALEO_1983_12,en,other,2271,full,0,,2
chat_packet_180,chat_annotation_packets_jaleo/packets/chat_packet_180.md,chat_annotation_packets_jaleo/packets/chat_packet_180.json,897,JALEO_1983_12::A3,MANUELA CARRASCO,jaleo,JALEO_1983_12,en,other,393,full,0,,3
chat_packet_180,chat_annotation_packets_jaleo/packets/chat_packet_180.md,chat_annotation_packets_jaleo/packets/chat_packet_180.json,898,JALEO_1983_12::A4,FESTIVALES,jaleo,JALEO_1983_12,en,other,4889,full,0,,4
chat_packet_180,chat_annotation_packets_jaleo/packets/chat_packet_180.md,chat_annotation_packets_jaleo/packets/chat_packet_180.json,899,JALEO_1983_12::A5,MARIO ESCUDERO: INTERVIEW,jaleo,JALEO_1983_12,en,other,3993,head_tail_windows,2,"PED_02, PED_01",5
chat_packet_181,chat_annotation_packets_jaleo/packets/chat_packet_181.md,chat_annotation_packets_jaleo/packets/chat_packet_181.json,900,JALEO_1983_12::A6,MORCA SOBRE EL BAILE,jaleo,JALEO_1983_12,en,other,2965,head_tail_windows,1,PED_03,1
chat_packet_181,chat_annotation_packets_jaleo/packets/chat_packet_181.md,chat_annotation_packets_jaleo/packets/chat_packet_181.json,901,JALEO_1983_12::A7,CANTAOR,jaleo,JALEO_1983_12,en,other,105,full,0,,2
chat_packet_181,chat_annotation_packets_jaleo/packets/chat_packet_181.md,chat_annotation_packets_jaleo/packets/chat_packet_181.json,902,JALEO_1983_12::A8,NOTES FROM SPAIN,jaleo,JALEO_1983_12,en,other,2592,full,0,,3
chat_packet_181,chat_annotation_packets_jaleo/packets/chat_packet_181.md,chat_annotation_packets_jaleo/packets/chat_packet_181.json,903,JALEO_1983_12::A9,PRESS RELEASES,jaleo,JALEO_1983_12,en,other,305,full,0,,4
chat_packet_181,chat_annotation_packets_jaleo/packets/chat_packet_181.md,chat_annotation_packets_jaleo/packets/chat_packet_181.json,904,JALEO_1983_12::A10,REVIEWS,jaleo,JALEO_1983_12,en,other,3677,full,0,,5
chat_packet_182,chat_annotation_packets_jaleo/packets/chat_packet_182.md,chat_annotation_packets_jaleo/packets/chat_packet_182.json,905,JALEO_1983_12::A11,LOS ANGELES JUERGA,jaleo,JALEO_1983_12,en,other,1332,full,0,,1
chat_packet_182,chat_annotation_packets_jaleo/packets/chat_packet_182.md,chat_annotation_packets_jaleo/packets/chat_packet_182.json,906,JALEO_1983_12::A12,SAN DIEGO SCENE,jaleo,JALEO_1983_12,en,other,615,full,0,,2
chat_packet_182,chat_annotation_packets_jaleo/packets/chat_packet_182.md,chat_annotation_packets_jaleo/packets/chat_packet_182.json,907,JALEO_1983_12::A13,EL OIDO,jaleo,JALEO_1983_12,en,other,1117,full,0,,3
chat_packet_182,chat_annotation_packets_jaleo/packets/chat_packet_182.md,chat_annotation_packets_jaleo/packets/chat_packet_182.json,908,JALEO_1984_01::A1,FLAMENCO IN NEW ZEALAND,jaleo,JALEO_1984_01,en,other,1292,full,0,,4
chat_packet_182,chat_annotation_packets_jaleo/packets/chat_packet_182.md,chat_annotation_packets_jaleo/packets/chat_packet_182.json,909,JALEO_1984_01::A2,RAYNALDO RINCON,jaleo,JALEO_1984_01,en,poem,1702,full,0,,5
chat_packet_183,chat_annotation_packets_jaleo/packets/chat_packet_183.md,chat_annotation_packets_jaleo/packets/chat_packet_183.json,910,JALEO_1984_01::A3,EDITORIAL,jaleo,JALEO_1984_01,en,other,2152,full,0,,1
chat_packet_183,chat_annotation_packets_jaleo/packets/chat_packet_183.md,chat_annotation_packets_jaleo/packets/chat_packet_183.json,911,JALEO_1984_01::A4,LETTERS,jaleo,JALEO_1984_01,en,other,1625,full,0,,2
chat_packet_183,chat_annotation_packets_jaleo/packets/chat_packet_183.md,chat_annotation_packets_jaleo/packets/chat_packet_183.json,912,JALEO_1984_01::A5,ON THE PASSING OF VICENTE ESCUDERO,jaleo,JALEO_1984_01,en,other,3360,head_tail_windows,1,PED_02,3
chat_packet_183,chat_annotation_packets_jaleo/packets/chat_packet_183.md,chat_annotation_packets_jaleo/packets/chat_packet_183.json,913,JALEO_1984_01::A6,PEDRO BACAN IN USA FOUR TEACHERS OF SPANISH DANCE: PART III,jaleo,JALEO_1984_01,en,poem,3642,head_tail_windows,1,AUTH_04,4
chat_packet_183,chat_annotation_packets_jaleo/packets/chat_packet_183.md,chat_annotation_packets_jaleo/packets/chat_packet_183.json,914,JALEO_1984_01::A7,ELOY AND ANGEL PERICET,jaleo,JALEO_1984_01,en,other,2705,head_tail_windows,1,PED_03,5
chat_packet_184,chat_annotation_packets_jaleo/packets/chat_packet_184.md,chat_annotation_packets_jaleo/packets/chat_packet_184.json,915,JALEO_1984_01::A8,GYPSY LIFE OF FLAMENCO CIRCUIT,jaleo,JALEO_1984_01,en,other,1472,full,0,,1
chat_packet_184,chat_annotation_packets_jaleo/packets/chat_packet_184.md,chat_annotation_packets_jaleo/packets/chat_packet_184.json,916,JALEO_1984_01::A10,MORCA SOBRE EL BAILE,jaleo,JALEO_1984_01,en,other,2699,full,0,,2
chat_packet_184,chat_annotation_packets_jaleo/packets/chat_packet_184.md,chat_annotation_packets_jaleo/packets/chat_packet_184.json,917,JALEO_1984_01::A11,LEROY GLODELL: OBITUARY FLAMENCO IN CHICAGO-PART II:,jaleo,JALEO_1984_01,en,other,2925,head_tail_windows,1,AUTH_03,3
chat_packet_184,chat_annotation_packets_jaleo/packets/chat_packet_184.md,chat_annotation_packets_jaleo/packets/chat_packet_184.json,918,JALEO_1984_01::A12,"RICHARD BRUNE, AMERICAN LUTHIER",jaleo,JALEO_1984_01,en,other,4611,full,0,,4
chat_packet_184,chat_annotation_packets_jaleo/packets/chat_packet_184.md,chat_annotation_packets_jaleo/packets/chat_packet_184.json,919,JALEO_1984_01::A13,MUSICAL NOTES,jaleo,JALEO_1984_01,en,other,4804,full,0,,5
chat_packet_185,chat_annotation_packets_jaleo/packets/chat_packet_185.md,chat_annotation_packets_jaleo/packets/chat_packet_185.json,920,JALEO_1984_01::A14,JALIESTAS TRIP TO SPAIN,jaleo,JALEO_1984_01,en,other,1183,full,0,,1
chat_packet_185,chat_annotation_packets_jaleo/packets/chat_packet_185.md,chat_annotation_packets_jaleo/packets/chat_packet_185.json,921,JALEO_1984_01::A15,FLAMENCO SEMINARS IN SPAIN,jaleo,JALEO_1984_01,en,other,2797,full,0,,2
chat_packet_185,chat_annotation_packets_jaleo/packets/chat_packet_185.md,chat_annotation_packets_jaleo/packets/chat_packet_185.json,922,JALEO_1984_01::A16,RECORD REVIEWS,jaleo,JALEO_1984_01,en,other,2673,full,0,,3
chat_packet_185,chat_annotation_packets_jaleo/packets/chat_packet_185.md,chat_annotation_packets_jaleo/packets/chat_packet_185.json,923,JALEO_1984_01::A17,REVIEWS,jaleo,JALEO_1984_01,en,other,5697,full,0,,4
chat_packet_185,chat_annotation_packets_jaleo/packets/chat_packet_185.md,chat_annotation_packets_jaleo/packets/chat_packet_185.json,924,JALEO_1984_01::A18,PRESS RELEASE,jaleo,JALEO_1984_01,en,other,1886,full,0,,5
chat_packet_186,chat_annotation_packets_jaleo/packets/chat_packet_186.md,chat_annotation_packets_jaleo/packets/chat_packet_186.json,925,JALEO_1984_01::A19,THE RYSS REPORT,jaleo,JALEO_1984_01,en,article,3027,full,0,,1
chat_packet_186,chat_annotation_packets_jaleo/packets/chat_packet_186.md,chat_annotation_packets_jaleo/packets/chat_packet_186.json,926,JALEO_1984_01::A20,LOS ANGELES JUERGAS,jaleo,JALEO_1984_01,en,other,3043,full,0,,2
chat_packet_186,chat_annotation_packets_jaleo/packets/chat_packet_186.md,chat_annotation_packets_jaleo/packets/chat_packet_186.json,927,JALEO_1984_01::A21,SAN DIEGO SCENE,jaleo,JALEO_1984_01,en,other,3576,full,0,,3
chat_packet_186,chat_annotation_packets_jaleo/packets/chat_packet_186.md,chat_annotation_packets_jaleo/packets/chat_packet_186.json,928,JALEO_1984_01::A22,EL OIDO,jaleo,JALEO_1984_01,en,other,1014,full,0,,4
chat_packet_186,chat_annotation_packets_jaleo/packets/chat_packet_186.md,chat_annotation_packets_jaleo/packets/chat_packet_186.json,929,JALEO_1984_01::A23,RUTH ST. DENIS AWARD,jaleo,JALEO_1984_01,en,other,1658,full,0,,5
chat_packet_187,chat_annotation_packets_jaleo/packets/chat_packet_187.md,chat_annotation_packets_jaleo/packets/chat_packet_187.json,930,JALEO_1984_03::A1,VETERAN CANTAOR RECEIVES TRIBUTE,jaleo,JALEO_1984_03,en,other,1473,full,0,,1
chat_packet_187,chat_annotation_packets_jaleo/packets/chat_packet_187.md,chat_annotation_packets_jaleo/packets/chat_packet_187.json,931,JALEO_1984_03::A2,JUAN'S NIGHT,jaleo,JALEO_1984_03,en,other,1601,full,0,,2
chat_packet_187,chat_annotation_packets_jaleo/packets/chat_packet_187.md,chat_annotation_packets_jaleo/packets/chat_packet_187.json,932,JALEO_1984_03::A3,LETTERS,jaleo,JALEO_1984_03,en,other,1950,full,0,,3
chat_packet_187,chat_annotation_packets_jaleo/packets/chat_packet_187.md,chat_annotation_packets_jaleo/packets/chat_packet_187.json,933,JALEO_1984_03::A5,EL COJO,jaleo,JALEO_1984_03,en,other,3570,full,0,,4
chat_packet_187,chat_annotation_packets_jaleo/packets/chat_packet_187.md,chat_annotation_packets_jaleo/packets/chat_packet_187.json,934,JALEO_1984_03::A6,DOMINICO CARO,jaleo,JALEO_1984_03,en,other,2612,full,0,,5
chat_packet_188,chat_annotation_packets_jaleo/packets/chat_packet_188.md,chat_annotation_packets_jaleo/packets/chat_packet_188.json,935,JALEO_1984_03::A7,LILIANA LOMAS,jaleo,JALEO_1984_03,en,poem,3208,full,0,,1
chat_packet_188,chat_annotation_packets_jaleo/packets/chat_packet_188.md,chat_annotation_packets_jaleo/packets/chat_packet_188.json,936,JALEO_1984_03::A8,"MARIA ""LA BORRICO"" AND JUANA ""LA DE REVUELO"" AT THE ROOTS OF FLAMENCO",jaleo,JALEO_1984_03,en,other,4189,full,0,,2
chat_packet_188,chat_annotation_packets_jaleo/packets/chat_packet_188.md,chat_annotation_packets_jaleo/packets/chat_packet_188.json,937,JALEO_1984_03::A9,"GYPSY ART, ""PAYOÉ ART: ON THE RISE""",jaleo,JALEO_1984_03,en,other,2879,full,0,,3
chat_packet_188,chat_annotation_packets_jaleo/packets/chat_packet_188.md,chat_annotation_packets_jaleo/packets/chat_packet_188.json,938,JALEO_1984_03::A10,MORCA SOBRE EL BAILE,jaleo,JALEO_1984_03,en,other,3449,full,0,,4
chat_packet_188,chat_annotation_packets_jaleo/packets/chat_packet_188.md,chat_annotation_packets_jaleo/packets/chat_packet_188.json,939,JALEO_1984_03::A12,LUISA TRIANA SPANISH DANCE WORKSHOP,jaleo,JALEO_1984_03,en,other,3100,full,0,,5
chat_packet_189,chat_annotation_packets_jaleo/packets/chat_packet_189.md,chat_annotation_packets_jaleo/packets/chat_packet_189.json,940,JALEO_1984_03::A13,FLAMENCO GOES STRADIVARIUS,jaleo,JALEO_1984_03,en,other,3075,head_tail_windows,1,PED_02,1
chat_packet_189,chat_annotation_packets_jaleo/packets/chat_packet_189.md,chat_annotation_packets_jaleo/packets/chat_packet_189.json,941,JALEO_1984_03::A14,PRESS RELEASES,jaleo,JALEO_1984_03,en,poem,2981,head_tail_windows,1,CRIT_03,2
chat_packet_189,chat_annotation_packets_jaleo/packets/chat_packet_189.md,chat_annotation_packets_jaleo/packets/chat_packet_189.json,942,JALEO_1984_03::A15,REVIEWS,jaleo,JALEO_1984_03,en,poem,3781,head_tail_windows,1,CRIT_03,3
chat_packet_189,chat_annotation_packets_jaleo/packets/chat_packet_189.md,chat_annotation_packets_jaleo/packets/chat_packet_189.json,943,JALEO_1984_03::A16,THE RYSS REPORT,jaleo,JALEO_1984_03,en,article,4575,full,0,,4
chat_packet_189,chat_annotation_packets_jaleo/packets/chat_packet_189.md,chat_annotation_packets_jaleo/packets/chat_packet_189.json,944,JALEO_1984_03::A17,LOS ANGELES JUERGAS,jaleo,JALEO_1984_03,en,other,719,full,0,,5
chat_packet_190,chat_annotation_packets_jaleo/packets/chat_packet_190.md,chat_annotation_packets_jaleo/packets/chat_packet_190.json,945,JALEO_1984_03::A18,SAN DIEGO'S GYPSY,jaleo,JALEO_1984_03,en,other,3211,head_tail_windows,1,COMM_02,1
chat_packet_190,chat_annotation_packets_jaleo/packets/chat_packet_190.md,chat_annotation_packets_jaleo/packets/chat_packet_190.json,946,JALEO_1984_03::A19,SAN DIEGO SCENE,jaleo,JALEO_1984_03,en,other,1784,full,0,,2
chat_packet_190,chat_annotation_packets_jaleo/packets/chat_packet_190.md,chat_annotation_packets_jaleo/packets/chat_packet_190.json,947,JALEO_1984_05::A1,LA TATI,jaleo,JALEO_1984_05,en,other,1240,full,0,,3
chat_packet_190,chat_annotation_packets_jaleo/packets/chat_packet_190.md,chat_annotation_packets_jaleo/packets/chat_packet_190.json,948,JALEO_1984_05::A2,EDITORIAL,jaleo,JALEO_1984_05,en,other,834,full,0,,4
chat_packet_190,chat_annotation_packets_jaleo/packets/chat_packet_190.md,chat_annotation_packets_jaleo/packets/chat_packet_190.json,949,JALEO_1984_05::A3,LETTERS,jaleo,JALEO_1984_05,en,other,2230,full,0,,5
chat_packet_191,chat_annotation_packets_jaleo/packets/chat_packet_191.md,chat_annotation_packets_jaleo/packets/chat_packet_191.json,950,JALEO_1984_05::A4,MARIQUITA FLORES,jaleo,JALEO_1984_05,en,other,2283,full,0,,1
chat_packet_191,chat_annotation_packets_jaleo/packets/chat_packet_191.md,chat_annotation_packets_jaleo/packets/chat_packet_191.json,951,JALEO_1984_05::A5,MARIA BENITEZ,jaleo,JALEO_1984_05,en,poem,3353,head_tail_windows,1,CRIT_01,2
chat_packet_191,chat_annotation_packets_jaleo/packets/chat_packet_191.md,chat_annotation_packets_jaleo/packets/chat_packet_191.json,952,JALEO_1984_05::A6,MANOLO DE CORDOBA,jaleo,JALEO_1984_05,en,other,1688,full,0,,3
chat_packet_191,chat_annotation_packets_jaleo/packets/chat_packet_191.md,chat_annotation_packets_jaleo/packets/chat_packet_191.json,953,JALEO_1984_05::A7,PACO DEL LUCIA: INTERVIEW,jaleo,JALEO_1984_05,en,poem,1792,full,0,,4
chat_packet_191,chat_annotation_packets_jaleo/packets/chat_packet_191.md,chat_annotation_packets_jaleo/packets/chat_packet_191.json,954,JALEO_1984_05::A8,"AN ""EXTREMENAN GUITAR"" IS INVENTED",jaleo,JALEO_1984_05,en,article,4145,full,0,,5
chat_packet_192,chat_annotation_packets_jaleo/packets/chat_packet_192.md,chat_annotation_packets_jaleo/packets/chat_packet_192.json,955,JALEO_1984_05::A9,IN BADAJOZ,jaleo,JALEO_1984_05,en,other,1781,full,0,,1
chat_packet_192,chat_annotation_packets_jaleo/packets/chat_packet_192.md,chat_annotation_packets_jaleo/packets/chat_packet_192.json,956,JALEO_1984_05::A10,ANTONIO MAIRENA HAS NOT DIED;,jaleo,JALEO_1984_05,en,other,2775,head_tail_windows,1,COMM_04,2
chat_packet_192,chat_annotation_packets_jaleo/packets/chat_packet_192.md,chat_annotation_packets_jaleo/packets/chat_packet_192.json,957,JALEO_1984_05::A11,FLAMENCO HAS NOT DIED,jaleo,JALEO_1984_05,en,other,2768,full,0,,3
chat_packet_192,chat_annotation_packets_jaleo/packets/chat_packet_192.md,chat_annotation_packets_jaleo/packets/chat_packet_192.json,958,JALEO_1984_05::A13,MORCA SOBRE EL BAILE,jaleo,JALEO_1984_05,en,other,2862,head_tail_windows,1,COMM_02,4
chat_packet_192,chat_annotation_packets_jaleo/packets/chat_packet_192.md,chat_annotation_packets_jaleo/packets/chat_packet_192.json,959,JALEO_1984_05::A14,GUITAR TECHNIQUE,jaleo,JALEO_1984_05,en,article,3678,head_tail_windows,1,COMM_04,5
chat_packet_193,chat_annotation_packets_jaleo/packets/chat_packet_193.md,chat_annotation_packets_jaleo/packets/chat_packet_193.json,960,JALEO_1984_05::A15,CURSOS AND CONCURSOS,jaleo,JALEO_1984_05,en,other,2358,full,0,,1
chat_packet_193,chat_annotation_packets_jaleo/packets/chat_packet_193.md,chat_annotation_packets_jaleo/packets/chat_packet_193.json,961,JALEO_1984_05::A16,"""AY JONDO"" AT CARNEGIE HALL",jaleo,JALEO_1984_05,en,poem,4502,full,0,,2
chat_packet_193,chat_annotation_packets_jaleo/packets/chat_packet_193.md,chat_annotation_packets_jaleo/packets/chat_packet_193.json,962,JALEO_1984_05::A17,THE RYSS REPORT,jaleo,JALEO_1984_05,en,article,3320,head_tail_windows,1,COMM_04,3
chat_packet_193,chat_annotation_packets_jaleo/packets/chat_packet_193.md,chat_annotation_packets_jaleo/packets/chat_packet_193.json,963,JALEO_1984_05::A18,PRESS RELEASES,jaleo,JALEO_1984_05,en,other,1880,full,0,,4
chat_packet_193,chat_annotation_packets_jaleo/packets/chat_packet_193.md,chat_annotation_packets_jaleo/packets/chat_packet_193.json,964,JALEO_1984_05::A19,JUERGAS,jaleo,JALEO_1984_05,en,other,1170,full,0,,5
chat_packet_194,chat_annotation_packets_jaleo/packets/chat_packet_194.md,chat_annotation_packets_jaleo/packets/chat_packet_194.json,965,JALEO_1984_05::A20,SAN DIEGO SCENE,jaleo,JALEO_1984_05,en,other,112,full,0,,1
chat_packet_194,chat_annotation_packets_jaleo/packets/chat_packet_194.md,chat_annotation_packets_jaleo/packets/chat_packet_194.json,966,JALEO_1984_08::A1,SABICAS: INTERVIEW,jaleo,JALEO_1984_08,en,other,1958,full,0,,2
chat_packet_194,chat_annotation_packets_jaleo/packets/chat_packet_194.md,chat_annotation_packets_jaleo/packets/chat_packet_194.json,967,JALEO_1984_08::A2,FLAMENCO QUIZ,jaleo,JALEO_1984_08,en,other,3734,full,0,,3
chat_packet_194,chat_annotation_packets_jaleo/packets/chat_packet_194.md,chat_annotation_packets_jaleo/packets/chat_packet_194.json,968,JALEO_1984_08::A3,EL CABRERO,jaleo,JALEO_1984_08,en,other,2645,head_tail_windows,1,PED_02,4
chat_packet_194,chat_annotation_packets_jaleo/packets/chat_packet_194.md,chat_annotation_packets_jaleo/packets/chat_packet_194.json,969,JALEO_1984_08::A4,"""FLEGMENCO""",jaleo,JALEO_1984_08,en,other,63,full,0,,5
chat_packet_195,chat_annotation_packets_jaleo/packets/chat_packet_195.md,chat_annotation_packets_jaleo/packets/chat_packet_195.json,970,JALEO_1984_08::A5,MORCA SOBRE EL BAILE,jaleo,JALEO_1984_08,en,other,1761,full,0,,1
chat_packet_195,chat_annotation_packets_jaleo/packets/chat_packet_195.md,chat_annotation_packets_jaleo/packets/chat_packet_195.json,971,JALEO_1984_08::A6,FLAMENCO PROGRAM AT PUBLIC's,jaleo,JALEO_1984_08,en,other,94,full,0,,2
chat_packet_195,chat_annotation_packets_jaleo/packets/chat_packet_195.md,chat_annotation_packets_jaleo/packets/chat_packet_195.json,972,JALEO_1984_08::A7,FESTIVAL LATINO,jaleo,JALEO_1984_08,en,other,2669,full,0,,3
chat_packet_195,chat_annotation_packets_jaleo/packets/chat_packet_195.md,chat_annotation_packets_jaleo/packets/chat_packet_195.json,973,JALEO_1984_08::A8,MANUELA VARGAS: THE FOAL WHO,jaleo,JALEO_1984_08,en,other,87,full,0,,4
chat_packet_195,chat_annotation_packets_jaleo/packets/chat_packet_195.md,chat_annotation_packets_jaleo/packets/chat_packet_195.json,974,JALEO_1984_08::A9,BECAME A BAILAORA,jaleo,JALEO_1984_08,en,other,2193,full,0,,5
chat_packet_196,chat_annotation_packets_jaleo/packets/chat_packet_196.md,chat_annotation_packets_jaleo/packets/chat_packet_196.json,975,JALEO_1984_08::A10,LA CATEDRA DE FLAMENCOLOGIA-25 YEARS,jaleo,JALEO_1984_08,en,other,2699,head_tail_windows,1,AUTH_04,1
chat_packet_196,chat_annotation_packets_jaleo/packets/chat_packet_196.md,chat_annotation_packets_jaleo/packets/chat_packet_196.json,976,JALEO_1984_08::A11,RECORD REVIEWS,jaleo,JALEO_1984_08,en,other,2320,full,0,,2
chat_packet_196,chat_annotation_packets_jaleo/packets/chat_packet_196.md,chat_annotation_packets_jaleo/packets/chat_packet_196.json,977,JALEO_1984_08::A12,ZORONGO FLAMENCO,jaleo,JALEO_1984_08,en,poem,2963,head_tail_windows,1,COMM_03,3
chat_packet_196,chat_annotation_packets_jaleo/packets/chat_packet_196.md,chat_annotation_packets_jaleo/packets/chat_packet_196.json,978,JALEO_1984_08::A13,REVIEWS,jaleo,JALEO_1984_08,en,other,3937,head_tail_windows,1,CRIT_03,4
chat_packet_196,chat_annotation_packets_jaleo/packets/chat_packet_196.md,chat_annotation_packets_jaleo/packets/chat_packet_196.json,979,JALEO_1984_08::A14,RYSS REPORT,jaleo,JALEO_1984_08,en,article,2053,full,0,,5
chat_packet_197,chat_annotation_packets_jaleo/packets/chat_packet_197.md,chat_annotation_packets_jaleo/packets/chat_packet_197.json,980,JALEO_1984_08::A15,PRESS RELEASES,jaleo,JALEO_1984_08,en,other,389,full,0,,1
chat_packet_197,chat_annotation_packets_jaleo/packets/chat_packet_197.md,chat_annotation_packets_jaleo/packets/chat_packet_197.json,981,JALEO_1984_08::A16,FLAMENCO IN L.A,jaleo,JALEO_1984_08,en,other,3562,full,0,,2
chat_packet_197,chat_annotation_packets_jaleo/packets/chat_packet_197.md,chat_annotation_packets_jaleo/packets/chat_packet_197.json,982,JALEO_1984_08::A17,SAN DIEGO SCENE,jaleo,JALEO_1984_08,en,other,4159,full,0,,3
chat_packet_197,chat_annotation_packets_jaleo/packets/chat_packet_197.md,chat_annotation_packets_jaleo/packets/chat_packet_197.json,983,JALEO_1984_10::A1,FLAMENCO '84,jaleo,JALEO_1984_10,en,other,1371,full,0,,4
chat_packet_197,chat_annotation_packets_jaleo/packets/chat_packet_197.md,chat_annotation_packets_jaleo/packets/chat_packet_197.json,984,JALEO_1984_10::A2,LETTERS,jaleo,JALEO_1984_10,en,other,2045,full,0,,5
chat_packet_198,chat_annotation_packets_jaleo/packets/chat_packet_198.md,chat_annotation_packets_jaleo/packets/chat_packet_198.json,985,JALEO_1984_10::A3,PUNTO DE VISTA,jaleo,JALEO_1984_10,en,other,3951,full,0,,1
chat_packet_198,chat_annotation_packets_jaleo/packets/chat_packet_198.md,chat_annotation_packets_jaleo/packets/chat_packet_198.json,986,JALEO_1984_10::A4,CONVERSACIONES CON MARIANO CORDOBA,jaleo,JALEO_1984_10,en,other,3272,head_tail_windows,1,COMM_04,2
chat_packet_198,chat_annotation_packets_jaleo/packets/chat_packet_198.md,chat_annotation_packets_jaleo/packets/chat_packet_198.json,987,JALEO_1984_10::A5,III BIENAL DE ARTE FLAMENCO,jaleo,JALEO_1984_10,en,other,5709,full,0,,3
chat_packet_198,chat_annotation_packets_jaleo/packets/chat_packet_198.md,chat_annotation_packets_jaleo/packets/chat_packet_198.json,988,JALEO_1984_10::A6,MODORRA Y SOPORRA FESTIVALERA,jaleo,JALEO_1984_10,en,other,3299,full,0,,4
chat_packet_198,chat_annotation_packets_jaleo/packets/chat_packet_198.md,chat_annotation_packets_jaleo/packets/chat_packet_198.json,989,JALEO_1984_10::A7,ANOTNIO MAIRENA,jaleo,JALEO_1984_10,en,other,3405,head_tail_windows,1,COMM_04,5
chat_packet_199,chat_annotation_packets_jaleo/packets/chat_packet_199.md,chat_annotation_packets_jaleo/packets/chat_packet_199.json,990,JALEO_1984_10::A8,CHI QUETETE: INTERVIEW,jaleo,JALEO_1984_10,en,other,3752,full,0,,1
chat_packet_199,chat_annotation_packets_jaleo/packets/chat_packet_199.md,chat_annotation_packets_jaleo/packets/chat_packet_199.json,991,JALEO_1984_10::A9,MANOLO SANLUCAR: INTERVIEW,jaleo,JALEO_1984_10,en,other,1504,full,0,,2
chat_packet_199,chat_annotation_packets_jaleo/packets/chat_packet_199.md,chat_annotation_packets_jaleo/packets/chat_packet_199.json,992,JALEO_1984_10::A10,LA CHUNGA DANCES WITH GYPSY FERVOR,jaleo,JALEO_1984_10,en,other,3340,full,0,,3
chat_packet_199,chat_annotation_packets_jaleo/packets/chat_packet_199.md,chat_annotation_packets_jaleo/packets/chat_packet_199.json,993,JALEO_1984_10::A11,THE SHAH SPEAKITH,jaleo,JALEO_1984_10,en,other,2960,head_tail_windows,1,CRIT_01,4
chat_packet_199,chat_annotation_packets_jaleo/packets/chat_packet_199.md,chat_annotation_packets_jaleo/packets/chat_packet_199.json,994,JALEO_1984_10::A12,MORCA SOBRE EL BAILE,jaleo,JALEO_1984_10,en,other,3209,head_tail_windows,1,COMM_04,5
chat_packet_200,chat_annotation_packets_jaleo/packets/chat_packet_200.md,chat_annotation_packets_jaleo/packets/chat_packet_200.json,995,JALEO_1984_10::A13,ROBERTO LORCA,jaleo,JALEO_1984_10,en,poem,5129,full,0,,1
chat_packet_200,chat_annotation_packets_jaleo/packets/chat_packet_200.md,chat_annotation_packets_jaleo/packets/chat_packet_200.json,996,JALEO_1984_10::A14,PRESS RELEASES,jaleo,JALEO_1984_10,en,poem,2464,full,0,,2
chat_packet_200,chat_annotation_packets_jaleo/packets/chat_packet_200.md,chat_annotation_packets_jaleo/packets/chat_packet_200.json,997,JALEO_1984_10::A15,RECORD REVIEW,jaleo,JALEO_1984_10,en,other,2289,full,0,,3
chat_packet_200,chat_annotation_packets_jaleo/packets/chat_packet_200.md,chat_annotation_packets_jaleo/packets/chat_packet_200.json,998,JALEO_1984_10::A16,REVIEWS,jaleo,JALEO_1984_10,en,other,4864,full,0,,4
chat_packet_200,chat_annotation_packets_jaleo/packets/chat_packet_200.md,chat_annotation_packets_jaleo/packets/chat_packet_200.json,999,JALEO_1984_10::A17,THE RYSS REPORT,jaleo,JALEO_1984_10,en,article,1384,full,0,,5
chat_packet_201,chat_annotation_packets_jaleo/packets/chat_packet_201.md,chat_annotation_packets_jaleo/packets/chat_packet_201.json,1000,JALEO_1984_10::A18,LOS ANGELES JUERGAS,jaleo,JALEO_1984_10,en,other,1448,full,0,,1
chat_packet_201,chat_annotation_packets_jaleo/packets/chat_packet_201.md,chat_annotation_packets_jaleo/packets/chat_packet_201.json,1001,JALEO_1984_10::A19,SAN DIEGO SCENE,jaleo,JALEO_1984_10,en,other,2399,full,0,,2
chat_packet_201,chat_annotation_packets_jaleo/packets/chat_packet_201.md,chat_annotation_packets_jaleo/packets/chat_packet_201.json,1002,JALEO_1985_01::A1,ENRIQUE EL COJO,jaleo,JALEO_1985_01,en,other,2834,head_tail_windows,1,COMM_04,3
chat_packet_201,chat_annotation_packets_jaleo/packets/chat_packet_201.md,chat_annotation_packets_jaleo/packets/chat_packet_201.json,1003,JALEO_1985_01::A2,EDITORIAL,jaleo,JALEO_1985_01,en,other,2455,full,0,,4
chat_packet_201,chat_annotation_packets_jaleo/packets/chat_packet_201.md,chat_annotation_packets_jaleo/packets/chat_packet_201.json,1004,JALEO_1985_01::A4,INTERVIEW FOR JALEO,jaleo,JALEO_1985_01,en,other,4947,full,0,,5
chat_packet_202,chat_annotation_packets_jaleo/packets/chat_packet_202.md,chat_annotation_packets_jaleo/packets/chat_packet_202.json,1005,JALEO_1985_01::A5,"BALLET ANTONIO GADES ""CARMEN""ON STAGE",jaleo,JALEO_1985_01,en,other,3925,head_tail_windows,1,COMM_04,1
chat_packet_202,chat_annotation_packets_jaleo/packets/chat_packet_202.md,chat_annotation_packets_jaleo/packets/chat_packet_202.json,1006,JALEO_1985_01::A6,REVIEWS OF CARMEN,jaleo,JALEO_1985_01,en,poem,3006,head_tail_windows,1,COMM_03,2
chat_packet_202,chat_annotation_packets_jaleo/packets/chat_packet_202.md,chat_annotation_packets_jaleo/packets/chat_packet_202.json,1007,JALEO_1985_01::A7,JOSE GRECO,jaleo,JALEO_1985_01,en,other,2783,head_tail_windows,1,COMM_04,3
chat_packet_202,chat_annotation_packets_jaleo/packets/chat_packet_202.md,chat_annotation_packets_jaleo/packets/chat_packet_202.json,1008,JALEO_1985_01::A8,FLAMENCO: THE EARLY YEARS,jaleo,JALEO_1985_01,en,other,4303,head_tail_windows,1,CRIT_02,4
chat_packet_202,chat_annotation_packets_jaleo/packets/chat_packet_202.md,chat_annotation_packets_jaleo/packets/chat_packet_202.json,1009,JALEO_1985_01::A9,PACO PEÑA TEACHES GUITAR TO HALF THE WORLD..... 205°ENCUENTRO FLAMENCO,jaleo,JALEO_1985_01,en,article,2739,full,0,,5
chat_packet_203,chat_annotation_packets_jaleo/packets/chat_packet_203.md,chat_annotation_packets_jaleo/packets/chat_packet_203.json,1010,JALEO_1985_01::A10,"""CENTRO 'TRIANA' DE GUITARRAFLAMENCO"" TO OPEN",jaleo,JALEO_1985_01,en,article,3556,full,0,,1
chat_packet_203,chat_annotation_packets_jaleo/packets/chat_packet_203.md,chat_annotation_packets_jaleo/packets/chat_packet_203.json,1011,JALEO_1985_01::A11,GAZPACHO DE GUILLERMO,jaleo,JALEO_1985_01,en,other,4038,head_tail_windows,1,COMM_02,2
chat_packet_203,chat_annotation_packets_jaleo/packets/chat_packet_203.md,chat_annotation_packets_jaleo/packets/chat_packet_203.json,1012,JALEO_1985_01::A12,MORCA SOBRE EL BAILE,jaleo,JALEO_1985_01,en,other,3752,full,0,,3
chat_packet_203,chat_annotation_packets_jaleo/packets/chat_packet_203.md,chat_annotation_packets_jaleo/packets/chat_packet_203.json,1013,JALEO_1985_01::A13,THE SHAH SPEAKITH,jaleo,JALEO_1985_01,en,poem,4494,full,0,,4
chat_packet_203,chat_annotation_packets_jaleo/packets/chat_packet_203.md,chat_annotation_packets_jaleo/packets/chat_packet_203.json,1014,JALEO_1985_01::A14,ESPADERO,jaleo,JALEO_1985_01,en,other,3126,full,0,,5
chat_packet_204,chat_annotation_packets_jaleo/packets/chat_packet_204.md,chat_annotation_packets_jaleo/packets/chat_packet_204.json,1015,JALEO_1985_01::A15,XXII INTERNATIONAL COURSES IN SPAIN,jaleo,JALEO_1985_01,en,other,1343,full,0,,1
chat_packet_204,chat_annotation_packets_jaleo/packets/chat_packet_204.md,chat_annotation_packets_jaleo/packets/chat_packet_204.json,1016,JALEO_1985_01::A16,BALLET ESPANOL DE LOS ANGELES,jaleo,JALEO_1985_01,en,other,355,full,0,,2
chat_packet_204,chat_annotation_packets_jaleo/packets/chat_packet_204.md,chat_annotation_packets_jaleo/packets/chat_packet_204.json,1017,JALEO_1985_01::A17,RYSS REPORT,jaleo,JALEO_1985_01,en,article,2196,full,0,,3
chat_packet_204,chat_annotation_packets_jaleo/packets/chat_packet_204.md,chat_annotation_packets_jaleo/packets/chat_packet_204.json,1018,JALEO_1985_01::A18,PRESS RELEASES,jaleo,JALEO_1985_01,en,poem,4263,full,0,,4
chat_packet_204,chat_annotation_packets_jaleo/packets/chat_packet_204.md,chat_annotation_packets_jaleo/packets/chat_packet_204.json,1019,JALEO_1985_01::A19,REVIEWSFLAMENCO IN OREGON,jaleo,JALEO_1985_01,en,other,693,full,0,,5
chat_packet_205,chat_annotation_packets_jaleo/packets/chat_packet_205.md,chat_annotation_packets_jaleo/packets/chat_packet_205.json,1020,JALEO_1985_01::A20,LOS ANGELES JUERGAS,jaleo,JALEO_1985_01,en,other,1239,full,0,,1
chat_packet_205,chat_annotation_packets_jaleo/packets/chat_packet_205.md,chat_annotation_packets_jaleo/packets/chat_packet_205.json,1021,JALEO_1985_01::A21,SAN DIEGO SCENE,jaleo,JALEO_1985_01,en,other,547,full,0,,2
chat_packet_205,chat_annotation_packets_jaleo/packets/chat_packet_205.md,chat_annotation_packets_jaleo/packets/chat_packet_205.json,1022,JALEO_1985_07::A1,VISIT WITH LUIS MARAVILLA,jaleo,JALEO_1985_07,en,other,3932,full,0,,3
chat_packet_205,chat_annotation_packets_jaleo/packets/chat_packet_205.md,chat_annotation_packets_jaleo/packets/chat_packet_205.json,1023,JALEO_1985_07::A2,LETTERS,jaleo,JALEO_1985_07,en,other,4153,full,0,,4
chat_packet_205,chat_annotation_packets_jaleo/packets/chat_packet_205.md,chat_annotation_packets_jaleo/packets/chat_packet_205.json,1024,JALEO_1985_07::A3,CRAFT IN GARAGE SHOP,jaleo,JALEO_1985_07,en,other,2870,head_tail_windows,1,CRIT_03,5
chat_packet_206,chat_annotation_packets_jaleo/packets/chat_packet_206.md,chat_annotation_packets_jaleo/packets/chat_packet_206.json,1025,JALEO_1985_07::A4,AS A WAY OF LIFE,jaleo,JALEO_1985_07,en,other,3007,head_tail_windows,1,COMM_03,1
chat_packet_206,chat_annotation_packets_jaleo/packets/chat_packet_206.md,chat_annotation_packets_jaleo/packets/chat_packet_206.json,1026,JALEO_1985_07::A5,CAMARON DE LA ISLA IN 1985,jaleo,JALEO_1985_07,en,poem,2507,full,0,,2
chat_packet_206,chat_annotation_packets_jaleo/packets/chat_packet_206.md,chat_annotation_packets_jaleo/packets/chat_packet_206.json,1027,JALEO_1985_07::A6,ENRIQUE EL COJO DIES,jaleo,JALEO_1985_07,en,other,1261,full,0,,3
chat_packet_206,chat_annotation_packets_jaleo/packets/chat_packet_206.md,chat_annotation_packets_jaleo/packets/chat_packet_206.json,1028,JALEO_1985_07::A7,A GREAT GUITARIST DIES,jaleo,JALEO_1985_07,en,article,1389,full,0,,4
chat_packet_206,chat_annotation_packets_jaleo/packets/chat_packet_206.md,chat_annotation_packets_jaleo/packets/chat_packet_206.json,1029,JALEO_1985_07::A8,PACO PEÑA IN LOS ANGELES,jaleo,JALEO_1985_07,en,other,1725,full,0,,5
chat_packet_207,chat_annotation_packets_jaleo/packets/chat_packet_207.md,chat_annotation_packets_jaleo/packets/chat_packet_207.json,1030,JALEO_1985_07::A9,TEO MORCA WORKSHOPS,jaleo,JALEO_1985_07,en,other,2988,head_tail_windows,1,COMM_04,1
chat_packet_207,chat_annotation_packets_jaleo/packets/chat_packet_207.md,chat_annotation_packets_jaleo/packets/chat_packet_207.json,1031,JALEO_1985_07::A10,MORCA SOBRE EL BAILE,jaleo,JALEO_1985_07,en,other,3374,head_tail_windows,1,COMM_02,2
chat_packet_207,chat_annotation_packets_jaleo/packets/chat_packet_207.md,chat_annotation_packets_jaleo/packets/chat_packet_207.json,1032,JALEO_1985_07::A11,RYSS REPORT,jaleo,JALEO_1985_07,en,article,2248,full,0,,3
chat_packet_207,chat_annotation_packets_jaleo/packets/chat_packet_207.md,chat_annotation_packets_jaleo/packets/chat_packet_207.json,1033,JALEO_1985_07::A12,PROFILES: CARLOS SANCHEZ,jaleo,JALEO_1985_07,en,other,1812,full,0,,4
chat_packet_207,chat_annotation_packets_jaleo/packets/chat_packet_207.md,chat_annotation_packets_jaleo/packets/chat_packet_207.json,1034,JALEO_1985_07::A13,RECORDING REVIEWS,jaleo,JALEO_1985_07,en,other,3027,head_tail_windows,1,COMM_04,5
chat_packet_208,chat_annotation_packets_jaleo/packets/chat_packet_208.md,chat_annotation_packets_jaleo/packets/chat_packet_208.json,1035,JALEO_1985_07::A14,CONCERT REVIEWS,jaleo,JALEO_1985_07,en,poem,2995,head_tail_windows,1,HERIT_03,1
chat_packet_208,chat_annotation_packets_jaleo/packets/chat_packet_208.md,chat_annotation_packets_jaleo/packets/chat_packet_208.json,1036,JALEO_1985_07::A15,PRESS RELEASES,jaleo,JALEO_1985_07,en,poem,3434,full,0,,2
chat_packet_208,chat_annotation_packets_jaleo/packets/chat_packet_208.md,chat_annotation_packets_jaleo/packets/chat_packet_208.json,1037,JALEO_1985_07::A16,LOS ANGELES JUERGAS,jaleo,JALEO_1985_07,en,other,3028,full,0,,3
chat_packet_208,chat_annotation_packets_jaleo/packets/chat_packet_208.md,chat_annotation_packets_jaleo/packets/chat_packet_208.json,1038,JALEO_1985_07::A17,SAN DIEGO SCENE,jaleo,JALEO_1985_07,en,other,1741,full,0,,4
chat_packet_208,chat_annotation_packets_jaleo/packets/chat_packet_208.md,chat_annotation_packets_jaleo/packets/chat_packet_208.json,1039,JALEO_1985_07::A19,DIRECTOR,jaleo,JALEO_1985_07,en,poem,5026,full,0,,5
chat_packet_209,chat_annotation_packets_jaleo/packets/chat_packet_209.md,chat_annotation_packets_jaleo/packets/chat_packet_209.json,1040,JALEO_1985_10::A1,CAMARON DE LA ISLA,jaleo,JALEO_1985_10,en,other,3532,head_tail_windows,1,COMM_03,1
chat_packet_209,chat_annotation_packets_jaleo/packets/chat_packet_209.md,chat_annotation_packets_jaleo/packets/chat_packet_209.json,1041,JALEO_1985_10::A2,LETTERS,jaleo,JALEO_1985_10,en,other,1472,full,0,,2
chat_packet_209,chat_annotation_packets_jaleo/packets/chat_packet_209.md,chat_annotation_packets_jaleo/packets/chat_packet_209.json,1042,JALEO_1985_10::A3,FLAMENCO,jaleo,JALEO_1985_10,en,other,3137,head_tail_windows,1,COMM_04,3
chat_packet_209,chat_annotation_packets_jaleo/packets/chat_packet_209.md,chat_annotation_packets_jaleo/packets/chat_packet_209.json,1043,JALEO_1985_10::A4,FLAMENCO: THE WAY IT WAS,jaleo,JALEO_1985_10,en,other,3040,head_tail_windows,1,COMM_03,4
chat_packet_209,chat_annotation_packets_jaleo/packets/chat_packet_209.md,chat_annotation_packets_jaleo/packets/chat_packet_209.json,1044,JALEO_1985_10::A5,PABLO RODARTE,jaleo,JALEO_1985_10,en,poem,4432,head_tail_windows,1,AUTH_03,5
chat_packet_210,chat_annotation_packets_jaleo/packets/chat_packet_210.md,chat_annotation_packets_jaleo/packets/chat_packet_210.json,1045,JALEO_1985_10::A6,EVOLUTION IN CARMEN AMAYA'S FLAMENCO STYLE AS PERCEIVED,jaleo,JALEO_1985_10,en,other,3906,head_tail_windows,1,AUTH_03,1
chat_packet_210,chat_annotation_packets_jaleo/packets/chat_packet_210.md,chat_annotation_packets_jaleo/packets/chat_packet_210.json,1046,JALEO_1985_10::A7,BY THE CRITICS,jaleo,JALEO_1985_10,en,other,2068,full,0,,2
chat_packet_210,chat_annotation_packets_jaleo/packets/chat_packet_210.md,chat_annotation_packets_jaleo/packets/chat_packet_210.json,1047,JALEO_1985_10::A8,XIV CERTAMEN NACIONAL DE GUITARRA FLAMENCA,jaleo,JALEO_1985_10,en,article,3389,head_tail_windows,1,HERIT_03,3
chat_packet_210,chat_annotation_packets_jaleo/packets/chat_packet_210.md,chat_annotation_packets_jaleo/packets/chat_packet_210.json,1048,JALEO_1985_10::A9,ANTONIO GADES UPDATES,jaleo,JALEO_1985_10,en,other,3424,head_tail_windows,1,COMM_02,4
chat_packet_210,chat_annotation_packets_jaleo/packets/chat_packet_210.md,chat_annotation_packets_jaleo/packets/chat_packet_210.json,1049,JALEO_1985_10::A10,THE SHAH SPEAKETH,jaleo,JALEO_1985_10,en,other,3293,head_tail_windows,1,PED_02,5
chat_packet_211,chat_annotation_packets_jaleo/packets/chat_packet_211.md,chat_annotation_packets_jaleo/packets/chat_packet_211.json,1050,JALEO_1985_10::A11,MORCA SOBRE EL BAILE,jaleo,JALEO_1985_10,en,other,2504,full,0,,1
chat_packet_211,chat_annotation_packets_jaleo/packets/chat_packet_211.md,chat_annotation_packets_jaleo/packets/chat_packet_211.json,1051,JALEO_1985_10::A12,JUAN VAREA: IN MEMORIUM,jaleo,JALEO_1985_10,en,other,840,full,0,,2
chat_packet_211,chat_annotation_packets_jaleo/packets/chat_packet_211.md,chat_annotation_packets_jaleo/packets/chat_packet_211.json,1052,JALEO_1985_10::A13,GUAJIRAS DE LUCIA,jaleo,JALEO_1985_10,en,other,94,full,0,,3
chat_packet_211,chat_annotation_packets_jaleo/packets/chat_packet_211.md,chat_annotation_packets_jaleo/packets/chat_packet_211.json,1053,JALEO_1985_10::A14,EL MORAO,jaleo,JALEO_1985_10,en,other,1857,full,0,,4
chat_packet_211,chat_annotation_packets_jaleo/packets/chat_packet_211.md,chat_annotation_packets_jaleo/packets/chat_packet_211.json,1054,JALEO_1985_10::A15,JEREZ POR EL MUNDO,jaleo,JALEO_1985_10,en,poem,3358,head_tail_windows,1,COMM_04,5
chat_packet_212,chat_annotation_packets_jaleo/packets/chat_packet_212.md,chat_annotation_packets_jaleo/packets/chat_packet_212.json,1055,JALEO_1985_10::A17,GUILLERMO RIOS,jaleo,JALEO_1985_10,en,other,2852,head_tail_windows,1,PED_03,1
chat_packet_212,chat_annotation_packets_jaleo/packets/chat_packet_212.md,chat_annotation_packets_jaleo/packets/chat_packet_212.json,1056,JALEO_1985_10::A18,REVIEWS,jaleo,JALEO_1985_10,en,other,296,full,0,,2
chat_packet_212,chat_annotation_packets_jaleo/packets/chat_packet_212.md,chat_annotation_packets_jaleo/packets/chat_packet_212.json,1057,JALEO_1988_09::A1,REINVENTING AND FUSING FLAMENCO,jaleo,JALEO_1988_09,en,other,2032,full,0,,3
chat_packet_212,chat_annotation_packets_jaleo/packets/chat_packet_212.md,chat_annotation_packets_jaleo/packets/chat_packet_212.json,1058,JALEO_1988_09::A2,LETTERS,jaleo,JALEO_1988_09,en,other,2775,full,0,,4
chat_packet_212,chat_annotation_packets_jaleo/packets/chat_packet_212.md,chat_annotation_packets_jaleo/packets/chat_packet_212.json,1059,JALEO_1988_09::A3,ENRIQUE DE MELCHORE: INTERVIEW,jaleo,JALEO_1988_09,en,other,2693,head_tail_windows,1,CRIT_03,5
chat_packet_213,chat_annotation_packets_jaleo/packets/chat_packet_213.md,chat_annotation_packets_jaleo/packets/chat_packet_213.json,1060,JALEO_1988_09::A4,DIEGO PEÑA “EL LAGAÑA”,jaleo,JALEO_1988_09,en,other,3266,head_tail_windows,1,COMM_04,1
chat_packet_213,chat_annotation_packets_jaleo/packets/chat_packet_213.md,chat_annotation_packets_jaleo/packets/chat_packet_213.json,1061,JALEO_1988_09::A5,FESTIVAL OF OJEN,jaleo,JALEO_1988_09,en,other,3789,head_tail_windows,1,COMM_02,2
chat_packet_213,chat_annotation_packets_jaleo/packets/chat_packet_213.md,chat_annotation_packets_jaleo/packets/chat_packet_213.json,1062,JALEO_1988_09::A6,ANTONIO,jaleo,JALEO_1988_09,en,other,1600,full,0,,3
chat_packet_213,chat_annotation_packets_jaleo/packets/chat_packet_213.md,chat_annotation_packets_jaleo/packets/chat_packet_213.json,1063,JALEO_1988_09::A7,LA MERI,jaleo,JALEO_1988_09,en,other,2078,full,0,,4
chat_packet_213,chat_annotation_packets_jaleo/packets/chat_packet_213.md,chat_annotation_packets_jaleo/packets/chat_packet_213.json,1064,JALEO_1988_09::A8,FOREIGN GUITARISTS IN MADRID,jaleo,JALEO_1988_09,en,article,3559,head_tail_windows,1,COMM_04,5
chat_packet_214,chat_annotation_packets_jaleo/packets/chat_packet_214.md,chat_annotation_packets_jaleo/packets/chat_packet_214.json,1065,JALEO_1988_09::A9,ALBORADA FLAMENCA,jaleo,JALEO_1988_09,en,other,5455,full,0,,1
chat_packet_214,chat_annotation_packets_jaleo/packets/chat_packet_214.md,chat_annotation_packets_jaleo/packets/chat_packet_214.json,1066,JALEO_1988_09::A10,FLAMENCO AROUND THE WORLD,jaleo,JALEO_1988_09,en,other,3650,full,0,,2
chat_packet_214,chat_annotation_packets_jaleo/packets/chat_packet_214.md,chat_annotation_packets_jaleo/packets/chat_packet_214.json,1067,JALEO_1988_09::A11,MORCA SOBRE EL BAILE,jaleo,JALEO_1988_09,en,poem,4630,full,0,,3
chat_packet_214,chat_annotation_packets_jaleo/packets/chat_packet_214.md,chat_annotation_packets_jaleo/packets/chat_packet_214.json,1068,JALEO_1988_09::A12,GAZPACHO DE GUILLEROMO,jaleo,JALEO_1988_09,en,other,1523,full,0,,4
chat_packet_214,chat_annotation_packets_jaleo/packets/chat_packet_214.md,chat_annotation_packets_jaleo/packets/chat_packet_214.json,1069,JALEO_1988_09::A13,RECORD & BOOK REVIEWS,jaleo,JALEO_1988_09,en,other,3327,head_tail_windows,1,COMM_04,5
chat_packet_215,chat_annotation_packets_jaleo/packets/chat_packet_215.md,chat_annotation_packets_jaleo/packets/chat_packet_215.json,1070,JALEO_1988_09::A15,REVIEWS,jaleo,JALEO_1988_09,en,poem,3491,head_tail_windows,1,PED_02,1
chat_packet_215,chat_annotation_packets_jaleo/packets/chat_packet_215.md,chat_annotation_packets_jaleo/packets/chat_packet_215.json,1071,JALEO_1989_03::A1,LOLE REUNITED WITH MANUEL,jaleo,JALEO_1989_03,en,other,3733,full,0,,2
chat_packet_215,chat_annotation_packets_jaleo/packets/chat_packet_215.md,chat_annotation_packets_jaleo/packets/chat_packet_215.json,1072,JALEO_1989_03::A2,EDITORIAL,jaleo,JALEO_1989_03,en,other,1234,full,0,,3
chat_packet_215,chat_annotation_packets_jaleo/packets/chat_packet_215.md,chat_annotation_packets_jaleo/packets/chat_packet_215.json,1073,JALEO_1989_03::A3,LETTERS,jaleo,JALEO_1989_03,en,other,3866,full,0,,4
chat_packet_215,chat_annotation_packets_jaleo/packets/chat_packet_215.md,chat_annotation_packets_jaleo/packets/chat_packet_215.json,1074,JALEO_1989_03::A4,PACO DE LUCIA,jaleo,JALEO_1989_03,en,other,2678,head_tail_windows,1,PED_03,5
chat_packet_216,chat_annotation_packets_jaleo/packets/chat_packet_216.md,chat_annotation_packets_jaleo/packets/chat_packet_216.json,1075,JALEO_1989_03::A5,EL FARRUCO,jaleo,JALEO_1989_03,en,other,1075,full,0,,1
chat_packet_216,chat_annotation_packets_jaleo/packets/chat_packet_216.md,chat_annotation_packets_jaleo/packets/chat_packet_216.json,1076,JALEO_1989_03::A6,CANARY YELLOW COFFIN,jaleo,JALEO_1989_03,en,other,5720,full,0,,2
chat_packet_216,chat_annotation_packets_jaleo/packets/chat_packet_216.md,chat_annotation_packets_jaleo/packets/chat_packet_216.json,1077,JALEO_1989_03::A7,FLAMENCO IN JAPAN,jaleo,JALEO_1989_03,en,other,2836,head_tail_windows,1,PED_02,3
chat_packet_216,chat_annotation_packets_jaleo/packets/chat_packet_216.md,chat_annotation_packets_jaleo/packets/chat_packet_216.json,1078,JALEO_1989_03::A8,A DANCING FAMILY,jaleo,JALEO_1989_03,en,other,4147,head_tail_windows,2,"COMM_02, HERIT_03",4
chat_packet_216,chat_annotation_packets_jaleo/packets/chat_packet_216.md,chat_annotation_packets_jaleo/packets/chat_packet_216.json,1079,JALEO_1989_03::A9,MORCA: 10TH ANNIVERSAY WORKSHOP,jaleo,JALEO_1989_03,en,other,5125,full,0,,5
chat_packet_217,chat_annotation_packets_jaleo/packets/chat_packet_217.md,chat_annotation_packets_jaleo/packets/chat_packet_217.json,1080,JALEO_1989_03::A10,MORCA: SOBRE EL BAILE,jaleo,JALEO_1989_03,en,other,3624,full,0,,1
chat_packet_217,chat_annotation_packets_jaleo/packets/chat_packet_217.md,chat_annotation_packets_jaleo/packets/chat_packet_217.json,1081,JALEO_1989_03::A11,GAZPACHO DE GUILLERMO,jaleo,JALEO_1989_03,en,other,2589,head_tail_windows,1,PED_02,2
chat_packet_217,chat_annotation_packets_jaleo/packets/chat_packet_217.md,chat_annotation_packets_jaleo/packets/chat_packet_217.json,1082,JALEO_1989_03::A13,RYSS REPORT,jaleo,JALEO_1989_03,en,article,3333,head_tail_windows,1,CRIT_03,3
chat_packet_217,chat_annotation_packets_jaleo/packets/chat_packet_217.md,chat_annotation_packets_jaleo/packets/chat_packet_217.json,1083,JALEO_1989_03::A14,PROFILES,jaleo,JALEO_1989_03,en,other,5823,full,0,,4
chat_packet_217,chat_annotation_packets_jaleo/packets/chat_packet_217.md,chat_annotation_packets_jaleo/packets/chat_packet_217.json,1084,JALEO_1989_03::A15,REVIEWS,jaleo,JALEO_1989_03,en,poem,4378,head_tail_windows,1,CRIT_03,5
chat_packet_218,chat_annotation_packets_jaleo/packets/chat_packet_218.md,chat_annotation_packets_jaleo/packets/chat_packet_218.json,1085,JALEO_1989_03::A16,PRESS RELEASES,jaleo,JALEO_1989_03,en,other,3593,head_tail_windows,1,CRIT_03,1
chat_packet_218,chat_annotation_packets_jaleo/packets/chat_packet_218.md,chat_annotation_packets_jaleo/packets/chat_packet_218.json,1086,JALEO_1989_03::A17,SAN DIEGO SCENE,jaleo,JALEO_1989_03,en,poem,2517,full,0,,2
chat_packet_218,chat_annotation_packets_jaleo/packets/chat_packet_218.md,chat_annotation_packets_jaleo/packets/chat_packet_218.json,1087,JALEO_1990_04::A1,ZORONGO FLAMENCO,jaleo,JALEO_1990_04,en,other,5244,full,0,,3
chat_packet_218,chat_annotation_packets_jaleo/packets/chat_packet_218.md,chat_annotation_packets_jaleo/packets/chat_packet_218.json,1088,JALEO_1990_04::A2,EDITORIAL,jaleo,JALEO_1990_04,en,other,3116,full,0,,4
chat_packet_218,chat_annotation_packets_jaleo/packets/chat_packet_218.md,chat_annotation_packets_jaleo/packets/chat_packet_218.json,1089,JALEO_1990_04::A3,LETTERS,jaleo,JALEO_1990_04,en,other,1511,full,0,,5
chat_packet_219,chat_annotation_packets_jaleo/packets/chat_packet_219.md,chat_annotation_packets_jaleo/packets/chat_packet_219.json,1090,JALEO_1990_04::A4,PUNTO DE VISTA,jaleo,JALEO_1990_04,en,other,5381,full,0,,1
chat_packet_219,chat_annotation_packets_jaleo/packets/chat_packet_219.md,chat_annotation_packets_jaleo/packets/chat_packet_219.json,1091,JALEO_1990_04::A5,JUAN MARTIN IN AMERICA,jaleo,JALEO_1990_04,en,poem,2698,head_tail_windows,1,PED_01,2
chat_packet_219,chat_annotation_packets_jaleo/packets/chat_packet_219.md,chat_annotation_packets_jaleo/packets/chat_packet_219.json,1092,JALEO_1990_04::A6,SPANISH WANDERINGS,jaleo,JALEO_1990_04,en,poem,4457,head_tail_windows,1,COMM_03,3
chat_packet_219,chat_annotation_packets_jaleo/packets/chat_packet_219.md,chat_annotation_packets_jaleo/packets/chat_packet_219.json,1093,JALEO_1990_04::A7,FROM THE MOUTHS OF THE ARTISTS,jaleo,JALEO_1990_04,en,other,2570,head_tail_windows,1,COMM_04,4
chat_packet_219,chat_annotation_packets_jaleo/packets/chat_packet_219.md,chat_annotation_packets_jaleo/packets/chat_packet_219.json,1094,JALEO_1990_04::A9,MORCA: SOBRE EL BAILE,jaleo,JALEO_1990_04,en,other,5681,full,0,,5
chat_packet_220,chat_annotation_packets_jaleo/packets/chat_packet_220.md,chat_annotation_packets_jaleo/packets/chat_packet_220.json,1095,JALEO_1990_04::A10,FLAMENCO IN JAPAN,jaleo,JALEO_1990_04,en,other,3383,full,0,,1
chat_packet_220,chat_annotation_packets_jaleo/packets/chat_packet_220.md,chat_annotation_packets_jaleo/packets/chat_packet_220.json,1096,JALEO_1990_04::A11,BECOMING A FLAMENCO DANCER,jaleo,JALEO_1990_04,en,other,3062,full,0,,2
chat_packet_220,chat_annotation_packets_jaleo/packets/chat_packet_220.md,chat_annotation_packets_jaleo/packets/chat_packet_220.json,1097,JALEO_1990_04::A12,MARIA DEL CARMEN: DANCE MEMORIES PERSONALITIES:,jaleo,JALEO_1990_04,en,other,5611,full,0,,3
chat_packet_220,chat_annotation_packets_jaleo/packets/chat_packet_220.md,chat_annotation_packets_jaleo/packets/chat_packet_220.json,1098,JALEO_1990_04::A13,•MARIA LORETA,jaleo,JALEO_1990_04,en,other,3413,full,0,,4
chat_packet_220,chat_annotation_packets_jaleo/packets/chat_packet_220.md,chat_annotation_packets_jaleo/packets/chat_packet_220.json,1099,JALEO_1990_04::A15,•MARINA KEET,jaleo,JALEO_1990_04,en,other,1862,full,0,,5
chat_packet_221,chat_annotation_packets_jaleo/packets/chat_packet_221.md,chat_annotation_packets_jaleo/packets/chat_packet_221.json,1100,JALEO_1990_04::A16,•ROSA MONTOYA,jaleo,JALEO_1990_04,en,other,2704,head_tail_windows,1,CRIT_01,1
chat_packet_221,chat_annotation_packets_jaleo/packets/chat_packet_221.md,chat_annotation_packets_jaleo/packets/chat_packet_221.json,1101,JALEO_1990_04::A17,•PILAR RIOJA,jaleo,JALEO_1990_04,en,other,1705,full,0,,2
chat_packet_221,chat_annotation_packets_jaleo/packets/chat_packet_221.md,chat_annotation_packets_jaleo/packets/chat_packet_221.json,1102,JALEO_1990_04::A18,•LA CONJA,jaleo,JALEO_1990_04,en,other,1332,full,0,,3
chat_packet_221,chat_annotation_packets_jaleo/packets/chat_packet_221.md,chat_annotation_packets_jaleo/packets/chat_packet_221.json,1103,JALEO_1990_04::A19,•LEGENDARY DANCE STUDIO,jaleo,JALEO_1990_04,en,other,4419,full,0,,4
chat_packet_221,chat_annotation_packets_jaleo/packets/chat_packet_221.md,chat_annotation_packets_jaleo/packets/chat_packet_221.json,1104,JALEO_1990_04::A20,BOOK REVIEWS,jaleo,JALEO_1990_04,en,other,2905,head_tail_windows,1,COMM_04,5
chat_packet_222,chat_annotation_packets_jaleo/packets/chat_packet_222.md,chat_annotation_packets_jaleo/packets/chat_packet_222.json,1105,JALEO_1990_04::A21,PERFORMANCE REVIEWS,jaleo,JALEO_1990_04,en,other,2832,head_tail_windows,1,COMM_03,1
chat_packet_222,chat_annotation_packets_jaleo/packets/chat_packet_222.md,chat_annotation_packets_jaleo/packets/chat_packet_222.json,1106,JALEO_1990_04::A22,RYSS REPORT,jaleo,JALEO_1990_04,en,article,3056,head_tail_windows,1,CRIT_02,2
chat_packet_222,chat_annotation_packets_jaleo/packets/chat_packet_222.md,chat_annotation_packets_jaleo/packets/chat_packet_222.json,1107,JALEO_1990_04::A23,JUERGAS,jaleo,JALEO_1990_04,en,poem,4018,full,0,,3
chat_packet_222,chat_annotation_packets_jaleo/packets/chat_packet_222.md,chat_annotation_packets_jaleo/packets/chat_packet_222.json,1108,JALEO_1991_07::A1,Letters and Avisos..... 2-,jaleo,JALEO_1991_07,en,other,2032,full,0,,4
chat_packet_222,chat_annotation_packets_jaleo/packets/chat_packet_222.md,chat_annotation_packets_jaleo/packets/chat_packet_222.json,1109,JALEO_1991_07::A2,"Cover: Carmen Amaya, oil on wood, by Luisa Triana",jaleo,JALEO_1991_07,en,other,5896,full,0,,5
chat_packet_223,chat_annotation_packets_jaleo/packets/chat_packet_223.md,chat_annotation_packets_jaleo/packets/chat_packet_223.json,1110,JALEO_1991_07::A3,Books in Review,jaleo,JALEO_1991_07,en,other,4330,full,0,,1
chat_packet_223,chat_annotation_packets_jaleo/packets/chat_packet_223.md,chat_annotation_packets_jaleo/packets/chat_packet_223.json,1111,JALEO_1991_07::A4,San Diego Scene,jaleo,JALEO_1991_07,en,other,5282,full,0,,2
chat_packet_223,chat_annotation_packets_jaleo/packets/chat_packet_223.md,chat_annotation_packets_jaleo/packets/chat_packet_223.json,1112,JALEO_1991_07::A5,Vicente Romero,jaleo,JALEO_1991_07,en,poem,2860,full,0,,3
chat_packet_223,chat_annotation_packets_jaleo/packets/chat_packet_223.md,chat_annotation_packets_jaleo/packets/chat_packet_223.json,1113,JALEO_1991_07::A6,Maria Benitez in Santa Fe,jaleo,JALEO_1991_07,en,other,3753,head_tail_windows,2,"COMM_02, CRIT_01",4
chat_packet_223,chat_annotation_packets_jaleo/packets/chat_packet_223.md,chat_annotation_packets_jaleo/packets/chat_packet_223.json,1114,JALEO_1991_07::A7,Carmona Flamenco,jaleo,JALEO_1991_07,en,other,49,full,0,,5
chat_packet_224,chat_annotation_packets_jaleo/packets/chat_packet_224.md,chat_annotation_packets_jaleo/packets/chat_packet_224.json,1115,JALEO_1991_07::A8,On Stage,jaleo,JALEO_1991_07,en,other,1498,full,0,,1
chat_packet_224,chat_annotation_packets_jaleo/packets/chat_packet_224.md,chat_annotation_packets_jaleo/packets/chat_packet_224.json,1116,JALEO_1991_07::A9,Fundacion Andaluzas de Flamenco,jaleo,JALEO_1991_07,en,poem,4486,full,0,,2
chat_packet_224,chat_annotation_packets_jaleo/packets/chat_packet_224.md,chat_annotation_packets_jaleo/packets/chat_packet_224.json,1117,JALEO_1991_07::A10,III Seminario Internacional de Guitarra Flamenco,jaleo,JALEO_1991_07,en,article,344,full,0,,3
chat_packet_224,chat_annotation_packets_jaleo/packets/chat_packet_224.md,chat_annotation_packets_jaleo/packets/chat_packet_224.json,1118,JALEO_1991_07::A11,"New York, New York",jaleo,JALEO_1991_07,en,other,5504,full,0,,4
chat_packet_224,chat_annotation_packets_jaleo/packets/chat_packet_224.md,chat_annotation_packets_jaleo/packets/chat_packet_224.json,1119,JALEO_1991_10::A2,Workshop.....2-,jaleo,JALEO_1991_10,en,other,2923,head_tail_windows,1,COMM_02,5
chat_packet_225,chat_annotation_packets_jaleo/packets/chat_packet_225.md,chat_annotation_packets_jaleo/packets/chat_packet_225.json,1120,JALEO_1991_10::A3,Epochs of Flamenco History.....4-,jaleo,JALEO_1991_10,en,other,5993,full,0,,1
chat_packet_225,chat_annotation_packets_jaleo/packets/chat_packet_225.md,chat_annotation_packets_jaleo/packets/chat_packet_225.json,1121,JALEO_1991_10::A4,Interview: Joaquin Ruiz.....8-,jaleo,JALEO_1991_10,en,poem,2732,head_tail_windows,1,COMM_04,2
chat_packet_225,chat_annotation_packets_jaleo/packets/chat_packet_225.md,chat_annotation_packets_jaleo/packets/chat_packet_225.json,1122,JALEO_1991_10::A5,Flamenco at the Picacho - in Retrospect.....10-,jaleo,JALEO_1991_10,en,other,2733,full,0,,3
chat_packet_225,chat_annotation_packets_jaleo/packets/chat_packet_225.md,chat_annotation_packets_jaleo/packets/chat_packet_225.json,1123,JALEO_1991_10::A6,On Stage: Paco Peña in Australia,jaleo,JALEO_1991_10,en,other,38,full,0,,4
chat_packet_225,chat_annotation_packets_jaleo/packets/chat_packet_225.md,chat_annotation_packets_jaleo/packets/chat_packet_225.json,1124,JALEO_1991_10::A7,Paco de Lucia,jaleo,JALEO_1991_10,en,other,1211,full,0,,5
chat_packet_226,chat_annotation_packets_jaleo/packets/chat_packet_226.md,chat_annotation_packets_jaleo/packets/chat_packet_226.json,1125,JALEO_1991_10::A8,Flamenco Festival in Santa Barbara - A Review,jaleo,JALEO_1991_10,en,other,5123,full,0,,1
chat_packet_226,chat_annotation_packets_jaleo/packets/chat_packet_226.md,chat_annotation_packets_jaleo/packets/chat_packet_226.json,1126,JALEO_1991_10::A9,What's Happening in Spain,jaleo,JALEO_1991_10,en,other,5086,full,0,,2
chat_packet_226,chat_annotation_packets_jaleo/packets/chat_packet_226.md,chat_annotation_packets_jaleo/packets/chat_packet_226.json,1127,JALEO_1991_10::A10,Dice Don Quixote,jaleo,JALEO_1991_10,en,other,4676,full,0,,3
chat_packet_226,chat_annotation_packets_jaleo/packets/chat_packet_226.md,chat_annotation_packets_jaleo/packets/chat_packet_226.json,1128,JALEO_1992_01::A2,Fountain Theatre,jaleo,JALEO_1992_01,en,poem,4635,full,0,,4
chat_packet_226,chat_annotation_packets_jaleo/packets/chat_packet_226.md,chat_annotation_packets_jaleo/packets/chat_packet_226.json,1129,JALEO_1992_01::A3,Review: Jose Molina,jaleo,JALEO_1992_01,en,other,2795,head_tail_windows,1,COMM_03,5
chat_packet_227,chat_annotation_packets_jaleo/packets/chat_packet_227.md,chat_annotation_packets_jaleo/packets/chat_packet_227.json,1130,JALEO_1992_01::A4,Interview: An American in Spain: Tania Leullieux,jaleo,JALEO_1992_01,en,other,2752,head_tail_windows,1,PED_03,1
chat_packet_227,chat_annotation_packets_jaleo/packets/chat_packet_227.md,chat_annotation_packets_jaleo/packets/chat_packet_227.json,1131,JALEO_1992_01::A5,Review: Videos de la Luz,jaleo,JALEO_1992_01,en,other,3635,head_tail_windows,1,PED_03,2
chat_packet_227,chat_annotation_packets_jaleo/packets/chat_packet_227.md,chat_annotation_packets_jaleo/packets/chat_packet_227.json,1132,JALEO_1992_01::A6,Confessions of Paco de Lucia,jaleo,JALEO_1992_01,en,other,2549,head_tail_windows,1,PED_01,3
chat_packet_227,chat_annotation_packets_jaleo/packets/chat_packet_227.md,chat_annotation_packets_jaleo/packets/chat_packet_227.json,1133,JALEO_1992_01::A7,Dice Don Quijote,jaleo,JALEO_1992_01,en,other,2983,head_tail_windows,1,CRIT_03,4
chat_packet_227,chat_annotation_packets_jaleo/packets/chat_packet_227.md,chat_annotation_packets_jaleo/packets/chat_packet_227.json,1134,JALEO_1992_04::A1,Avisos,jaleo,JALEO_1992_04,en,other,762,full,0,,5
chat_packet_228,chat_annotation_packets_jaleo/packets/chat_packet_228.md,chat_annotation_packets_jaleo/packets/chat_packet_228.json,1135,JALEO_1992_04::A2,Solera Flamenco Dance Company,jaleo,JALEO_1992_04,en,other,923,full,0,,1
chat_packet_228,chat_annotation_packets_jaleo/packets/chat_packet_228.md,chat_annotation_packets_jaleo/packets/chat_packet_228.json,1136,JALEO_1992_04::A3,Dance Reviews,jaleo,JALEO_1992_04,en,other,589,full,0,,2
chat_packet_228,chat_annotation_packets_jaleo/packets/chat_packet_228.md,chat_annotation_packets_jaleo/packets/chat_packet_228.json,1137,JALEO_1992_04::A4,Book Reviews,jaleo,JALEO_1992_04,en,poem,3697,head_tail_windows,1,CRIT_03,3
chat_packet_228,chat_annotation_packets_jaleo/packets/chat_packet_228.md,chat_annotation_packets_jaleo/packets/chat_packet_228.json,1138,JALEO_1992_04::A5,"""Juerga Sevillana""",jaleo,JALEO_1992_04,en,other,3691,head_tail_windows,1,PED_02,4
chat_packet_228,chat_annotation_packets_jaleo/packets/chat_packet_228.md,chat_annotation_packets_jaleo/packets/chat_packet_228.json,1139,JALEO_1992_04::A6,Sur Express - Debate,jaleo,JALEO_1992_04,en,other,3152,head_tail_windows,1,PED_02,5
chat_packet_229,chat_annotation_packets_jaleo/packets/chat_packet_229.md,chat_annotation_packets_jaleo/packets/chat_packet_229.json,1140,JALEO_1992_04::A7,Questions and Answers,jaleo,JALEO_1992_04,en,other,2981,head_tail_windows,1,COMM_04,1
chat_packet_229,chat_annotation_packets_jaleo/packets/chat_packet_229.md,chat_annotation_packets_jaleo/packets/chat_packet_229.json,1141,JALEO_1992_04::A8,Retratos,jaleo,JALEO_1992_04,en,other,2958,head_tail_windows,1,AUTH_03,2
chat_packet_229,chat_annotation_packets_jaleo/packets/chat_packet_229.md,chat_annotation_packets_jaleo/packets/chat_packet_229.json,1142,JALEO_1986_FALL::A1,PACO DE LUCIA,jaleo,JALEO_1986_FALL,en,other,5193,full,0,,3
chat_packet_229,chat_annotation_packets_jaleo/packets/chat_packet_229.md,chat_annotation_packets_jaleo/packets/chat_packet_229.json,1143,JALEO_1986_FALL::A2,LETTERS,jaleo,JALEO_1986_FALL,en,other,3404,full,0,,4
chat_packet_229,chat_annotation_packets_jaleo/packets/chat_packet_229.md,chat_annotation_packets_jaleo/packets/chat_packet_229.json,1144,JALEO_1986_FALL::A3,PUNTO DE VISTA,jaleo,JALEO_1986_FALL,en,other,2636,head_tail_windows,1,PED_01,5
chat_packet_230,chat_annotation_packets_jaleo/packets/chat_packet_230.md,chat_annotation_packets_jaleo/packets/chat_packet_230.json,1145,JALEO_1986_FALL::A4,FLAMENCO PURO,jaleo,JALEO_1986_FALL,en,poem,2905,head_tail_windows,1,HERIT_03,1
chat_packet_230,chat_annotation_packets_jaleo/packets/chat_packet_230.md,chat_annotation_packets_jaleo/packets/chat_packet_230.json,1146,JALEO_1986_FALL::A5,"A WREATH OF POPPIES FOR ""EL MELLIZO""",jaleo,JALEO_1986_FALL,en,other,3907,full,0,,2
chat_packet_230,chat_annotation_packets_jaleo/packets/chat_packet_230.md,chat_annotation_packets_jaleo/packets/chat_packet_230.json,1147,JALEO_1986_FALL::A6,THE GREAT CANALEJAS,jaleo,JALEO_1986_FALL,en,other,1650,full,0,,3
chat_packet_230,chat_annotation_packets_jaleo/packets/chat_packet_230.md,chat_annotation_packets_jaleo/packets/chat_packet_230.json,1148,JALEO_1986_FALL::A7,NEWS FROM SPAIN,jaleo,JALEO_1986_FALL,en,other,1395,full,0,,4
chat_packet_230,chat_annotation_packets_jaleo/packets/chat_packet_230.md,chat_annotation_packets_jaleo/packets/chat_packet_230.json,1149,JALEO_1986_FALL::A8,"NEWS FROM NIEMES, FRANCE",jaleo,JALEO_1986_FALL,en,other,571,full,0,,5
chat_packet_231,chat_annotation_packets_jaleo/packets/chat_packet_231.md,chat_annotation_packets_jaleo/packets/chat_packet_231.json,1150,JALEO_1986_FALL::A9,DANCE STUDENTS' CORNER,jaleo,JALEO_1986_FALL,en,other,3498,full,0,,1
chat_packet_231,chat_annotation_packets_jaleo/packets/chat_packet_231.md,chat_annotation_packets_jaleo/packets/chat_packet_231.json,1151,JALEO_1986_FALL::A10,INTERNATIONAL SUMMER COURSES,jaleo,JALEO_1986_FALL,en,other,637,full,0,,2
chat_packet_231,chat_annotation_packets_jaleo/packets/chat_packet_231.md,chat_annotation_packets_jaleo/packets/chat_packet_231.json,1152,JALEO_1986_FALL::A11,FLAMENCO SHEET MUSIC,jaleo,JALEO_1986_FALL,en,other,3038,full,0,,3
chat_packet_231,chat_annotation_packets_jaleo/packets/chat_packet_231.md,chat_annotation_packets_jaleo/packets/chat_packet_231.json,1153,JALEO_1986_FALL::A12,FLAMENCO IN SAN ANTONIO,jaleo,JALEO_1986_FALL,en,other,4158,full,0,,4
chat_packet_231,chat_annotation_packets_jaleo/packets/chat_packet_231.md,chat_annotation_packets_jaleo/packets/chat_packet_231.json,1154,JALEO_1986_FALL::A13,FLAMENCO IN BOSTON,jaleo,JALEO_1986_FALL,en,other,660,full,0,,5
chat_packet_232,chat_annotation_packets_jaleo/packets/chat_packet_232.md,chat_annotation_packets_jaleo/packets/chat_packet_232.json,1155,JALEO_1986_FALL::A14,FLAMENCO IN THE BAY AREA,jaleo,JALEO_1986_FALL,en,poem,3026,full,0,,1
chat_packet_232,chat_annotation_packets_jaleo/packets/chat_packet_232.md,chat_annotation_packets_jaleo/packets/chat_packet_232.json,1156,JALEO_1986_FALL::A15,FLAMENCO FOR SENIORS -- OLE,jaleo,JALEO_1986_FALL,en,other,1194,full,0,,2
chat_packet_232,chat_annotation_packets_jaleo/packets/chat_packet_232.md,chat_annotation_packets_jaleo/packets/chat_packet_232.json,1157,JALEO_1986_FALL::A16,BACK STAGE WITH BALLET MADRID,jaleo,JALEO_1986_FALL,en,other,5344,full,0,,3
chat_packet_232,chat_annotation_packets_jaleo/packets/chat_packet_232.md,chat_annotation_packets_jaleo/packets/chat_packet_232.json,1158,JALEO_1986_FALL::A17,MORCA SOBRE EL BAILE,jaleo,JALEO_1986_FALL,en,other,5566,full,0,,4
chat_packet_232,chat_annotation_packets_jaleo/packets/chat_packet_232.md,chat_annotation_packets_jaleo/packets/chat_packet_232.json,1159,JALEO_1986_FALL::A18,RYSS REPORT,jaleo,JALEO_1986_FALL,en,article,5090,full,0,,5
chat_packet_233,chat_annotation_packets_jaleo/packets/chat_packet_233.md,chat_annotation_packets_jaleo/packets/chat_packet_233.json,1160,JALEO_1986_FALL::A19,PRESS RELEASES,jaleo,JALEO_1986_FALL,en,poem,4134,full,0,,1
chat_packet_233,chat_annotation_packets_jaleo/packets/chat_packet_233.md,chat_annotation_packets_jaleo/packets/chat_packet_233.json,1161,JALEO_1986_FALL::A20,REVIEWS,jaleo,JALEO_1986_FALL,en,poem,3414,head_tail_windows,1,PED_03,2
chat_packet_233,chat_annotation_packets_jaleo/packets/chat_packet_233.md,chat_annotation_packets_jaleo/packets/chat_packet_233.json,1162,JALEO_1986_FALL::A21,ON THE FERIA CIRCUIT,jaleo,JALEO_1986_FALL,en,other,3169,head_tail_windows,1,PED_02,3
chat_packet_233,chat_annotation_packets_jaleo/packets/chat_packet_233.md,chat_annotation_packets_jaleo/packets/chat_packet_233.json,1163,JALEO_1986_FALL::A22,FLAMENCO IN NORTHERN CALIFORNIA,jaleo,JALEO_1986_FALL,en,other,1290,full,0,,4
chat_packet_233,chat_annotation_packets_jaleo/packets/chat_packet_233.md,chat_annotation_packets_jaleo/packets/chat_packet_233.json,1164,JALEO_1986_FALL::A23,SAN DIEGO SCENE,jaleo,JALEO_1986_FALL,en,other,3792,full,0,,5
chat_packet_234,chat_annotation_packets_jaleo/packets/chat_packet_234.md,chat_annotation_packets_jaleo/packets/chat_packet_234.json,1165,JALEO_1985_SPRING::A1,THE MAGIC TOQUE OF FLAMENCO,jaleo,JALEO_1985_SPRING,en,other,5089,full,0,,1
chat_packet_234,chat_annotation_packets_jaleo/packets/chat_packet_234.md,chat_annotation_packets_jaleo/packets/chat_packet_234.json,1166,JALEO_1985_SPRING::A2,LETTERS,jaleo,JALEO_1985_SPRING,en,other,5486,full,0,,2
chat_packet_234,chat_annotation_packets_jaleo/packets/chat_packet_234.md,chat_annotation_packets_jaleo/packets/chat_packet_234.json,1167,JALEO_1985_SPRING::A3,"MARIA ""LA PERRATA""",jaleo,JALEO_1985_SPRING,en,other,2829,head_tail_windows,1,CRIT_03,3
chat_packet_234,chat_annotation_packets_jaleo/packets/chat_packet_234.md,chat_annotation_packets_jaleo/packets/chat_packet_234.json,1168,JALEO_1985_SPRING::A4,FLAMENCO IN ISRAEL: DALIA LOW,jaleo,JALEO_1985_SPRING,en,other,820,full,0,,4
chat_packet_234,chat_annotation_packets_jaleo/packets/chat_packet_234.md,chat_annotation_packets_jaleo/packets/chat_packet_234.json,1169,JALEO_1985_SPRING::A5,FLAMENCO: PART II--THE MODERN ERA,jaleo,JALEO_1985_SPRING,en,poem,2857,head_tail_windows,1,COMM_04,5
chat_packet_235,chat_annotation_packets_jaleo/packets/chat_packet_235.md,chat_annotation_packets_jaleo/packets/chat_packet_235.json,1170,JALEO_1985_SPRING::A6,"ANTONIO PEREZ ""EL PERRO DE PATERNA""",jaleo,JALEO_1985_SPRING,en,other,3823,full,0,,1
chat_packet_235,chat_annotation_packets_jaleo/packets/chat_packet_235.md,chat_annotation_packets_jaleo/packets/chat_packet_235.json,1171,JALEO_1985_SPRING::A7,THE VOICE OF MERENGUITO,jaleo,JALEO_1985_SPRING,en,other,2102,full,0,,2
chat_packet_235,chat_annotation_packets_jaleo/packets/chat_packet_235.md,chat_annotation_packets_jaleo/packets/chat_packet_235.json,1172,JALEO_1985_SPRING::A8,FANDANGOS DE ENCINASOLA,jaleo,JALEO_1985_SPRING,en,other,5696,full,0,,3
chat_packet_235,chat_annotation_packets_jaleo/packets/chat_packet_235.md,chat_annotation_packets_jaleo/packets/chat_packet_235.json,1173,JALEO_1985_SPRING::A9,GASPACHO DE GUILLERMO,jaleo,JALEO_1985_SPRING,en,other,2556,head_tail_windows,1,AUTH_04,4
chat_packet_235,chat_annotation_packets_jaleo/packets/chat_packet_235.md,chat_annotation_packets_jaleo/packets/chat_packet_235.json,1174,JALEO_1985_SPRING::A10,THE SHAH SPEAKITH,jaleo,JALEO_1985_SPRING,en,other,2608,full,0,,5
chat_packet_236,chat_annotation_packets_jaleo/packets/chat_packet_236.md,chat_annotation_packets_jaleo/packets/chat_packet_236.json,1175,JALEO_1985_SPRING::A11,MORCA SOBRE EL BAILE,jaleo,JALEO_1985_SPRING,en,other,4107,full,0,,1
chat_packet_236,chat_annotation_packets_jaleo/packets/chat_packet_236.md,chat_annotation_packets_jaleo/packets/chat_packet_236.json,1176,JALEO_1985_SPRING::A12,RECORD REVIEWS,jaleo,JALEO_1985_SPRING,en,poem,5607,full,0,,2
chat_packet_236,chat_annotation_packets_jaleo/packets/chat_packet_236.md,chat_annotation_packets_jaleo/packets/chat_packet_236.json,1177,JALEO_1985_SPRING::A13,PRESS RELEASES,jaleo,JALEO_1985_SPRING,en,other,3902,full,0,,3
chat_packet_236,chat_annotation_packets_jaleo/packets/chat_packet_236.md,chat_annotation_packets_jaleo/packets/chat_packet_236.json,1178,JALEO_1985_SPRING::A14,REVIEWS,jaleo,JALEO_1985_SPRING,en,other,3340,head_tail_windows,1,COMM_04,4
chat_packet_236,chat_annotation_packets_jaleo/packets/chat_packet_236.md,chat_annotation_packets_jaleo/packets/chat_packet_236.json,1179,JALEO_1985_SPRING::A15,LOS ANGELES JUERGAS,jaleo,JALEO_1985_SPRING,en,other,477,full,0,,5
chat_packet_237,chat_annotation_packets_jaleo/packets/chat_packet_237.md,chat_annotation_packets_jaleo/packets/chat_packet_237.json,1180,JALEO_1985_SPRING::A16,SAN DIEGO SCENE,jaleo,JALEO_1985_SPRING,en,other,1267,full,0,,1
chat_packet_237,chat_annotation_packets_jaleo/packets/chat_packet_237.md,chat_annotation_packets_jaleo/packets/chat_packet_237.json,1181,JALEO_1986_SPRING::A1,SPAIN'S STYLE,jaleo,JALEO_1986_SPRING,en,other,1208,full,0,,2
chat_packet_237,chat_annotation_packets_jaleo/packets/chat_packet_237.md,chat_annotation_packets_jaleo/packets/chat_packet_237.json,1182,JALEO_1986_SPRING::A2,LETTERS,jaleo,JALEO_1986_SPRING,en,other,5174,full,0,,3
chat_packet_237,chat_annotation_packets_jaleo/packets/chat_packet_237.md,chat_annotation_packets_jaleo/packets/chat_packet_237.json,1183,JALEO_1986_SPRING::A3,FLAMENCO IN JAPAN,jaleo,JALEO_1986_SPRING,en,other,2773,head_tail_windows,1,HERIT_03,4
chat_packet_237,chat_annotation_packets_jaleo/packets/chat_packet_237.md,chat_annotation_packets_jaleo/packets/chat_packet_237.json,1184,JALEO_1986_SPRING::A4,FLAMENCO SCHOOLS IN SPAIN,jaleo,JALEO_1986_SPRING,en,other,3836,full,0,,5
chat_packet_238,chat_annotation_packets_jaleo/packets/chat_packet_238.md,chat_annotation_packets_jaleo/packets/chat_packet_238.json,1185,JALEO_1986_SPRING::A5,DON ANTONIO CHACON,jaleo,JALEO_1986_SPRING,en,other,2920,head_tail_windows,1,PED_01,1
chat_packet_238,chat_annotation_packets_jaleo/packets/chat_packet_238.md,chat_annotation_packets_jaleo/packets/chat_packet_238.json,1186,JALEO_1986_SPRING::A6,PORRINA DE BADAJOZ,jaleo,JALEO_1986_SPRING,en,other,3868,head_tail_windows,2,"COMM_04, CRIT_01",2
chat_packet_238,chat_annotation_packets_jaleo/packets/chat_packet_238.md,chat_annotation_packets_jaleo/packets/chat_packet_238.json,1187,JALEO_1986_SPRING::A7,MANOLITA DE JEREZ,jaleo,JALEO_1986_SPRING,en,other,3517,head_tail_windows,1,COMM_04,3
chat_packet_238,chat_annotation_packets_jaleo/packets/chat_packet_238.md,chat_annotation_packets_jaleo/packets/chat_packet_238.json,1188,JALEO_1986_SPRING::A8,FERNANDO GALVEZ,jaleo,JALEO_1986_SPRING,en,other,1160,full,0,,4
chat_packet_238,chat_annotation_packets_jaleo/packets/chat_packet_238.md,chat_annotation_packets_jaleo/packets/chat_packet_238.json,1189,JALEO_1986_SPRING::A9,JOSELERO DE MORON,jaleo,JALEO_1986_SPRING,en,other,84,full,0,,5
chat_packet_239,chat_annotation_packets_jaleo/packets/chat_packet_239.md,chat_annotation_packets_jaleo/packets/chat_packet_239.json,1190,JALEO_1986_SPRING::A10,PHOTOS FROM MCRON,jaleo,JALEO_1986_SPRING,en,other,719,full,0,,1
chat_packet_239,chat_annotation_packets_jaleo/packets/chat_packet_239.md,chat_annotation_packets_jaleo/packets/chat_packet_239.json,1191,JALEO_1986_SPRING::A11,FLAMENCO IN CORDOBA,jaleo,JALEO_1986_SPRING,en,other,1307,full,0,,2
chat_packet_239,chat_annotation_packets_jaleo/packets/chat_packet_239.md,chat_annotation_packets_jaleo/packets/chat_packet_239.json,1192,JALEO_1986_SPRING::A12,NEARS CRESCENDO,jaleo,JALEO_1986_SPRING,en,other,2162,full,0,,3
chat_packet_239,chat_annotation_packets_jaleo/packets/chat_packet_239.md,chat_annotation_packets_jaleo/packets/chat_packet_239.json,1193,JALEO_1986_SPRING::A13,PACO FERNANDEZ: GUITARIST,jaleo,JALEO_1986_SPRING,en,article,955,full,0,,4
chat_packet_239,chat_annotation_packets_jaleo/packets/chat_packet_239.md,chat_annotation_packets_jaleo/packets/chat_packet_239.json,1194,JALEO_1986_SPRING::A14,IN EVOLUTION,jaleo,JALEO_1986_SPRING,en,other,2722,head_tail_windows,1,PED_03,5
chat_packet_240,chat_annotation_packets_jaleo/packets/chat_packet_240.md,chat_annotation_packets_jaleo/packets/chat_packet_240.json,1195,JALEO_1986_SPRING::A15,THE SHAH SPEAKETH,jaleo,JALEO_1986_SPRING,en,other,2999,full,0,,1
chat_packet_240,chat_annotation_packets_jaleo/packets/chat_packet_240.md,chat_annotation_packets_jaleo/packets/chat_packet_240.json,1196,JALEO_1986_SPRING::A16,RYSS REPORT,jaleo,JALEO_1986_SPRING,en,article,5943,full,0,,2
chat_packet_240,chat_annotation_packets_jaleo/packets/chat_packet_240.md,chat_annotation_packets_jaleo/packets/chat_packet_240.json,1197,JALEO_1986_SPRING::A17,RECORD REVIEWS,jaleo,JALEO_1986_SPRING,en,other,2866,full,0,,3
chat_packet_240,chat_annotation_packets_jaleo/packets/chat_packet_240.md,chat_annotation_packets_jaleo/packets/chat_packet_240.json,1198,JALEO_1986_SPRING::A18,CURSO DE LA GUITARRA CLASSICA,jaleo,JALEO_1986_SPRING,en,article,2105,full,0,,4
chat_packet_240,chat_annotation_packets_jaleo/packets/chat_packet_240.md,chat_annotation_packets_jaleo/packets/chat_packet_240.json,1199,JALEO_1986_SPRING::A19,PRESS RELEASES,jaleo,JALEO_1986_SPRING,en,other,1810,full,0,,5
chat_packet_241,chat_annotation_packets_jaleo/packets/chat_packet_241.md,chat_annotation_packets_jaleo/packets/chat_packet_241.json,1200,JALEO_1986_SPRING::A20,REVIEWS,jaleo,JALEO_1986_SPRING,en,other,3834,head_tail_windows,1,COMM_04,1
chat_packet_241,chat_annotation_packets_jaleo/packets/chat_packet_241.md,chat_annotation_packets_jaleo/packets/chat_packet_241.json,1201,JALEO_1986_SPRING::A21,LOS ANGELES JUERGAS,jaleo,JALEO_1986_SPRING,en,other,1778,full,0,,2
chat_packet_241,chat_annotation_packets_jaleo/packets/chat_packet_241.md,chat_annotation_packets_jaleo/packets/chat_packet_241.json,1202,JALEO_1987_SPRING::A1,EL GUITO IN TOKYO,jaleo,JALEO_1987_SPRING,en,other,3179,full,0,,3
chat_packet_241,chat_annotation_packets_jaleo/packets/chat_packet_241.md,chat_annotation_packets_jaleo/packets/chat_packet_241.json,1203,JALEO_1987_SPRING::A2,LETTERS,jaleo,JALEO_1987_SPRING,en,other,3228,full,0,,4
chat_packet_241,chat_annotation_packets_jaleo/packets/chat_packet_241.md,chat_annotation_packets_jaleo/packets/chat_packet_241.json,1204,JALEO_1987_SPRING::A3,MEMORIES OF CARMEN,jaleo,JALEO_1987_SPRING,en,other,4580,full,0,,5
chat_packet_242,chat_annotation_packets_jaleo/packets/chat_packet_242.md,chat_annotation_packets_jaleo/packets/chat_packet_242.json,1205,JALEO_1987_SPRING::A4,FLAMENCO ARTISTS OF MALAGA,jaleo,JALEO_1987_SPRING,en,poem,3641,head_tail_windows,1,COMM_04,1
chat_packet_242,chat_annotation_packets_jaleo/packets/chat_packet_242.md,chat_annotation_packets_jaleo/packets/chat_packet_242.json,1206,JALEO_1987_SPRING::A5,EL CANTE FLAMENCO: THE ULTIMATE CATHARSIS,jaleo,JALEO_1987_SPRING,en,other,2919,head_tail_windows,1,CRIT_02,2
chat_packet_242,chat_annotation_packets_jaleo/packets/chat_packet_242.md,chat_annotation_packets_jaleo/packets/chat_packet_242.json,1207,JALEO_1987_SPRING::A6,NANO DE JEREZ,jaleo,JALEO_1987_SPRING,en,other,1367,full,0,,3
chat_packet_242,chat_annotation_packets_jaleo/packets/chat_packet_242.md,chat_annotation_packets_jaleo/packets/chat_packet_242.json,1208,JALEO_1987_SPRING::A7,DON JOSE CEPERO,jaleo,JALEO_1987_SPRING,en,other,2754,full,0,,4
chat_packet_242,chat_annotation_packets_jaleo/packets/chat_packet_242.md,chat_annotation_packets_jaleo/packets/chat_packet_242.json,1209,JALEO_1987_SPRING::A8,FLAMENCO NEWS BRIEFS,jaleo,JALEO_1987_SPRING,en,other,847,full,0,,5
chat_packet_243,chat_annotation_packets_jaleo/packets/chat_packet_243.md,chat_annotation_packets_jaleo/packets/chat_packet_243.json,1210,JALEO_1987_SPRING::A9,"DAVID HOLLOWELL: ""OLE, FLAMENCO GUITAR""",jaleo,JALEO_1987_SPRING,en,article,5254,full,0,,1
chat_packet_243,chat_annotation_packets_jaleo/packets/chat_packet_243.md,chat_annotation_packets_jaleo/packets/chat_packet_243.json,1211,JALEO_1987_SPRING::A11,GAZPACHO DE GUILLEROMO,jaleo,JALEO_1987_SPRING,en,other,3191,head_tail_windows,1,COMM_02,2
chat_packet_243,chat_annotation_packets_jaleo/packets/chat_packet_243.md,chat_annotation_packets_jaleo/packets/chat_packet_243.json,1212,JALEO_1987_SPRING::A12,MORCA SOBRE EL BAILE,jaleo,JALEO_1987_SPRING,en,other,3863,full,0,,3
chat_packet_243,chat_annotation_packets_jaleo/packets/chat_packet_243.md,chat_annotation_packets_jaleo/packets/chat_packet_243.json,1213,JALEO_1987_SPRING::A13,RYSS REPORT,jaleo,JALEO_1987_SPRING,en,article,3404,full,0,,4
chat_packet_243,chat_annotation_packets_jaleo/packets/chat_packet_243.md,chat_annotation_packets_jaleo/packets/chat_packet_243.json,1214,JALEO_1987_SPRING::A15,REVIEWS & PRESS RELEASES,jaleo,JALEO_1987_SPRING,en,other,4261,head_tail_windows,1,HERIT_03,5
chat_packet_244,chat_annotation_packets_jaleo/packets/chat_packet_244.md,chat_annotation_packets_jaleo/packets/chat_packet_244.json,1215,JALEO_1987_SPRING::A16,WORKSHOPS & JUERGAS,jaleo,JALEO_1987_SPRING,en,poem,3565,full,0,,1
chat_packet_244,chat_annotation_packets_jaleo/packets/chat_packet_244.md,chat_annotation_packets_jaleo/packets/chat_packet_244.json,1216,JALEO_1987_SPRING::A17,SAN DIEGO SCENE,jaleo,JALEO_1987_SPRING,en,other,5268,full,0,,2
chat_packet_244,chat_annotation_packets_jaleo/packets/chat_packet_244.md,chat_annotation_packets_jaleo/packets/chat_packet_244.json,1217,JALEO_1986_SUMMER::A1,BLANCA DEL REY,jaleo,JALEO_1986_SUMMER,en,other,5829,full,0,,3
chat_packet_244,chat_annotation_packets_jaleo/packets/chat_packet_244.md,chat_annotation_packets_jaleo/packets/chat_packet_244.json,1218,JALEO_1986_SUMMER::A2,EDITORIAL LETTERS,jaleo,JALEO_1986_SUMMER,en,other,797,full,0,,4
chat_packet_244,chat_annotation_packets_jaleo/packets/chat_packet_244.md,chat_annotation_packets_jaleo/packets/chat_packet_244.json,1219,JALEO_1986_SUMMER::A3,PUNTO DE VISTA,jaleo,JALEO_1986_SUMMER,en,other,1197,full,0,,5
chat_packet_245,chat_annotation_packets_jaleo/packets/chat_packet_245.md,chat_annotation_packets_jaleo/packets/chat_packet_245.json,1220,JALEO_1986_SUMMER::A4,CAMARON DE LA ISLA,jaleo,JALEO_1986_SUMMER,en,other,3160,head_tail_windows,1,COMM_02,1
chat_packet_245,chat_annotation_packets_jaleo/packets/chat_packet_245.md,chat_annotation_packets_jaleo/packets/chat_packet_245.json,1221,JALEO_1986_SUMMER::A5,INTERVIEW WITH MANOLETE,jaleo,JALEO_1986_SUMMER,en,other,2792,head_tail_windows,1,HERIT_03,2
chat_packet_245,chat_annotation_packets_jaleo/packets/chat_packet_245.md,chat_annotation_packets_jaleo/packets/chat_packet_245.json,1222,JALEO_1986_SUMMER::A6,ESTAMPAS Y CUENTOS DE ANDALUCIA,jaleo,JALEO_1986_SUMMER,en,other,2850,head_tail_windows,1,HERIT_03,3
chat_packet_245,chat_annotation_packets_jaleo/packets/chat_packet_245.md,chat_annotation_packets_jaleo/packets/chat_packet_245.json,1223,JALEO_1986_SUMMER::A7,IAN DAVIES,jaleo,JALEO_1986_SUMMER,en,other,2663,full,0,,4
chat_packet_245,chat_annotation_packets_jaleo/packets/chat_packet_245.md,chat_annotation_packets_jaleo/packets/chat_packet_245.json,1224,JALEO_1986_SUMMER::A8,SHORT STORIES POR BULERIAS,jaleo,JALEO_1986_SUMMER,en,other,3043,head_tail_windows,1,PED_03,5
chat_packet_246,chat_annotation_packets_jaleo/packets/chat_packet_246.md,chat_annotation_packets_jaleo/packets/chat_packet_246.json,1225,JALEO_1986_SUMMER::A9,NOTES FROM JEREZ,jaleo,JALEO_1986_SUMMER,en,other,4552,full,0,,1
chat_packet_246,chat_annotation_packets_jaleo/packets/chat_packet_246.md,chat_annotation_packets_jaleo/packets/chat_packet_246.json,1226,JALEO_1986_SUMMER::A10,THE THIRD CUMBRE FLAMENCA,jaleo,JALEO_1986_SUMMER,en,other,3762,head_tail_windows,1,COMM_02,2
chat_packet_246,chat_annotation_packets_jaleo/packets/chat_packet_246.md,chat_annotation_packets_jaleo/packets/chat_packet_246.json,1227,JALEO_1986_SUMMER::A11,DANCE THEATRE COMES TO FLAMENCO,jaleo,JALEO_1986_SUMMER,en,other,901,full,0,,3
chat_packet_246,chat_annotation_packets_jaleo/packets/chat_packet_246.md,chat_annotation_packets_jaleo/packets/chat_packet_246.json,1228,JALEO_1986_SUMMER::A12,IT IS MAN WHO LIBERATES DANCE,jaleo,JALEO_1986_SUMMER,en,other,2488,full,0,,4
chat_packet_246,chat_annotation_packets_jaleo/packets/chat_packet_246.md,chat_annotation_packets_jaleo/packets/chat_packet_246.json,1229,JALEO_1986_SUMMER::A13,EL AMOR BRUJO,jaleo,JALEO_1986_SUMMER,en,other,3229,full,0,,5
chat_packet_247,chat_annotation_packets_jaleo/packets/chat_packet_247.md,chat_annotation_packets_jaleo/packets/chat_packet_247.json,1230,JALEO_1986_SUMMER::A14,FLAMENCO IN GAUL,jaleo,JALEO_1986_SUMMER,en,other,571,full,0,,1
chat_packet_247,chat_annotation_packets_jaleo/packets/chat_packet_247.md,chat_annotation_packets_jaleo/packets/chat_packet_247.json,1231,JALEO_1986_SUMMER::A15,NOTES FROM MADRID,jaleo,JALEO_1986_SUMMER,en,other,3014,full,0,,2
chat_packet_247,chat_annotation_packets_jaleo/packets/chat_packet_247.md,chat_annotation_packets_jaleo/packets/chat_packet_247.json,1232,JALEO_1986_SUMMER::A16,NOTES FROM THE FAR NORTH,jaleo,JALEO_1986_SUMMER,en,other,2379,full,0,,3
chat_packet_247,chat_annotation_packets_jaleo/packets/chat_packet_247.md,chat_annotation_packets_jaleo/packets/chat_packet_247.json,1233,JALEO_1986_SUMMER::A17,ENRIQUE MORENTE WITH SYMPHONY,jaleo,JALEO_1986_SUMMER,en,other,4856,full,0,,4
chat_packet_247,chat_annotation_packets_jaleo/packets/chat_packet_247.md,chat_annotation_packets_jaleo/packets/chat_packet_247.json,1234,JALEO_1986_SUMMER::A18,UNIVERSAL GYPSIES,jaleo,JALEO_1986_SUMMER,en,other,1646,full,0,,5
chat_packet_248,chat_annotation_packets_jaleo/packets/chat_packet_248.md,chat_annotation_packets_jaleo/packets/chat_packet_248.json,1235,JALEO_1986_SUMMER::A19,A FRAME FOR FLAMENCO COMPETITION,jaleo,JALEO_1986_SUMMER,en,poem,2383,full,0,,1
chat_packet_248,chat_annotation_packets_jaleo/packets/chat_packet_248.md,chat_annotation_packets_jaleo/packets/chat_packet_248.json,1236,JALEO_1986_SUMMER::A20,II JORNAS FLAMENCAS,jaleo,JALEO_1986_SUMMER,en,other,527,full,0,,2
chat_packet_248,chat_annotation_packets_jaleo/packets/chat_packet_248.md,chat_annotation_packets_jaleo/packets/chat_packet_248.json,1237,JALEO_1986_SUMMER::A21,POR BULERIAS...;Y OLE!,jaleo,JALEO_1986_SUMMER,en,other,4185,full,0,,3
chat_packet_248,chat_annotation_packets_jaleo/packets/chat_packet_248.md,chat_annotation_packets_jaleo/packets/chat_packet_248.json,1238,JALEO_1986_SUMMER::A22,IV BIENNAL FLAMENCO DE SEVILLA,jaleo,JALEO_1986_SUMMER,en,other,2222,full,0,,4
chat_packet_248,chat_annotation_packets_jaleo/packets/chat_packet_248.md,chat_annotation_packets_jaleo/packets/chat_packet_248.json,1239,JALEO_1986_SUMMER::A23,SPANISH DANCE SOCIETY,jaleo,JALEO_1986_SUMMER,en,other,500,full,0,,5
chat_packet_249,chat_annotation_packets_jaleo/packets/chat_packet_249.md,chat_annotation_packets_jaleo/packets/chat_packet_249.json,1240,JALEO_1986_SUMMER::A24,NEW TECHNIQUES FOR TUNING GUITARS,jaleo,JALEO_1986_SUMMER,en,article,1288,full,0,,1
chat_packet_249,chat_annotation_packets_jaleo/packets/chat_packet_249.md,chat_annotation_packets_jaleo/packets/chat_packet_249.json,1241,JALEO_1986_SUMMER::A25,MORCA SOBRE EL BAILE,jaleo,JALEO_1986_SUMMER,en,other,4123,full,0,,2
chat_packet_249,chat_annotation_packets_jaleo/packets/chat_packet_249.md,chat_annotation_packets_jaleo/packets/chat_packet_249.json,1242,JALEO_1986_SUMMER::A26,RYSS REPORT,jaleo,JALEO_1986_SUMMER,en,article,1851,full,0,,3
chat_packet_249,chat_annotation_packets_jaleo/packets/chat_packet_249.md,chat_annotation_packets_jaleo/packets/chat_packet_249.json,1243,JALEO_1986_SUMMER::A27,PROFILES: RENE HEREDIA,jaleo,JALEO_1986_SUMMER,en,other,1331,full,0,,4
chat_packet_249,chat_annotation_packets_jaleo/packets/chat_packet_249.md,chat_annotation_packets_jaleo/packets/chat_packet_249.json,1244,JALEO_1986_SUMMER::A28,PRESS RELEASES,jaleo,JALEO_1986_SUMMER,en,other,2494,full,0,,5
chat_packet_250,chat_annotation_packets_jaleo/packets/chat_packet_250.md,chat_annotation_packets_jaleo/packets/chat_packet_250.json,1245,JALEO_1986_SUMMER::A29,REVIEWS,jaleo,JALEO_1986_SUMMER,en,poem,3125,head_tail_windows,1,CRIT_01,1
chat_packet_250,chat_annotation_packets_jaleo/packets/chat_packet_250.md,chat_annotation_packets_jaleo/packets/chat_packet_250.json,1246,JALEO_1986_SUMMER::A30,LOS ANGELES JUERGAS,jaleo,JALEO_1986_SUMMER,en,other,1312,full,0,,2
chat_packet_250,chat_annotation_packets_jaleo/packets/chat_packet_250.md,chat_annotation_packets_jaleo/packets/chat_packet_250.json,1247,JALEO_1986_SUMMER::A31,SAN DIEGO SCENE,jaleo,JALEO_1986_SUMMER,en,other,2684,full,0,,3
chat_packet_250,chat_annotation_packets_jaleo/packets/chat_packet_250.md,chat_annotation_packets_jaleo/packets/chat_packet_250.json,1248,JALEO_1987_SUMMER::A1,PLASTIC FLAMENCO ROCK,jaleo,JALEO_1987_SUMMER,en,other,2583,full,0,,4
chat_packet_250,chat_annotation_packets_jaleo/packets/chat_packet_250.md,chat_annotation_packets_jaleo/packets/chat_packet_250.json,1249,JALEO_1987_SUMMER::A2,LETTERS,jaleo,JALEO_1987_SUMMER,en,other,2908,full,0,,5
chat_packet_251,chat_annotation_packets_jaleo/packets/chat_packet_251.md,chat_annotation_packets_jaleo/packets/chat_packet_251.json,1250,JALEO_1987_SUMMER::A3,IN MEMORY OF ERNEST LENSHAW,jaleo,JALEO_1987_SUMMER,en,other,1768,full,0,,1
chat_packet_251,chat_annotation_packets_jaleo/packets/chat_packet_251.md,chat_annotation_packets_jaleo/packets/chat_packet_251.json,1251,JALEO_1987_SUMMER::A4,RENE HEREDIA,jaleo,JALEO_1987_SUMMER,en,other,3999,head_tail_windows,1,CRIT_03,2
chat_packet_251,chat_annotation_packets_jaleo/packets/chat_packet_251.md,chat_annotation_packets_jaleo/packets/chat_packet_251.json,1252,JALEO_1987_SUMMER::A5,DENVER PERSONALITIES,jaleo,JALEO_1987_SUMMER,en,other,225,full,0,,3
chat_packet_251,chat_annotation_packets_jaleo/packets/chat_packet_251.md,chat_annotation_packets_jaleo/packets/chat_packet_251.json,1253,JALEO_1987_SUMMER::A6,ONE GUITARIST NAMED AMADOR,jaleo,JALEO_1987_SUMMER,en,article,5351,full,0,,4
chat_packet_251,chat_annotation_packets_jaleo/packets/chat_packet_251.md,chat_annotation_packets_jaleo/packets/chat_packet_251.json,1254,JALEO_1987_SUMMER::A7,CATEDRA AWARDS,jaleo,JALEO_1987_SUMMER,en,other,1981,full,0,,5
chat_packet_252,chat_annotation_packets_jaleo/packets/chat_packet_252.md,chat_annotation_packets_jaleo/packets/chat_packet_252.json,1255,JALEO_1987_SUMMER::A8,PASSING OF AN ERA,jaleo,JALEO_1987_SUMMER,en,other,5339,full,0,,1
chat_packet_252,chat_annotation_packets_jaleo/packets/chat_packet_252.md,chat_annotation_packets_jaleo/packets/chat_packet_252.json,1256,JALEO_1987_SUMMER::A9,ORLANDO ROMERO MEMORIAL,jaleo,JALEO_1987_SUMMER,en,other,4816,full,0,,2
chat_packet_252,chat_annotation_packets_jaleo/packets/chat_packet_252.md,chat_annotation_packets_jaleo/packets/chat_packet_252.json,1257,JALEO_1987_SUMMER::A10,ROBERTO LORCA DIES,jaleo,JALEO_1987_SUMMER,en,poem,5313,full,0,,3
chat_packet_252,chat_annotation_packets_jaleo/packets/chat_packet_252.md,chat_annotation_packets_jaleo/packets/chat_packet_252.json,1258,JALEO_1987_SUMMER::A11,JUAN MARTINEZ,jaleo,JALEO_1987_SUMMER,en,other,2104,full,0,,4
chat_packet_252,chat_annotation_packets_jaleo/packets/chat_packet_252.md,chat_annotation_packets_jaleo/packets/chat_packet_252.json,1259,JALEO_1987_SUMMER::A12,DANCE STUDENTS' CORNER,jaleo,JALEO_1987_SUMMER,en,other,5011,full,0,,5
chat_packet_253,chat_annotation_packets_jaleo/packets/chat_packet_253.md,chat_annotation_packets_jaleo/packets/chat_packet_253.json,1260,JALEO_1987_SUMMER::A13,MORCA SOBRE EL BAILE,jaleo,JALEO_1987_SUMMER,en,other,2943,head_tail_windows,1,COMM_03,1
chat_packet_253,chat_annotation_packets_jaleo/packets/chat_packet_253.md,chat_annotation_packets_jaleo/packets/chat_packet_253.json,1261,JALEO_1987_SUMMER::A14,RYSS REPORT,jaleo,JALEO_1987_SUMMER,en,article,2911,head_tail_windows,1,COMM_04,2
chat_packet_253,chat_annotation_packets_jaleo/packets/chat_packet_253.md,chat_annotation_packets_jaleo/packets/chat_packet_253.json,1262,JALEO_1987_SUMMER::A15,PROFILES,jaleo,JALEO_1987_SUMMER,en,poem,3184,full,0,,3
chat_packet_253,chat_annotation_packets_jaleo/packets/chat_packet_253.md,chat_annotation_packets_jaleo/packets/chat_packet_253.json,1263,JALEO_1987_SUMMER::A16,PRESS RELEASES,jaleo,JALEO_1987_SUMMER,en,other,4323,full,0,,4
chat_packet_253,chat_annotation_packets_jaleo/packets/chat_packet_253.md,chat_annotation_packets_jaleo/packets/chat_packet_253.json,1264,JALEO_1987_SUMMER::A18,REVIEWS,jaleo,JALEO_1987_SUMMER,en,poem,4179,head_tail_windows,1,CRIT_01,5
chat_packet_254,chat_annotation_packets_jaleo/packets/chat_packet_254.md,chat_annotation_packets_jaleo/packets/chat_packet_254.json,1265,JALEO_1987_SUMMER::A19,SPANISH AND FLAMENCO DANCE SYLLABUS,jaleo,JALEO_1987_SUMMER,en,other,1438,full,0,,1
chat_packet_254,chat_annotation_packets_jaleo/packets/chat_packet_254.md,chat_annotation_packets_jaleo/packets/chat_packet_254.json,1266,JALEO_1986_WINTER::A1,ESTAMPAS Y CUENTOS DE ANDALUCIA,jaleo,JALEO_1986_WINTER,en,other,1826,full,0,,2
chat_packet_254,chat_annotation_packets_jaleo/packets/chat_packet_254.md,chat_annotation_packets_jaleo/packets/chat_packet_254.json,1267,JALEO_1986_WINTER::A2,LETTERS,jaleo,JALEO_1986_WINTER,en,poem,3167,head_tail_windows,1,PED_01,3
chat_packet_254,chat_annotation_packets_jaleo/packets/chat_packet_254.md,chat_annotation_packets_jaleo/packets/chat_packet_254.json,1268,JALEO_1986_WINTER::A3,INTERVIEW WITH MANUELA VARGAS,jaleo,JALEO_1986_WINTER,en,other,4269,full,0,,4
chat_packet_254,chat_annotation_packets_jaleo/packets/chat_packet_254.md,chat_annotation_packets_jaleo/packets/chat_packet_254.json,1269,JALEO_1986_WINTER::A4,YOU...A FLAMENCO DANCER,jaleo,JALEO_1986_WINTER,en,other,4790,full,0,,5
chat_packet_255,chat_annotation_packets_jaleo/packets/chat_packet_255.md,chat_annotation_packets_jaleo/packets/chat_packet_255.json,1270,JALEO_1986_WINTER::A5,"LA FERIA DE SEVILLA, 1987",jaleo,JALEO_1986_WINTER,en,other,4852,full,0,,1
chat_packet_255,chat_annotation_packets_jaleo/packets/chat_packet_255.md,chat_annotation_packets_jaleo/packets/chat_packet_255.json,1271,JALEO_1986_WINTER::A6,THE BLUES OF SPAIN,jaleo,JALEO_1986_WINTER,en,poem,2925,head_tail_windows,1,HERIT_03,2
chat_packet_255,chat_annotation_packets_jaleo/packets/chat_packet_255.md,chat_annotation_packets_jaleo/packets/chat_packet_255.json,1272,JALEO_1986_WINTER::A7,PILAR LOPEZ,jaleo,JALEO_1986_WINTER,en,poem,4176,full,0,,3
chat_packet_255,chat_annotation_packets_jaleo/packets/chat_packet_255.md,chat_annotation_packets_jaleo/packets/chat_packet_255.json,1273,JALEO_1986_WINTER::A8,GAZPACHO DE GUILLERMO,jaleo,JALEO_1986_WINTER,en,poem,3031,head_tail_windows,1,AUTH_03,4
chat_packet_255,chat_annotation_packets_jaleo/packets/chat_packet_255.md,chat_annotation_packets_jaleo/packets/chat_packet_255.json,1274,JALEO_1986_WINTER::A9,MORCA: SOBRE EL BAILE,jaleo,JALEO_1986_WINTER,en,other,5348,full,0,,5
chat_packet_256,chat_annotation_packets_jaleo/packets/chat_packet_256.md,chat_annotation_packets_jaleo/packets/chat_packet_256.json,1275,JALEO_1986_WINTER::A10,RYSS REPORT,jaleo,JALEO_1986_WINTER,en,article,5059,full,0,,1
chat_packet_256,chat_annotation_packets_jaleo/packets/chat_packet_256.md,chat_annotation_packets_jaleo/packets/chat_packet_256.json,1276,JALEO_1986_WINTER::A11,REVIEWS,jaleo,JALEO_1986_WINTER,en,poem,4840,head_tail_windows,1,HERIT_03,2
chat_packet_256,chat_annotation_packets_jaleo/packets/chat_packet_256.md,chat_annotation_packets_jaleo/packets/chat_packet_256.json,1277,JALEO_1986_WINTER::A12,PRESS RELEASES,jaleo,JALEO_1986_WINTER,en,other,450,full,0,,3
chat_packet_256,chat_annotation_packets_jaleo/packets/chat_packet_256.md,chat_annotation_packets_jaleo/packets/chat_packet_256.json,1278,JALEO_1986_WINTER::A13,SAN DIEGO SCENE,jaleo,JALEO_1986_WINTER,en,other,3285,full,0,,4
