packet_id,packet_md_path,packet_json_path,row_index,article_id,title,periodical,issue_id,language,article_type,review_text_chars,review_strategy,n_trigger_windows,retrieval_hint_codes,packet_article_position
chat_packet_001,chat_annotation_packets_candil/packets/chat_packet_001.md,chat_annotation_packets_candil/packets/chat_packet_001.json,0,1979-09-3-right-editorial,Editorial,candil,1979-09,es,editorial,2465,full,0,,1
chat_packet_001,chat_annotation_packets_candil/packets/chat_packet_001.md,chat_annotation_packets_candil/packets/chat_packet_001.json,1,1979-09-4-right-de-los-caf-s-cantantes-al-festiv,De los Cafés-Cantantes al festival flamenco,candil,1979-09,es,article,3625,head_tail_windows,1,PED_02,2
chat_packet_001,chat_annotation_packets_candil/packets/chat_packet_001.md,chat_annotation_packets_candil/packets/chat_packet_001.json,2,1979-09-5-right-para-una-sociolog-a-de-las-taran,Para una sociología de las Tarantas y los cafés de cante de Linares,candil,1979-09,es,article,2830,head_tail_windows,1,CRIT_03,3
chat_packet_001,chat_annotation_packets_candil/packets/chat_packet_001.md,chat_annotation_packets_candil/packets/chat_packet_001.json,3,1979-09-7-right-la-taranta,La Taranta,candil,1979-09,es,article,496,full,0,,4
chat_packet_001,chat_annotation_packets_candil/packets/chat_packet_001.md,chat_annotation_packets_candil/packets/chat_packet_001.json,4,1979-09-8-right-alusiones-gitanas-en-la-literatu,Alusiones gitanas en la literatura española,candil,1979-09,es,article,3643,head_tail_windows,1,COMM_04,5
chat_packet_002,chat_annotation_packets_candil/packets/chat_packet_002.md,chat_annotation_packets_candil/packets/chat_packet_002.json,5,1979-09-12-right-haciendo-memoria-antonio-mairena,"Haciendo memoria. Antonio Mairena, 50 años de vida profesional",candil,1979-09,es,article,1698,full,0,,1
chat_packet_002,chat_annotation_packets_candil/packets/chat_packet_002.md,chat_annotation_packets_candil/packets/chat_packet_002.json,6,1979-09-13-right-quienes-fueron-los-maestros,Quienes fueron los maestros,candil,1979-09,es,article,3845,full,0,,2
chat_packet_002,chat_annotation_packets_candil/packets/chat_packet_002.md,chat_annotation_packets_candil/packets/chat_packet_002.json,7,1979-09-14-right-notanda-sobre-el-viii-certamen-d,Notanda sobre el VIII Certamen de la Guitarra en Jerez,candil,1979-09,es,article,2239,full,0,,3
chat_packet_002,chat_annotation_packets_candil/packets/chat_packet_002.md,chat_annotation_packets_candil/packets/chat_packet_002.json,8,1979-09-15-right-apuntes-flamencos-a-la-feria-de-,Apuntes flamencos a la Feria de San Lucas,candil,1979-09,es,article,4355,full,0,,4
chat_packet_002,chat_annotation_packets_candil/packets/chat_packet_002.md,chat_annotation_packets_candil/packets/chat_packet_002.json,9,1979-11-3-right-editorial,Editorial,candil,1979-11,es,editorial,2061,full,0,,5
chat_packet_003,chat_annotation_packets_candil/packets/chat_packet_003.md,chat_annotation_packets_candil/packets/chat_packet_003.json,10,1979-11-4-right-el-cante-jondo-en-la-recuperacio,El Cante Jondo en la recuperación de la cultura andaluzia,candil,1979-11,es,article,3312,head_tail_windows,1,PED_02,1
chat_packet_003,chat_annotation_packets_candil/packets/chat_packet_003.md,chat_annotation_packets_candil/packets/chat_packet_003.json,11,1979-11-6-right-la-inmensa-memoria-flamenca-de-f,La inmensa memoria flamenca de Félix Grande),candil,1979-11,es,article,3071,head_tail_windows,1,AUTH_04,2
chat_packet_003,chat_annotation_packets_candil/packets/chat_packet_003.md,chat_annotation_packets_candil/packets/chat_packet_003.json,12,1979-11-8-right-cantar-y-pensar,Cantar y pensar,candil,1979-11,es,article,3357,head_tail_windows,1,COMM_02,3
chat_packet_003,chat_annotation_packets_candil/packets/chat_packet_003.md,chat_annotation_packets_candil/packets/chat_packet_003.json,13,1979-11-11-right-elegia-para-el-descomp-s-y-otros,Elegía para el descompás y otros estremecimientos,candil,1979-11,es,article,902,full,0,,4
chat_packet_003,chat_annotation_packets_candil/packets/chat_packet_003.md,chat_annotation_packets_candil/packets/chat_packet_003.json,14,1979-11-12-right-unas-viejas-habaneras-sevillanas,Unas viejas habaneras sevillanas,candil,1979-11,es,article,4279,full,0,,5
chat_packet_004,chat_annotation_packets_candil/packets/chat_packet_004.md,chat_annotation_packets_candil/packets/chat_packet_004.json,15,1979-11-13-right-canalejas-de-puerto-real,Jaén en el Cante. Canalejas de Puerto Real,candil,1979-11,es,article,2679,full,0,,1
chat_packet_004,chat_annotation_packets_candil/packets/chat_packet_004.md,chat_annotation_packets_candil/packets/chat_packet_004.json,16,1979-11-14-right-quienes-fueron-los-maestros-fran,Quienes fueron los maestros. Francisco Ortega Vargas «El Fillo»,candil,1979-11,es,article,3702,full,0,,2
chat_packet_004,chat_annotation_packets_candil/packets/chat_packet_004.md,chat_annotation_packets_candil/packets/chat_packet_004.json,17,1979-11-15-right-discograf-a-flamenca,Discografía flamenca,candil,1979-11,es,article,4689,full,0,,3
chat_packet_004,chat_annotation_packets_candil/packets/chat_packet_004.md,chat_annotation_packets_candil/packets/chat_packet_004.json,18,1980-01-3-right-editorial,Editorial,candil,1980-01,es,editorial,2061,full,0,,4
chat_packet_004,chat_annotation_packets_candil/packets/chat_packet_004.md,chat_annotation_packets_candil/packets/chat_packet_004.json,19,1980-01-4-right-a-nadie-se-le-puede-sustraer-lo-,A nadie se le puede sustraer lo que no posee,candil,1980-01,es,article,3076,head_tail_windows,1,CRIT_03,5
chat_packet_005,chat_annotation_packets_candil/packets/chat_packet_005.md,chat_annotation_packets_candil/packets/chat_packet_005.json,20,1980-01-6-right-martos-en-la-geografia-de-los-ca,Martos en la geografía de los Cafés Cantantes,candil,1980-01,es,article,2750,head_tail_windows,1,CRIT_03,1
chat_packet_005,chat_annotation_packets_candil/packets/chat_packet_005.md,chat_annotation_packets_candil/packets/chat_packet_005.json,21,1980-01-8-right-quejio,Quejio,candil,1980-01,es,article,931,full,0,,2
chat_packet_005,chat_annotation_packets_candil/packets/chat_packet_005.md,chat_annotation_packets_candil/packets/chat_packet_005.json,22,1980-01-9-right-a-antonio-cuevas-el-piki-devorad,"A Antonio Cuevas, «El Piki», devorado por el tiempo de repente",candil,1980-01,es,article,3323,head_tail_windows,1,CRIT_01,3
chat_packet_005,chat_annotation_packets_candil/packets/chat_packet_005.md,chat_annotation_packets_candil/packets/chat_packet_005.json,23,1980-01-12-right-la-saeta-de-ja-n,La «Saeta» de Jaén,candil,1980-01,es,article,2740,full,0,,4
chat_packet_005,chat_annotation_packets_candil/packets/chat_packet_005.md,chat_annotation_packets_candil/packets/chat_packet_005.json,24,1980-01-13-left-alfredo-arrebola-embajador-flame,"Alfredo Arrebola, embajador flamenco en los medios universitarios de Cádiz",candil,1980-01,es,article,4510,full,0,,5
chat_packet_006,chat_annotation_packets_candil/packets/chat_packet_006.md,chat_annotation_packets_candil/packets/chat_packet_006.json,25,1980-01-13-right-quienes-fueron-los-maestros,Quienes fueron los maestros,candil,1980-01,es,article,2671,head_tail_windows,1,CRIT_04,1
chat_packet_006,chat_annotation_packets_candil/packets/chat_packet_006.md,chat_annotation_packets_candil/packets/chat_packet_006.json,26,1980-01-14-right-flamenca,Discografía flamenca,candil,1980-01,es,article,2421,full,0,,2
chat_packet_006,chat_annotation_packets_candil/packets/chat_packet_006.md,chat_annotation_packets_candil/packets/chat_packet_006.json,27,1980-01-15-right-juan-a-ib-nez-miembro-de-la-c-te,"Juan A. Ibáñez, miembro de la Cátedra de Flamencología de Jerez",candil,1980-01,es,article,2030,full,0,,3
chat_packet_006,chat_annotation_packets_candil/packets/chat_packet_006.md,chat_annotation_packets_candil/packets/chat_packet_006.json,28,1980-01-16-left-fernando-montoro-en-el-club-cult,"Fernando Montoro, en el Club Cultural Altura",candil,1980-01,es,article,2521,full,0,,4
chat_packet_006,chat_annotation_packets_candil/packets/chat_packet_006.md,chat_annotation_packets_candil/packets/chat_packet_006.json,29,1980-03-4-right-donde-dios-era-undeb,Donde Dios era «UNDEBÉ»,candil,1980-03,es,article,3598,head_tail_windows,1,COMM_01,5
chat_packet_007,chat_annotation_packets_candil/packets/chat_packet_007.md,chat_annotation_packets_candil/packets/chat_packet_007.json,30,1980-03-7-right-una-teoria-regeneracionista-y-ar,UNA TEORIA REGENERACIONISTA Y ARABIGO-ANDALUZA DEL CANTE FLAMENCO,candil,1980-03,es,article,3127,head_tail_windows,1,PED_03,1
chat_packet_007,chat_annotation_packets_candil/packets/chat_packet_007.md,chat_annotation_packets_candil/packets/chat_packet_007.json,31,1980-03-10-right-a-camar-n-de-la-isla,A Camarón de la Isla,candil,1980-03,es,article,471,full,0,,2
chat_packet_007,chat_annotation_packets_candil/packets/chat_packet_007.md,chat_annotation_packets_candil/packets/chat_packet_007.json,32,1980-03-11-right-di-logos-con-manuel-oliv,Diálogos con Manuel Olivé,candil,1980-03,es,article,2869,head_tail_windows,1,PED_02,3
chat_packet_007,chat_annotation_packets_candil/packets/chat_packet_007.md,chat_annotation_packets_candil/packets/chat_packet_007.json,33,1980-03-12-right-la-verdad-sobre-rita-la-cantaora,La verdad sobre Rita la Cantaora,candil,1980-03,es,article,3610,head_tail_windows,2,"COMM_02, COMM_04",4
chat_packet_007,chat_annotation_packets_candil/packets/chat_packet_007.md,chat_annotation_packets_candil/packets/chat_packet_007.json,34,1980-03-13-right-pueblo-y-pol-tica-en-el-cante-jo,Pueblo y política en el cante jondo,candil,1980-03,es,article,3060,full,0,,5
chat_packet_008,chat_annotation_packets_candil/packets/chat_packet_008.md,chat_annotation_packets_candil/packets/chat_packet_008.json,35,1980-03-14-left-una-revista-flamenca-sevilla-fla,Una revista flamenca. Sevilla Flamenca,candil,1980-03,es,article,3912,full,0,,1
chat_packet_008,chat_annotation_packets_candil/packets/chat_packet_008.md,chat_annotation_packets_candil/packets/chat_packet_008.json,36,1980-03-15-left-pepe-de-la-matrona-ya-en-la-memo,"Pepe de la Matrona, ya en la Memoria",candil,1980-03,es,article,3619,full,0,,2
chat_packet_008,chat_annotation_packets_candil/packets/chat_packet_008.md,chat_annotation_packets_candil/packets/chat_packet_008.json,37,1980-03-15-right-quienes-fueron-los-maestros,Quienes fueron los maestros...,candil,1980-03,es,article,1936,full,0,,3
chat_packet_008,chat_annotation_packets_candil/packets/chat_packet_008.md,chat_annotation_packets_candil/packets/chat_packet_008.json,38,1980-03-16-left-enrique-el-mellizo,ENRIQUE • EL MELLIZO.,candil,1980-03,es,article,2820,full,0,,4
chat_packet_008,chat_annotation_packets_candil/packets/chat_packet_008.md,chat_annotation_packets_candil/packets/chat_packet_008.json,39,1980-05-4-right-los-festivales-flamencos,Los Festivales Flamencos,candil,1980-05,es,article,3597,head_tail_windows,1,CRIT_01,5
chat_packet_009,chat_annotation_packets_candil/packets/chat_packet_009.md,chat_annotation_packets_candil/packets/chat_packet_009.json,40,1980-05-6-right-viejas-p-ginas-flamencas,Viejas páginas flamencas,candil,1980-05,es,article,4447,head_tail_windows,2,"PED_03, PED_02",1
chat_packet_009,chat_annotation_packets_candil/packets/chat_packet_009.md,chat_annotation_packets_candil/packets/chat_packet_009.json,41,1980-05-8-right-los-cafes-cantantes-de-madrid,LOS CAFES CANTANTES DE MADRID,candil,1980-05,es,article,3325,full,0,,2
chat_packet_009,chat_annotation_packets_candil/packets/chat_packet_009.md,chat_annotation_packets_candil/packets/chat_packet_009.json,42,1980-05-9-left-tres-instantes-flamencos,Tres instantes flamencos,candil,1980-05,es,article,3615,full,0,,3
chat_packet_009,chat_annotation_packets_candil/packets/chat_packet_009.md,chat_annotation_packets_candil/packets/chat_packet_009.json,43,1980-05-10-right-joselero,Joselero,candil,1980-05,es,article,3052,head_tail_windows,1,PED_02,4
chat_packet_009,chat_annotation_packets_candil/packets/chat_packet_009.md,chat_annotation_packets_candil/packets/chat_packet_009.json,44,1980-05-12-right-aunque-no-quepa-en-el-papel-a-pr,Aunque no quepa en el papel. A propósito de la reedición de Los Zincali,candil,1980-05,es,article,4157,head_tail_windows,2,"PED_02, COMM_04",5
chat_packet_010,chat_annotation_packets_candil/packets/chat_packet_010.md,chat_annotation_packets_candil/packets/chat_packet_010.json,45,1980-05-15-left-flamenca,Flamenca,candil,1980-05,es,article,2290,full,0,,1
chat_packet_010,chat_annotation_packets_candil/packets/chat_packet_010.md,chat_annotation_packets_candil/packets/chat_packet_010.json,46,1980-05-15-right-quienes-fueron-los-maestros,Quienes fueron los maestros...,candil,1980-05,es,article,4605,full,0,,2
chat_packet_010,chat_annotation_packets_candil/packets/chat_packet_010.md,chat_annotation_packets_candil/packets/chat_packet_010.json,47,1980-07-3-right-editorial,Editorial,candil,1980-07,es,editorial,1571,full,0,,3
chat_packet_010,chat_annotation_packets_candil/packets/chat_packet_010.md,chat_annotation_packets_candil/packets/chat_packet_010.json,48,1980-07-4-right-el-sentido-intrascendental-de-la,El sentido intrascendental de la temática religiosa en el cante flamenco,candil,1980-07,es,article,3746,head_tail_windows,2,"PED_03, COMM_04",4
chat_packet_010,chat_annotation_packets_candil/packets/chat_packet_010.md,chat_annotation_packets_candil/packets/chat_packet_010.json,49,1980-07-6-right-ante-la-situaci-n-de-los-flamenc,Ante la situación de los flamencos de la Tercera Edad,candil,1980-07,es,article,3485,head_tail_windows,1,PED_02,5
chat_packet_011,chat_annotation_packets_candil/packets/chat_packet_011.md,chat_annotation_packets_candil/packets/chat_packet_011.json,50,1980-07-8-right-a-prop-sito-del-viii-congreso-de,A propósito del VIII Congreso de A. Flamencas,candil,1980-07,es,article,3455,full,0,,1
chat_packet_011,chat_annotation_packets_candil/packets/chat_packet_011.md,chat_annotation_packets_candil/packets/chat_packet_011.json,51,1980-07-9-left-las-letras-flamencas-de,Las letras flamencas de Francisco Vélez Nieto,candil,1980-07,es,article,2581,full,0,,2
chat_packet_011,chat_annotation_packets_candil/packets/chat_packet_011.md,chat_annotation_packets_candil/packets/chat_packet_011.json,52,1980-07-10-right-aunque-no-quepa-en-el-papel,Aunque no quepa en el papel,candil,1980-07,es,article,3180,head_tail_windows,1,CRIT_03,3
chat_packet_011,chat_annotation_packets_candil/packets/chat_packet_011.md,chat_annotation_packets_candil/packets/chat_packet_011.json,53,1980-07-12-right-manuel-vallejo-o-el-ruise-or-fla,Manuel Vallejo o el ruiseño flamenco,candil,1980-07,es,article,2951,head_tail_windows,1,COMM_02,4
chat_packet_011,chat_annotation_packets_candil/packets/chat_packet_011.md,chat_annotation_packets_candil/packets/chat_packet_011.json,54,1980-07-13-right-noticia-de-los-caf-s-cantantes-c,Noticia de los cafés - cantantes Carolinenses,candil,1980-07,es,article,5271,full,0,,5
chat_packet_012,chat_annotation_packets_candil/packets/chat_packet_012.md,chat_annotation_packets_candil/packets/chat_packet_012.json,55,1980-07-14-right-carta-a-pastora-pav-n-i-ina-de-l,Carta a Pastora Pavón (Iñina de los Peines),candil,1980-07,es,article,2872,full,0,,1
chat_packet_012,chat_annotation_packets_candil/packets/chat_packet_012.md,chat_annotation_packets_candil/packets/chat_packet_012.json,56,1980-07-15-left-quienes-fueron-los-maestros,Quienes fueron los maestros,candil,1980-07,es,article,5553,full,0,,2
chat_packet_012,chat_annotation_packets_candil/packets/chat_packet_012.md,chat_annotation_packets_candil/packets/chat_packet_012.json,57,1980-07-16-left-flamenca,Discografía Flamenca,candil,1980-07,es,article,3026,full,0,,3
chat_packet_012,chat_annotation_packets_candil/packets/chat_packet_012.md,chat_annotation_packets_candil/packets/chat_packet_012.json,58,1980-09-3-right-editorial,Editorial,candil,1980-09,es,editorial,1705,full,0,,4
chat_packet_012,chat_annotation_packets_candil/packets/chat_packet_012.md,chat_annotation_packets_candil/packets/chat_packet_012.json,59,1980-09-4-right-seguridad-social-para-los-artist,SEGURIDAD SOCIAL PARA LOS ARTISTAS FLAMENCOS,candil,1980-09,es,article,3639,head_tail_windows,1,PED_02,5
chat_packet_013,chat_annotation_packets_candil/packets/chat_packet_013.md,chat_annotation_packets_candil/packets/chat_packet_013.json,60,1980-09-6-right-a-prop-sito-de-un-juicio-progre-,A propósito de un juicio «progre» sobre el flamenco,candil,1980-09,es,article,3158,head_tail_windows,1,COMM_01,1
chat_packet_013,chat_annotation_packets_candil/packets/chat_packet_013.md,chat_annotation_packets_candil/packets/chat_packet_013.json,61,1980-09-7-right-las-letras-flamencas-de-joaquin-,LAS LETRAS FLAMENCAS DE JOAQUIN MARQUEZ,candil,1980-09,es,article,1479,full,0,,2
chat_packet_013,chat_annotation_packets_candil/packets/chat_packet_013.md,chat_annotation_packets_candil/packets/chat_packet_013.json,62,1980-09-8-right-antonio-n-ez-el-chocolate,"Antonio Núñez ""El Chocolate""",candil,1980-09,es,article,3945,head_tail_windows,2,"COMM_02, CRIT_03",3
chat_packet_013,chat_annotation_packets_candil/packets/chat_packet_013.md,chat_annotation_packets_candil/packets/chat_packet_013.json,63,1980-09-10-left-algo-m-s-sobre-los-cantes-de-lev,Algo más sobre los Cantes de Levante,candil,1980-09,es,article,2693,full,0,,4
chat_packet_013,chat_annotation_packets_candil/packets/chat_packet_013.md,chat_annotation_packets_candil/packets/chat_packet_013.json,64,1980-09-10-right-taranta-cl-sica-taranto-y-tarant,"Taranta clásica, Taranto y Taranta Minera",candil,1980-09,es,article,979,full,0,,5
chat_packet_014,chat_annotation_packets_candil/packets/chat_packet_014.md,chat_annotation_packets_candil/packets/chat_packet_014.json,65,1980-09-12-right-la-garganta-en-el-cante-es-un-ri,LA GARGANTA EN EL CANTE ES UN RITMO DE PIEDRA,candil,1980-09,es,article,927,full,0,,1
chat_packet_014,chat_annotation_packets_candil/packets/chat_packet_014.md,chat_annotation_packets_candil/packets/chat_packet_014.json,66,1980-09-13-left-los-viejos-conservadores-y-las-b,Los viejos conservadores y las bulerías,candil,1980-09,es,article,2732,head_tail_windows,1,AUTH_02,2
chat_packet_014,chat_annotation_packets_candil/packets/chat_packet_014.md,chat_annotation_packets_candil/packets/chat_packet_014.json,67,1980-09-14-right-aunque-no-quepa-en-el-papel,Aunque no quepa en el papel,candil,1980-09,es,article,4880,head_tail_windows,2,"CRIT_01, PED_03",3
chat_packet_014,chat_annotation_packets_candil/packets/chat_packet_014.md,chat_annotation_packets_candil/packets/chat_packet_014.json,68,1980-09-15-right-julio-romero-de-torres-y-la-copl,Julio Romero de Torres y la copla,candil,1980-09,es,article,3887,full,0,,4
chat_packet_014,chat_annotation_packets_candil/packets/chat_packet_014.md,chat_annotation_packets_candil/packets/chat_packet_014.json,69,1980-09-16-right-quienes-fueron-los-maestros,Quienes fueron los maestros,candil,1980-09,es,article,5906,full,0,,5
chat_packet_015,chat_annotation_packets_candil/packets/chat_packet_015.md,chat_annotation_packets_candil/packets/chat_packet_015.json,70,1980-09-17-right-flamenca,Flamenca,candil,1980-09,es,article,2941,full,0,,1
chat_packet_015,chat_annotation_packets_candil/packets/chat_packet_015.md,chat_annotation_packets_candil/packets/chat_packet_015.json,71,1980-09-18-left-apuntes-flamencos-a-la-feria-de-,APUNTES FLAMENCOS A LA FERIA DE SAN LUCAS,candil,1980-09,es,article,1916,full,0,,2
chat_packet_015,chat_annotation_packets_candil/packets/chat_packet_015.md,chat_annotation_packets_candil/packets/chat_packet_015.json,72,1980-09-18-right-dimensi-n-social-del-cante-flame,Dimensión social del cante flamenco,candil,1980-09,es,article,91,full,0,,3
chat_packet_015,chat_annotation_packets_candil/packets/chat_packet_015.md,chat_annotation_packets_candil/packets/chat_packet_015.json,73,1980-11-3-right-editorial,Editorial,candil,1980-11,es,editorial,2619,full,0,,4
chat_packet_015,chat_annotation_packets_candil/packets/chat_packet_015.md,chat_annotation_packets_candil/packets/chat_packet_015.json,74,1980-11-4-right-el-comp-s-de-la-sole,El compás de la Soleá,candil,1980-11,es,article,2773,head_tail_windows,1,PED_02,5
chat_packet_016,chat_annotation_packets_candil/packets/chat_packet_016.md,chat_annotation_packets_candil/packets/chat_packet_016.json,75,1980-11-6-right-lo-jondo-en-salvador-rueda,Lo jondo en Salvador Rueda,candil,1980-11,es,article,2871,head_tail_windows,1,CRIT_01,1
chat_packet_016,chat_annotation_packets_candil/packets/chat_packet_016.md,chat_annotation_packets_candil/packets/chat_packet_016.json,76,1980-11-8-right-una-broma-de-mal-gusto-dada-en-1,"Una broma de mal gusto dada en 1905, persiste en la actualidad",candil,1980-11,es,article,3490,full,0,,2
chat_packet_016,chat_annotation_packets_candil/packets/chat_packet_016.md,chat_annotation_packets_candil/packets/chat_packet_016.json,77,1980-11-9-right-mi-encuentro-con-aurelio-en-c-di,Mi encuentro con Aurelio en Cádiz,candil,1980-11,es,article,5911,full,0,,3
chat_packet_016,chat_annotation_packets_candil/packets/chat_packet_016.md,chat_annotation_packets_candil/packets/chat_packet_016.json,78,1980-11-10-right-las-letras-flamencas-de-fernando,LAS LETRAS FLAMENCAS DE FERNANDO QUÍNONES,candil,1980-11,es,article,2080,full,0,,4
chat_packet_016,chat_annotation_packets_candil/packets/chat_packet_016.md,chat_annotation_packets_candil/packets/chat_packet_016.json,79,1980-11-11-left-guitarra,Guitarra,candil,1980-11,es,article,654,full,0,,5
chat_packet_017,chat_annotation_packets_candil/packets/chat_packet_017.md,chat_annotation_packets_candil/packets/chat_packet_017.json,80,1980-11-13-right-marcelo-barbero,MARCELO BARBERO,candil,1980-11,es,article,2939,head_tail_windows,1,CRIT_03,1
chat_packet_017,chat_annotation_packets_candil/packets/chat_packet_017.md,chat_annotation_packets_candil/packets/chat_packet_017.json,81,1980-11-15-right-el-sentido-de-las-letras-en-el-c,El sentido de las letras en el cante,candil,1980-11,es,article,3852,head_tail_windows,1,PED_02,2
chat_packet_017,chat_annotation_packets_candil/packets/chat_packet_017.md,chat_annotation_packets_candil/packets/chat_packet_017.json,82,1980-11-17-left-una-mirada-atr-s,Una mirada atrás,candil,1980-11,es,article,5294,full,0,,3
chat_packet_017,chat_annotation_packets_candil/packets/chat_packet_017.md,chat_annotation_packets_candil/packets/chat_packet_017.json,83,1980-11-17-right-el-muestrario-flamenco-de-jose-l,EL MUESTRARIO FLAMENCO DE JOSE LUIS TEJADA,candil,1980-11,es,article,3083,full,0,,4
chat_packet_017,chat_annotation_packets_candil/packets/chat_packet_017.md,chat_annotation_packets_candil/packets/chat_packet_017.json,84,1980-11-18-right-dimension-social-del-cante-flame,Dimensión social del cante flamenco,candil,1980-11,es,article,3292,head_tail_windows,1,COMM_04,5
chat_packet_018,chat_annotation_packets_candil/packets/chat_packet_018.md,chat_annotation_packets_candil/packets/chat_packet_018.json,85,1980-11-19-right-quienes-fueron-los-maestros,Quienes fueron los maestros,candil,1980-11,es,article,5004,full,0,,1
chat_packet_018,chat_annotation_packets_candil/packets/chat_packet_018.md,chat_annotation_packets_candil/packets/chat_packet_018.json,86,1981-02-3-left-revista-de-flamenco-pe-a-flamenc,"Revista de Flamenco - Peña Flamenca de Jaén - Enero - Febrero, 1981 - Número 13",candil,1981-02,es,article,446,full,0,,2
chat_packet_018,chat_annotation_packets_candil/packets/chat_packet_018.md,chat_annotation_packets_candil/packets/chat_packet_018.json,87,1981-02-3-right-editorial,Editorial,candil,1981-02,es,editorial,2086,full,0,,3
chat_packet_018,chat_annotation_packets_candil/packets/chat_packet_018.md,chat_annotation_packets_candil/packets/chat_packet_018.json,88,1981-02-4-right-biografia,Biografia,candil,1981-02,es,article,1910,full,0,,4
chat_packet_018,chat_annotation_packets_candil/packets/chat_packet_018.md,chat_annotation_packets_candil/packets/chat_packet_018.json,89,1981-02-5-right-el-matrona-en-su-sitio,El «Matrona» en su sitio,candil,1981-02,es,article,2430,full,0,,5
chat_packet_019,chat_annotation_packets_candil/packets/chat_packet_019.md,chat_annotation_packets_candil/packets/chat_packet_019.json,90,1981-02-6-right-loa-a-mi-inolvidable-maestro,Loa a mi inolvidable maestro,candil,1981-02,es,article,3500,head_tail_windows,1,COMM_04,1
chat_packet_019,chat_annotation_packets_candil/packets/chat_packet_019.md,chat_annotation_packets_candil/packets/chat_packet_019.json,91,1981-02-8-right-el-caso-de-pepe-el-de-la-matrona,El caso de Pepe el de la Matrona,candil,1981-02,es,article,3891,full,0,,2
chat_packet_019,chat_annotation_packets_candil/packets/chat_packet_019.md,chat_annotation_packets_candil/packets/chat_packet_019.json,92,1981-02-9-right-su-cabellera-de-enhebrado-siglo,Su cabellera de enhebrado siglo,candil,1981-02,es,article,3596,head_tail_windows,1,PED_02,3
chat_packet_019,chat_annotation_packets_candil/packets/chat_packet_019.md,chat_annotation_packets_candil/packets/chat_packet_019.json,93,1981-02-11-right-el-viejo-maestro-sevillano,El viejo maestro sevillano,candil,1981-02,es,article,3133,full,0,,4
chat_packet_019,chat_annotation_packets_candil/packets/chat_packet_019.md,chat_annotation_packets_candil/packets/chat_packet_019.json,94,1981-02-12-left-la-memoria-anida-en-su-garganta,La memoria anida en su garganta,candil,1981-02,es,article,1057,full,0,,5
chat_packet_020,chat_annotation_packets_candil/packets/chat_packet_020.md,chat_annotation_packets_candil/packets/chat_packet_020.json,95,1981-02-12-right-conversaciones-entre-cante-y-can,Conversaciones entre cante y cante,candil,1981-02,es,article,4286,head_tail_windows,2,"COMM_04, CRIT_04",1
chat_packet_020,chat_annotation_packets_candil/packets/chat_packet_020.md,chat_annotation_packets_candil/packets/chat_packet_020.json,96,1981-02-14-right-un-encuentro-sevillano,Un encuentro Sevillano,candil,1981-02,es,article,3755,head_tail_windows,2,"HERIT_02, HERIT_03",2
chat_packet_020,chat_annotation_packets_candil/packets/chat_packet_020.md,chat_annotation_packets_candil/packets/chat_packet_020.json,97,1981-02-15-right-pepe-el-de-la-matrona-nos-habla-,Viejas páginas.-Pepe el de la Matrona nos habla de su cante,candil,1981-02,es,article,2609,full,0,,3
chat_packet_020,chat_annotation_packets_candil/packets/chat_packet_020.md,chat_annotation_packets_candil/packets/chat_packet_020.json,98,1981-02-16-right-persistes-tu,Persistes tú,candil,1981-02,es,article,801,full,0,,4
chat_packet_020,chat_annotation_packets_candil/packets/chat_packet_020.md,chat_annotation_packets_candil/packets/chat_packet_020.json,99,1981-02-17-right-glosa-y-recuerdo-de-pepe-el-de-l,Glosa y recuerdo de Pepe el de la Matrona,candil,1981-02,es,article,3882,head_tail_windows,2,"HERIT_03, CRIT_03",5
chat_packet_021,chat_annotation_packets_candil/packets/chat_packet_021.md,chat_annotation_packets_candil/packets/chat_packet_021.json,100,1981-02-19-right-aunque-no-quepa-en-el-papel-bibl,Aunque no quepa en el papel.-Bibliografía del Matrona,candil,1981-02,es,article,4563,full,0,,1
chat_packet_021,chat_annotation_packets_candil/packets/chat_packet_021.md,chat_annotation_packets_candil/packets/chat_packet_021.json,101,1981-02-20-right-pepe-el-de-la-matrona-notas-para,Pepe el de la Matrona.-Notas para una,candil,1981-02,es,article,3352,full,0,,2
chat_packet_021,chat_annotation_packets_candil/packets/chat_packet_021.md,chat_annotation_packets_candil/packets/chat_packet_021.json,102,1981-03-3-right-editorial,Editorial,candil,1981-03,es,editorial,2477,full,0,,3
chat_packet_021,chat_annotation_packets_candil/packets/chat_packet_021.md,chat_annotation_packets_candil/packets/chat_packet_021.json,103,1981-03-4-right-lo-jondo-en-fernando-villal-n,Lo jondo en Fernando Villalón,candil,1981-03,es,article,3387,head_tail_windows,1,CRIT_02,4
chat_packet_021,chat_annotation_packets_candil/packets/chat_packet_021.md,chat_annotation_packets_candil/packets/chat_packet_021.json,104,1981-03-7-right-notas-in-ditas,Notas inéditas...,candil,1981-03,es,article,4128,full,0,,5
chat_packet_022,chat_annotation_packets_candil/packets/chat_packet_022.md,chat_annotation_packets_candil/packets/chat_packet_022.json,105,1981-03-8-right-joselero-y-el-quino,Joselero y El Quino,candil,1981-03,es,article,3110,head_tail_windows,1,CRIT_03,1
chat_packet_022,chat_annotation_packets_candil/packets/chat_packet_022.md,chat_annotation_packets_candil/packets/chat_packet_022.json,106,1981-03-10-right-algo-sobre-los-cantes-de-la-madr,Algo sobre los cantes de lu «Madrugá»,candil,1981-03,es,article,2444,full,0,,2
chat_packet_022,chat_annotation_packets_candil/packets/chat_packet_022.md,chat_annotation_packets_candil/packets/chat_packet_022.json,107,1981-03-11-left-checo-jean,Checo Jean,candil,1981-03,es,article,400,full,0,,3
chat_packet_022,chat_annotation_packets_candil/packets/chat_packet_022.md,chat_annotation_packets_candil/packets/chat_packet_022.json,108,1981-03-11-right-rafael-romero,Rafael Romero,candil,1981-03,es,article,3574,head_tail_windows,1,PED_02,4
chat_packet_022,chat_annotation_packets_candil/packets/chat_packet_022.md,chat_annotation_packets_candil/packets/chat_packet_022.json,109,1981-03-13-left-las-letras-flamencas-de-antonio-,Las letras flamencas de José Luis Baena,candil,1981-03,es,article,1558,full,0,,5
chat_packet_023,chat_annotation_packets_candil/packets/chat_packet_023.md,chat_annotation_packets_candil/packets/chat_packet_023.json,110,1981-03-13-right-el-sentimiento-amoroso-en-el-pri,"El sentimiento amoroso, en el primitivo cante gitano andaluz",candil,1981-03,es,article,3109,head_tail_windows,1,PED_02,1
chat_packet_023,chat_annotation_packets_candil/packets/chat_packet_023.md,chat_annotation_packets_candil/packets/chat_packet_023.json,111,1981-03-17-right-los-cafes-cantantes-en-una-notic,Los cafés cantantes en una noticia de 1900,candil,1981-03,es,article,1964,full,0,,2
chat_packet_023,chat_annotation_packets_candil/packets/chat_packet_023.md,chat_annotation_packets_candil/packets/chat_packet_023.json,112,1981-03-18-right-honor-y-lecturas-para-un-libro-c,Aunque no quepa en el papel. - Honor y lecturas para un libro centenario,candil,1981-03,es,article,2609,full,0,,3
chat_packet_023,chat_annotation_packets_candil/packets/chat_packet_023.md,chat_annotation_packets_candil/packets/chat_packet_023.json,113,1981-03-19-right-discograf-a-flamenca-no-es-el-ca,Discografía flamenca.- No es el camino.- El New Hon- do de El Turronero,candil,1981-03,es,article,2142,full,0,,4
chat_packet_023,chat_annotation_packets_candil/packets/chat_packet_023.md,chat_annotation_packets_candil/packets/chat_packet_023.json,114,1981-03-20-left-quienes-fueron-los-maestros,Quienes fueron los maestros,candil,1981-03,es,article,4554,full,0,,5
chat_packet_024,chat_annotation_packets_candil/packets/chat_packet_024.md,chat_annotation_packets_candil/packets/chat_packet_024.json,115,1981-05-3-right-editorial,Editorial,candil,1981-05,es,editorial,1386,full,0,,1
chat_packet_024,chat_annotation_packets_candil/packets/chat_packet_024.md,chat_annotation_packets_candil/packets/chat_packet_024.json,116,1981-05-4-right-forman-el-gigantesco-rbol-flamen,Forman el gigantesco árbol flamenco malagueño el Verdial y los fandangos de Vélez?,candil,1981-05,es,article,3432,head_tail_windows,1,CRIT_04,2
chat_packet_024,chat_annotation_packets_candil/packets/chat_packet_024.md,chat_annotation_packets_candil/packets/chat_packet_024.json,117,1981-05-6-left-solidaridad-frustrada,Solidaridad frustrada,candil,1981-05,es,article,1945,full,0,,3
chat_packet_024,chat_annotation_packets_candil/packets/chat_packet_024.md,chat_annotation_packets_candil/packets/chat_packet_024.json,118,1981-05-6-right-la-pintura-jonda-de-manuel-angel,La pintura jonda de Manuel Angeles Ortiz,candil,1981-05,es,article,3191,head_tail_windows,1,CRIT_03,4
chat_packet_024,chat_annotation_packets_candil/packets/chat_packet_024.md,chat_annotation_packets_candil/packets/chat_packet_024.json,119,1981-05-8-left-por-arcadio-larrea,por Arcadio Larrea,candil,1981-05,es,article,2564,full,0,,5
chat_packet_025,chat_annotation_packets_candil/packets/chat_packet_025.md,chat_annotation_packets_candil/packets/chat_packet_025.json,120,1981-05-8-right-chiclanita,« CHICLANITA »,candil,1981-05,es,article,3027,head_tail_windows,1,PED_03,1
chat_packet_025,chat_annotation_packets_candil/packets/chat_packet_025.md,chat_annotation_packets_candil/packets/chat_packet_025.json,121,1981-05-9-right-datos-para-la-historia-del-arte-,Datos para la historia del arte flamenco,candil,1981-05,es,article,1670,full,0,,2
chat_packet_025,chat_annotation_packets_candil/packets/chat_packet_025.md,chat_annotation_packets_candil/packets/chat_packet_025.json,122,1981-05-10-right-las-letras-flamencas-de-mario-lo,Las letras flamencas de Mario López,candil,1981-05,es,article,1556,full,0,,3
chat_packet_025,chat_annotation_packets_candil/packets/chat_packet_025.md,chat_annotation_packets_candil/packets/chat_packet_025.json,123,1981-05-11-left-se-cubr-a-la-noche,Se cubría la noche,candil,1981-05,es,article,2327,full,0,,4
chat_packet_025,chat_annotation_packets_candil/packets/chat_packet_025.md,chat_annotation_packets_candil/packets/chat_packet_025.json,124,1981-05-11-right-gregorio-el-borrico-de-jerez,"Ellos, los protagonistas, dicen... Tío Gregorio, «El Borrico de Jerez»",candil,1981-05,es,article,3473,head_tail_windows,1,PED_02,5
chat_packet_026,chat_annotation_packets_candil/packets/chat_packet_026.md,chat_annotation_packets_candil/packets/chat_packet_026.json,125,1981-05-13-right-honra-machismo-y-celos-en-el-sen,"Honra, machismo y celos, en el sentimiento amoroso flamenco",candil,1981-05,es,article,3081,head_tail_windows,1,COMM_04,1
chat_packet_026,chat_annotation_packets_candil/packets/chat_packet_026.md,chat_annotation_packets_candil/packets/chat_packet_026.json,126,1981-05-16-right-las-soleares-de-jose-bergamin,Aunque no quepa en el papel.-Las soleares de José Bergamín,candil,1981-05,es,article,4128,head_tail_windows,1,CRIT_02,2
chat_packet_026,chat_annotation_packets_candil/packets/chat_packet_026.md,chat_annotation_packets_candil/packets/chat_packet_026.json,127,1981-05-18-right-discograf-a-flamenca,Discografía flamenca,candil,1981-05,es,article,2747,full,0,,3
chat_packet_026,chat_annotation_packets_candil/packets/chat_packet_026.md,chat_annotation_packets_candil/packets/chat_packet_026.json,128,1981-05-19-left-bodas-de-sangre-pel-cula-de-carl,"Bodas de Sangre, película de Carlos Saura",candil,1981-05,es,article,2925,full,0,,4
chat_packet_026,chat_annotation_packets_candil/packets/chat_packet_026.md,chat_annotation_packets_candil/packets/chat_packet_026.json,129,1981-05-19-right-quienes-fueron-los-maestros,Quienes fueron los maestros,candil,1981-05,es,article,2721,full,0,,5
chat_packet_027,chat_annotation_packets_candil/packets/chat_packet_027.md,chat_annotation_packets_candil/packets/chat_packet_027.json,130,1981-05-20-left-discograf-a-de-artistas-flamenco,Discografía de artistas flamencos,candil,1981-05,es,article,76,full,0,,1
chat_packet_027,chat_annotation_packets_candil/packets/chat_packet_027.md,chat_annotation_packets_candil/packets/chat_packet_027.json,131,1981-07-3-right-editorial,Editorial,candil,1981-07,es,editorial,2007,full,0,,2
chat_packet_027,chat_annotation_packets_candil/packets/chat_packet_027.md,chat_annotation_packets_candil/packets/chat_packet_027.json,132,1981-07-4-right-documentos-flamencos-para-una-in,Documentos Flamencos para una interpretación política de la Historia de España,candil,1981-07,es,article,5488,head_tail_windows,3,"CRIT_03, COMM_04, HERIT_02",3
chat_packet_027,chat_annotation_packets_candil/packets/chat_packet_027.md,chat_annotation_packets_candil/packets/chat_packet_027.json,133,1981-07-8-right-pedagogia-de-un-arte,Pedagogía de un arte,candil,1981-07,es,article,3345,head_tail_windows,1,CRIT_02,4
chat_packet_027,chat_annotation_packets_candil/packets/chat_packet_027.md,chat_annotation_packets_candil/packets/chat_packet_027.json,134,1981-07-9-right-los-extremos-se-tocan,Los extremos se tocan,candil,1981-07,es,article,3331,full,0,,5
chat_packet_028,chat_annotation_packets_candil/packets/chat_packet_028.md,chat_annotation_packets_candil/packets/chat_packet_028.json,135,1981-07-10-left-datos-para-la-historia-del-arte-,Datos para la historia del arte flamenco,candil,1981-07,es,article,1593,full,0,,1
chat_packet_028,chat_annotation_packets_candil/packets/chat_packet_028.md,chat_annotation_packets_candil/packets/chat_packet_028.json,136,1981-07-10-right-chuflillas-de-luisa-ortega-por-j,Chuflillas de Luisa Ortega.- Por José M.ª Pemán,candil,1981-07,es,article,4408,full,0,,2
chat_packet_028,chat_annotation_packets_candil/packets/chat_packet_028.md,chat_annotation_packets_candil/packets/chat_packet_028.json,137,1981-07-11-right-miguel-vargas,"Ellos, los protagonistas, dicen... Miguel Vargas",candil,1981-07,es,article,2650,head_tail_windows,1,PED_01,3
chat_packet_028,chat_annotation_packets_candil/packets/chat_packet_028.md,chat_annotation_packets_candil/packets/chat_packet_028.json,138,1981-07-13-left-las-letras-flamencas-de-carlos-m,Las letras flamencas de Carlos Muñiz,candil,1981-07,es,article,2046,full,0,,4
chat_packet_028,chat_annotation_packets_candil/packets/chat_packet_028.md,chat_annotation_packets_candil/packets/chat_packet_028.json,139,1981-07-13-right-julio-romero-de-torres-y-el-flam,Julio Romero de Torres y el Flamenco,candil,1981-07,es,article,4060,head_tail_windows,2,"PED_02, COMM_02",5
chat_packet_029,chat_annotation_packets_candil/packets/chat_packet_029.md,chat_annotation_packets_candil/packets/chat_packet_029.json,140,1981-07-15-left-ceaso-del-idolo,Ocaso del ídolo,candil,1981-07,es,article,1455,full,0,,1
chat_packet_029,chat_annotation_packets_candil/packets/chat_packet_029.md,chat_annotation_packets_candil/packets/chat_packet_029.json,141,1981-07-15-right-viejas-paginas-flamencas,Viejas páginas flamencas,candil,1981-07,es,article,4514,head_tail_windows,2,"CRIT_02, PED_02",2
chat_packet_029,chat_annotation_packets_candil/packets/chat_packet_029.md,chat_annotation_packets_candil/packets/chat_packet_029.json,142,1981-07-16-right-el-flamenco-en-el-arte-espa-ol-d,«El flamenco en el arte español de hoy» NOTAS CON OCASION DE LA IV BIENAL,candil,1981-07,es,article,3392,head_tail_windows,1,CRIT_03,3
chat_packet_029,chat_annotation_packets_candil/packets/chat_packet_029.md,chat_annotation_packets_candil/packets/chat_packet_029.json,143,1981-07-17-right-de-cayetano-muriel-y-una-ltima-g,De Cayetano Muriel y una última grabación,candil,1981-07,es,article,3466,full,0,,4
chat_packet_029,chat_annotation_packets_candil/packets/chat_packet_029.md,chat_annotation_packets_candil/packets/chat_packet_029.json,144,1981-07-18-right-los-escritos-de-demofilo-en-la-r,Aunque no quepa en el papel.-Los escritos de «Demófilo» en la Revista de Literatura,candil,1981-07,es,article,3391,full,0,,5
chat_packet_030,chat_annotation_packets_candil/packets/chat_packet_030.md,chat_annotation_packets_candil/packets/chat_packet_030.json,145,1981-07-19-left-flamenca,Discografía flamenca,candil,1981-07,es,article,2425,full,0,,1
chat_packet_030,chat_annotation_packets_candil/packets/chat_packet_030.md,chat_annotation_packets_candil/packets/chat_packet_030.json,146,1981-07-19-right-quienes-fueron-los-maestros,Quienes fueron los maestros,candil,1981-07,es,article,3110,full,0,,2
chat_packet_030,chat_annotation_packets_candil/packets/chat_packet_030.md,chat_annotation_packets_candil/packets/chat_packet_030.json,147,1981-07-20-left-placas-de-artistas-flamencos,Discografía (placas) de artistas flamencos,candil,1981-07,es,article,106,full,0,,3
chat_packet_030,chat_annotation_packets_candil/packets/chat_packet_030.md,chat_annotation_packets_candil/packets/chat_packet_030.json,148,1981-09-9-right-editorial,Editorial,candil,1981-09,es,article,2900,full,0,,4
chat_packet_030,chat_annotation_packets_candil/packets/chat_packet_030.md,chat_annotation_packets_candil/packets/chat_packet_030.json,149,1981-09-4-right-el-villal-n-que-quisieron-enterr,El Villalón que quisieron enterrar,candil,1981-09,es,article,5039,full,0,,5
chat_packet_031,chat_annotation_packets_candil/packets/chat_packet_031.md,chat_annotation_packets_candil/packets/chat_packet_031.json,150,1981-09-5-right-antonio-grau-mora-rojo-el-alparg,"Antonio Grau Mora, «Rojo El Alpargatero»",candil,1981-09,es,article,3330,head_tail_windows,1,CRIT_04,1
chat_packet_031,chat_annotation_packets_candil/packets/chat_packet_031.md,chat_annotation_packets_candil/packets/chat_packet_031.json,151,1981-09-7-left-en-torno-al-ix-congreso-de-activ,En torno al IX Congreso de Actividades Flamencas,candil,1981-09,es,article,2344,full,0,,2
chat_packet_031,chat_annotation_packets_candil/packets/chat_packet_031.md,chat_annotation_packets_candil/packets/chat_packet_031.json,152,1981-09-7-right-viejas-paginas-flamencas-tres-te,VIEJAS PAGINAS FLAMENCAS TRES TEXTOS DE JUAN RAMON JIMENEZ,candil,1981-09,es,article,5156,full,0,,3
chat_packet_031,chat_annotation_packets_candil/packets/chat_packet_031.md,chat_annotation_packets_candil/packets/chat_packet_031.json,153,1981-09-10-right-breve-perfil-biogr-fico,Breve perfil biográfico,candil,1981-09,es,article,2152,full,0,,4
chat_packet_031,chat_annotation_packets_candil/packets/chat_packet_031.md,chat_annotation_packets_candil/packets/chat_packet_031.json,154,1981-09-11-left-fernando-terremoto-en-siguriyas,Fernando Terremoto en «siguiríyas»,candil,1981-09,es,article,937,full,0,,5
chat_packet_032,chat_annotation_packets_candil/packets/chat_packet_032.md,chat_annotation_packets_candil/packets/chat_packet_032.json,155,1981-09-11-right-un-esplendor-apagado,Un explendor apagado,candil,1981-09,es,article,2894,full,0,,1
chat_packet_032,chat_annotation_packets_candil/packets/chat_packet_032.md,chat_annotation_packets_candil/packets/chat_packet_032.json,156,1981-09-12-left-el-cantaor-de-los-sonios-negros,El cantaor de los soníos negros,candil,1981-09,es,article,2279,full,0,,2
chat_packet_032,chat_annotation_packets_candil/packets/chat_packet_032.md,chat_annotation_packets_candil/packets/chat_packet_032.json,157,1981-09-12-right-terremoto-voz-de-su-estirpe,"Terremoto, voz de su estirpe",candil,1981-09,es,article,1829,full,0,,3
chat_packet_032,chat_annotation_packets_candil/packets/chat_packet_032.md,chat_annotation_packets_candil/packets/chat_packet_032.json,158,1981-09-13-left-terremoto-gloria-y-luto,"Terremoto, gloria y luto",candil,1981-09,es,article,2502,full,0,,4
chat_packet_032,chat_annotation_packets_candil/packets/chat_packet_032.md,chat_annotation_packets_candil/packets/chat_packet_032.json,159,1981-09-13-right-en-la-muerte-de-c-sar,En la muerte de César,candil,1981-09,es,article,3620,full,0,,5
chat_packet_033,chat_annotation_packets_candil/packets/chat_packet_033.md,chat_annotation_packets_candil/packets/chat_packet_033.json,160,1981-09-14-right-con-la-voz-de-terremoto-de-jerez,Con la voz de Terremoto de Jerez,candil,1981-09,es,article,871,full,0,,1
chat_packet_033,chat_annotation_packets_candil/packets/chat_packet_033.md,chat_annotation_packets_candil/packets/chat_packet_033.json,161,1981-09-15-right-el-arte-de-terremoto-de-jerez,El arte de Terremoto de Jerez,candil,1981-09,es,article,3313,head_tail_windows,1,COMM_02,2
chat_packet_033,chat_annotation_packets_candil/packets/chat_packet_033.md,chat_annotation_packets_candil/packets/chat_packet_033.json,162,1981-09-16-right-carta-abierta-a-curro-terremoto-,"Carta abierta a Curro Terremoto, mi amigo",candil,1981-09,es,article,3315,full,0,,3
chat_packet_033,chat_annotation_packets_candil/packets/chat_packet_033.md,chat_annotation_packets_candil/packets/chat_packet_033.json,163,1981-09-17-left-ante-por-y-sobre-su,"Ante, por y sobre su discografía",candil,1981-09,es,article,2863,full,0,,4
chat_packet_033,chat_annotation_packets_candil/packets/chat_packet_033.md,chat_annotation_packets_candil/packets/chat_packet_033.json,164,1981-09-18-right-ellos-los-protagonistas-luis-de-,"Ellos, los protagonistas - Luis de Córdoba",candil,1981-09,es,article,3206,head_tail_windows,1,PED_02,5
chat_packet_034,chat_annotation_packets_candil/packets/chat_packet_034.md,chat_annotation_packets_candil/packets/chat_packet_034.json,165,1981-09-20-left-el-misterioso-final-del-programa,Desmadres TVE.-El misterioso final del programa «flamenco»,candil,1981-09,es,article,2419,full,0,,1
chat_packet_034,chat_annotation_packets_candil/packets/chat_packet_034.md,chat_annotation_packets_candil/packets/chat_packet_034.json,166,1981-09-20-right-el-centenario-de-george-borrow,El centenario de George Borrow,candil,1981-09,es,article,3000,full,0,,2
chat_packet_034,chat_annotation_packets_candil/packets/chat_packet_034.md,chat_annotation_packets_candil/packets/chat_packet_034.json,167,1981-09-21-left-las-letras-flamencas-de-pe-pe-cr,LAS LETRAS FLAMENCAS DE PE PE CR U Z,candil,1981-09,es,article,1438,full,0,,3
chat_packet_034,chat_annotation_packets_candil/packets/chat_packet_034.md,chat_annotation_packets_candil/packets/chat_packet_034.json,168,1981-09-21-right-algunas-rese-as-de-la-m-s-nueva-,Aunque no quepa en el papel.-Algunas reseñas de la más nueva Bibliografía Flamenca,candil,1981-09,es,article,3221,head_tail_windows,1,COMM_02,4
chat_packet_034,chat_annotation_packets_candil/packets/chat_packet_034.md,chat_annotation_packets_candil/packets/chat_packet_034.json,169,1981-09-23-left-flamenca,Discografía flamenca,candil,1981-09,es,article,1645,full,0,,5
chat_packet_035,chat_annotation_packets_candil/packets/chat_packet_035.md,chat_annotation_packets_candil/packets/chat_packet_035.json,170,1981-09-23-right-quienes-fueron-los-maestros,Quienes fueron los maestros,candil,1981-09,es,article,2931,full,0,,1
chat_packet_035,chat_annotation_packets_candil/packets/chat_packet_035.md,chat_annotation_packets_candil/packets/chat_packet_035.json,171,1981-09-24-left-discograf-a-placas-de-artistas-f,Discografía (placas) de artistas flamencas,candil,1981-09,es,article,87,full,0,,2
chat_packet_035,chat_annotation_packets_candil/packets/chat_packet_035.md,chat_annotation_packets_candil/packets/chat_packet_035.json,172,1981-11-3-right-editorial,Editorial,candil,1981-11,es,editorial,2129,full,0,,3
chat_packet_035,chat_annotation_packets_candil/packets/chat_packet_035.md,chat_annotation_packets_candil/packets/chat_packet_035.json,173,1981-11-4-right-el-caso-especial-de-los-caracole,El caso especial de los «caracoles»,candil,1981-11,es,article,3945,head_tail_windows,1,CRIT_03,4
chat_packet_035,chat_annotation_packets_candil/packets/chat_packet_035.md,chat_annotation_packets_candil/packets/chat_packet_035.json,174,1981-11-7-left-hacia-el-x-congreso-de-actividad,Hacia el X Congreso de Actividades Flamencas,candil,1981-11,es,article,2054,full,0,,5
chat_packet_036,chat_annotation_packets_candil/packets/chat_packet_036.md,chat_annotation_packets_candil/packets/chat_packet_036.json,175,1981-11-8-left-flamencolog-a-y-flamenc-logos,Flamencología y flamencólogos,candil,1981-11,es,article,4512,full,0,,1
chat_packet_036,chat_annotation_packets_candil/packets/chat_packet_036.md,chat_annotation_packets_candil/packets/chat_packet_036.json,176,1981-11-8-right-las-letras-flamencas-de-jose-mar,Las letras flamencas de José Márquez Cabello,candil,1981-11,es,article,4670,full,0,,2
chat_packet_036,chat_annotation_packets_candil/packets/chat_packet_036.md,chat_annotation_packets_candil/packets/chat_packet_036.json,177,1981-11-10-right-el-centenario-del-primer-cancion,"El Centenario del «Primer Cancionero Flamenco» de Manuel Balmaseda, y una reflexión becqueriana",candil,1981-11,es,article,5434,full,0,,3
chat_packet_036,chat_annotation_packets_candil/packets/chat_packet_036.md,chat_annotation_packets_candil/packets/chat_packet_036.json,178,1981-11-11-right-el-festival-nacional-del-cante-d,El Festival Nacional del Cante de las Minas,candil,1981-11,es,article,2651,head_tail_windows,1,PED_01,4
chat_packet_036,chat_annotation_packets_candil/packets/chat_packet_036.md,chat_annotation_packets_candil/packets/chat_packet_036.json,179,1981-11-12-right-guitarra,Guitarra,candil,1981-11,es,article,543,full,0,,5
chat_packet_037,chat_annotation_packets_candil/packets/chat_packet_037.md,chat_annotation_packets_candil/packets/chat_packet_037.json,180,1981-11-13-left-presencia-jonda-en-pablo-gargall,Presencia jonda de Pablo Gargallo,candil,1981-11,es,article,2270,full,0,,1
chat_packet_037,chat_annotation_packets_candil/packets/chat_packet_037.md,chat_annotation_packets_candil/packets/chat_packet_037.json,181,1981-11-13-right-diego-clavel,"Ellos, los protagonistas, dicen... Diego Clavel",candil,1981-11,es,article,4209,head_tail_windows,2,"CRIT_02, PED_02",2
chat_packet_037,chat_annotation_packets_candil/packets/chat_packet_037.md,chat_annotation_packets_candil/packets/chat_packet_037.json,182,1981-11-15-right-el-testimonio-jondo-de-j-m-cabal,El testimonio jondo de J. M. Caballero Bonald,candil,1981-11,es,article,4054,head_tail_windows,1,AUTH_01,3
chat_packet_037,chat_annotation_packets_candil/packets/chat_packet_037.md,chat_annotation_packets_candil/packets/chat_packet_037.json,183,1981-11-20-left-del-congreso-de-almeria-y-una-gr,Del Congreso de Almería y una grabación desafortunada,candil,1981-11,es,article,3860,full,0,,4
chat_packet_037,chat_annotation_packets_candil/packets/chat_packet_037.md,chat_annotation_packets_candil/packets/chat_packet_037.json,184,1981-11-20-right-los-gitanos-y-el-flamenco,Los gitanos y el flamenco,candil,1981-11,es,article,3468,head_tail_windows,1,HERIT_03,5
chat_packet_038,chat_annotation_packets_candil/packets/chat_packet_038.md,chat_annotation_packets_candil/packets/chat_packet_038.json,185,1981-11-21-right-algunas-rese-as-de-la-m-s-nueva-,Aunque no quepa en el papel.- Algunas reseñas de la más nueva Bibliografía Flamenca,candil,1981-11,es,article,2678,head_tail_windows,1,COMM_03,1
chat_packet_038,chat_annotation_packets_candil/packets/chat_packet_038.md,chat_annotation_packets_candil/packets/chat_packet_038.json,186,1981-11-23-left-flamenca,Discografía flamenca,candil,1981-11,es,article,2664,full,0,,2
chat_packet_038,chat_annotation_packets_candil/packets/chat_packet_038.md,chat_annotation_packets_candil/packets/chat_packet_038.json,187,1981-11-24-left-placas-de-artistas-flamencos,Discografía (placas) de artistas flamencos,candil,1981-11,es,article,1788,full,0,,3
chat_packet_038,chat_annotation_packets_candil/packets/chat_packet_038.md,chat_annotation_packets_candil/packets/chat_packet_038.json,188,1982-01-3-right-editorial,Editorial,candil,1982-01,es,editorial,2698,full,0,,4
chat_packet_038,chat_annotation_packets_candil/packets/chat_packet_038.md,chat_annotation_packets_candil/packets/chat_packet_038.json,189,1982-01-4-right-picasso-y-el-arte-flamenco,Picasso y el Arte Flamenco,candil,1982-01,es,article,4648,head_tail_windows,1,CRIT_01,5
chat_packet_039,chat_annotation_packets_candil/packets/chat_packet_039.md,chat_annotation_packets_candil/packets/chat_packet_039.json,190,1982-01-8-right-cuatro-episodios-ineditos-en-la-,Cuatro episodios inéditos en la vida de Manuel Torre,candil,1982-01,es,article,3764,head_tail_windows,1,COMM_02,1
chat_packet_039,chat_annotation_packets_candil/packets/chat_packet_039.md,chat_annotation_packets_candil/packets/chat_packet_039.json,191,1982-01-9-right-el-alma-de-la-copla-de-guerrita-,"El «Alma de la Copla», de Guerrita y Pena Hijo",candil,1982-01,es,article,3499,head_tail_windows,1,COMM_04,2
chat_packet_039,chat_annotation_packets_candil/packets/chat_packet_039.md,chat_annotation_packets_candil/packets/chat_packet_039.json,192,1982-01-11-left-en-torno-al-x-congreso-de-activi,En torno al X Congreso de Actividades Flamencas,candil,1982-01,es,article,2229,full,0,,3
chat_packet_039,chat_annotation_packets_candil/packets/chat_packet_039.md,chat_annotation_packets_candil/packets/chat_packet_039.json,193,1982-01-11-right-las-letras-flamencas-de-alfonso-,Las Letras Flamencas de Alfonso Canales,candil,1982-01,es,article,2724,full,0,,4
chat_packet_039,chat_annotation_packets_candil/packets/chat_packet_039.md,chat_annotation_packets_candil/packets/chat_packet_039.json,194,1982-01-12-left-escenario,Escenario,candil,1982-01,es,article,511,full,0,,5
chat_packet_040,chat_annotation_packets_candil/packets/chat_packet_040.md,chat_annotation_packets_candil/packets/chat_packet_040.json,195,1982-01-12-right-chano-lobato,"Ellos, los protagonistas, dicen... Chano Lobato",candil,1982-01,es,article,3833,head_tail_windows,2,"CRIT_03, COMM_01",1
chat_packet_040,chat_annotation_packets_candil/packets/chat_packet_040.md,chat_annotation_packets_candil/packets/chat_packet_040.json,196,1982-01-14-right-anteo-de-caballero-bonald,"«Anteo», de Caballero Bonald",candil,1982-01,es,article,3697,head_tail_windows,1,CRIT_02,2
chat_packet_040,chat_annotation_packets_candil/packets/chat_packet_040.md,chat_annotation_packets_candil/packets/chat_packet_040.json,197,1982-01-16-left-viejas-p-ginas-flamencas,Viejas páginas flamencas,candil,1982-01,es,article,1993,full,0,,3
chat_packet_040,chat_annotation_packets_candil/packets/chat_packet_040.md,chat_annotation_packets_candil/packets/chat_packet_040.json,198,1982-01-16-right-d-logo-flamenco-con-manuel-angel,Díálogo Flamenco con Manuel Angeles Ortiz,candil,1982-01,es,article,3044,head_tail_windows,1,HERIT_03,4
chat_packet_040,chat_annotation_packets_candil/packets/chat_packet_040.md,chat_annotation_packets_candil/packets/chat_packet_040.json,199,1982-01-18-left-chacon-murio-en-la-indigencia,¿CHACON MURIO EN LA INDIGENCIA?,candil,1982-01,es,article,4197,full,0,,5
chat_packet_041,chat_annotation_packets_candil/packets/chat_packet_041.md,chat_annotation_packets_candil/packets/chat_packet_041.json,200,1982-01-18-right-reflexiones-en-torno-a-un-homena,Reflexiones en torno a un homenaje,candil,1982-01,es,article,2778,head_tail_windows,1,COMM_03,1
chat_packet_041,chat_annotation_packets_candil/packets/chat_packet_041.md,chat_annotation_packets_candil/packets/chat_packet_041.json,201,1982-01-19-right-peteneras,Las Peteneras,candil,1982-01,es,article,2471,full,0,,2
chat_packet_041,chat_annotation_packets_candil/packets/chat_packet_041.md,chat_annotation_packets_candil/packets/chat_packet_041.json,202,1982-01-20-left-quienes-fueron-los-maestros,Quienes fueron los maestros,candil,1982-01,es,article,3357,full,0,,3
chat_packet_041,chat_annotation_packets_candil/packets/chat_packet_041.md,chat_annotation_packets_candil/packets/chat_packet_041.json,203,1982-01-20-right-un-inmenso-catalogo-cantaor,Un inmenso catálogo cantaor,candil,1982-01,es,article,3433,head_tail_windows,1,CRIT_04,4
chat_packet_041,chat_annotation_packets_candil/packets/chat_packet_041.md,chat_annotation_packets_candil/packets/chat_packet_041.json,204,1982-01-21-right-flamenca,Discofrafía Flamenca,candil,1982-01,es,article,3939,full,0,,5
chat_packet_042,chat_annotation_packets_candil/packets/chat_packet_042.md,chat_annotation_packets_candil/packets/chat_packet_042.json,205,1982-03-3-right-editorial,Editorial,candil,1982-03,es,editorial,2735,full,0,,1
chat_packet_042,chat_annotation_packets_candil/packets/chat_packet_042.md,chat_annotation_packets_candil/packets/chat_packet_042.json,206,1982-03-4-right-las-saetas-de-manuel-vallejo,Las Saetas de Manuel Vallejo,candil,1982-03,es,article,5965,full,0,,2
chat_packet_042,chat_annotation_packets_candil/packets/chat_packet_042.md,chat_annotation_packets_candil/packets/chat_packet_042.json,207,1982-03-6-left-interrogantes-sobre-la-saeta,Interrogantes sobre la saeta...,candil,1982-03,es,article,2415,full,0,,3
chat_packet_042,chat_annotation_packets_candil/packets/chat_packet_042.md,chat_annotation_packets_candil/packets/chat_packet_042.json,208,1982-03-6-right-una-aportacion-al-estudio-de-la-,Una aportación al estudio de la Saeta,candil,1982-03,es,article,3585,head_tail_windows,1,COMM_04,4
chat_packet_042,chat_annotation_packets_candil/packets/chat_packet_042.md,chat_annotation_packets_candil/packets/chat_packet_042.json,209,1982-03-9-right-copiando-a-los-demas-saeta-del-l,"«Copiando a los demás». Saeta, del latín Sagitta",candil,1982-03,es,article,3496,head_tail_windows,1,AUTH_03,5
chat_packet_043,chat_annotation_packets_candil/packets/chat_packet_043.md,chat_annotation_packets_candil/packets/chat_packet_043.json,210,1982-03-11-left-las-saetas-de-miguel-calvo,Las Saetas de Miguel Calvo,candil,1982-03,es,article,2152,full,0,,1
chat_packet_043,chat_annotation_packets_candil/packets/chat_packet_043.md,chat_annotation_packets_candil/packets/chat_packet_043.json,211,1982-03-11-right-una-saeta-para-manolo-zapata,Una Saeta para Manolo Zapata,candil,1982-03,es,article,2920,full,0,,2
chat_packet_043,chat_annotation_packets_candil/packets/chat_packet_043.md,chat_annotation_packets_candil/packets/chat_packet_043.json,212,1982-03-12-left-una-manera-de-ser-y-entender-el-,Las Peñas Flamencas: Una manera de ser y entender el Flamenco,candil,1982-03,es,article,3583,full,0,,3
chat_packet_043,chat_annotation_packets_candil/packets/chat_packet_043.md,chat_annotation_packets_candil/packets/chat_packet_043.json,213,1982-03-12-right-noticias-de-algo-mas-que-de-una-,A propósito del bicentenario de José Cadalso: Noticias de algo más que de una fiesta del siglo XVIII,candil,1982-03,es,article,2766,head_tail_windows,1,CRIT_01,4
chat_packet_043,chat_annotation_packets_candil/packets/chat_packet_043.md,chat_annotation_packets_candil/packets/chat_packet_043.json,214,1982-03-13-right-x-congreso-de-actividades-flamen,X Congreso de Actividades Flamencas,candil,1982-03,es,article,1818,full,0,,5
chat_packet_044,chat_annotation_packets_candil/packets/chat_packet_044.md,chat_annotation_packets_candil/packets/chat_packet_044.json,215,1982-03-14-left-una-penita-mu-grande,Una penita mu grande,candil,1982-03,es,article,3720,head_tail_windows,1,HERIT_03,1
chat_packet_044,chat_annotation_packets_candil/packets/chat_packet_044.md,chat_annotation_packets_candil/packets/chat_packet_044.json,216,1982-03-14-left-una-penita-muy-grande,Una penita muy grande,candil,1982-03,es,article,545,full,0,,2
chat_packet_044,chat_annotation_packets_candil/packets/chat_packet_044.md,chat_annotation_packets_candil/packets/chat_packet_044.json,217,1982-03-16-left-federacion-de-las-pe-as,Federaciones de las Peñas,candil,1982-03,es,article,2901,full,0,,3
chat_packet_044,chat_annotation_packets_candil/packets/chat_packet_044.md,chat_annotation_packets_candil/packets/chat_packet_044.json,218,1982-03-16-right-ramon-j-sender,Una visión «humorística» del cante: Ramón J. Sender,candil,1982-03,es,article,3391,head_tail_windows,1,CRIT_02,4
chat_packet_044,chat_annotation_packets_candil/packets/chat_packet_044.md,chat_annotation_packets_candil/packets/chat_packet_044.json,219,1982-03-21-right-manuel-torre,Manuel Torre,candil,1982-03,es,article,3254,head_tail_windows,1,CRIT_03,5
chat_packet_045,chat_annotation_packets_candil/packets/chat_packet_045.md,chat_annotation_packets_candil/packets/chat_packet_045.json,220,1982-03-22-right-flamenca,Discografía Flamenca,candil,1982-03,es,article,3488,head_tail_windows,1,CRIT_03,1
chat_packet_045,chat_annotation_packets_candil/packets/chat_packet_045.md,chat_annotation_packets_candil/packets/chat_packet_045.json,221,1982-03-24-left-un-libro-sobre-la-saeta,Un libro sobre la Saeta,candil,1982-03,es,article,2027,full,0,,2
chat_packet_045,chat_annotation_packets_candil/packets/chat_packet_045.md,chat_annotation_packets_candil/packets/chat_packet_045.json,222,1982-03-24-right-dos-libros-en-el-centenario-de-d,Dos libros en el centenario de «Demófilo»,candil,1982-03,es,article,4062,full,0,,3
chat_packet_045,chat_annotation_packets_candil/packets/chat_packet_045.md,chat_annotation_packets_candil/packets/chat_packet_045.json,223,1982-03-25-right-discograf-a-placas-de-artistas-f,Discografía (placas) de artistas flamencas,candil,1982-03,es,article,43,full,0,,4
chat_packet_045,chat_annotation_packets_candil/packets/chat_packet_045.md,chat_annotation_packets_candil/packets/chat_packet_045.json,224,1982-05-3-right-editorial,Editorial,candil,1982-05,es,editorial,3269,full,0,,5
chat_packet_046,chat_annotation_packets_candil/packets/chat_packet_046.md,chat_annotation_packets_candil/packets/chat_packet_046.json,225,1982-05-4-right-las-malague-as-de-juan-breva,«Las Malagueñas de Juan Breva»,candil,1982-05,es,article,4240,head_tail_windows,2,"CRIT_04, HERIT_03",1
chat_packet_046,chat_annotation_packets_candil/packets/chat_packet_046.md,chat_annotation_packets_candil/packets/chat_packet_046.json,226,1982-05-5-right-el-flamenco-como-medio-de-promoc,El Flamenco como medio de promoción social,candil,1982-05,es,article,3087,head_tail_windows,1,CRIT_01,2
chat_packet_046,chat_annotation_packets_candil/packets/chat_packet_046.md,chat_annotation_packets_candil/packets/chat_packet_046.json,227,1982-05-6-right-el-popularisimo-gramofono-flamen,El popularismo gramófono Flamenco,candil,1982-05,es,article,2305,full,0,,3
chat_packet_046,chat_annotation_packets_candil/packets/chat_packet_046.md,chat_annotation_packets_candil/packets/chat_packet_046.json,228,1982-05-7-left-una-sensible-perdida-para-el-can,Una sensible pérdida para el Cante Flamenco,candil,1982-05,es,article,3835,full,0,,4
chat_packet_046,chat_annotation_packets_candil/packets/chat_packet_046.md,chat_annotation_packets_candil/packets/chat_packet_046.json,229,1982-05-7-right-tambien-ellos-fueron-importantes,También ellos fueron importantes,candil,1982-05,es,article,993,full,0,,5
chat_packet_047,chat_annotation_packets_candil/packets/chat_packet_047.md,chat_annotation_packets_candil/packets/chat_packet_047.json,230,1982-05-8-right-de-nuevo-sobre-los-cafes-cantant,De nuevo sobre los cafés cantantes carolinenses,candil,1982-05,es,article,2395,full,0,,1
chat_packet_047,chat_annotation_packets_candil/packets/chat_packet_047.md,chat_annotation_packets_candil/packets/chat_packet_047.json,231,1982-05-9-left-un-autografo-de-manuel-escacena,Un autógrafo de Manuel Escacena,candil,1982-05,es,article,4107,full,0,,2
chat_packet_047,chat_annotation_packets_candil/packets/chat_packet_047.md,chat_annotation_packets_candil/packets/chat_packet_047.json,232,1982-05-9-right-el-canario-de-madrid,El canario de Madrid,candil,1982-05,es,article,2564,full,0,,3
chat_packet_047,chat_annotation_packets_candil/packets/chat_packet_047.md,chat_annotation_packets_candil/packets/chat_packet_047.json,233,1982-05-10-left-las-letras-flamencas-de-rafael-g,Las letras flamencas de Rafael Guillén,candil,1982-05,es,article,1900,full,0,,4
chat_packet_047,chat_annotation_packets_candil/packets/chat_packet_047.md,chat_annotation_packets_candil/packets/chat_packet_047.json,234,1982-05-10-right-chiclanita,Chiclanita,candil,1982-05,es,article,5464,full,0,,5
chat_packet_048,chat_annotation_packets_candil/packets/chat_packet_048.md,chat_annotation_packets_candil/packets/chat_packet_048.json,235,1982-05-11-right-viejas-paginas-flamencas,Viejas páginas flamencas,candil,1982-05,es,article,3146,full,0,,1
chat_packet_048,chat_annotation_packets_candil/packets/chat_packet_048.md,chat_annotation_packets_candil/packets/chat_packet_048.json,236,1982-05-12-left-escucha-sobre-lo-gitano-y-su-pol,Escucha sobre lo gitano y su polémica en el cante,candil,1982-05,es,article,4346,full,0,,2
chat_packet_048,chat_annotation_packets_candil/packets/chat_packet_048.md,chat_annotation_packets_candil/packets/chat_packet_048.json,237,1982-05-13-right-x-congreso-de-actividades-flamen,X Congreso de actividades flamencas,candil,1982-05,es,article,3341,full,0,,3
chat_packet_048,chat_annotation_packets_candil/packets/chat_packet_048.md,chat_annotation_packets_candil/packets/chat_packet_048.json,238,1982-05-14-left-el-cante-en-la-mirada,El cante en la mirada,candil,1982-05,es,article,1009,full,0,,4
chat_packet_048,chat_annotation_packets_candil/packets/chat_packet_048.md,chat_annotation_packets_candil/packets/chat_packet_048.json,239,1982-05-14-right-manuel-celestino-cobos-cobitos,"Ellos, los protagonistas, dicen... Manuel Celestino Cobos, «Cobitos»",candil,1982-05,es,article,3441,head_tail_windows,1,PED_02,5
chat_packet_049,chat_annotation_packets_candil/packets/chat_packet_049.md,chat_annotation_packets_candil/packets/chat_packet_049.json,240,1982-05-16-left-cartas-a-candil,Cartas a Candil,candil,1982-05,es,article,5424,full,0,,1
chat_packet_049,chat_annotation_packets_candil/packets/chat_packet_049.md,chat_annotation_packets_candil/packets/chat_packet_049.json,241,1982-05-16-right-el-romanticismo-flamenco-de-augu,El romanticismo flamenco de Augusto Ferrán,candil,1982-05,es,article,3424,head_tail_windows,1,HERIT_02,2
chat_packet_049,chat_annotation_packets_candil/packets/chat_packet_049.md,chat_annotation_packets_candil/packets/chat_packet_049.json,242,1982-05-20-right-el-flamenco-en-el-arte-actual,El Flamenco en el arte actual,candil,1982-05,es,article,3712,head_tail_windows,1,CRIT_04,3
chat_packet_049,chat_annotation_packets_candil/packets/chat_packet_049.md,chat_annotation_packets_candil/packets/chat_packet_049.json,243,1982-05-22-left-la-guitarra-y-su-aprendizaje,La guitarra y su aprendizaje,candil,1982-05,es,article,3781,full,0,,4
chat_packet_049,chat_annotation_packets_candil/packets/chat_packet_049.md,chat_annotation_packets_candil/packets/chat_packet_049.json,244,1982-05-22-right-las-alturas-de-manuel-torre-y-va,Las alturas de Manuel Torre y Vallejo,candil,1982-05,es,article,3640,head_tail_windows,1,COMM_04,5
chat_packet_050,chat_annotation_packets_candil/packets/chat_packet_050.md,chat_annotation_packets_candil/packets/chat_packet_050.json,245,1982-05-23-right-flamenco-y-toros-un-insustituibl,FLAMENCO Y TOROS UN INSUSTITUIBLE ESTUDIO SOBRE SUS INTERRELACIONES Y HONDAS MOTIVACIONES,candil,1982-05,es,article,5423,full,0,,1
chat_packet_050,chat_annotation_packets_candil/packets/chat_packet_050.md,chat_annotation_packets_candil/packets/chat_packet_050.json,246,1982-05-25-right-quienes-fueron-los-maestros,Quienes fueron los maestros El ciego de la peña,candil,1982-05,es,article,3376,full,0,,2
chat_packet_050,chat_annotation_packets_candil/packets/chat_packet_050.md,chat_annotation_packets_candil/packets/chat_packet_050.json,247,1982-07-3-right-editorial,Editorial,candil,1982-07,es,editorial,2471,full,0,,3
chat_packet_050,chat_annotation_packets_candil/packets/chat_packet_050.md,chat_annotation_packets_candil/packets/chat_packet_050.json,248,1982-07-4-right-el-tren-y-la-copla,El Tren y la Copla,candil,1982-07,es,article,3346,head_tail_windows,1,CRIT_04,4
chat_packet_050,chat_annotation_packets_candil/packets/chat_packet_050.md,chat_annotation_packets_candil/packets/chat_packet_050.json,249,1982-07-6-left-viejos-letristas-flamencos,Viejos letristas flamencos,candil,1982-07,es,article,1765,full,0,,5
chat_packet_051,chat_annotation_packets_candil/packets/chat_packet_051.md,chat_annotation_packets_candil/packets/chat_packet_051.json,250,1982-07-6-right-catalogo-de-libros-librillos-y-c,"Catálogo de libros, librillos y modernas coplas fla-mencas",candil,1982-07,es,article,4011,head_tail_windows,1,PED_02,1
chat_packet_051,chat_annotation_packets_candil/packets/chat_packet_051.md,chat_annotation_packets_candil/packets/chat_packet_051.json,251,1982-07-16-right-rancapino,"Ellos, los protagonistas, dicen... Rancapino",candil,1982-07,es,article,4186,head_tail_windows,1,CRIT_02,2
chat_packet_051,chat_annotation_packets_candil/packets/chat_packet_051.md,chat_annotation_packets_candil/packets/chat_packet_051.json,252,1982-07-17-right-cante-jondo-en-el-grito,Cante Jondo en «el grito»,candil,1982-07,es,article,3222,head_tail_windows,1,CRIT_01,3
chat_packet_051,chat_annotation_packets_candil/packets/chat_packet_051.md,chat_annotation_packets_candil/packets/chat_packet_051.json,253,1982-07-22-right-un-tema-para-estudiar-en-serio,Flamenco y humor: Un tema para estudiar en serio,candil,1982-07,es,article,4763,head_tail_windows,3,"CRIT_02, PED_02, PED_03",4
chat_packet_051,chat_annotation_packets_candil/packets/chat_packet_051.md,chat_annotation_packets_candil/packets/chat_packet_051.json,254,1982-07-24-right-la-guitarra-entre-el-virtu-sismo,"La guitarra, entre el virtuosismo y el acompañamiento",candil,1982-07,es,article,4116,full,0,,5
chat_packet_052,chat_annotation_packets_candil/packets/chat_packet_052.md,chat_annotation_packets_candil/packets/chat_packet_052.json,255,1982-07-25-left-la-plastica-de-un-grito,La plástica de un grito,candil,1982-07,es,article,4489,full,0,,1
chat_packet_052,chat_annotation_packets_candil/packets/chat_packet_052.md,chat_annotation_packets_candil/packets/chat_packet_052.json,256,1982-07-25-right-soleares,Soleares,candil,1982-07,es,article,5352,full,0,,2
chat_packet_052,chat_annotation_packets_candil/packets/chat_packet_052.md,chat_annotation_packets_candil/packets/chat_packet_052.json,257,1982-07-26-right-al-filo-del-x-congreso-de-activi,Al filo del X Congreso de Actividades Flamencas,candil,1982-07,es,article,3537,full,0,,3
chat_packet_052,chat_annotation_packets_candil/packets/chat_packet_052.md,chat_annotation_packets_candil/packets/chat_packet_052.json,258,1982-07-27-left-dos-modos-distintos-de-acercarse,Dos modos distintos de acercarse al cante,candil,1982-07,es,article,3803,full,0,,4
chat_packet_052,chat_annotation_packets_candil/packets/chat_packet_052.md,chat_annotation_packets_candil/packets/chat_packet_052.json,259,1982-07-27-right-flamenca,Discografía flamenca,candil,1982-07,es,article,2836,head_tail_windows,1,AUTH_01,5
chat_packet_053,chat_annotation_packets_candil/packets/chat_packet_053.md,chat_annotation_packets_candil/packets/chat_packet_053.json,260,1982-07-29-left-quienes-fueron-los-maestros,Quienes fueron los maestros,candil,1982-07,es,article,2545,full,0,,1
chat_packet_053,chat_annotation_packets_candil/packets/chat_packet_053.md,chat_annotation_packets_candil/packets/chat_packet_053.json,261,1982-09-3-right-editorial,Editorial,candil,1982-09,es,editorial,2547,full,0,,2
chat_packet_053,chat_annotation_packets_candil/packets/chat_packet_053.md,chat_annotation_packets_candil/packets/chat_packet_053.json,262,1982-09-4-right-antonio-mairena,ANTONIO MAIRENA,candil,1982-09,es,article,2378,full,0,,3
chat_packet_053,chat_annotation_packets_candil/packets/chat_packet_053.md,chat_annotation_packets_candil/packets/chat_packet_053.json,263,1982-09-5-right-salia-y-remate-para-antonio-mair,«Salía y remate para Antonio Mairena»,candil,1982-09,es,article,2645,head_tail_windows,1,CRIT_01,4
chat_packet_053,chat_annotation_packets_candil/packets/chat_packet_053.md,chat_annotation_packets_candil/packets/chat_packet_053.json,264,1982-09-6-right-antonio-mairena-y-el-duende,Antonio Mairena y el duende,candil,1982-09,es,article,5563,full,0,,5
chat_packet_054,chat_annotation_packets_candil/packets/chat_packet_054.md,chat_annotation_packets_candil/packets/chat_packet_054.json,265,1982-09-7-right-unos-recuerdos-para-antonio-mair,Unos recuerdos para Antonio Mairena,candil,1982-09,es,article,5264,full,0,,1
chat_packet_054,chat_annotation_packets_candil/packets/chat_packet_054.md,chat_annotation_packets_candil/packets/chat_packet_054.json,266,1982-09-8-right-mairena-y-la-guitarra,Mairena y la guitarra,candil,1982-09,es,article,5333,full,0,,2
chat_packet_054,chat_annotation_packets_candil/packets/chat_packet_054.md,chat_annotation_packets_candil/packets/chat_packet_054.json,267,1982-09-9-right-arte-sentimiento-y-cultura,"Antonio Mairena: arte, sentimiento y cultura",candil,1982-09,es,article,3185,head_tail_windows,1,CRIT_01,3
chat_packet_054,chat_annotation_packets_candil/packets/chat_packet_054.md,chat_annotation_packets_candil/packets/chat_packet_054.json,268,1982-09-11-left-mediaocena-de-repentizaciones-pa,Mediaocena de repentizaciones para don Antonio Mairena,candil,1982-09,es,article,3905,full,0,,4
chat_packet_054,chat_annotation_packets_candil/packets/chat_packet_054.md,chat_annotation_packets_candil/packets/chat_packet_054.json,269,1982-09-14-right-ejemplo-a-seguir,Ejemplo a seguir,candil,1982-09,es,article,3414,full,0,,5
chat_packet_055,chat_annotation_packets_candil/packets/chat_packet_055.md,chat_annotation_packets_candil/packets/chat_packet_055.json,270,1982-09-15-left-maestro,Maestro,candil,1982-09,es,article,2388,full,0,,1
chat_packet_055,chat_annotation_packets_candil/packets/chat_packet_055.md,chat_annotation_packets_candil/packets/chat_packet_055.json,271,1982-09-15-right-irene-cruz-serrano,Mujeres para el romance: Irene Cruz Serrano,candil,1982-09,es,article,2886,head_tail_windows,1,COMM_02,2
chat_packet_055,chat_annotation_packets_candil/packets/chat_packet_055.md,chat_annotation_packets_candil/packets/chat_packet_055.json,272,1982-09-16-right-la-creacion-en-mairena,La creación en Mairena,candil,1982-09,es,article,4889,full,0,,3
chat_packet_055,chat_annotation_packets_candil/packets/chat_packet_055.md,chat_annotation_packets_candil/packets/chat_packet_055.json,273,1982-09-17-right-las-siguriyas-de-manuel-torres,Las siguiriyas de Manuel Torres,candil,1982-09,es,article,5944,full,0,,4
chat_packet_055,chat_annotation_packets_candil/packets/chat_packet_055.md,chat_annotation_packets_candil/packets/chat_packet_055.json,274,1982-09-18-right-antonio-mairena-y-ricardo-molina,Antonio Mairena y Ricardo Molina,candil,1982-09,es,article,3185,head_tail_windows,1,CRIT_02,5
chat_packet_056,chat_annotation_packets_candil/packets/chat_packet_056.md,chat_annotation_packets_candil/packets/chat_packet_056.json,275,1982-09-19-right-antonio-mairena-cabal-entre-caba,"Antonio Mairena, cabal entre cabales",candil,1982-09,es,article,3222,full,0,,1
chat_packet_056,chat_annotation_packets_candil/packets/chat_packet_056.md,chat_annotation_packets_candil/packets/chat_packet_056.json,276,1982-09-20-left-a-antonio-mairena,Oda a Antonio Mairena,candil,1982-09,es,article,550,full,0,,2
chat_packet_056,chat_annotation_packets_candil/packets/chat_packet_056.md,chat_annotation_packets_candil/packets/chat_packet_056.json,277,1982-09-20-right-escritos-de-a-mairena,«ESCRITOS DE A. MAIRENA»,candil,1982-09,es,article,1787,full,0,,3
chat_packet_056,chat_annotation_packets_candil/packets/chat_packet_056.md,chat_annotation_packets_candil/packets/chat_packet_056.json,278,1982-09-21-right-por-que-flamenco,¿Por qué flamenco?,candil,1982-09,es,article,3752,head_tail_windows,1,CRIT_03,4
chat_packet_056,chat_annotation_packets_candil/packets/chat_packet_056.md,chat_annotation_packets_candil/packets/chat_packet_056.json,279,1982-09-22-right-un-cante-que-nunca-fue-popular,Un cante que nunca fue popular,candil,1982-09,es,article,3376,full,0,,5
chat_packet_057,chat_annotation_packets_candil/packets/chat_packet_057.md,chat_annotation_packets_candil/packets/chat_packet_057.json,280,1982-09-23-left-que-es-el-cante-gitano-andaluz,¿Qué es el cante gitano andaluz?,candil,1982-09,es,article,5605,full,0,,1
chat_packet_057,chat_annotation_packets_candil/packets/chat_packet_057.md,chat_annotation_packets_candil/packets/chat_packet_057.json,281,1982-09-24-left-significado-y-responsabilidad-de,Significado y responsabilidad de la llave de oro del cante,candil,1982-09,es,article,3335,head_tail_windows,1,PED_03,2
chat_packet_057,chat_annotation_packets_candil/packets/chat_packet_057.md,chat_annotation_packets_candil/packets/chat_packet_057.json,282,1982-09-25-right-apuntes-de-mis-vivencias-a-o-192,APUNTES DE MIS VIVENCIAS AÑO 1922 AL 1981,candil,1982-09,es,article,4111,head_tail_windows,1,HERIT_03,3
chat_packet_057,chat_annotation_packets_candil/packets/chat_packet_057.md,chat_annotation_packets_candil/packets/chat_packet_057.json,283,1982-09-27-right-cincuenta-a-os-de-luz-y-duendes,Cincuenta años de luz y duendes,candil,1982-09,es,article,3597,head_tail_windows,1,HERIT_03,4
chat_packet_057,chat_annotation_packets_candil/packets/chat_packet_057.md,chat_annotation_packets_candil/packets/chat_packet_057.json,284,1982-09-30-right-el-placer-de-la-forja-de-una-ami,El placer de la forja de una amistad,candil,1982-09,es,article,3951,head_tail_windows,2,"HERIT_03, CRIT_04",5
chat_packet_058,chat_annotation_packets_candil/packets/chat_packet_058.md,chat_annotation_packets_candil/packets/chat_packet_058.json,285,1982-09-32-left-la-fragua-de-los-mairena,La fragua de los Mairena,candil,1982-09,es,article,3361,head_tail_windows,1,CRIT_01,1
chat_packet_058,chat_annotation_packets_candil/packets/chat_packet_058.md,chat_annotation_packets_candil/packets/chat_packet_058.json,286,1982-09-33-left-en-segovia,En Segovia,candil,1982-09,es,article,3182,full,0,,2
chat_packet_058,chat_annotation_packets_candil/packets/chat_packet_058.md,chat_annotation_packets_candil/packets/chat_packet_058.json,287,1982-09-33-right-apuntes-para-la-historia-y-evolu,Apuntes para la historia y evolución del cante por Soleá de Alcalá de Guadaira,candil,1982-09,es,article,3958,head_tail_windows,1,CRIT_01,3
chat_packet_058,chat_annotation_packets_candil/packets/chat_packet_058.md,chat_annotation_packets_candil/packets/chat_packet_058.json,288,1982-09-35-right-notas-referentes-al-cante-por-to,Notas referentes al cante por Tona,candil,1982-09,es,article,3128,head_tail_windows,1,HERIT_03,4
chat_packet_058,chat_annotation_packets_candil/packets/chat_packet_058.md,chat_annotation_packets_candil/packets/chat_packet_058.json,289,1982-09-37-left-mis-recuerdos-de-manuel-torre,Mis recuerdos de Manuel Torre,candil,1982-09,es,article,2733,head_tail_windows,1,PED_03,5
chat_packet_059,chat_annotation_packets_candil/packets/chat_packet_059.md,chat_annotation_packets_candil/packets/chat_packet_059.json,290,1982-09-38-right-semblanza-de-manuel-torre-manuel,"SEMBLANZA DE MANUEL TORRE MANUEL TORRE, ARTIFICE DE UNA ERA DEL CANTE",candil,1982-09,es,article,5055,full,0,,1
chat_packet_059,chat_annotation_packets_candil/packets/chat_packet_059.md,chat_annotation_packets_candil/packets/chat_packet_059.json,291,1982-09-39-left-recuerdos-psicol-gicos-de-juan-t,Recuerdos psicológicos de Juan Talega,candil,1982-09,es,article,3567,head_tail_windows,1,CRIT_01,2
chat_packet_059,chat_annotation_packets_candil/packets/chat_packet_059.md,chat_annotation_packets_candil/packets/chat_packet_059.json,292,1982-09-40-left-antonio-fernandez-diaz-fosforito,"ANTONIO FERNANDEZ DIAZ, «FOSFORITO» (Mi mensaje de admiración para su homenaje, en la próxima primavera, en Córdoba.)",candil,1982-09,es,article,5750,full,0,,3
chat_packet_059,chat_annotation_packets_candil/packets/chat_packet_059.md,chat_annotation_packets_candil/packets/chat_packet_059.json,293,1982-09-41-left-sobre-el-futuro-de-la-vida-del-c,Sobre el futuro de la vida del cante gitano,candil,1982-09,es,article,3586,full,0,,4
chat_packet_059,chat_annotation_packets_candil/packets/chat_packet_059.md,chat_annotation_packets_candil/packets/chat_packet_059.json,294,1982-09-41-right-mi-profundo-agradecimiento-y-mi-,Mi profundo agradecimiento y mi gratitud cuando se ha cancelado una época,candil,1982-09,es,article,3891,head_tail_windows,1,CRIT_01,5
chat_packet_060,chat_annotation_packets_candil/packets/chat_packet_060.md,chat_annotation_packets_candil/packets/chat_packet_060.json,295,1982-09-46-right-se-acuerda,¿Se acuerda?,candil,1982-09,es,article,1494,full,0,,1
chat_packet_060,chat_annotation_packets_candil/packets/chat_packet_060.md,chat_annotation_packets_candil/packets/chat_packet_060.json,296,1982-09-47-left-chac-n-y-mairena-en-mi-concepto-,Chacón y Mairena en mi concepto del cante,candil,1982-09,es,article,5079,full,0,,2
chat_packet_060,chat_annotation_packets_candil/packets/chat_packet_060.md,chat_annotation_packets_candil/packets/chat_packet_060.json,297,1982-09-48-left-corona-po-tica-para-el-cantor-an,Corona poética para el cantor Antonio Mairena,candil,1982-09,es,article,3303,head_tail_windows,1,PED_03,3
chat_packet_060,chat_annotation_packets_candil/packets/chat_packet_060.md,chat_annotation_packets_candil/packets/chat_packet_060.json,298,1982-09-51-left-mairena-en-la-uni-n,"Mairena, en la Unión",candil,1982-09,es,article,3102,full,0,,4
chat_packet_060,chat_annotation_packets_candil/packets/chat_packet_060.md,chat_annotation_packets_candil/packets/chat_packet_060.json,299,1982-09-51-right-evocaci-n-de-antonio-mairena,Evocación de Antonio Mairena,candil,1982-09,es,article,3893,full,0,,5
chat_packet_061,chat_annotation_packets_candil/packets/chat_packet_061.md,chat_annotation_packets_candil/packets/chat_packet_061.json,300,1982-09-53-right-tradici-n-aportaci-n-y-grandeza,"Tradición, aportación y grandeza",candil,1982-09,es,article,4516,full,0,,1
chat_packet_061,chat_annotation_packets_candil/packets/chat_packet_061.md,chat_annotation_packets_candil/packets/chat_packet_061.json,301,1982-09-54-right-s-ntesis-o-creaci-n-del-cante,Síntesis o creación del cante,candil,1982-09,es,article,4365,full,0,,2
chat_packet_061,chat_annotation_packets_candil/packets/chat_packet_061.md,chat_annotation_packets_candil/packets/chat_packet_061.json,302,1982-09-55-right-antonio-mairena-y-su-raz-n-incor,Antonio Mairena y su razón incorpórea,candil,1982-09,es,article,3641,full,0,,3
chat_packet_061,chat_annotation_packets_candil/packets/chat_packet_061.md,chat_annotation_packets_candil/packets/chat_packet_061.json,303,1982-09-56-right-discograf-a-de-antonio-mairena,Discografía de Antonio Mairena,candil,1982-09,es,article,1075,full,0,,4
chat_packet_061,chat_annotation_packets_candil/packets/chat_packet_061.md,chat_annotation_packets_candil/packets/chat_packet_061.json,304,1982-09-57-left-discograf-a-incunable-de-antonio,Discografía incunable de Antonio Mairena,candil,1982-09,es,article,4401,full,0,,5
chat_packet_062,chat_annotation_packets_candil/packets/chat_packet_062.md,chat_annotation_packets_candil/packets/chat_packet_062.json,305,1982-09-58-left-fichas-para-una-hemeroteca,Fichas para una hemeroteca…,candil,1982-09,es,article,3108,head_tail_windows,1,CRIT_01,1
chat_packet_062,chat_annotation_packets_candil/packets/chat_packet_062.md,chat_annotation_packets_candil/packets/chat_packet_062.json,306,1982-09-59-left-de-l-tambi-n-se-ha-dicho,De él también se ha dicho,candil,1982-09,es,article,2899,head_tail_windows,1,COMM_01,2
chat_packet_062,chat_annotation_packets_candil/packets/chat_packet_062.md,chat_annotation_packets_candil/packets/chat_packet_062.json,307,1982-11-3-right-editorial,Editorial,candil,1982-11,es,editorial,1799,full,0,,3
chat_packet_062,chat_annotation_packets_candil/packets/chat_packet_062.md,chat_annotation_packets_candil/packets/chat_packet_062.json,308,1982-11-4-right-el-villancico-y-la-navidad-flame,El Villancico y la Navidad flamenca,candil,1982-11,es,article,3425,head_tail_windows,1,AUTH_03,4
chat_packet_062,chat_annotation_packets_candil/packets/chat_packet_062.md,chat_annotation_packets_candil/packets/chat_packet_062.json,309,1982-11-8-left-addenda-et-corrigenda-de-una-rel,Addenda et corrigenda de una relación de artistas gitanos,candil,1982-11,es,article,2747,full,0,,5
chat_packet_063,chat_annotation_packets_candil/packets/chat_packet_063.md,chat_annotation_packets_candil/packets/chat_packet_063.json,310,1982-11-8-right-de-los-gitanos-de-flandes-a-los-,De los gitanos de flandes a los gitanos flamencos,candil,1982-11,es,article,4880,head_tail_windows,3,"COMM_02, HERIT_03, PED_03",1
chat_packet_063,chat_annotation_packets_candil/packets/chat_packet_063.md,chat_annotation_packets_candil/packets/chat_packet_063.json,311,1982-11-11-right-las-letras-flamencas-de-servula-,Las letras flamencas de Sérvula Palacios,candil,1982-11,es,article,1504,full,0,,2
chat_packet_063,chat_annotation_packets_candil/packets/chat_packet_063.md,chat_annotation_packets_candil/packets/chat_packet_063.json,312,1982-11-12-left-a-la-tona,A la Tona (poema),candil,1982-11,es,article,461,full,0,,3
chat_packet_063,chat_annotation_packets_candil/packets/chat_packet_063.md,chat_annotation_packets_candil/packets/chat_packet_063.json,313,1982-11-12-right-ellos-los-protagonistas-dicen-la,"Ellos, los protagonistas: La Triana del Zurraque",candil,1982-11,es,article,2842,head_tail_windows,1,AUTH_04,4
chat_packet_063,chat_annotation_packets_candil/packets/chat_packet_063.md,chat_annotation_packets_candil/packets/chat_packet_063.json,314,1982-11-14-right-carta-abierta-al-cantaor-don-ant,Carta abierta al cantaor don Antonio Mairena,candil,1982-11,es,article,3784,head_tail_windows,2,"CRIT_01, PED_02",5
chat_packet_064,chat_annotation_packets_candil/packets/chat_packet_064.md,chat_annotation_packets_candil/packets/chat_packet_064.json,315,1982-11-15-right-la-gracia-y-la-guasa-de-juan-bel,La gracia y la guasa de Juan Belmonte,candil,1982-11,es,article,3271,head_tail_windows,1,CRIT_02,1
chat_packet_064,chat_annotation_packets_candil/packets/chat_packet_064.md,chat_annotation_packets_candil/packets/chat_packet_064.json,316,1982-11-16-right-un-cante-que-destruye,Un cante que destruye,candil,1982-11,es,article,3476,full,0,,2
chat_packet_064,chat_annotation_packets_candil/packets/chat_packet_064.md,chat_annotation_packets_candil/packets/chat_packet_064.json,317,1982-11-17-left-algunas-apreciaciones-sobre-los-,Algunas apreciaciones sobre los cantes de Málaga y Levante,candil,1982-11,es,article,3661,full,0,,3
chat_packet_064,chat_annotation_packets_candil/packets/chat_packet_064.md,chat_annotation_packets_candil/packets/chat_packet_064.json,318,1982-11-17-right-dialogo-abierto-sobre-los-cantes,Diálogo abierto sobre los cantes de Málaga y Levante,candil,1982-11,es,article,3002,head_tail_windows,1,CRIT_03,4
chat_packet_064,chat_annotation_packets_candil/packets/chat_packet_064.md,chat_annotation_packets_candil/packets/chat_packet_064.json,319,1982-11-18-right-quienes-fueron-los-maestros,Quienes fueron los maestros,candil,1982-11,es,article,4696,full,0,,5
chat_packet_065,chat_annotation_packets_candil/packets/chat_packet_065.md,chat_annotation_packets_candil/packets/chat_packet_065.json,320,1982-11-19-right-flamenca,Discografía flamenca,candil,1982-11,es,article,3305,head_tail_windows,1,CRIT_04,1
chat_packet_065,chat_annotation_packets_candil/packets/chat_packet_065.md,chat_annotation_packets_candil/packets/chat_packet_065.json,321,1982-11-21-left-placas-de-artistas-flamencos,Discografía (placas) de artistas flamencos Manuel Vallejo,candil,1982-11,es,article,2909,head_tail_windows,1,COMM_04,2
chat_packet_065,chat_annotation_packets_candil/packets/chat_packet_065.md,chat_annotation_packets_candil/packets/chat_packet_065.json,322,1983-01-3-right-editorial,Editorial,candil,1983-01,es,editorial,2081,full,0,,3
chat_packet_065,chat_annotation_packets_candil/packets/chat_packet_065.md,chat_annotation_packets_candil/packets/chat_packet_065.json,323,1983-01-4-right-tierra-sobre-la-tierra-aproximac,TIERRA SOBRE LA TIERRA (Aproximación a la flamencología de J. M. Caballero Bonald) (I),candil,1983-01,es,article,3912,head_tail_windows,2,"CRIT_03, COMM_03",4
chat_packet_065,chat_annotation_packets_candil/packets/chat_packet_065.md,chat_annotation_packets_candil/packets/chat_packet_065.json,324,1983-01-9-right-el-flamenco-a-los-centros-de-ens,"Prospectiva flamenca: El Flamenco, a los Centros de Enseñanza",candil,1983-01,es,article,2775,head_tail_windows,1,HERIT_03,5
chat_packet_066,chat_annotation_packets_candil/packets/chat_packet_066.md,chat_annotation_packets_candil/packets/chat_packet_066.json,325,1983-01-10-right-dos-genios-revolucionarios-juan-,Dos genios revolucionarios,candil,1983-01,es,article,4446,full,0,,1
chat_packet_066,chat_annotation_packets_candil/packets/chat_packet_066.md,chat_annotation_packets_candil/packets/chat_packet_066.json,326,1983-01-11-right-ellos-los-protagonistas-dicen-ma,"Ellos, los protagonistas, dicen: Manuel Soto, «El Sordera»",candil,1983-01,es,article,4101,head_tail_windows,1,CRIT_03,2
chat_packet_066,chat_annotation_packets_candil/packets/chat_packet_066.md,chat_annotation_packets_candil/packets/chat_packet_066.json,327,1983-01-13-right-aunque-no-quepa-en-el-papel-la-s,Aunque no quepa en el papel «La seguidilla gitana» o el esfuerzo por la inte- gridad,candil,1983-01,es,article,2518,full,0,,3
chat_packet_066,chat_annotation_packets_candil/packets/chat_packet_066.md,chat_annotation_packets_candil/packets/chat_packet_066.json,328,1983-01-13-right-aunque-no-quepa-en-el-papel-la-s,Aunque no quepa en el papel «La seguidilla gitana» o el esfuerzo por la inte- gridad,candil,1983-01,es,article,3965,head_tail_windows,1,CRIT_01,4
chat_packet_066,chat_annotation_packets_candil/packets/chat_packet_066.md,chat_annotation_packets_candil/packets/chat_packet_066.json,329,1983-01-14-right-la-etica-en-el-flamenco,La ética en el Flamenco,candil,1983-01,es,article,2789,head_tail_windows,1,COMM_01,5
chat_packet_067,chat_annotation_packets_candil/packets/chat_packet_067.md,chat_annotation_packets_candil/packets/chat_packet_067.json,330,1983-01-15-right-opiniones-de-ayer,Opiniones de ayer,candil,1983-01,es,essay_opinion,2255,full,0,,1
chat_packet_067,chat_annotation_packets_candil/packets/chat_packet_067.md,chat_annotation_packets_candil/packets/chat_packet_067.json,331,1983-01-16-left-las-saetas-de-jose-luis-buendia,Las saetas de José Luis Buendía,candil,1983-01,es,article,2118,full,0,,2
chat_packet_067,chat_annotation_packets_candil/packets/chat_packet_067.md,chat_annotation_packets_candil/packets/chat_packet_067.json,332,1983-01-16-right-la-saeta-por-miguel-calvo-morill,"La Saeta, por Miguel Calvo Morillo",candil,1983-01,es,article,1030,full,0,,3
chat_packet_067,chat_annotation_packets_candil/packets/chat_packet_067.md,chat_annotation_packets_candil/packets/chat_packet_067.json,333,1983-01-17-left-quienes-fueron-los-maestros,Quiénes fueron los maestros: Manuel Reyes «El Canario»,candil,1983-01,es,article,4487,full,0,,4
chat_packet_067,chat_annotation_packets_candil/packets/chat_packet_067.md,chat_annotation_packets_candil/packets/chat_packet_067.json,334,1983-01-18-left-mesa-redonda-sobre-canalejas-de-,Mesa redonda sobre «Canalejas de Puerto Real»,candil,1983-01,es,article,5353,full,0,,5
chat_packet_068,chat_annotation_packets_candil/packets/chat_packet_068.md,chat_annotation_packets_candil/packets/chat_packet_068.json,335,1983-01-18-right-flamenca,Discografía flamenca,candil,1983-01,es,article,2952,head_tail_windows,1,COMM_02,1
chat_packet_068,chat_annotation_packets_candil/packets/chat_packet_068.md,chat_annotation_packets_candil/packets/chat_packet_068.json,336,1983-01-19-right-placas-de-artistas-flamencos,"Discografía (placas) de artistas flamencos Cayetano Muriel Reyes, «Niño de Cabra»",candil,1983-01,es,article,122,full,0,,2
chat_packet_068,chat_annotation_packets_candil/packets/chat_packet_068.md,chat_annotation_packets_candil/packets/chat_packet_068.json,337,1983-03-3-right-editorial,Editorial,candil,1983-03,es,editorial,2975,full,0,,3
chat_packet_068,chat_annotation_packets_candil/packets/chat_packet_068.md,chat_annotation_packets_candil/packets/chat_packet_068.json,338,1983-03-4-right-tierra-sobre-la-tierra-aproximac,TIERRA SOBRE LA TIERRA (Aproximación a la flamencología de J. M. Caballero Bonald) (II),candil,1983-03,es,article,3342,head_tail_windows,1,COMM_04,4
chat_packet_068,chat_annotation_packets_candil/packets/chat_packet_068.md,chat_annotation_packets_candil/packets/chat_packet_068.json,339,1983-03-8-left-principios-elementales-de-musico,Principios elementales de Musicología,candil,1983-03,es,article,3591,head_tail_windows,1,CRIT_03,5
chat_packet_069,chat_annotation_packets_candil/packets/chat_packet_069.md,chat_annotation_packets_candil/packets/chat_packet_069.json,340,1983-03-10-right-antecedente-teresiano-del-mirabr,Antecedente Teresiano del «Mirabrás»,candil,1983-03,es,article,4621,head_tail_windows,1,CRIT_03,1
chat_packet_069,chat_annotation_packets_candil/packets/chat_packet_069.md,chat_annotation_packets_candil/packets/chat_packet_069.json,341,1983-03-13-right-el-cante-jondo-en-antonio-machad,"EL CANTE JONDO EN ANTONIO MACHADO (Manuel Urbano. Ediciones Demófilo. Septiembre, 1982)",candil,1983-03,es,article,4922,full,0,,2
chat_packet_069,chat_annotation_packets_candil/packets/chat_packet_069.md,chat_annotation_packets_candil/packets/chat_packet_069.json,342,1983-03-14-right-ellos-los-protagonistas-dicen-ca,"Ellos, los protagonistas, dicen: Calixto Sánchez",candil,1983-03,es,article,3843,head_tail_windows,1,PED_02,3
chat_packet_069,chat_annotation_packets_candil/packets/chat_packet_069.md,chat_annotation_packets_candil/packets/chat_packet_069.json,343,1983-03-16-left-rememorando-a-rafael-de-leon,Rememorando a Rafael de León,candil,1983-03,es,article,2042,full,0,,4
chat_packet_069,chat_annotation_packets_candil/packets/chat_packet_069.md,chat_annotation_packets_candil/packets/chat_packet_069.json,344,1983-03-16-right-arbol-del-tango-gitano,Arbol del tango gitano,candil,1983-03,es,article,3339,head_tail_windows,1,CRIT_03,5
chat_packet_070,chat_annotation_packets_candil/packets/chat_packet_070.md,chat_annotation_packets_candil/packets/chat_packet_070.json,345,1983-03-18-left-el-x-congreso-de-actividades-fla,El X Congreso de Actividades Flamencas desde mi prisma,candil,1983-03,es,article,2619,full,0,,1
chat_packet_070,chat_annotation_packets_candil/packets/chat_packet_070.md,chat_annotation_packets_candil/packets/chat_packet_070.json,346,1983-03-18-right-lo-jondo-en-federico-garcia-lorc,Lo jondo en Federico García Lorca,candil,1983-03,es,article,4029,head_tail_windows,1,CRIT_01,2
chat_packet_070,chat_annotation_packets_candil/packets/chat_packet_070.md,chat_annotation_packets_candil/packets/chat_packet_070.json,347,1983-03-20-right-viaje-por-la-solea-mesa-redonda-,VIAJE POR LA SOLEA (Mesa redonda en la Peña Flamenca de Jaén),candil,1983-03,es,article,3212,head_tail_windows,1,AUTH_03,3
chat_packet_070,chat_annotation_packets_candil/packets/chat_packet_070.md,chat_annotation_packets_candil/packets/chat_packet_070.json,348,1983-03-22-left-las-letras-flamencas-de-ramon-po,Las letras flamencas de Ramón Porras,candil,1983-03,es,article,2122,full,0,,4
chat_packet_070,chat_annotation_packets_candil/packets/chat_packet_070.md,chat_annotation_packets_candil/packets/chat_packet_070.json,349,1983-03-22-right-la-experiencia-que-es-madre-de-l,"La experiencia, que es madre de la ciencia",candil,1983-03,es,article,3680,full,0,,5
chat_packet_071,chat_annotation_packets_candil/packets/chat_packet_071.md,chat_annotation_packets_candil/packets/chat_packet_071.json,350,1983-03-23-right-la-epoca-clasica-del-flamenco,La época clásica del Flamenco,candil,1983-03,es,article,4260,full,0,,1
chat_packet_071,chat_annotation_packets_candil/packets/chat_packet_071.md,chat_annotation_packets_candil/packets/chat_packet_071.json,351,1983-03-24-left-discografia-flamenca-car-tulas,Discografia flamenca (carátulas),candil,1983-03,es,article,3325,head_tail_windows,1,CRIT_02,2
chat_packet_071,chat_annotation_packets_candil/packets/chat_packet_071.md,chat_annotation_packets_candil/packets/chat_packet_071.json,352,1983-03-25-left-aurelio-selles,Aurelio Selles,candil,1983-03,es,article,4118,head_tail_windows,2,"HERIT_03, COMM_04",3
chat_packet_071,chat_annotation_packets_candil/packets/chat_packet_071.md,chat_annotation_packets_candil/packets/chat_packet_071.json,353,1983-03-26-left-placas-de-artistas-flamencos,Discografía (placas) de artistas flamencos El Chato de las Ventas,candil,1983-03,es,article,50,full,0,,4
chat_packet_071,chat_annotation_packets_candil/packets/chat_packet_071.md,chat_annotation_packets_candil/packets/chat_packet_071.json,354,1983-05-3-right-editorial,Editorial,candil,1983-05,es,editorial,3026,full,0,,5
chat_packet_072,chat_annotation_packets_candil/packets/chat_packet_072.md,chat_annotation_packets_candil/packets/chat_packet_072.json,355,1983-05-4-left-a-diego,A Diego,candil,1983-05,es,article,3537,full,0,,1
chat_packet_072,chat_annotation_packets_candil/packets/chat_packet_072.md,chat_annotation_packets_candil/packets/chat_packet_072.json,356,1983-05-4-right-la-experiencia-que-es-la-madre-d,La experiencia que es la madre de la ciencia,candil,1983-05,es,article,2866,full,0,,2
chat_packet_072,chat_annotation_packets_candil/packets/chat_packet_072.md,chat_annotation_packets_candil/packets/chat_packet_072.json,357,1983-05-5-left-tierra-sobre-la-tierra-aproximac,TIERRA SOBRE LA TIERRA (Aproximación a la flamencología de J. M. Caballero Bonald) (y III),candil,1983-05,es,article,4751,head_tail_windows,1,PED_02,3
chat_packet_072,chat_annotation_packets_candil/packets/chat_packet_072.md,chat_annotation_packets_candil/packets/chat_packet_072.json,358,1983-05-6-right-las-corridas-o-corridos,LAS CORRIDAS O CORRIDOS,candil,1983-05,es,article,3773,full,0,,4
chat_packet_072,chat_annotation_packets_candil/packets/chat_packet_072.md,chat_annotation_packets_candil/packets/chat_packet_072.json,359,1983-05-10-right-cante-jondo-el-otro-sacramento-d,"Cante jondo, el otro sacramento del dolor",candil,1983-05,es,article,3693,head_tail_windows,1,HERIT_03,5
chat_packet_073,chat_annotation_packets_candil/packets/chat_packet_073.md,chat_annotation_packets_candil/packets/chat_packet_073.json,360,1983-05-12-right-con-paco-vallecillo,Entrevista con Paco Vallecillo,candil,1983-05,es,article,5822,full,0,,1
chat_packet_073,chat_annotation_packets_candil/packets/chat_packet_073.md,chat_annotation_packets_candil/packets/chat_packet_073.json,361,1983-05-13-right-ellos-los-protagonistas-dicen-ro,"Ellos, los protagonistas, dicen: Rosario López",candil,1983-05,es,article,2995,head_tail_windows,1,CRIT_01,2
chat_packet_073,chat_annotation_packets_candil/packets/chat_packet_073.md,chat_annotation_packets_candil/packets/chat_packet_073.json,362,1983-05-15-left-mario-maya,Poema: Mario Maya,candil,1983-05,es,article,908,full,0,,3
chat_packet_073,chat_annotation_packets_candil/packets/chat_packet_073.md,chat_annotation_packets_candil/packets/chat_packet_073.json,363,1983-05-15-right-las-letras-flamencas-de-jose-mar,Las letras flamencas de José María Gil,candil,1983-05,es,article,1635,full,0,,4
chat_packet_073,chat_annotation_packets_candil/packets/chat_packet_073.md,chat_annotation_packets_candil/packets/chat_packet_073.json,364,1983-05-16-left-en-torno-al-x-concurso-nacional-,En torno al X Concurso Nacional de Arte Flamenco de Córdoba,candil,1983-05,es,article,3644,head_tail_windows,1,PED_02,5
chat_packet_074,chat_annotation_packets_candil/packets/chat_packet_074.md,chat_annotation_packets_candil/packets/chat_packet_074.json,365,1983-05-17-right-enderezando-entuertos,Enderezando entuertos,candil,1983-05,es,article,282,full,0,,1
chat_packet_074,chat_annotation_packets_candil/packets/chat_packet_074.md,chat_annotation_packets_candil/packets/chat_packet_074.json,366,1983-05-19-right-el-bizco-amate-mendigo-del-cante,EL BIZCO AMATE Mendigo del Cante,candil,1983-05,es,article,5408,full,0,,2
chat_packet_074,chat_annotation_packets_candil/packets/chat_packet_074.md,chat_annotation_packets_candil/packets/chat_packet_074.json,367,1983-05-20-right-a-todas-las-pe-as-flamen-as,A todas las peñas flamencas,candil,1983-05,es,article,1458,full,0,,3
chat_packet_074,chat_annotation_packets_candil/packets/chat_packet_074.md,chat_annotation_packets_candil/packets/chat_packet_074.json,368,1983-05-21-left-el-xi-congreso-nacional-de-activ,"El XI Congreso Nacional de Actividades Flamencas, en marcha",candil,1983-05,es,article,1480,full,0,,4
chat_packet_074,chat_annotation_packets_candil/packets/chat_packet_074.md,chat_annotation_packets_candil/packets/chat_packet_074.json,369,1983-05-21-right-flamenca,Discografía flamenca,candil,1983-05,es,article,3403,head_tail_windows,1,PED_03,5
chat_packet_075,chat_annotation_packets_candil/packets/chat_packet_075.md,chat_annotation_packets_candil/packets/chat_packet_075.json,370,1983-05-23-left-gabriel-diaz-fernandez-macande,Gabriel Díaz Fernández «Macandé»,candil,1983-05,es,article,4299,full,0,,1
chat_packet_075,chat_annotation_packets_candil/packets/chat_packet_075.md,chat_annotation_packets_candil/packets/chat_packet_075.json,371,1983-05-23-right-antonio-mairena-galardonado,"Antonio Mairena, galardonado",candil,1983-05,es,article,2587,full,0,,2
chat_packet_075,chat_annotation_packets_candil/packets/chat_packet_075.md,chat_annotation_packets_candil/packets/chat_packet_075.json,372,1983-05-24-left-placas-de-artistas-flamencos,Discografía (placas) de artistas flamencos Corruco de Algeciras,candil,1983-05,es,article,48,full,0,,3
chat_packet_075,chat_annotation_packets_candil/packets/chat_packet_075.md,chat_annotation_packets_candil/packets/chat_packet_075.json,373,1983-07-3-left-editorial,EDITORIAL,candil,1983-07,es,editorial,1885,full,0,,4
chat_packet_075,chat_annotation_packets_candil/packets/chat_packet_075.md,chat_annotation_packets_candil/packets/chat_packet_075.json,374,1983-07-7-right-andres-segovia-linarense-univers,"ANDRES SEGOVIA, LINARENSE UNIVERSAL, SIGUE EN ACTIVO A SUS NOVENTA AÑOS",candil,1983-07,es,article,2890,head_tail_windows,1,HERIT_02,5
chat_packet_076,chat_annotation_packets_candil/packets/chat_packet_076.md,chat_annotation_packets_candil/packets/chat_packet_076.json,375,1983-07-9-left-como-el-gazpacho-al-cante-flamen,"COMO EL GAZPACHO, AL CANTE FLAMENCO ADMITE CUANTO SE LE ECHE",candil,1983-07,es,article,3400,head_tail_windows,1,AUTH_03,1
chat_packet_076,chat_annotation_packets_candil/packets/chat_packet_076.md,chat_annotation_packets_candil/packets/chat_packet_076.json,376,1983-07-10-left-cantes-tradicionales-de-cartagen,Cantes tradicionales de Cartagena,candil,1983-07,es,article,2675,head_tail_windows,1,AUTH_03,2
chat_packet_076,chat_annotation_packets_candil/packets/chat_packet_076.md,chat_annotation_packets_candil/packets/chat_packet_076.json,377,1983-07-12-left-taranta-del-arbol-malague-o-por-,TARANTA DEL ARBOL MALAGUEÑO Por M. Yerga Lancharro,candil,1983-07,es,article,1634,full,0,,3
chat_packet_076,chat_annotation_packets_candil/packets/chat_packet_076.md,chat_annotation_packets_candil/packets/chat_packet_076.json,378,1983-07-14-left-cincuenta-a-os-de-luz-y-duendes,Cincuenta años de luz y duendes,candil,1983-07,es,article,3503,head_tail_windows,1,CRIT_01,4
chat_packet_076,chat_annotation_packets_candil/packets/chat_packet_076.md,chat_annotation_packets_candil/packets/chat_packet_076.json,379,1983-07-17-right-carmen-linares,Carmen Linares,candil,1983-07,es,article,3174,head_tail_windows,1,HERIT_03,5
chat_packet_077,chat_annotation_packets_candil/packets/chat_packet_077.md,chat_annotation_packets_candil/packets/chat_packet_077.json,380,1983-07-19-left-las-letras-flamencas-de-alfonso-,Las letras flamencas de Alfonso López Martínez,candil,1983-07,es,article,1239,full,0,,1
chat_packet_077,chat_annotation_packets_candil/packets/chat_packet_077.md,chat_annotation_packets_candil/packets/chat_packet_077.json,381,1983-07-19-right-a-antonio-mairena,A Antonio Mairena,candil,1983-07,es,article,1230,full,0,,2
chat_packet_077,chat_annotation_packets_candil/packets/chat_packet_077.md,chat_annotation_packets_candil/packets/chat_packet_077.json,382,1983-07-20-left-un-solo-ritmo,Un solo ritmo,candil,1983-07,es,article,3459,full,0,,3
chat_packet_077,chat_annotation_packets_candil/packets/chat_packet_077.md,chat_annotation_packets_candil/packets/chat_packet_077.json,383,1983-07-20-right-xi-congreso-nacional-de-a-flamen,XI Congreso Nacional de A. Flamencas,candil,1983-07,es,article,4067,full,0,,4
chat_packet_077,chat_annotation_packets_candil/packets/chat_packet_077.md,chat_annotation_packets_candil/packets/chat_packet_077.json,384,1983-07-21-left-jose-cepero,José Cepero,candil,1983-07,es,article,3173,full,0,,5
chat_packet_078,chat_annotation_packets_candil/packets/chat_packet_078.md,chat_annotation_packets_candil/packets/chat_packet_078.json,385,1983-07-21-right-hablan-las-pe-as,— HABLAN LAS PEÑAS —,candil,1983-07,es,article,3194,head_tail_windows,1,COMM_02,1
chat_packet_078,chat_annotation_packets_candil/packets/chat_packet_078.md,chat_annotation_packets_candil/packets/chat_packet_078.json,386,1983-07-22-right-flamenca,Discografía flamenca,candil,1983-07,es,article,3326,head_tail_windows,1,COMM_04,2
chat_packet_078,chat_annotation_packets_candil/packets/chat_packet_078.md,chat_annotation_packets_candil/packets/chat_packet_078.json,387,1983-07-24-left-placas-de-artistas-flamencos,Discografía (placas) de artistas flamencos José Palanca,candil,1983-07,es,article,12,full,0,,3
chat_packet_078,chat_annotation_packets_candil/packets/chat_packet_078.md,chat_annotation_packets_candil/packets/chat_packet_078.json,388,1983-07-24-right-jos-palanca,José Palanca,candil,1983-07,es,article,77,full,0,,4
chat_packet_078,chat_annotation_packets_candil/packets/chat_packet_078.md,chat_annotation_packets_candil/packets/chat_packet_078.json,389,1983-09-2-right-editorial,Editorial,candil,1983-09,es,editorial,4634,full,0,,5
chat_packet_079,chat_annotation_packets_candil/packets/chat_packet_079.md,chat_annotation_packets_candil/packets/chat_packet_079.json,390,1983-09-4-left-imposici-n-de-la-medalla-de-trab,Imposición de la Medalla de Trabajo a Juanito Valderrama,candil,1983-09,es,article,4723,head_tail_windows,1,COMM_02,1
chat_packet_079,chat_annotation_packets_candil/packets/chat_packet_079.md,chat_annotation_packets_candil/packets/chat_packet_079.json,391,1983-09-6-right-literatura-rom-ntica-y-cante-fla,Literatura romántica y cante flamenco,candil,1983-09,es,article,3307,head_tail_windows,1,CRIT_03,2
chat_packet_079,chat_annotation_packets_candil/packets/chat_packet_079.md,chat_annotation_packets_candil/packets/chat_packet_079.json,392,1983-09-11-left-responsabilidad-de-figura,¿Responsabilidad de figura?,candil,1983-09,es,article,4479,full,0,,3
chat_packet_079,chat_annotation_packets_candil/packets/chat_packet_079.md,chat_annotation_packets_candil/packets/chat_packet_079.json,393,1983-09-11-right-con-ternura-y-con-gran-valor,«Con ternura y con gran valor»,candil,1983-09,es,article,2642,head_tail_windows,1,CRIT_01,4
chat_packet_079,chat_annotation_packets_candil/packets/chat_packet_079.md,chat_annotation_packets_candil/packets/chat_packet_079.json,394,1983-09-13-left-colecci-n-de-guitarras-de-manuel,Colección de guitarras de Manuel Cano,candil,1983-09,es,article,3655,head_tail_windows,1,CRIT_03,5
chat_packet_080,chat_annotation_packets_candil/packets/chat_packet_080.md,chat_annotation_packets_candil/packets/chat_packet_080.json,395,1983-09-14-right-algo-sobre-las-tarantillas-de-es,"Algo sobre las tarantillas de estilos mineras Ellos, los protagonistas, Carlos Cruz",candil,1983-09,es,article,4620,head_tail_windows,3,"CRIT_03, AUTH_01, PED_03",1
chat_packet_080,chat_annotation_packets_candil/packets/chat_packet_080.md,chat_annotation_packets_candil/packets/chat_packet_080.json,396,1983-09-19-left-victoria-de-miguel-chequeo-grafo,Victoria de Miguel Chequeo grafológico,candil,1983-09,es,article,4156,full,0,,2
chat_packet_080,chat_annotation_packets_candil/packets/chat_packet_080.md,chat_annotation_packets_candil/packets/chat_packet_080.json,397,1983-09-19-right-las-letras-flamencas-de-jos-s-nc,Las letras flamencas de José Sánchez del Moral,candil,1983-09,es,article,1008,full,0,,3
chat_packet_080,chat_annotation_packets_candil/packets/chat_packet_080.md,chat_annotation_packets_candil/packets/chat_packet_080.json,398,1983-09-20-left-de-qu-enfermedad-mueren-nuestros,¿De qué enfermedad mueren nuestros artistas?,candil,1983-09,es,article,341,full,0,,4
chat_packet_080,chat_annotation_packets_candil/packets/chat_packet_080.md,chat_annotation_packets_candil/packets/chat_packet_080.json,399,1983-09-21-left-cayetano-muriel-ni-o-de-cabra,Cayetano Muriel «Niño de Cabra»,candil,1983-09,es,article,2612,head_tail_windows,1,CRIT_03,5
chat_packet_081,chat_annotation_packets_candil/packets/chat_packet_081.md,chat_annotation_packets_candil/packets/chat_packet_081.json,400,1983-09-23-left-hablan-las-pe-as-buz-n-flamenco-,Hablan las peñas Buzón flamenco Discografía flamenca,candil,1983-09,es,article,4549,full,0,,1
chat_packet_081,chat_annotation_packets_candil/packets/chat_packet_081.md,chat_annotation_packets_candil/packets/chat_packet_081.json,401,1983-09-24-left-discograf-a-placas-de-artistas-f,Discografía (placas) de artistas flamencos,candil,1983-09,es,article,71,full,0,,2
chat_packet_081,chat_annotation_packets_candil/packets/chat_packet_081.md,chat_annotation_packets_candil/packets/chat_packet_081.json,402,1983-11-3-right-editorial,EDITORIAL Ortega y Gasset,candil,1983-11,es,editorial,2076,full,0,,3
chat_packet_081,chat_annotation_packets_candil/packets/chat_packet_081.md,chat_annotation_packets_candil/packets/chat_packet_081.json,403,1983-11-4-left-el-honor-de-la-pareja-y-el-mar-o,EL HONOR DE LA PAREJA Y EL MARÇO FAMILIAR EN LA PRIMITIVA SOCIEDAD FLAMENCA,candil,1983-11,es,article,4251,head_tail_windows,1,HERIT_03,4
chat_packet_081,chat_annotation_packets_candil/packets/chat_packet_081.md,chat_annotation_packets_candil/packets/chat_packet_081.json,404,1983-11-7-right-bodas-de-plata-de-la-c-tedra-de-,BODAS DE PLATA DE LA CATEDRA DE FLAMENCOLOGIA,candil,1983-11,es,article,2823,head_tail_windows,1,CRIT_02,5
chat_packet_082,chat_annotation_packets_candil/packets/chat_packet_082.md,chat_annotation_packets_candil/packets/chat_packet_082.json,405,1983-11-8-right-a-los-organizadores-de-festivale,A LOS ORGANIZADORES DE FESTIVALES FLAMENCOS,candil,1983-11,es,article,3799,full,0,,1
chat_packet_082,chat_annotation_packets_candil/packets/chat_packet_082.md,chat_annotation_packets_candil/packets/chat_packet_082.json,406,1983-11-9-left-buler-as-de-el-chozas,BULERIAS DE «EL CHOZAS»,candil,1983-11,es,article,2440,full,0,,2
chat_packet_082,chat_annotation_packets_candil/packets/chat_packet_082.md,chat_annotation_packets_candil/packets/chat_packet_082.json,407,1983-11-9-right-viva-pepe-guillena,VIVA PEPE GUILLENA!,candil,1983-11,es,article,2806,head_tail_windows,1,AUTH_01,3
chat_packet_082,chat_annotation_packets_candil/packets/chat_packet_082.md,chat_annotation_packets_candil/packets/chat_packet_082.json,408,1983-11-10-right-las-coplas-de-paco-salgueiro,LAS COPLAS DE PACO SALGUEIRO,candil,1983-11,es,article,678,full,0,,4
chat_packet_082,chat_annotation_packets_candil/packets/chat_packet_082.md,chat_annotation_packets_candil/packets/chat_packet_082.json,409,1983-11-11-left-manuel-yerga-se-qued-corto,Manuel Yerga se quedó corto,candil,1983-11,es,article,4106,full,0,,5
chat_packet_083,chat_annotation_packets_candil/packets/chat_packet_083.md,chat_annotation_packets_candil/packets/chat_packet_083.json,410,1983-11-12-right-editorial-manuel-torre,Editorial Manuel Torre,candil,1983-11,es,editorial,1302,full,0,,1
chat_packet_083,chat_annotation_packets_candil/packets/chat_packet_083.md,chat_annotation_packets_candil/packets/chat_packet_083.json,411,1983-11-13-left-manuel-torre-cantaor-largo,"Manuel Torre, cantaor largo",candil,1983-11,es,article,4502,full,0,,2
chat_packet_083,chat_annotation_packets_candil/packets/chat_packet_083.md,chat_annotation_packets_candil/packets/chat_packet_083.json,412,1983-11-13-right-manuel-torre-50-a-os-despu-s,"Manuel Torre, 50 años después",candil,1983-11,es,article,5190,full,0,,3
chat_packet_083,chat_annotation_packets_candil/packets/chat_packet_083.md,chat_annotation_packets_candil/packets/chat_packet_083.json,413,1983-11-14-right-la-expresi-n-jonda-de-manuel-tor,"LA EXPRESION JONDA DE MANUEL TORRE, VISTA POR TRES FLAMENCOLOGOS",candil,1983-11,es,article,3650,head_tail_windows,1,CRIT_04,4
chat_packet_083,chat_annotation_packets_candil/packets/chat_packet_083.md,chat_annotation_packets_candil/packets/chat_packet_083.json,414,1983-11-18-right-discografia-placas-de,DISCOGRAFIA (PLACAS) DE,candil,1983-11,es,article,56,full,0,,5
chat_packet_084,chat_annotation_packets_candil/packets/chat_packet_084.md,chat_annotation_packets_candil/packets/chat_packet_084.json,415,1983-11-19-right-ellos-los-protagonistas-dicen-tu,"Ellos, los protagonistas, dicen «Turronero»",candil,1983-11,es,article,3377,head_tail_windows,1,PED_02,1
chat_packet_084,chat_annotation_packets_candil/packets/chat_packet_084.md,chat_annotation_packets_candil/packets/chat_packet_084.json,416,1983-11-22-left-amanecida,Amanecida,candil,1983-11,es,article,687,full,0,,2
chat_packet_084,chat_annotation_packets_candil/packets/chat_packet_084.md,chat_annotation_packets_candil/packets/chat_packet_084.json,417,1983-11-22-right-quienes-fueron-los-maestros,QUIENES FUERON LOS MAESTROS,candil,1983-11,es,article,3978,full,0,,3
chat_packet_084,chat_annotation_packets_candil/packets/chat_packet_084.md,chat_annotation_packets_candil/packets/chat_packet_084.json,418,1983-11-23-left-la-ltima-sole-de-t-o-gregorio-bo,"La última soleá de Tío Gregorio, «Borrico de Jerez»",candil,1983-11,es,article,3185,full,0,,4
chat_packet_084,chat_annotation_packets_candil/packets/chat_packet_084.md,chat_annotation_packets_candil/packets/chat_packet_084.json,419,1983-11-23-right-flamenca,DISCOGRAFIA FLAMENCA,candil,1983-11,es,article,5507,full,0,,5
chat_packet_085,chat_annotation_packets_candil/packets/chat_packet_085.md,chat_annotation_packets_candil/packets/chat_packet_085.json,420,1983-11-24-right-buz-n-flamenco,Buzón Flamenco,candil,1983-11,es,article,2751,head_tail_windows,1,COMM_02,1
chat_packet_085,chat_annotation_packets_candil/packets/chat_packet_085.md,chat_annotation_packets_candil/packets/chat_packet_085.json,421,1983-11-25-right-hablan-las-pe-as,Hablan las peñas,candil,1983-11,es,article,3449,head_tail_windows,1,CRIT_01,2
chat_packet_085,chat_annotation_packets_candil/packets/chat_packet_085.md,chat_annotation_packets_candil/packets/chat_packet_085.json,422,1983-11-26-right-de-c-mo-fracas-en-mis-investigac,De cómo fracasé en mis investigaciones sobre la vida y muerte de Francisco Lema «Fosforito»,candil,1983-11,es,article,4478,head_tail_windows,3,"CRIT_04, HERIT_02, COMM_01",3
chat_packet_085,chat_annotation_packets_candil/packets/chat_packet_085.md,chat_annotation_packets_candil/packets/chat_packet_085.json,423,1983-11-28-left-discografia-placas,DISCOGRAFIA (PLACAS),candil,1983-11,es,article,98,full,0,,4
chat_packet_085,chat_annotation_packets_candil/packets/chat_packet_085.md,chat_annotation_packets_candil/packets/chat_packet_085.json,424,1984-01-3-left-editorial-la-llave,EDITORIAL La llave,candil,1984-01,es,editorial,2706,full,0,,5
chat_packet_086,chat_annotation_packets_candil/packets/chat_packet_086.md,chat_annotation_packets_candil/packets/chat_packet_086.json,425,1984-01-4-right-juan-rejano-el-andaluz-olvidado-,JUAN REJANO: EL ANDALUZ OLVIDADO DE LA GENERACION,candil,1984-01,es,article,3257,head_tail_windows,1,AUTH_04,1
chat_packet_086,chat_annotation_packets_candil/packets/chat_packet_086.md,chat_annotation_packets_candil/packets/chat_packet_086.json,426,1984-01-4-right-juan-rejano-el-andaluz-olvidado-,Juan Rejano: El Andaluz olvidado de la Generación del 27,candil,1984-01,es,article,3257,head_tail_windows,1,AUTH_04,2
chat_packet_086,chat_annotation_packets_candil/packets/chat_packet_086.md,chat_annotation_packets_candil/packets/chat_packet_086.json,427,1984-01-9-left-cante-en-la-venta-paralelismo-y,CANTE EN LA VENTA PARALELISMO Y,candil,1984-01,es,article,464,full,0,,3
chat_packet_086,chat_annotation_packets_candil/packets/chat_packet_086.md,chat_annotation_packets_candil/packets/chat_packet_086.json,428,1984-01-9-right-coincidencia-entre-el-cante-negr,COINCIDENCIA ENTRE EL CANTE NEGRO (DE ESTADOS UNIDOS DE AMERICA) Y EL CANTE GITANO (DE ESPAÑA),candil,1984-01,es,article,2950,head_tail_windows,1,CRIT_04,4
chat_packet_086,chat_annotation_packets_candil/packets/chat_packet_086.md,chat_annotation_packets_candil/packets/chat_packet_086.json,429,1984-01-11-left-las-letras-flamencas-de-alfonso-,LAS LETRAS FLAMENCAS DE ALFONSO FERNANDEZ MALO EL PEQUEÑO MUNDO DE LAOCOONTE,candil,1984-01,es,article,703,full,0,,5
chat_packet_087,chat_annotation_packets_candil/packets/chat_packet_087.md,chat_annotation_packets_candil/packets/chat_packet_087.json,430,1984-01-11-right-el-peque-o-mundo-de-laocoonte,El pequeño mundo de Laocoonte,candil,1984-01,es,article,3239,head_tail_windows,1,HERIT_03,1
chat_packet_087,chat_annotation_packets_candil/packets/chat_packet_087.md,chat_annotation_packets_candil/packets/chat_packet_087.json,431,1984-01-12-right-a-prop-sito-de-un-congreso-gitan,A PROPOSITO DE UN CONGRESO GITANO CELEBRADO EN LA INDIA,candil,1984-01,es,article,5147,full,0,,2
chat_packet_087,chat_annotation_packets_candil/packets/chat_packet_087.md,chat_annotation_packets_candil/packets/chat_packet_087.json,432,1984-01-13-right-la-canastera-el-cante-por-invent,LA «CANASTERA». EL CANTE POR INVENTAR,candil,1984-01,es,article,3419,head_tail_windows,1,CRIT_03,3
chat_packet_087,chat_annotation_packets_candil/packets/chat_packet_087.md,chat_annotation_packets_candil/packets/chat_packet_087.json,433,1984-01-14-right-ellos-los-protagonistas-dicen-pe,"ELLOS, LOS PROTAGONISTAS, DICEN Pepe «Polluelas»",candil,1984-01,es,article,2693,head_tail_windows,1,CRIT_03,4
chat_packet_087,chat_annotation_packets_candil/packets/chat_packet_087.md,chat_annotation_packets_candil/packets/chat_packet_087.json,434,1984-01-16-right-desde-alora-pinceladas-flamencas,DESDE ALORA Pinceladas flamencas,candil,1984-01,es,article,2605,head_tail_windows,1,AUTH_01,5
chat_packet_088,chat_annotation_packets_candil/packets/chat_packet_088.md,chat_annotation_packets_candil/packets/chat_packet_088.json,435,1984-01-18-right-la-verdad-sobre-el-viejo-medina,La verdad sobre el viejo Medina,candil,1984-01,es,article,3234,head_tail_windows,1,COMM_04,1
chat_packet_088,chat_annotation_packets_candil/packets/chat_packet_088.md,chat_annotation_packets_candil/packets/chat_packet_088.json,436,1984-01-19-right-rosario-la-mejorana,Rosario «La Mejorana»,candil,1984-01,es,article,3935,full,0,,2
chat_packet_088,chat_annotation_packets_candil/packets/chat_packet_088.md,chat_annotation_packets_candil/packets/chat_packet_088.json,437,1984-01-20-left-hablan-las-pe-as,HABLAN LAS PENAS,candil,1984-01,es,article,3511,head_tail_windows,1,COMM_03,3
chat_packet_088,chat_annotation_packets_candil/packets/chat_packet_088.md,chat_annotation_packets_candil/packets/chat_packet_088.json,438,1984-01-21-right-buz-n-flamenco,BUZON FLAMENCO,candil,1984-01,es,article,3726,head_tail_windows,1,CRIT_01,4
chat_packet_088,chat_annotation_packets_candil/packets/chat_packet_088.md,chat_annotation_packets_candil/packets/chat_packet_088.json,439,1984-01-22-right-discografia-flamenca-discografia,DISCOGRAFIA FLAMENCA DISCOGRAFIA DE ARTISTAS FLAMENCOS,candil,1984-01,es,article,3961,full,0,,5
chat_packet_089,chat_annotation_packets_candil/packets/chat_packet_089.md,chat_annotation_packets_candil/packets/chat_packet_089.json,440,1984-01-23-left-yerga-lancharro-quienes-fueron-l,YERGA LANCHARRO QUIENES FUERON LOS,candil,1984-01,es,article,1910,full,0,,1
chat_packet_089,chat_annotation_packets_candil/packets/chat_packet_089.md,chat_annotation_packets_candil/packets/chat_packet_089.json,441,1984-03-3-left-editorial,EDITORIAL,candil,1984-03,es,editorial,2192,full,0,,2
chat_packet_089,chat_annotation_packets_candil/packets/chat_packet_089.md,chat_annotation_packets_candil/packets/chat_packet_089.json,442,1984-03-4-left-angeles-ortiz-desde-el-homenaje-,"ANGELES ORTIZ, DESDE EL «HOMENAJE A LAS ARTES",candil,1984-03,es,article,4277,full,0,,3
chat_packet_089,chat_annotation_packets_candil/packets/chat_packet_089.md,chat_annotation_packets_candil/packets/chat_packet_089.json,443,1984-03-4-right-manuel-machado-entre-el-modernis,Manuel Machado: Entre el modernismo y la Andalucía flamenca,candil,1984-03,es,article,3941,head_tail_windows,2,"HERIT_03, AUTH_01",4
chat_packet_089,chat_annotation_packets_candil/packets/chat_packet_089.md,chat_annotation_packets_candil/packets/chat_packet_089.json,444,1984-03-9-left-las-letras-flamencas-de-ana-la-l,"LAS LETRAS FLAMENCAS DE Ana la Lora, Andrés el Loro y",candil,1984-03,es,article,876,full,0,,5
chat_packet_090,chat_annotation_packets_candil/packets/chat_packet_090.md,chat_annotation_packets_candil/packets/chat_packet_090.json,445,1984-03-9-right-homenaje-a-las-artes-plasticas-d,HOMENAJE A LAS ARTES PLASTICAS DE LA PEÑA FLAMENCA DE CORDOBA,candil,1984-03,es,article,3386,head_tail_windows,1,COMM_02,1
chat_packet_090,chat_annotation_packets_candil/packets/chat_packet_090.md,chat_annotation_packets_candil/packets/chat_packet_090.json,446,1984-03-11-right-aunque-no-quepa-en,AUNQUE NO QUEPA EN,candil,1984-03,es,article,2909,head_tail_windows,1,CRIT_03,2
chat_packet_090,chat_annotation_packets_candil/packets/chat_packet_090.md,chat_annotation_packets_candil/packets/chat_packet_090.json,447,1984-03-13-right-ellos-los-protagonistas-romerito,"ELLOS, LOS PROTAGONISTAS Romerito de Jerez",candil,1984-03,es,article,3903,head_tail_windows,1,AUTH_02,3
chat_packet_090,chat_annotation_packets_candil/packets/chat_packet_090.md,chat_annotation_packets_candil/packets/chat_packet_090.json,448,1984-03-15-right-saetas-y-saeteros-de-mairena,Saetas y Saeteros de Mairena,candil,1984-03,es,article,4037,head_tail_windows,1,CRIT_03,4
chat_packet_090,chat_annotation_packets_candil/packets/chat_packet_090.md,chat_annotation_packets_candil/packets/chat_packet_090.json,449,1984-03-17-left-en-torno-a-la-exposicion,EN TORNO A LA EXPOSICION,candil,1984-03,es,article,3039,head_tail_windows,1,CRIT_02,5
chat_packet_091,chat_annotation_packets_candil/packets/chat_packet_091.md,chat_annotation_packets_candil/packets/chat_packet_091.json,450,1984-03-18-right-a-prop-sito-de-charamusco,A propósito de Charamusco,candil,1984-03,es,article,4257,full,0,,1
chat_packet_091,chat_annotation_packets_candil/packets/chat_packet_091.md,chat_annotation_packets_candil/packets/chat_packet_091.json,451,1984-03-19-right-quienes-fueron-los-maestros,QUIENES FUERON LOS MAESTROS,candil,1984-03,es,article,5981,full,0,,2
chat_packet_091,chat_annotation_packets_candil/packets/chat_packet_091.md,chat_annotation_packets_candil/packets/chat_packet_091.json,452,1984-03-20-right-hablan-las-pe-as,Hablan las peñas,candil,1984-03,es,article,3629,head_tail_windows,1,COMM_02,3
chat_packet_091,chat_annotation_packets_candil/packets/chat_packet_091.md,chat_annotation_packets_candil/packets/chat_packet_091.json,453,1984-03-22-left-buz-n-flamenco,Buzón Flamenco,candil,1984-03,es,article,2080,full,0,,4
chat_packet_091,chat_annotation_packets_candil/packets/chat_packet_091.md,chat_annotation_packets_candil/packets/chat_packet_091.json,454,1984-03-22-right-discograf-a-flamenca,Discografía Flamenca,candil,1984-03,es,article,3736,head_tail_windows,1,CRIT_04,5
chat_packet_092,chat_annotation_packets_candil/packets/chat_packet_092.md,chat_annotation_packets_candil/packets/chat_packet_092.json,455,1984-03-25-right-discograf-a-de-artistas-flamenco,Discografía de artistas flamencos,candil,1984-03,es,article,46,full,0,,1
chat_packet_092,chat_annotation_packets_candil/packets/chat_packet_092.md,chat_annotation_packets_candil/packets/chat_packet_092.json,456,1984-05-3-left-editorial,EDITORIAL,candil,1984-05,es,editorial,1895,full,0,,2
chat_packet_092,chat_annotation_packets_candil/packets/chat_packet_092.md,chat_annotation_packets_candil/packets/chat_packet_092.json,457,1984-05-4-right-la-novela-andaluza-de-posguerra-,LA NOVELA ANDALUZA DE POSGUERRA: LA APARICION DEL TEMA FLAMENCO (I),candil,1984-05,es,article,3463,head_tail_windows,1,AUTH_03,3
chat_packet_092,chat_annotation_packets_candil/packets/chat_packet_092.md,chat_annotation_packets_candil/packets/chat_packet_092.json,458,1984-05-8-right-la-guitarra-flamenca,LA GUITARRA FLAMENCA,candil,1984-05,es,article,3368,head_tail_windows,1,AUTH_03,4
chat_packet_092,chat_annotation_packets_candil/packets/chat_packet_092.md,chat_annotation_packets_candil/packets/chat_packet_092.json,459,1984-05-11-left-breve-res-n-e-n-mairena-de-alcor,BREVE RESÊNÃ E N MAIRENA DE ALCOR,candil,1984-05,es,article,2001,full,0,,5
chat_packet_093,chat_annotation_packets_candil/packets/chat_packet_093.md,chat_annotation_packets_candil/packets/chat_packet_093.json,460,1984-05-11-right-cumbre-flamenca,CUMBRE FLAMENCA,candil,1984-05,es,article,3086,head_tail_windows,1,CRIT_01,1
chat_packet_093,chat_annotation_packets_candil/packets/chat_packet_093.md,chat_annotation_packets_candil/packets/chat_packet_093.json,461,1984-05-12-right-en-torno-al-xii-congreso-de-acti,EN TORNO AL XII CONGRESO DE ACTIVIDADES FLAMENCAS,candil,1984-05,es,article,4136,full,0,,2
chat_packet_093,chat_annotation_packets_candil/packets/chat_packet_093.md,chat_annotation_packets_candil/packets/chat_packet_093.json,462,1984-05-13-left-las-letras-flamencas-de-ram-n-ga,LAS LETRAS FLAMENCAS DE RAMON GARCIA ORTEGA,candil,1984-05,es,article,612,full,0,,3
chat_packet_093,chat_annotation_packets_candil/packets/chat_packet_093.md,chat_annotation_packets_candil/packets/chat_packet_093.json,463,1984-05-13-right-ellos-los-protagonistas-dicen-ma,"ELLOS, LOS PROTAGONISTAS, DICEN Manuel Zapata",candil,1984-05,es,article,3616,head_tail_windows,2,"COMM_04, HERIT_03",4
chat_packet_093,chat_annotation_packets_candil/packets/chat_packet_093.md,chat_annotation_packets_candil/packets/chat_packet_093.json,464,1984-05-15-right-aunque-no-quepa-en-el-papel,Aunque no quepa en el papel,candil,1984-05,es,article,4430,full,0,,5
chat_packet_094,chat_annotation_packets_candil/packets/chat_packet_094.md,chat_annotation_packets_candil/packets/chat_packet_094.json,465,1984-05-16-right-la-filosof-a-del-cante-de-luis-c,«La filosofía del cante de Luis Caballero» AUNQUE NO QUEPA EN EL,candil,1984-05,es,article,4819,head_tail_windows,1,CRIT_04,1
chat_packet_094,chat_annotation_packets_candil/packets/chat_packet_094.md,chat_annotation_packets_candil/packets/chat_packet_094.json,466,1984-05-16-right-la-filosof-a-del-cante-de-luis-c,«La filosofía del cante de Luis Caballero» AUNQUE NO QUEPA EN EL,candil,1984-05,es,article,4819,head_tail_windows,1,CRIT_04,2
chat_packet_094,chat_annotation_packets_candil/packets/chat_packet_094.md,chat_annotation_packets_candil/packets/chat_packet_094.json,467,1984-05-19-right-pr-ximos-festivales-flamencos,Próximos Festivales Flamencos,candil,1984-05,es,article,3405,head_tail_windows,1,COMM_02,3
chat_packet_094,chat_annotation_packets_candil/packets/chat_packet_094.md,chat_annotation_packets_candil/packets/chat_packet_094.json,468,1984-05-22-right-poema,Poema,candil,1984-05,es,article,403,full,0,,4
chat_packet_094,chat_annotation_packets_candil/packets/chat_packet_094.md,chat_annotation_packets_candil/packets/chat_packet_094.json,469,1984-05-23-left-quienes-fueron-los-maestros,Quienes fueron los maestros,candil,1984-05,es,article,3150,full,0,,5
chat_packet_095,chat_annotation_packets_candil/packets/chat_packet_095.md,chat_annotation_packets_candil/packets/chat_packet_095.json,470,1984-05-23-right-hablan-las-pe-as,Hablan las peñas,candil,1984-05,es,article,3479,head_tail_windows,1,COMM_02,1
chat_packet_095,chat_annotation_packets_candil/packets/chat_packet_095.md,chat_annotation_packets_candil/packets/chat_packet_095.json,471,1984-05-25-left-buz-n-flamenco,Buzón Flamenco,candil,1984-05,es,article,2815,full,0,,2
chat_packet_095,chat_annotation_packets_candil/packets/chat_packet_095.md,chat_annotation_packets_candil/packets/chat_packet_095.json,472,1984-05-26-left-discograf-a-flamenca,Discografía Flamenca,candil,1984-05,es,article,2968,head_tail_windows,1,AUTH_04,3
chat_packet_095,chat_annotation_packets_candil/packets/chat_packet_095.md,chat_annotation_packets_candil/packets/chat_packet_095.json,473,1984-05-27-right-discograf-a-de-artistas-flamenco,Discografía de artistas flamencos,candil,1984-05,es,article,182,full,0,,4
chat_packet_095,chat_annotation_packets_candil/packets/chat_packet_095.md,chat_annotation_packets_candil/packets/chat_packet_095.json,474,1984-07-3-right-editorial-escolarizar-el-flamenc,EDITORIAL Escolarizar el flamenco,candil,1984-07,es,editorial,2311,full,0,,5
chat_packet_096,chat_annotation_packets_candil/packets/chat_packet_096.md,chat_annotation_packets_candil/packets/chat_packet_096.json,475,1984-07-4-right-noche-flamenca-en-buenos-aires,NOCHE FLAMENCA EN BUENOS AIRES,candil,1984-07,es,article,2943,head_tail_windows,1,COMM_03,1
chat_packet_096,chat_annotation_packets_candil/packets/chat_packet_096.md,chat_annotation_packets_candil/packets/chat_packet_096.json,476,1984-07-8-left-razones-de-un-ay,RAZONES DE UN ;AY!,candil,1984-07,es,article,1824,full,0,,2
chat_packet_096,chat_annotation_packets_candil/packets/chat_packet_096.md,chat_annotation_packets_candil/packets/chat_packet_096.json,477,1984-07-8-right-los-misterios-de-la-siguiriya-gi,LOS MISTERIOS DE LA SIGUIRIYA GITANA,candil,1984-07,es,article,3578,head_tail_windows,1,PED_03,3
chat_packet_096,chat_annotation_packets_candil/packets/chat_packet_096.md,chat_annotation_packets_candil/packets/chat_packet_096.json,478,1984-07-11-right-la-novela-andaluza,LA NOVELA ANDALUZA,candil,1984-07,es,article,4891,head_tail_windows,1,CRIT_03,4
chat_packet_096,chat_annotation_packets_candil/packets/chat_packet_096.md,chat_annotation_packets_candil/packets/chat_packet_096.json,479,1984-07-16-left-las-coplas-de-paco-salgueiro,LAS COPLAS DE PACO SALGUEIRO,candil,1984-07,es,article,639,full,0,,5
chat_packet_097,chat_annotation_packets_candil/packets/chat_packet_097.md,chat_annotation_packets_candil/packets/chat_packet_097.json,480,1984-07-21-left-enrique-morente,Enrique Morente,candil,1984-07,es,article,3758,head_tail_windows,1,COMM_04,1
chat_packet_097,chat_annotation_packets_candil/packets/chat_packet_097.md,chat_annotation_packets_candil/packets/chat_packet_097.json,481,1984-07-19-left-vocalizar-el-cante,Vocalizar el cante,candil,1984-07,es,article,3935,full,0,,2
chat_packet_097,chat_annotation_packets_candil/packets/chat_packet_097.md,chat_annotation_packets_candil/packets/chat_packet_097.json,482,1984-07-19-right-memoria-de-terremoto,Memoria de Terremoto,candil,1984-07,es,article,3671,full,0,,3
chat_packet_097,chat_annotation_packets_candil/packets/chat_packet_097.md,chat_annotation_packets_candil/packets/chat_packet_097.json,483,1984-07-20-right-iii-bienal-de-arte-flamenco-ciud,III BIENAL DE ARTE FLAMENCO CIUDAD DE SEVILLA,candil,1984-07,es,article,4495,full,0,,4
chat_packet_097,chat_annotation_packets_candil/packets/chat_packet_097.md,chat_annotation_packets_candil/packets/chat_packet_097.json,484,1984-07-21-right-proximos-festivales,PROXIMOS FESTIVALES,candil,1984-07,es,article,4034,full,0,,5
chat_packet_098,chat_annotation_packets_candil/packets/chat_packet_098.md,chat_annotation_packets_candil/packets/chat_packet_098.json,485,1984-07-22-right-buz-n-flamenco,Buzón Flamenco,candil,1984-07,es,article,3245,full,0,,1
chat_packet_098,chat_annotation_packets_candil/packets/chat_packet_098.md,chat_annotation_packets_candil/packets/chat_packet_098.json,486,1984-07-23-left-hablan-las-pe-as,Hablan las peñas,candil,1984-07,es,article,178,full,0,,2
chat_packet_098,chat_annotation_packets_candil/packets/chat_packet_098.md,chat_annotation_packets_candil/packets/chat_packet_098.json,487,1984-07-24-left-discograf-a-flamenca,Discografía Flamenca,candil,1984-07,es,article,3269,head_tail_windows,1,COMM_02,3
chat_packet_098,chat_annotation_packets_candil/packets/chat_packet_098.md,chat_annotation_packets_candil/packets/chat_packet_098.json,488,1984-07-25-right-discografia-de-artistas-flamenco,DISCOGRAFIA DE ARTISTAS FLAMENCOS,candil,1984-07,es,article,140,full,0,,4
chat_packet_098,chat_annotation_packets_candil/packets/chat_packet_098.md,chat_annotation_packets_candil/packets/chat_packet_098.json,489,1984-09-3-left-editorial,EDITORIAL,candil,1984-09,es,editorial,2156,full,0,,5
chat_packet_099,chat_annotation_packets_candil/packets/chat_packet_099.md,chat_annotation_packets_candil/packets/chat_packet_099.json,490,1984-09-4-left-estudio-historico-literario-del-,ESTUDIO HISTORICO-LITERARIO DEL CANTE POR SERRANAS,candil,1984-09,es,article,3003,head_tail_windows,1,AUTH_01,1
chat_packet_099,chat_annotation_packets_candil/packets/chat_packet_099.md,chat_annotation_packets_candil/packets/chat_packet_099.json,491,1984-09-11-left-introduccion-a-la-discografia-an,INTRODUCCION A LA DISCOGRAFIA ANTIGUA (Ponencia presentada al XII Congreso,candil,1984-09,es,article,2671,head_tail_windows,1,PED_03,2
chat_packet_099,chat_annotation_packets_candil/packets/chat_packet_099.md,chat_annotation_packets_candil/packets/chat_packet_099.json,492,1984-09-12-right-la-llave-de-oro-del-flamenco-y-e,LA LLAVE DE ORO DEL FLAMENCO Y EL CANTE POR SAETAS,candil,1984-09,es,article,3078,full,0,,3
chat_packet_099,chat_annotation_packets_candil/packets/chat_packet_099.md,chat_annotation_packets_candil/packets/chat_packet_099.json,493,1984-09-13-left-homenaje-a-rafael-romero,HOMENAJE A RAFAEL ROMERO,candil,1984-09,es,article,745,full,0,,4
chat_packet_099,chat_annotation_packets_candil/packets/chat_packet_099.md,chat_annotation_packets_candil/packets/chat_packet_099.json,494,1984-09-13-right-pe-a-flamenca-de-jaen,PEÑA FLAMENCA DE JAEN,candil,1984-09,es,article,778,full,0,,5
chat_packet_100,chat_annotation_packets_candil/packets/chat_packet_100.md,chat_annotation_packets_candil/packets/chat_packet_100.json,495,1984-09-14-left-apunte-an-nimo,APUNTE ANONIMO,candil,1984-09,es,article,804,full,0,,1
chat_packet_100,chat_annotation_packets_candil/packets/chat_packet_100.md,chat_annotation_packets_candil/packets/chat_packet_100.json,496,1984-09-14-right-ellos-los-protagonistas-dicen-jo,"ELLOS, LOS PROTAGONISTAS, DICEN José Mercé",candil,1984-09,es,article,4159,head_tail_windows,1,COMM_03,2
chat_packet_100,chat_annotation_packets_candil/packets/chat_packet_100.md,chat_annotation_packets_candil/packets/chat_packet_100.json,497,1984-09-17-left-ponencias-del-congreso-de-cacere,PONENCIAS DEL CONGRESO DE CACERES,candil,1984-09,es,article,5112,full,0,,3
chat_packet_100,chat_annotation_packets_candil/packets/chat_packet_100.md,chat_annotation_packets_candil/packets/chat_packet_100.json,498,1984-09-18-left-encuesta-realizada-en-el-congres,Encuesta realizada en el Congreso de Actividades Flamencas,candil,1984-09,es,article,3372,head_tail_windows,1,CRIT_04,4
chat_packet_100,chat_annotation_packets_candil/packets/chat_packet_100.md,chat_annotation_packets_candil/packets/chat_packet_100.json,499,1984-09-20-left-conversaci-n-con-pi-ana-padre-ma,"Conversación con Piñana Padre, maestro de los cantes de estilos mineros de Cartagena",candil,1984-09,es,article,2916,head_tail_windows,1,CRIT_03,5
chat_packet_101,chat_annotation_packets_candil/packets/chat_packet_101.md,chat_annotation_packets_candil/packets/chat_packet_101.json,500,1984-09-22-left-la-guitarra-flamenca,La guitarra flamenca,candil,1984-09,es,article,1343,full,0,,1
chat_packet_101,chat_annotation_packets_candil/packets/chat_packet_101.md,chat_annotation_packets_candil/packets/chat_packet_101.json,501,1984-09-22-right-buz-n-flamenco,Buzón Flamenco,candil,1984-09,es,article,3194,head_tail_windows,1,CRIT_04,2
chat_packet_101,chat_annotation_packets_candil/packets/chat_packet_101.md,chat_annotation_packets_candil/packets/chat_packet_101.json,502,1984-09-23-right-hablan-las-pe-as,Hablan las peñas,candil,1984-09,es,article,3711,full,0,,3
chat_packet_101,chat_annotation_packets_candil/packets/chat_packet_101.md,chat_annotation_packets_candil/packets/chat_packet_101.json,503,1984-09-24-right-discografia-de-artistas-flamenco,DISCOGRAFIA DE ARTISTAS FLAMENCOS,candil,1984-09,es,article,4547,full,0,,4
chat_packet_101,chat_annotation_packets_candil/packets/chat_packet_101.md,chat_annotation_packets_candil/packets/chat_packet_101.json,504,1984-09-25-right-jos-l-pez-alvarez-bernardo-el-de,"José López Alvarez («Bernardo el de los Lobitos»), Fernando «El Herrero» y",candil,1984-09,es,article,150,full,0,,5
chat_packet_102,chat_annotation_packets_candil/packets/chat_packet_102.md,chat_annotation_packets_candil/packets/chat_packet_102.json,505,1984-11-3-right-editorial,Editorial,candil,1984-11,es,editorial,3828,head_tail_windows,2,"CRIT_03, COMM_03",1
chat_packet_102,chat_annotation_packets_candil/packets/chat_packet_102.md,chat_annotation_packets_candil/packets/chat_packet_102.json,506,1984-11-4-right-las-canti-as-y-sus-derivaciones,Las Cantiñas y sus derivaciones,candil,1984-11,es,article,5176,head_tail_windows,2,"CRIT_03, COMM_02",2
chat_packet_102,chat_annotation_packets_candil/packets/chat_packet_102.md,chat_annotation_packets_candil/packets/chat_packet_102.json,507,1984-11-7-right-alexandre-el-valor-de-la-palabra,Alexandre: El valor de la palabra,candil,1984-11,es,article,3073,head_tail_windows,1,PED_03,3
chat_packet_102,chat_annotation_packets_candil/packets/chat_packet_102.md,chat_annotation_packets_candil/packets/chat_packet_102.json,508,1984-11-10-right-la-ca-a-y-el-polo-por-ejemplo,"La Caña y el Polo, por ejemplo",candil,1984-11,es,article,4056,full,0,,4
chat_packet_102,chat_annotation_packets_candil/packets/chat_packet_102.md,chat_annotation_packets_candil/packets/chat_packet_102.json,509,1984-11-11-right-cr-nica-de-la-vi-quincena-de-fla,Crónica de la VI Quincena de Flamenco y Música Andaluz,candil,1984-11,es,article,3575,head_tail_windows,1,CRIT_01,5
chat_packet_103,chat_annotation_packets_candil/packets/chat_packet_103.md,chat_annotation_packets_candil/packets/chat_packet_103.json,510,1984-11-13-left-las-letras-flamencas-de-paco-sal,Las letras flamencas de Paco Salguero,candil,1984-11,es,article,478,full,0,,1
chat_packet_103,chat_annotation_packets_candil/packets/chat_packet_103.md,chat_annotation_packets_candil/packets/chat_packet_103.json,511,1984-11-13-right-la-bienal-ha-terminado-viva-la-b,"La Bienal ha terminado, ¡Viva La Bienal!",candil,1984-11,es,article,3350,head_tail_windows,1,COMM_02,2
chat_packet_103,chat_annotation_packets_candil/packets/chat_packet_103.md,chat_annotation_packets_candil/packets/chat_packet_103.json,512,1984-11-15-left-carta-abierta-y-demasiado-imprec,Carta abierta y demasiado imprecisa a A. González Climent,candil,1984-11,es,article,4021,head_tail_windows,2,"PED_01, CRIT_02",3
chat_packet_103,chat_annotation_packets_candil/packets/chat_packet_103.md,chat_annotation_packets_candil/packets/chat_packet_103.json,513,1984-11-15-right-ellos-los-protagonistas-dicen,"Ellos, los protagonistas, dicen. Fosforito",candil,1984-11,es,article,4058,head_tail_windows,1,PED_02,4
chat_packet_103,chat_annotation_packets_candil/packets/chat_packet_103.md,chat_annotation_packets_candil/packets/chat_packet_103.json,514,1984-11-18-left-buz-n-flamenco-a-juan-p-rez-s-nc,Buzón Flamenco: A. Juan Pérez Sánchez «Canalejas»,candil,1984-11,es,article,4643,full,0,,5
chat_packet_104,chat_annotation_packets_candil/packets/chat_packet_104.md,chat_annotation_packets_candil/packets/chat_packet_104.json,515,1984-11-19-left-discograf-a-flamenca,Discografía Flamenca,candil,1984-11,es,article,4571,full,0,,1
chat_packet_104,chat_annotation_packets_candil/packets/chat_packet_104.md,chat_annotation_packets_candil/packets/chat_packet_104.json,516,1984-11-20-left-hablan-las-pe-as,Hablan las Peñas,candil,1984-11,es,article,2658,head_tail_windows,1,COMM_02,2
chat_packet_104,chat_annotation_packets_candil/packets/chat_packet_104.md,chat_annotation_packets_candil/packets/chat_packet_104.json,517,1984-11-21-right-discograf-a-placas-del-archivo-y,Discografía Placas del archivo Yerga,candil,1984-11,es,article,3272,head_tail_windows,1,COMM_04,3
chat_packet_104,chat_annotation_packets_candil/packets/chat_packet_104.md,chat_annotation_packets_candil/packets/chat_packet_104.json,518,1985-01-3-right-editorial,Editorial,candil,1985-01,es,editorial,1767,full,0,,4
chat_packet_104,chat_annotation_packets_candil/packets/chat_packet_104.md,chat_annotation_packets_candil/packets/chat_packet_104.json,519,1985-01-4-right-aproximaciones-a-la-c-rdoba-flam,Aproximaciones a la Córdoba flamenca de 1862,candil,1985-01,es,article,4556,head_tail_windows,1,PED_03,5
chat_packet_105,chat_annotation_packets_candil/packets/chat_packet_105.md,chat_annotation_packets_candil/packets/chat_packet_105.json,520,1985-01-7-left-gazhira-bailaora,"Gazhira, Bailaora",candil,1985-01,es,article,936,full,0,,1
chat_packet_105,chat_annotation_packets_candil/packets/chat_packet_105.md,chat_annotation_packets_candil/packets/chat_packet_105.json,521,1985-01-7-right-el-cante-inventado,El Cante inventado,candil,1985-01,es,article,4117,full,0,,2
chat_packet_105,chat_annotation_packets_candil/packets/chat_packet_105.md,chat_annotation_packets_candil/packets/chat_packet_105.json,522,1985-01-8-right-el-flamenco-oficial,El Flamenco Oficial,candil,1985-01,es,article,5056,full,0,,3
chat_packet_105,chat_annotation_packets_candil/packets/chat_packet_105.md,chat_annotation_packets_candil/packets/chat_packet_105.json,523,1985-01-10-left-las-letras-flamencas-de-jos-luis,Las letras flamencas de José Luis Buendía,candil,1985-01,es,article,828,full,0,,4
chat_packet_105,chat_annotation_packets_candil/packets/chat_packet_105.md,chat_annotation_packets_candil/packets/chat_packet_105.json,524,1985-01-10-right-ellos-los-protagonistas-dicen-ma,"Ellos, los protagonistas dicen: Manuel Mairena",candil,1985-01,es,article,2988,head_tail_windows,1,PED_02,5
chat_packet_106,chat_annotation_packets_candil/packets/chat_packet_106.md,chat_annotation_packets_candil/packets/chat_packet_106.json,525,1985-01-12-right-paco-el-manco,Paco el Manco,candil,1985-01,es,article,3197,head_tail_windows,1,COMM_02,1
chat_packet_106,chat_annotation_packets_candil/packets/chat_packet_106.md,chat_annotation_packets_candil/packets/chat_packet_106.json,526,1985-01-14-left-la-tradici-n-oral-en-el-cante,La tradición oral en el cante,candil,1985-01,es,article,2892,full,0,,2
chat_packet_106,chat_annotation_packets_candil/packets/chat_packet_106.md,chat_annotation_packets_candil/packets/chat_packet_106.json,527,1985-01-14-right-palma-del-r-o-rinde-homenaje-a-m,Palma del Río rinde homenaje a Manuel Cano,candil,1985-01,es,article,3005,head_tail_windows,1,COMM_02,3
chat_packet_106,chat_annotation_packets_candil/packets/chat_packet_106.md,chat_annotation_packets_candil/packets/chat_packet_106.json,528,1985-01-16-right-homenaje-de-fosforito-a-un-afici,Homenaje de Fosforito a un aficionado,candil,1985-01,es,article,3305,full,0,,4
chat_packet_106,chat_annotation_packets_candil/packets/chat_packet_106.md,chat_annotation_packets_candil/packets/chat_packet_106.json,529,1985-01-17-left-candil-popular-del-a-o,Candil Popular del año,candil,1985-01,es,article,3544,full,0,,5
chat_packet_107,chat_annotation_packets_candil/packets/chat_packet_107.md,chat_annotation_packets_candil/packets/chat_packet_107.json,530,1985-01-17-right-constituida-la-fundaci-n-antonio,Constituida la Fundación Antonio Mairena,candil,1985-01,es,article,2040,full,0,,1
chat_packet_107,chat_annotation_packets_candil/packets/chat_packet_107.md,chat_annotation_packets_candil/packets/chat_packet_107.json,531,1985-01-18-left-quienes-fueron-los-maestros-migu,Quienes fueron los maestros: Miguel Cruz Macacá y Juaniquín de Lebrija,candil,1985-01,es,article,3228,full,0,,2
chat_packet_107,chat_annotation_packets_candil/packets/chat_packet_107.md,chat_annotation_packets_candil/packets/chat_packet_107.json,532,1985-01-20-left-hablan-las-pe-as,Hablan las Peñas,candil,1985-01,es,article,3330,head_tail_windows,1,COMM_02,3
chat_packet_107,chat_annotation_packets_candil/packets/chat_packet_107.md,chat_annotation_packets_candil/packets/chat_packet_107.json,533,1985-01-22-left-discograf-a-flamenca,Discografía Flamenca,candil,1985-01,es,article,3325,head_tail_windows,1,CRIT_01,4
chat_packet_107,chat_annotation_packets_candil/packets/chat_packet_107.md,chat_annotation_packets_candil/packets/chat_packet_107.json,534,1985-01-23-right-discograf-a-placas,Discografía Placas,candil,1985-01,es,article,46,full,0,,5
chat_packet_108,chat_annotation_packets_candil/packets/chat_packet_108.md,chat_annotation_packets_candil/packets/chat_packet_108.json,535,1985-03-3-right-editorial,Editorial,candil,1985-03,es,editorial,4582,full,0,,1
chat_packet_108,chat_annotation_packets_candil/packets/chat_packet_108.md,chat_annotation_packets_candil/packets/chat_packet_108.json,536,1985-03-5-right-la-poes-a-espa-ola-de-la-postgue,La Poesía Española de la Postguerra: El tema flamenco (1),candil,1985-03,es,article,3127,head_tail_windows,1,PED_03,2
chat_packet_108,chat_annotation_packets_candil/packets/chat_packet_108.md,chat_annotation_packets_candil/packets/chat_packet_108.json,537,1985-03-8-right-sobre-la-palabra-payo-y-otros-ex,Sobre la palabra «Payo» y otros excesos,candil,1985-03,es,article,3352,head_tail_windows,1,HERIT_02,3
chat_packet_108,chat_annotation_packets_candil/packets/chat_packet_108.md,chat_annotation_packets_candil/packets/chat_packet_108.json,538,1985-03-9-right-ellos-los-protagonistas-dicen-jo,"Ellos, los protagonistas dicen: José de la Tomasa",candil,1985-03,es,article,3724,head_tail_windows,2,"HERIT_03, AUTH_04",4
chat_packet_108,chat_annotation_packets_candil/packets/chat_packet_108.md,chat_annotation_packets_candil/packets/chat_packet_108.json,539,1985-03-12-left-letras-flamencas-de-j-m-rquez-ca,Letras flamencas de J. Márquez Cabello,candil,1985-03,es,article,610,full,0,,5
chat_packet_109,chat_annotation_packets_candil/packets/chat_packet_109.md,chat_annotation_packets_candil/packets/chat_packet_109.json,540,1985-03-13-left-algo-sobre-los-cantes-de-estilos,Algo sobre los cantes de estilos mineros de Cartagena y La Unión,candil,1985-03,es,article,2737,head_tail_windows,1,PED_01,1
chat_packet_109,chat_annotation_packets_candil/packets/chat_packet_109.md,chat_annotation_packets_candil/packets/chat_packet_109.json,541,1985-03-15-right-manolo-de-huelva,Manolo de Huelva,candil,1985-03,es,article,3720,head_tail_windows,1,PED_02,2
chat_packet_109,chat_annotation_packets_candil/packets/chat_packet_109.md,chat_annotation_packets_candil/packets/chat_packet_109.json,542,1985-03-17-left-aportaci-n-del-flamenco-a-los-ac,Aportación del flamenco a los actos conmemorativos del V Centenario del Descubrimiento (Los cantes de Ida y Vuelta),candil,1985-03,es,article,4518,head_tail_windows,1,CRIT_03,3
chat_packet_109,chat_annotation_packets_candil/packets/chat_packet_109.md,chat_annotation_packets_candil/packets/chat_packet_109.json,543,1985-03-18-right-del-aciago-marzo-al-funesto-abri,Del aciago marzo al funesto abril sevillanos,candil,1985-03,es,article,4017,full,0,,4
chat_packet_109,chat_annotation_packets_candil/packets/chat_packet_109.md,chat_annotation_packets_candil/packets/chat_packet_109.json,544,1985-03-19-right-verg-enza-ajena,Vergüenza ajena,candil,1985-03,es,article,4240,full,0,,5
chat_packet_110,chat_annotation_packets_candil/packets/chat_packet_110.md,chat_annotation_packets_candil/packets/chat_packet_110.json,545,1985-03-20-right-buz-n-flamenco,Buzón Flamenco,candil,1985-03,es,article,3885,head_tail_windows,1,PED_03,1
chat_packet_110,chat_annotation_packets_candil/packets/chat_packet_110.md,chat_annotation_packets_candil/packets/chat_packet_110.json,546,1985-03-23-right-discograf-a-flamenca,Discografía Flamenca,candil,1985-03,es,article,2868,full,0,,2
chat_packet_110,chat_annotation_packets_candil/packets/chat_packet_110.md,chat_annotation_packets_candil/packets/chat_packet_110.json,547,1985-05-3-right-editorial,Editorial,candil,1985-05,es,editorial,2147,full,0,,3
chat_packet_110,chat_annotation_packets_candil/packets/chat_packet_110.md,chat_annotation_packets_candil/packets/chat_packet_110.json,548,1985-05-4-left-el-tema-flamenco-y-2,La poesía andaluzas de postguerra: El tema flamenco (y 2),candil,1985-05,es,article,4872,head_tail_windows,1,PED_03,4
chat_packet_110,chat_annotation_packets_candil/packets/chat_packet_110.md,chat_annotation_packets_candil/packets/chat_packet_110.json,549,1985-05-9-right-esteban-sanl-car,Guitaristas conocidos: Esteban Sanlúcar,candil,1985-05,es,article,3057,head_tail_windows,1,HERIT_03,5
chat_packet_111,chat_annotation_packets_candil/packets/chat_packet_111.md,chat_annotation_packets_candil/packets/chat_packet_111.json,550,1985-05-12-left-en-marcha-el-xiii-congreso-nacio,En marcha el XIII Congreso Nacional de Actividades Flamencas de Huelva,candil,1985-05,es,article,5410,full,0,,1
chat_packet_111,chat_annotation_packets_candil/packets/chat_packet_111.md,chat_annotation_packets_candil/packets/chat_packet_111.json,551,1985-05-12-right-el-dejillo-en-los-fandangos-de-h,El dejillo de los fandangos de Huelva,candil,1985-05,es,article,4853,full,0,,2
chat_packet_111,chat_annotation_packets_candil/packets/chat_packet_111.md,chat_annotation_packets_candil/packets/chat_packet_111.json,552,1985-05-13-right-curro-malena,Curro Malena,candil,1985-05,es,article,3430,head_tail_windows,1,COMM_02,3
chat_packet_111,chat_annotation_packets_candil/packets/chat_packet_111.md,chat_annotation_packets_candil/packets/chat_packet_111.json,553,1985-05-16-right-la-alborea,La Alborea,candil,1985-05,es,article,4767,full,0,,4
chat_packet_111,chat_annotation_packets_candil/packets/chat_packet_111.md,chat_annotation_packets_candil/packets/chat_packet_111.json,554,1985-05-17-right-tambi-n-extremadura-hace-homenaj,También Extremadura hace homenaje a sus viejos cantaores flamencas,candil,1985-05,es,article,2611,head_tail_windows,1,COMM_02,5
chat_packet_112,chat_annotation_packets_candil/packets/chat_packet_112.md,chat_annotation_packets_candil/packets/chat_packet_112.json,555,1985-05-19-left-la-vieja-del-cante,"«La Vieja del Cante», de Jesús Cuestarana",candil,1985-05,es,article,1153,full,0,,1
chat_packet_112,chat_annotation_packets_candil/packets/chat_packet_112.md,chat_annotation_packets_candil/packets/chat_packet_112.json,556,1985-05-21-left-d-iscografia-flamenca,Discografía Flamenca,candil,1985-05,es,article,3712,full,0,,2
chat_packet_112,chat_annotation_packets_candil/packets/chat_packet_112.md,chat_annotation_packets_candil/packets/chat_packet_112.json,557,1985-05-21-right-pepe-de-la-matrona,Quiénes fueron los maestros: Pepe de la Matrona,candil,1985-05,es,article,2528,full,0,,3
chat_packet_112,chat_annotation_packets_candil/packets/chat_packet_112.md,chat_annotation_packets_candil/packets/chat_packet_112.json,558,1985-05-25-right-a-placas,Discografía Placas,candil,1985-05,es,article,1949,full,0,,4
chat_packet_112,chat_annotation_packets_candil/packets/chat_packet_112.md,chat_annotation_packets_candil/packets/chat_packet_112.json,559,1985-07-3-right-editorial,Editorial,candil,1985-07,es,editorial,1950,full,0,,5
chat_packet_113,chat_annotation_packets_candil/packets/chat_packet_113.md,chat_annotation_packets_candil/packets/chat_packet_113.json,560,1985-07-4-right-metaf-sica-del-dolor-y-la-muerte,Metafísica del dolor y la muerte en el Cante Jondo,candil,1985-07,es,article,3294,head_tail_windows,1,CRIT_03,1
chat_packet_113,chat_annotation_packets_candil/packets/chat_packet_113.md,chat_annotation_packets_candil/packets/chat_packet_113.json,561,1985-07-7-right-flamenco-de-la-uni-n-y-cartagena,Flamenco de La Unión y Cartagena,candil,1985-07,es,article,3864,full,0,,2
chat_packet_113,chat_annotation_packets_candil/packets/chat_packet_113.md,chat_annotation_packets_candil/packets/chat_packet_113.json,562,1985-07-8-right-realidades-y-suposiciones-en-tor,Realidades y suposiciones en torno al maestro Andrés Se-govia,candil,1985-07,es,article,3547,head_tail_windows,1,PED_01,3
chat_packet_113,chat_annotation_packets_candil/packets/chat_packet_113.md,chat_annotation_packets_candil/packets/chat_packet_113.json,563,1985-07-10-right-dialoguillos-flamencos,En la BARRA del Festival. Dialoguillos flamencos,candil,1985-07,es,article,5089,full,0,,4
chat_packet_113,chat_annotation_packets_candil/packets/chat_packet_113.md,chat_annotation_packets_candil/packets/chat_packet_113.json,564,1985-07-11-right-naranjito-de-triana,"Ellos, los protagonistas, dicen: Naranjito de Triana",candil,1985-07,es,article,3536,head_tail_windows,1,COMM_01,5
chat_packet_114,chat_annotation_packets_candil/packets/chat_packet_114.md,chat_annotation_packets_candil/packets/chat_packet_114.json,565,1985-07-14-right-ram-n-montoya-y-manolo-de-huelva,"Ramón Montoya y Manolo de Huelva, mano a mano",candil,1985-07,es,article,3409,head_tail_windows,1,CRIT_02,1
chat_packet_114,chat_annotation_packets_candil/packets/chat_packet_114.md,chat_annotation_packets_candil/packets/chat_packet_114.json,566,1985-07-16-left-guitarristas-compa-eros-y-amigos,"Guitarristas, compañeros y amigos. Niño Ricardo",candil,1985-07,es,article,3975,head_tail_windows,1,CRIT_02,2
chat_packet_114,chat_annotation_packets_candil/packets/chat_packet_114.md,chat_annotation_packets_candil/packets/chat_packet_114.json,567,1985-07-17-right-les-gitans-dans,«Les gitans dans…»,candil,1985-07,es,article,3751,full,0,,3
chat_packet_114,chat_annotation_packets_candil/packets/chat_packet_114.md,chat_annotation_packets_candil/packets/chat_packet_114.json,568,1985-07-18-left-solearillas,«Solearillas»,candil,1985-07,es,article,649,full,0,,4
chat_packet_114,chat_annotation_packets_candil/packets/chat_packet_114.md,chat_annotation_packets_candil/packets/chat_packet_114.json,569,1985-07-18-right-donde-hay-yeguas-potros-nacen,"Donde hay yeguas, potros nacen",candil,1985-07,es,article,2902,head_tail_windows,1,HERIT_02,5
chat_packet_115,chat_annotation_packets_candil/packets/chat_packet_115.md,chat_annotation_packets_candil/packets/chat_packet_115.json,570,1985-07-20-right-cantes-de-ida-y-vuelta,¿Cantes de ida y vuelta?,candil,1985-07,es,article,4611,full,0,,1
chat_packet_115,chat_annotation_packets_candil/packets/chat_packet_115.md,chat_annotation_packets_candil/packets/chat_packet_115.json,571,1985-07-21-right-d-iscografia-flamenca,Discografía flamenca,candil,1985-07,es,article,3120,head_tail_windows,1,CRIT_01,2
chat_packet_115,chat_annotation_packets_candil/packets/chat_packet_115.md,chat_annotation_packets_candil/packets/chat_packet_115.json,572,1985-07-23-left-buz-n-flamenco,Buzón flamenco,candil,1985-07,es,article,2434,full,0,,3
chat_packet_115,chat_annotation_packets_candil/packets/chat_packet_115.md,chat_annotation_packets_candil/packets/chat_packet_115.json,573,1985-07-23-right-hablan-las-penas,Hablan las peñas,candil,1985-07,es,article,2719,full,0,,4
chat_packet_115,chat_annotation_packets_candil/packets/chat_packet_115.md,chat_annotation_packets_candil/packets/chat_packet_115.json,574,1985-07-24-left-relaci-n-de-placas,Relación de placas,candil,1985-07,es,article,23,full,0,,5
chat_packet_116,chat_annotation_packets_candil/packets/chat_packet_116.md,chat_annotation_packets_candil/packets/chat_packet_116.json,575,1985-09-3-right-editorial,Editorial,candil,1985-09,es,editorial,1735,full,0,,1
chat_packet_116,chat_annotation_packets_candil/packets/chat_packet_116.md,chat_annotation_packets_candil/packets/chat_packet_116.json,576,1985-09-4-left-hip-rbole-po-tica-en-las-coplas-,Hipérbole poética en las coplas del cante,candil,1985-09,es,article,3315,full,0,,2
chat_packet_116,chat_annotation_packets_candil/packets/chat_packet_116.md,chat_annotation_packets_candil/packets/chat_packet_116.json,577,1985-09-4-right-prop-sito-de-la-palabra-payo-y-d,A propósito de la palabra «payo» y de algunos excesos verbales,candil,1985-09,es,article,2856,head_tail_windows,1,CRIT_02,3
chat_packet_116,chat_annotation_packets_candil/packets/chat_packet_116.md,chat_annotation_packets_candil/packets/chat_packet_116.json,578,1985-09-6-left-a-vueltas-con-el-fandango,A vueltas con el fandango,candil,1985-09,es,article,5674,full,0,,4
chat_packet_116,chat_annotation_packets_candil/packets/chat_packet_116.md,chat_annotation_packets_candil/packets/chat_packet_116.json,579,1985-09-7-left-versos-de-oto-o-para-macande,Versos de Otoño para Macande,candil,1985-09,es,article,872,full,0,,5
chat_packet_117,chat_annotation_packets_candil/packets/chat_packet_117.md,chat_annotation_packets_candil/packets/chat_packet_117.json,580,1985-09-7-right-notas-para-una-aproximaci-n-al-c,Notas para una aproximación al cante por Bamberas,candil,1985-09,es,article,4951,head_tail_windows,1,PED_03,1
chat_packet_117,chat_annotation_packets_candil/packets/chat_packet_117.md,chat_annotation_packets_candil/packets/chat_packet_117.json,581,1985-09-10-right-la-llave-de-oro,La llave de Oro,candil,1985-09,es,article,5241,full,0,,2
chat_packet_117,chat_annotation_packets_candil/packets/chat_packet_117.md,chat_annotation_packets_candil/packets/chat_packet_117.json,582,1985-09-11-right-seg-n-un-apasionado-viajero-anda,Los festivales según un apasionado viajero andaluz,candil,1985-09,es,article,3011,head_tail_windows,1,COMM_03,3
chat_packet_117,chat_annotation_packets_candil/packets/chat_packet_117.md,chat_annotation_packets_candil/packets/chat_packet_117.json,583,1985-09-13-right-ellos-los-aficionados-tambi-n-di,"Ellos, los aficionados, también dicen. Ramón Porras",candil,1985-09,es,article,3723,head_tail_windows,1,COMM_02,4
chat_packet_117,chat_annotation_packets_candil/packets/chat_packet_117.md,chat_annotation_packets_candil/packets/chat_packet_117.json,584,1985-09-15-left-sociedad-y-cante-flamenco,Aunque no quepa en el papel. Sociedad y Cante Flamenco,candil,1985-09,es,article,4247,full,0,,5
chat_packet_118,chat_annotation_packets_candil/packets/chat_packet_118.md,chat_annotation_packets_candil/packets/chat_packet_118.json,585,1985-09-15-right-sim-n-serrano-de-haro,Simón Serrano Haro,candil,1985-09,es,article,3513,head_tail_windows,1,HERIT_03,1
chat_packet_118,chat_annotation_packets_candil/packets/chat_packet_118.md,chat_annotation_packets_candil/packets/chat_packet_118.json,586,1985-09-16-right-las-letras-del-flamenco,Las letras del Flamenco,candil,1985-09,es,article,3838,head_tail_windows,1,AUTH_02,2
chat_packet_118,chat_annotation_packets_candil/packets/chat_packet_118.md,chat_annotation_packets_candil/packets/chat_packet_118.json,587,1985-09-18-left-las-coplas-jondas-de-antonio-caz,Las coplas jondas de Antonio Cazorla Molina,candil,1985-09,es,article,774,full,0,,3
chat_packet_118,chat_annotation_packets_candil/packets/chat_packet_118.md,chat_annotation_packets_candil/packets/chat_packet_118.json,588,1985-09-18-right-guitarristas-conocidos-compa-ero,"Guitarristas conocidos, compañeros y amigos: Melchor de Marchena",candil,1985-09,es,article,5341,full,0,,4
chat_packet_118,chat_annotation_packets_candil/packets/chat_packet_118.md,chat_annotation_packets_candil/packets/chat_packet_118.json,589,1985-09-19-right-noticiario-flamenco,Noticiario Flamenco,candil,1985-09,es,article,3218,head_tail_windows,1,AUTH_02,5
chat_packet_119,chat_annotation_packets_candil/packets/chat_packet_119.md,chat_annotation_packets_candil/packets/chat_packet_119.json,590,1985-09-21-right-buzon-flamenco,Buzón Flamenco,candil,1985-09,es,article,3021,head_tail_windows,1,CRIT_03,1
chat_packet_119,chat_annotation_packets_candil/packets/chat_packet_119.md,chat_annotation_packets_candil/packets/chat_packet_119.json,591,1985-09-22-right-hablan-las-penas-ii-concurso-de-,HABLAN LAS PENAS II CONCURSO DE CANTE RINCON FLAMENCO,candil,1985-09,es,article,1808,full,0,,2
chat_packet_119,chat_annotation_packets_candil/packets/chat_packet_119.md,chat_annotation_packets_candil/packets/chat_packet_119.json,592,1985-09-23-left-discograf-a-flamenca,Discografía Flamenca,candil,1985-09,es,article,4164,full,0,,3
chat_packet_119,chat_annotation_packets_candil/packets/chat_packet_119.md,chat_annotation_packets_candil/packets/chat_packet_119.json,593,1985-09-24-left-placas,PLACAS,candil,1985-09,es,article,50,full,0,,4
chat_packet_119,chat_annotation_packets_candil/packets/chat_packet_119.md,chat_annotation_packets_candil/packets/chat_packet_119.json,594,1985-11-3-right-editorial,Editorial,candil,1985-11,es,editorial,1826,full,0,,5
chat_packet_120,chat_annotation_packets_candil/packets/chat_packet_120.md,chat_annotation_packets_candil/packets/chat_packet_120.json,595,1985-11-4-right-una-visi-n-del-gitano-andaluz-en,Una visión del gitano andaluz en un libro del siglo de oro,candil,1985-11,es,article,4895,head_tail_windows,1,CRIT_03,1
chat_packet_120,chat_annotation_packets_candil/packets/chat_packet_120.md,chat_annotation_packets_candil/packets/chat_packet_120.json,596,1985-11-8-left-copias-del-portal,Coplas del portal,candil,1985-11,es,article,550,full,0,,2
chat_packet_120,chat_annotation_packets_candil/packets/chat_packet_120.md,chat_annotation_packets_candil/packets/chat_packet_120.json,597,1985-11-8-right-un-disco-sobre-los-cantes-de-ida,Un disco sobre los cantes de ida y vuelta,candil,1985-11,es,article,3582,head_tail_windows,1,AUTH_03,3
chat_packet_120,chat_annotation_packets_candil/packets/chat_packet_120.md,chat_annotation_packets_candil/packets/chat_packet_120.json,598,1985-11-10-left-aunque-no-quepa-en-el-papel,Aunque no quepa en el papel,candil,1985-11,es,article,3507,full,0,,4
chat_packet_120,chat_annotation_packets_candil/packets/chat_packet_120.md,chat_annotation_packets_candil/packets/chat_packet_120.json,599,1985-11-11-left-acerca-de-la-memoria-una-vez-m-s,Acerca de la memoria una vez más,candil,1985-11,es,article,2831,head_tail_windows,1,COMM_04,5
chat_packet_121,chat_annotation_packets_candil/packets/chat_packet_121.md,chat_annotation_packets_candil/packets/chat_packet_121.json,600,1985-11-12-left-justificaci-n-de-la-sole,Justificación de la Soleá,candil,1985-11,es,article,899,full,0,,1
chat_packet_121,chat_annotation_packets_candil/packets/chat_packet_121.md,chat_annotation_packets_candil/packets/chat_packet_121.json,601,1985-11-12-right-perrate-de-utrera,"Ellos, los protagonistas, dicen: Perrate de Utrera",candil,1985-11,es,article,2736,head_tail_windows,1,CRIT_03,2
chat_packet_121,chat_annotation_packets_candil/packets/chat_packet_121.md,chat_annotation_packets_candil/packets/chat_packet_121.json,602,1985-11-16-left-saquemos-a-la-luz-de-la-actualid,Saquemos a la luz de la actualidad nombres de cantaores in- merecidamente olvidados,candil,1985-11,es,article,5454,full,0,,3
chat_packet_121,chat_annotation_packets_candil/packets/chat_packet_121.md,chat_annotation_packets_candil/packets/chat_packet_121.json,603,1985-11-16-right-contrarr-plica-sobre-el-cal-y-lo,Contraréplica sobre el caló y los gitanos,candil,1985-11,es,article,3132,head_tail_windows,1,COMM_03,4
chat_packet_121,chat_annotation_packets_candil/packets/chat_packet_121.md,chat_annotation_packets_candil/packets/chat_packet_121.json,604,1985-11-18-right-el-sevillanito,El Sevillanito,candil,1985-11,es,article,3587,full,0,,5
chat_packet_122,chat_annotation_packets_candil/packets/chat_packet_122.md,chat_annotation_packets_candil/packets/chat_packet_122.json,605,1985-11-19-right-a-don-jos-m-rquez-cabello-endere,"A don José Marques Cabello, enderezándole algunos entuer- tos",candil,1985-11,es,article,3567,head_tail_windows,1,PED_02,1
chat_packet_122,chat_annotation_packets_candil/packets/chat_packet_122.md,chat_annotation_packets_candil/packets/chat_packet_122.json,606,1985-11-22-left-noticiario-flamenco,Noticiario Flamenco,candil,1985-11,es,article,4020,full,0,,2
chat_packet_122,chat_annotation_packets_candil/packets/chat_packet_122.md,chat_annotation_packets_candil/packets/chat_packet_122.json,607,1985-11-23-left-hablan-las-pe-as,Hablan las Peñas,candil,1985-11,es,article,3556,full,0,,3
chat_packet_122,chat_annotation_packets_candil/packets/chat_packet_122.md,chat_annotation_packets_candil/packets/chat_packet_122.json,608,1985-11-23-right-palmas-a-comp-s-para-pasarela-po,Palmas a compás para Pasarela Por Manu,candil,1985-11,es,article,1860,full,0,,4
chat_packet_122,chat_annotation_packets_candil/packets/chat_packet_122.md,chat_annotation_packets_candil/packets/chat_packet_122.json,609,1985-11-24-left-placas,PLACAS,candil,1985-11,es,article,72,full,0,,5
chat_packet_123,chat_annotation_packets_candil/packets/chat_packet_123.md,chat_annotation_packets_candil/packets/chat_packet_123.json,610,1986-01-3-right-editorial,Editorial,candil,1986-01,es,editorial,3965,full,0,,1
chat_packet_123,chat_annotation_packets_candil/packets/chat_packet_123.md,chat_annotation_packets_candil/packets/chat_packet_123.json,611,1986-01-4-left-otro-aniversario-est-ril,Otro aniversario estéril,candil,1986-01,es,article,3243,full,0,,2
chat_packet_123,chat_annotation_packets_candil/packets/chat_packet_123.md,chat_annotation_packets_candil/packets/chat_packet_123.json,612,1986-01-4-right-fernando-villal-n-0-la-aristocra,Fernando Villalón o la aristocracia de lo popular en la Generación del 27,candil,1986-01,es,article,3407,head_tail_windows,1,PED_02,3
chat_packet_123,chat_annotation_packets_candil/packets/chat_packet_123.md,chat_annotation_packets_candil/packets/chat_packet_123.json,613,1986-01-10-right-carta-a-un-apasionado-viajero-an,Carta a un apasionado viajero andaluz: Sr. Martín Martín,candil,1986-01,es,article,3083,head_tail_windows,1,COMM_02,4
chat_packet_123,chat_annotation_packets_candil/packets/chat_packet_123.md,chat_annotation_packets_candil/packets/chat_packet_123.json,614,1986-01-12-left-cantaora-en-verde,Cantaora en Verde,candil,1986-01,es,article,702,full,0,,5
chat_packet_124,chat_annotation_packets_candil/packets/chat_packet_124.md,chat_annotation_packets_candil/packets/chat_packet_124.json,615,1986-01-12-right-guitaristas-conocidos-compa-eros,"Guitaristas conocidos, compañeros y amigos (imagen y anécdota)",candil,1986-01,es,article,4903,full,0,,1
chat_packet_124,chat_annotation_packets_candil/packets/chat_packet_124.md,chat_annotation_packets_candil/packets/chat_packet_124.json,616,1986-01-13-right-ellos-los-protagonistas-dicen,"Ellos, los protagonistas, dicen: Juana la del Revuelo",candil,1986-01,es,article,3476,head_tail_windows,1,HERIT_03,2
chat_packet_124,chat_annotation_packets_candil/packets/chat_packet_124.md,chat_annotation_packets_candil/packets/chat_packet_124.json,617,1986-01-15-right-demasiado-f-cil-lo-tuvo-el-jurad,Demasiado fácil lo tuvo el jurado de la 2.ª distinción «Compás del Cante»,candil,1986-01,es,article,3753,head_tail_windows,2,"CRIT_01, COMM_04",3
chat_packet_124,chat_annotation_packets_candil/packets/chat_packet_124.md,chat_annotation_packets_candil/packets/chat_packet_124.json,618,1986-01-17-left-la-sauceda-de-ronda-primer-festi,"La Sauceda de Ronda, ¿primer festival flamenco?",candil,1986-01,es,article,2909,full,0,,4
chat_packet_124,chat_annotation_packets_candil/packets/chat_packet_124.md,chat_annotation_packets_candil/packets/chat_packet_124.json,619,1986-01-17-right-luto-en-el-cante-extreme-o,Luto en el Cante Extremeño,candil,1986-01,es,article,3951,head_tail_windows,1,HERIT_03,5
chat_packet_125,chat_annotation_packets_candil/packets/chat_packet_125.md,chat_annotation_packets_candil/packets/chat_packet_125.json,620,1986-01-19-left-aunque-no-quepa-en-el-papel-agen,Aunque no quepa en el papel... Agenda flamenca de Félix Grande,candil,1986-01,es,article,3764,full,0,,1
chat_packet_125,chat_annotation_packets_candil/packets/chat_packet_125.md,chat_annotation_packets_candil/packets/chat_packet_125.json,621,1986-01-19-right-el-sevillanito,El Sevillanito,candil,1986-01,es,article,4243,head_tail_windows,1,CRIT_01,2
chat_packet_125,chat_annotation_packets_candil/packets/chat_packet_125.md,chat_annotation_packets_candil/packets/chat_packet_125.json,622,1986-01-20-right-pessoa-flamenco,¿Hasta dónde? Pessoa flamenco,candil,1986-01,es,article,3819,full,0,,3
chat_packet_125,chat_annotation_packets_candil/packets/chat_packet_125.md,chat_annotation_packets_candil/packets/chat_packet_125.json,623,1986-01-21-left-m-s-sobre-silverio-franconetti-a,Más sobre Silverio Franconetti Aguilar,candil,1986-01,es,article,5086,full,0,,4
chat_packet_125,chat_annotation_packets_candil/packets/chat_packet_125.md,chat_annotation_packets_candil/packets/chat_packet_125.json,624,1986-01-22-left-hablan-las-pe-as,Hablan las peñas,candil,1986-01,es,article,3207,head_tail_windows,1,CRIT_04,5
chat_packet_126,chat_annotation_packets_candil/packets/chat_packet_126.md,chat_annotation_packets_candil/packets/chat_packet_126.json,625,1986-01-23-left-discograf-a-flamenca,Discografía flamenca,candil,1986-01,es,article,4315,head_tail_windows,1,CRIT_01,1
chat_packet_126,chat_annotation_packets_candil/packets/chat_packet_126.md,chat_annotation_packets_candil/packets/chat_packet_126.json,626,1986-01-23-right-buz-n-flamenco,Buzón flamenco,candil,1986-01,es,article,3554,head_tail_windows,2,"CRIT_03, HERIT_03",2
chat_packet_126,chat_annotation_packets_candil/packets/chat_packet_126.md,chat_annotation_packets_candil/packets/chat_packet_126.json,627,1986-01-24-left-placas,Discografía placas,candil,1986-01,es,article,219,full,0,,3
chat_packet_126,chat_annotation_packets_candil/packets/chat_packet_126.md,chat_annotation_packets_candil/packets/chat_packet_126.json,628,1986-03-3-right-editorial,Editorial,candil,1986-03,es,editorial,3769,full,0,,4
chat_packet_126,chat_annotation_packets_candil/packets/chat_packet_126.md,chat_annotation_packets_candil/packets/chat_packet_126.json,629,1986-03-3-right-concurso-nacional-de-arte-flamen,Editorial,candil,1986-03,es,article,623,full,0,,5
chat_packet_127,chat_annotation_packets_candil/packets/chat_packet_127.md,chat_annotation_packets_candil/packets/chat_packet_127.json,630,1986-03-4-right-proceso-al-antigitanismo,Proceso al antigitanismo,candil,1986-03,es,article,4371,head_tail_windows,2,"PED_02, HERIT_03",1
chat_packet_127,chat_annotation_packets_candil/packets/chat_packet_127.md,chat_annotation_packets_candil/packets/chat_packet_127.json,631,1986-03-7-right-aunque-no-quepa-en-el-papel,Aunque no quepa en el papel,candil,1986-03,es,article,4094,head_tail_windows,1,CRIT_03,2
chat_packet_127,chat_annotation_packets_candil/packets/chat_packet_127.md,chat_annotation_packets_candil/packets/chat_packet_127.json,632,1986-03-8-right-la-visi-n-de-andaluc-a-en-rub-n-,La visión de Andalucía en Rubén Darío,candil,1986-03,es,article,3566,head_tail_windows,1,CRIT_02,3
chat_packet_127,chat_annotation_packets_candil/packets/chat_packet_127.md,chat_annotation_packets_candil/packets/chat_packet_127.json,633,1986-03-12-right-respuesta-a-un-apasionado-racist,Respuesta a un apasionado racista,candil,1986-03,es,article,2919,head_tail_windows,1,CRIT_03,4
chat_packet_127,chat_annotation_packets_candil/packets/chat_packet_127.md,chat_annotation_packets_candil/packets/chat_packet_127.json,634,1986-03-14-right-cantes-de-ida-y-vuelta,Cantes de ida y vuelta. La Colombiana,candil,1986-03,es,article,3915,head_tail_windows,1,CRIT_03,5
chat_packet_128,chat_annotation_packets_candil/packets/chat_packet_128.md,chat_annotation_packets_candil/packets/chat_packet_128.json,635,1986-03-15-right-30-aniversario-del-concurso-naci,"30 Aniversario del Concurso Nacional de Córdoba. Bases y entrevistas con: Antonio Cruz Conde, Fosforito, José Menese, Antonio Alarcón Constan, Matilde Coral, Manuel Cano y Herminio Trigo, alcalde de Córdoba",candil,1986-03,es,article,4866,head_tail_windows,2,"CRIT_01, COMM_02",1
chat_packet_128,chat_annotation_packets_candil/packets/chat_packet_128.md,chat_annotation_packets_candil/packets/chat_packet_128.json,636,1986-03-25-right-y-va-de-humor-don-cayetano-y-el-,Y va de humor: Don Cayetano y el flamenco,candil,1986-03,es,article,3646,head_tail_windows,1,PED_02,2
chat_packet_128,chat_annotation_packets_candil/packets/chat_packet_128.md,chat_annotation_packets_candil/packets/chat_packet_128.json,637,1986-03-26-right-hablan-las-penas,Hablan las peñas,candil,1986-03,es,article,2487,full,0,,3
chat_packet_128,chat_annotation_packets_candil/packets/chat_packet_128.md,chat_annotation_packets_candil/packets/chat_packet_128.json,638,1986-03-27-left-buzon-flamenco,Buzón flamenco,candil,1986-03,es,article,1840,full,0,,4
chat_packet_128,chat_annotation_packets_candil/packets/chat_packet_128.md,chat_annotation_packets_candil/packets/chat_packet_128.json,639,1986-03-27-right-d-iscografia-flamenca,Discografía flamenca,candil,1986-03,es,article,3226,full,0,,5
chat_packet_129,chat_annotation_packets_candil/packets/chat_packet_129.md,chat_annotation_packets_candil/packets/chat_packet_129.json,640,1986-03-28-left-placas,Discografía-placas,candil,1986-03,es,article,53,full,0,,1
chat_packet_129,chat_annotation_packets_candil/packets/chat_packet_129.md,chat_annotation_packets_candil/packets/chat_packet_129.json,641,1986-05-3-right-editorial,Editorial,candil,1986-05,es,editorial,3153,full,0,,2
chat_packet_129,chat_annotation_packets_candil/packets/chat_packet_129.md,chat_annotation_packets_candil/packets/chat_packet_129.json,642,1986-05-4-left-jaleos-para-juana-la-del-revuelo,Jaleos para Juana la del Revuelo,candil,1986-05,es,article,537,full,0,,3
chat_packet_129,chat_annotation_packets_candil/packets/chat_packet_129.md,chat_annotation_packets_candil/packets/chat_packet_129.json,643,1986-05-4-right-a-cotaciones-a-un-proceso,Acotaciones a un proceso,candil,1986-05,es,article,3627,head_tail_windows,1,PED_03,4
chat_packet_129,chat_annotation_packets_candil/packets/chat_packet_129.md,chat_annotation_packets_candil/packets/chat_packet_129.json,644,1986-05-6-left-pintor-de-guitarras,Pintor de guitarras,candil,1986-05,es,article,1005,full,0,,5
chat_packet_130,chat_annotation_packets_candil/packets/chat_packet_130.md,chat_annotation_packets_candil/packets/chat_packet_130.json,645,1986-05-6-right-artistas-flamencos-en-ceuta,Artistas flamencos en Ceuta,candil,1986-05,es,article,3784,head_tail_windows,2,"COMM_02, CRIT_01",1
chat_packet_130,chat_annotation_packets_candil/packets/chat_packet_130.md,chat_annotation_packets_candil/packets/chat_packet_130.json,646,1986-05-8-left-el-flamenco-afluente-del-r-o-de-,"El flamenco, afluente del río de la historia",candil,1986-05,es,article,3521,head_tail_windows,1,CRIT_01,2
chat_packet_130,chat_annotation_packets_candil/packets/chat_packet_130.md,chat_annotation_packets_candil/packets/chat_packet_130.json,647,1986-05-9-left-por-fin-flamencolog-a-y-flamenc-,"Por fin, flamencología y flamencólogo/ga",candil,1986-05,es,article,3757,full,0,,3
chat_packet_130,chat_annotation_packets_candil/packets/chat_packet_130.md,chat_annotation_packets_candil/packets/chat_packet_130.json,648,1986-05-9-right-paco-de-luc-a-un-guitarrista-de-,"Ellos, los protagonistas, dicen. Paco de Lucía, un guitarrista de concierto",candil,1986-05,es,article,2922,head_tail_windows,1,COMM_02,4
chat_packet_130,chat_annotation_packets_candil/packets/chat_packet_130.md,chat_annotation_packets_candil/packets/chat_packet_130.json,649,1986-05-11-left-flamenco-y-tradiciones-musicales,Flamenco y tradiciones musicales,candil,1986-05,es,article,4954,full,0,,5
chat_packet_131,chat_annotation_packets_candil/packets/chat_packet_131.md,chat_annotation_packets_candil/packets/chat_packet_131.json,650,1986-05-11-right-cr-nica-del-xi-concurso-nacional,Crónica del XI Concurso Nacional de Arte Flamenco de Córdoba,candil,1986-05,es,article,4407,head_tail_windows,2,"CRIT_03, PED_02",1
chat_packet_131,chat_annotation_packets_candil/packets/chat_packet_131.md,chat_annotation_packets_candil/packets/chat_packet_131.json,651,1986-05-13-left-aunque-no-quepa-en-el-papel-poes,Aunque no quepa en el papel. «Poesía flamenca»,candil,1986-05,es,article,2789,head_tail_windows,1,PED_02,2
chat_packet_131,chat_annotation_packets_candil/packets/chat_packet_131.md,chat_annotation_packets_candil/packets/chat_packet_131.json,652,1986-05-15-left-cuchillo-un-extra-o-significado-,"«Cuchillos», un extraño significado de la palabra flamenco",candil,1986-05,es,article,3589,full,0,,3
chat_packet_131,chat_annotation_packets_candil/packets/chat_packet_131.md,chat_annotation_packets_candil/packets/chat_packet_131.json,653,1986-05-15-right-chismolog-a,Chismología,candil,1986-05,es,article,2967,head_tail_windows,1,PED_03,4
chat_packet_131,chat_annotation_packets_candil/packets/chat_packet_131.md,chat_annotation_packets_candil/packets/chat_packet_131.json,654,1986-05-16-right-el-villancico-y-la-saeta,El villancico y la saeta,candil,1986-05,es,article,5502,full,0,,5
chat_packet_132,chat_annotation_packets_candil/packets/chat_packet_132.md,chat_annotation_packets_candil/packets/chat_packet_132.json,655,1986-05-17-right-el-peso-de-una-localidad-cantaor,El peso de una localidad cantaora,candil,1986-05,es,article,3140,full,0,,1
chat_packet_132,chat_annotation_packets_candil/packets/chat_packet_132.md,chat_annotation_packets_candil/packets/chat_packet_132.json,656,1986-05-18-left-m-s-sobre-el-ni-o-de-alcal-y-el-,Más sobre el Niño de Alcalá y el Sevillanito,candil,1986-05,es,article,3345,head_tail_windows,1,COMM_02,2
chat_packet_132,chat_annotation_packets_candil/packets/chat_packet_132.md,chat_annotation_packets_candil/packets/chat_packet_132.json,657,1986-05-19-left-un-adi-s-a-manolo-heras,Un adiós a Manolo Heras,candil,1986-05,es,article,2903,full,0,,3
chat_packet_132,chat_annotation_packets_candil/packets/chat_packet_132.md,chat_annotation_packets_candil/packets/chat_packet_132.json,658,1986-05-19-right-los-fandanguillos-de-huelva,Los fandanguillos de Huelva,candil,1986-05,es,article,3535,full,0,,4
chat_packet_132,chat_annotation_packets_candil/packets/chat_packet_132.md,chat_annotation_packets_candil/packets/chat_packet_132.json,659,1986-05-20-left-hablan-las-pe-as-concurso-de-can,HABLAN LAS PEÑAS Concurso de Cante Jondo «Niño de Vélez»,candil,1986-05,es,article,5066,full,0,,5
chat_packet_133,chat_annotation_packets_candil/packets/chat_packet_133.md,chat_annotation_packets_candil/packets/chat_packet_133.json,660,1986-05-21-left-buzon-flamenco,Buzón flamenco,candil,1986-05,es,article,4979,full,0,,1
chat_packet_133,chat_annotation_packets_candil/packets/chat_packet_133.md,chat_annotation_packets_candil/packets/chat_packet_133.json,661,1986-05-21-right-festivales-flamencos,Guía de Festivales Flamencos,candil,1986-05,es,article,102,full,0,,2
chat_packet_133,chat_annotation_packets_candil/packets/chat_packet_133.md,chat_annotation_packets_candil/packets/chat_packet_133.json,662,1986-05-23-right-xiv-congreso-nacional-de-activid,XIV Congreso Nacional de Actividades Flamencas,candil,1986-05,es,article,1696,full,0,,3
chat_packet_133,chat_annotation_packets_candil/packets/chat_packet_133.md,chat_annotation_packets_candil/packets/chat_packet_133.json,663,1986-05-24-left-a-placas,Discografía placas,candil,1986-05,es,article,1868,full,0,,4
chat_packet_133,chat_annotation_packets_candil/packets/chat_packet_133.md,chat_annotation_packets_candil/packets/chat_packet_133.json,664,1986-07-3-right-editorial,Editorial,candil,1986-07,es,editorial,3488,full,0,,5
chat_packet_134,chat_annotation_packets_candil/packets/chat_packet_134.md,chat_annotation_packets_candil/packets/chat_packet_134.json,665,1986-07-4-right-un-apret-n-de-manos,Un apretón de manos,candil,1986-07,es,article,4306,head_tail_windows,2,"HERIT_03, CRIT_03",1
chat_packet_134,chat_annotation_packets_candil/packets/chat_packet_134.md,chat_annotation_packets_candil/packets/chat_packet_134.json,666,1986-07-6-left-el-loco-que-canta,Poema: El loco que canta,candil,1986-07,es,article,672,full,0,,2
chat_packet_134,chat_annotation_packets_candil/packets/chat_packet_134.md,chat_annotation_packets_candil/packets/chat_packet_134.json,667,1986-07-9-right-vida-y-cante-de-don-antonio-chac,Aunque no quepa en el papel: Vida y Cante de don Antonio Chacón,candil,1986-07,es,article,5566,full,0,,3
chat_packet_134,chat_annotation_packets_candil/packets/chat_packet_134.md,chat_annotation_packets_candil/packets/chat_packet_134.json,668,1986-07-10-right-informe-sobre-el-xiv-congreso-na,Informe sobre el XIV Congreso Nacional de Actividades Flamencas,candil,1986-07,es,article,3446,head_tail_windows,1,CRIT_04,4
chat_packet_134,chat_annotation_packets_candil/packets/chat_packet_134.md,chat_annotation_packets_candil/packets/chat_packet_134.json,669,1986-07-13-right-juan-carmona-habichuela,"Ellos, los protagonistas dicen: Juan Carmona «Habichuela»",candil,1986-07,es,article,3701,head_tail_windows,1,COMM_02,5
chat_packet_135,chat_annotation_packets_candil/packets/chat_packet_135.md,chat_annotation_packets_candil/packets/chat_packet_135.json,670,1986-07-16-left-las-coplas-de-paco-salguero,Las coplas de Paco Salguero,candil,1986-07,es,article,669,full,0,,1
chat_packet_135,chat_annotation_packets_candil/packets/chat_packet_135.md,chat_annotation_packets_candil/packets/chat_packet_135.json,671,1986-07-16-right-un-curso-de-flamenco-para-ense-a,Un curso de Flamenco para enseñantes,candil,1986-07,es,article,5454,full,0,,2
chat_packet_135,chat_annotation_packets_candil/packets/chat_packet_135.md,chat_annotation_packets_candil/packets/chat_packet_135.json,672,1986-07-17-right-carta-abierta-a-cr-ticas-cerrada,Carta abierta a críticas cerradas,candil,1986-07,es,article,2944,head_tail_windows,1,PED_02,3
chat_packet_135,chat_annotation_packets_candil/packets/chat_packet_135.md,chat_annotation_packets_candil/packets/chat_packet_135.json,673,1986-07-19-left-porrina-de-badajoz-cantaor-extre,"Porrina de Badajoz, cantaor extremeño, genial y heterodoxo",candil,1986-07,es,article,3646,head_tail_windows,1,COMM_01,4
chat_packet_135,chat_annotation_packets_candil/packets/chat_packet_135.md,chat_annotation_packets_candil/packets/chat_packet_135.json,674,1986-07-21-right-fosforito-o-la-personalidad,Fosforito o la personalidad,candil,1986-07,es,article,2509,full,0,,5
chat_packet_136,chat_annotation_packets_candil/packets/chat_packet_136.md,chat_annotation_packets_candil/packets/chat_packet_136.json,675,1986-07-22-left-hablan-las-penas,Hablan las Peñas,candil,1986-07,es,article,4603,full,0,,1
chat_packet_136,chat_annotation_packets_candil/packets/chat_packet_136.md,chat_annotation_packets_candil/packets/chat_packet_136.json,676,1986-07-22-right-buzon-flamenco,Buzón Flamenco y Noticiario Flamenco,candil,1986-07,es,article,3649,full,0,,2
chat_packet_136,chat_annotation_packets_candil/packets/chat_packet_136.md,chat_annotation_packets_candil/packets/chat_packet_136.json,677,1986-07-23-left-d-iscografia-flamenca,Discografía Flamenca,candil,1986-07,es,article,5483,full,0,,3
chat_packet_136,chat_annotation_packets_candil/packets/chat_packet_136.md,chat_annotation_packets_candil/packets/chat_packet_136.json,678,1986-07-24-left-a-placas,Discografía Placas,candil,1986-07,es,article,1591,full,0,,4
chat_packet_136,chat_annotation_packets_candil/packets/chat_packet_136.md,chat_annotation_packets_candil/packets/chat_packet_136.json,679,1986-09-3-right-editorial,Editorial,candil,1986-09,es,editorial,4323,full,0,,5
chat_packet_137,chat_annotation_packets_candil/packets/chat_packet_137.md,chat_annotation_packets_candil/packets/chat_packet_137.json,680,1986-09-4-right-reflexiones-sobre-la-voz-y-la-co,Reflexiones sobre la voz y la copla Flamenca,candil,1986-09,es,article,3542,head_tail_windows,1,AUTH_03,1
chat_packet_137,chat_annotation_packets_candil/packets/chat_packet_137.md,chat_annotation_packets_candil/packets/chat_packet_137.json,681,1986-09-6-right-consideraciones-en-torno-al-flam,Consideraciones en torno al Flamenco,candil,1986-09,es,article,1717,full,0,,2
chat_packet_137,chat_annotation_packets_candil/packets/chat_packet_137.md,chat_annotation_packets_candil/packets/chat_packet_137.json,682,1986-09-8-right-el-concepto-de-justicia-en-el-pr,El concepto de justicia en el primitivo cante Flamenco,candil,1986-09,es,article,3965,head_tail_windows,1,COMM_04,3
chat_packet_137,chat_annotation_packets_candil/packets/chat_packet_137.md,chat_annotation_packets_candil/packets/chat_packet_137.json,683,1986-09-12-left-flamencas,Letras Flamencas,candil,1986-09,es,article,895,full,0,,4
chat_packet_137,chat_annotation_packets_candil/packets/chat_packet_137.md,chat_annotation_packets_candil/packets/chat_packet_137.json,684,1986-09-12-right-aunque-no-quepa-en-el-papel,Aunque no quepa en el papel,candil,1986-09,es,article,3074,head_tail_windows,1,HERIT_03,5
chat_packet_138,chat_annotation_packets_candil/packets/chat_packet_138.md,chat_annotation_packets_candil/packets/chat_packet_138.json,685,1986-09-13-right-artistas-flamencos-en-ceuta,Artistas Flamencos en Ceuta,candil,1986-09,es,article,4129,full,0,,1
chat_packet_138,chat_annotation_packets_candil/packets/chat_packet_138.md,chat_annotation_packets_candil/packets/chat_packet_138.json,686,1986-09-14-left-se-sec-el-arbolito,Se secó el arbolito,candil,1986-09,es,article,712,full,0,,2
chat_packet_138,chat_annotation_packets_candil/packets/chat_packet_138.md,chat_annotation_packets_candil/packets/chat_packet_138.json,687,1986-09-14-right-enrique-orozco,"Ellos, los protagonistas, dicen: Enrique Orozco",candil,1986-09,es,article,3956,head_tail_windows,1,PED_02,3
chat_packet_138,chat_annotation_packets_candil/packets/chat_packet_138.md,chat_annotation_packets_candil/packets/chat_packet_138.json,688,1986-09-17-right-la-mayor-a-se-pronunci-por-chano,III Distinción «Compás del Cante». La mayoría se pronunció por Chano Lobato,candil,1986-09,es,article,5204,full,0,,4
chat_packet_138,chat_annotation_packets_candil/packets/chat_packet_138.md,chat_annotation_packets_candil/packets/chat_packet_138.json,689,1986-09-18-right-los-de-la-tercera-edad-en-catalu,Los de la tercera edad en Cataluña,candil,1986-09,es,article,2686,head_tail_windows,1,CRIT_04,5
chat_packet_139,chat_annotation_packets_candil/packets/chat_packet_139.md,chat_annotation_packets_candil/packets/chat_packet_139.json,690,1986-09-19-right-discograf-a-flamenca,Discografía Flamenca,candil,1986-09,es,article,3345,head_tail_windows,1,CRIT_03,1
chat_packet_139,chat_annotation_packets_candil/packets/chat_packet_139.md,chat_annotation_packets_candil/packets/chat_packet_139.json,691,1986-09-22-left-buz-n-y-noticiario-flamenco,Buzón y Noticiario Flamenco,candil,1986-09,es,article,3040,full,0,,2
chat_packet_139,chat_annotation_packets_candil/packets/chat_packet_139.md,chat_annotation_packets_candil/packets/chat_packet_139.json,692,1986-09-22-right-hablan-las-pe-as,Hablan las Peñas,candil,1986-09,es,article,3726,head_tail_windows,2,"CRIT_04, AUTH_04",3
chat_packet_139,chat_annotation_packets_candil/packets/chat_packet_139.md,chat_annotation_packets_candil/packets/chat_packet_139.json,693,1986-09-24-left-placas,Discografía Placas,candil,1986-09,es,article,39,full,0,,4
chat_packet_139,chat_annotation_packets_candil/packets/chat_packet_139.md,chat_annotation_packets_candil/packets/chat_packet_139.json,694,1986-11-3-right-editorial,Editorial,candil,1986-11,es,editorial,2792,full,0,,5
chat_packet_140,chat_annotation_packets_candil/packets/chat_packet_140.md,chat_annotation_packets_candil/packets/chat_packet_140.json,695,1986-11-4-right-la-poes-a-popular-de-manuel-balm,La poesía popular de Balmaseda,candil,1986-11,es,article,3119,head_tail_windows,1,HERIT_03,1
chat_packet_140,chat_annotation_packets_candil/packets/chat_packet_140.md,chat_annotation_packets_candil/packets/chat_packet_140.json,696,1986-11-8-right-cantaores-conocidos-compa-eros-y,"Cantaores conocidos, compañeros y amigos: Don Antonio Mairena, Manolo Caracol",candil,1986-11,es,article,4534,head_tail_windows,2,"PED_02, COMM_04",2
chat_packet_140,chat_annotation_packets_candil/packets/chat_packet_140.md,chat_annotation_packets_candil/packets/chat_packet_140.json,697,1986-11-11-right-sobre-el-piyayo,Sobre «El Piyayo»,candil,1986-11,es,article,3152,head_tail_windows,1,HERIT_03,3
chat_packet_140,chat_annotation_packets_candil/packets/chat_packet_140.md,chat_annotation_packets_candil/packets/chat_packet_140.json,698,1986-11-13-left-ellos-los-protagonistas-dicen-cu,"Ellos, los protagonistas, dicen: Curro Mairena",candil,1986-11,es,article,2817,head_tail_windows,1,CRIT_03,4
chat_packet_140,chat_annotation_packets_candil/packets/chat_packet_140.md,chat_annotation_packets_candil/packets/chat_packet_140.json,699,1986-11-18-left-enderezando-entuertos,Enderezando entuertos,candil,1986-11,es,article,3441,head_tail_windows,1,CRIT_02,5
chat_packet_141,chat_annotation_packets_candil/packets/chat_packet_141.md,chat_annotation_packets_candil/packets/chat_packet_141.json,700,1986-11-17-right-letras-flamencas,Letras flamencas,candil,1986-11,es,article,3817,head_tail_windows,1,COMM_04,1
chat_packet_141,chat_annotation_packets_candil/packets/chat_packet_141.md,chat_annotation_packets_candil/packets/chat_packet_141.json,701,1986-11-19-right-aunque-no-quepa-en-el-papel,Aunque no quepa en el papel: Manuel Cano. La guitarra,candil,1986-11,es,article,5887,full,0,,2
chat_packet_141,chat_annotation_packets_candil/packets/chat_packet_141.md,chat_annotation_packets_candil/packets/chat_packet_141.json,702,1986-11-20-right-e-hacian-pensar,Me hacían pensar,candil,1986-11,es,article,3334,full,0,,3
chat_packet_141,chat_annotation_packets_candil/packets/chat_packet_141.md,chat_annotation_packets_candil/packets/chat_packet_141.json,703,1986-11-21-left-ablan-las,Hablan las Peñas,candil,1986-11,es,article,5294,full,0,,4
chat_packet_141,chat_annotation_packets_candil/packets/chat_packet_141.md,chat_annotation_packets_candil/packets/chat_packet_141.json,704,1986-11-22-left-podio,Podio,candil,1986-11,es,article,2392,full,0,,5
chat_packet_142,chat_annotation_packets_candil/packets/chat_packet_142.md,chat_annotation_packets_candil/packets/chat_packet_142.json,705,1986-11-22-right-iscografia-flamenca,Discografía flamenca,candil,1986-11,es,article,3014,full,0,,1
chat_packet_142,chat_annotation_packets_candil/packets/chat_packet_142.md,chat_annotation_packets_candil/packets/chat_packet_142.json,706,1986-11-23-left-noticiario-flamenco,Noticiario flamenco,candil,1986-11,es,article,5041,full,0,,2
chat_packet_142,chat_annotation_packets_candil/packets/chat_packet_142.md,chat_annotation_packets_candil/packets/chat_packet_142.json,707,1986-11-23-right-ia-flamenca-placas,Discografía flamenca (Placas),candil,1986-11,es,article,17,full,0,,3
chat_packet_142,chat_annotation_packets_candil/packets/chat_packet_142.md,chat_annotation_packets_candil/packets/chat_packet_142.json,708,1987-01-3-right-flamenco-92,Flamenco 92,candil,1987-01,es,article,2069,full,0,,4
chat_packet_142,chat_annotation_packets_candil/packets/chat_packet_142.md,chat_annotation_packets_candil/packets/chat_packet_142.json,709,1987-01-4-right-reflexiones-ante-la-revoluci-n-m,Reflexiones ante la revolución mairenista,candil,1987-01,es,article,3355,head_tail_windows,1,CRIT_03,5
chat_packet_143,chat_annotation_packets_candil/packets/chat_packet_143.md,chat_annotation_packets_candil/packets/chat_packet_143.json,710,1987-01-8-left-de-mi-memoria-una-estampa,Poema: De mi memoria una estampa,candil,1987-01,es,article,1062,full,0,,1
chat_packet_143,chat_annotation_packets_candil/packets/chat_packet_143.md,chat_annotation_packets_candil/packets/chat_packet_143.json,711,1987-01-8-right-cantaores-conocidos-compa-eros-y,"Cantaores conocidos, compañeros y amigos: Pepe Marchena",candil,1987-01,es,article,3303,head_tail_windows,1,COMM_02,2
chat_packet_143,chat_annotation_packets_candil/packets/chat_packet_143.md,chat_annotation_packets_candil/packets/chat_packet_143.json,712,1987-01-9-right-cantaores-conocidos-compa-eros-y,"Cantaores conocidos, compañeros y amigos: Pepe Marchena. 15 y 16 Cantaores conocidos, compañeros y amigos: Pepe Pinto",candil,1987-01,es,article,5652,full,0,,3
chat_packet_143,chat_annotation_packets_candil/packets/chat_packet_143.md,chat_annotation_packets_candil/packets/chat_packet_143.json,713,1987-01-10-right-cantaores-andaluces,Aunque no quepa en el papel: Cantaores andaluces,candil,1987-01,es,article,4320,full,0,,4
chat_packet_143,chat_annotation_packets_candil/packets/chat_packet_143.md,chat_annotation_packets_candil/packets/chat_packet_143.json,714,1987-01-11-left-podio,Podio,candil,1987-01,es,article,3883,full,0,,5
chat_packet_144,chat_annotation_packets_candil/packets/chat_packet_144.md,chat_annotation_packets_candil/packets/chat_packet_144.json,715,1987-01-11-right-lucas-l-pez,Lucas López,candil,1987-01,es,article,4705,head_tail_windows,2,"COMM_02, AUTH_02",1
chat_packet_144,chat_annotation_packets_candil/packets/chat_packet_144.md,chat_annotation_packets_candil/packets/chat_packet_144.json,716,1987-01-15-left-precisiones-a-un-comentario-escr,Aunque no quepa en el papel: Acrósticos del Arte Flamenco y precisiones a un comentario escrito de Agustín Gómez,candil,1987-01,es,article,3880,full,0,,2
chat_packet_144,chat_annotation_packets_candil/packets/chat_packet_144.md,chat_annotation_packets_candil/packets/chat_packet_144.json,717,1987-01-15-right-forman-el-gigantesco-rbol-flamen,¿Forman el gigantesco árbol flamenco malagueño el verdial y los fandangos de Vélez?,candil,1987-01,es,article,4955,head_tail_windows,1,CRIT_04,3
chat_packet_144,chat_annotation_packets_candil/packets/chat_packet_144.md,chat_annotation_packets_candil/packets/chat_packet_144.json,718,1987-01-20-left-buzon-flamenco-respuesta-a-enriq,BUZON-FLAMENCO Respuesta a Enrique Orozco,candil,1987-01,es,article,3767,full,0,,4
chat_packet_144,chat_annotation_packets_candil/packets/chat_packet_144.md,chat_annotation_packets_candil/packets/chat_packet_144.json,719,1987-01-20-right-la-universidad-de-c-diz-inaugura,La universidad de Cádiz inaugura una nueva línea de publicaciones sobre folclore andaluz y cante flamenco,candil,1987-01,es,article,2722,head_tail_windows,1,COMM_03,5
chat_packet_145,chat_annotation_packets_candil/packets/chat_packet_145.md,chat_annotation_packets_candil/packets/chat_packet_145.json,720,1987-01-21-right-iscografia-flamenca,Discografía flamenca,candil,1987-01,es,article,3195,head_tail_windows,1,CRIT_04,1
chat_packet_145,chat_annotation_packets_candil/packets/chat_packet_145.md,chat_annotation_packets_candil/packets/chat_packet_145.json,721,1987-01-22-right-ablan-las-pe-as,Hablan las peñas,candil,1987-01,es,article,3556,full,0,,2
chat_packet_145,chat_annotation_packets_candil/packets/chat_packet_145.md,chat_annotation_packets_candil/packets/chat_packet_145.json,722,1987-01-23-left-noticiario-flamenco,Noticiario flamenco,candil,1987-01,es,news_roundup,2791,head_tail_windows,1,AUTH_03,3
chat_packet_145,chat_annotation_packets_candil/packets/chat_packet_145.md,chat_annotation_packets_candil/packets/chat_packet_145.json,723,1987-01-24-left-flamenca-placas,Discografía flamenca (placas),candil,1987-01,es,article,48,full,0,,4
chat_packet_145,chat_annotation_packets_candil/packets/chat_packet_145.md,chat_annotation_packets_candil/packets/chat_packet_145.json,724,1987-03-3-right-editorial,Editorial,candil,1987-03,es,editorial,2344,full,0,,5
chat_packet_146,chat_annotation_packets_candil/packets/chat_packet_146.md,chat_annotation_packets_candil/packets/chat_packet_146.json,725,1987-03-3-right-fosforito,Fosforito,candil,1987-03,es,article,3359,head_tail_windows,1,CRIT_01,1
chat_packet_146,chat_annotation_packets_candil/packets/chat_packet_146.md,chat_annotation_packets_candil/packets/chat_packet_146.json,726,1987-03-11-left-alto-sentido-y-grado-poetico-en-,Alto sentido y grado poético en Fosforito,candil,1987-03,es,article,1521,full,0,,2
chat_packet_146,chat_annotation_packets_candil/packets/chat_packet_146.md,chat_annotation_packets_candil/packets/chat_packet_146.json,727,1987-03-11-right-antonio-fern-ndez-d-az-ayer-segu,"Antonio Fernández Díaz ayer segundo de a bordo, hoy número uno",candil,1987-03,es,article,4605,full,0,,3
chat_packet_146,chat_annotation_packets_candil/packets/chat_packet_146.md,chat_annotation_packets_candil/packets/chat_packet_146.json,728,1987-03-12-left-cuantos-habremos,¿Cuántos habremos?,candil,1987-03,es,article,3256,head_tail_windows,1,CRIT_04,4
chat_packet_146,chat_annotation_packets_candil/packets/chat_packet_146.md,chat_annotation_packets_candil/packets/chat_packet_146.json,729,1987-03-13-left-fosforito-el-hombre,"Fosforito, el hombre",candil,1987-03,es,article,2977,full,0,,5
chat_packet_147,chat_annotation_packets_candil/packets/chat_packet_147.md,chat_annotation_packets_candil/packets/chat_packet_147.json,730,1987-03-13-right-fosforito-genio-contempor-neo-de,Fosforito: Genio contemporáneo del cante flamenco evolucionista,candil,1987-03,es,article,2874,head_tail_windows,1,COMM_01,1
chat_packet_147,chat_annotation_packets_candil/packets/chat_packet_147.md,chat_annotation_packets_candil/packets/chat_packet_147.json,731,1987-03-14-right-fosforito-el-ultimo-maestro,"Fosforito, el último maestro",candil,1987-03,es,article,2858,head_tail_windows,1,CRIT_03,2
chat_packet_147,chat_annotation_packets_candil/packets/chat_packet_147.md,chat_annotation_packets_candil/packets/chat_packet_147.json,732,1987-03-17-right-fosforito-senor-del-cante,"Fosforito, señor del Cante",candil,1987-03,es,article,3060,head_tail_windows,1,COMM_02,3
chat_packet_147,chat_annotation_packets_candil/packets/chat_packet_147.md,chat_annotation_packets_candil/packets/chat_packet_147.json,733,1987-03-19-right-funcion-pedagogica-de-fosforito,Función pedagógica de Fosforito,candil,1987-03,es,article,3038,full,0,,4
chat_packet_147,chat_annotation_packets_candil/packets/chat_packet_147.md,chat_annotation_packets_candil/packets/chat_packet_147.json,734,1987-03-20-left-antonio-fernandez-diaz-fosforito,"Antonio Fernández Díaz, «Fosforito»",candil,1987-03,es,article,3434,head_tail_windows,1,CRIT_03,5
chat_packet_148,chat_annotation_packets_candil/packets/chat_packet_148.md,chat_annotation_packets_candil/packets/chat_packet_148.json,735,1987-03-21-right-p-uente-genil-nombro-a-fosforito,Puente Genil nombró a Fosforito hijo predilecto,candil,1987-03,es,article,3916,head_tail_windows,1,CRIT_01,1
chat_packet_148,chat_annotation_packets_candil/packets/chat_packet_148.md,chat_annotation_packets_candil/packets/chat_packet_148.json,736,1987-03-23-right-ellos-los-protagonistas-dicen-fo,"Ellos, los protagonistas, dicen: Fosforito",candil,1987-03,es,article,4038,head_tail_windows,2,"PED_02, AUTH_03",2
chat_packet_148,chat_annotation_packets_candil/packets/chat_packet_148.md,chat_annotation_packets_candil/packets/chat_packet_148.json,737,1987-03-27-right-fosforito-y-la-guitarra,Fosforito y la guitarra,candil,1987-03,es,article,3007,head_tail_windows,1,COMM_02,3
chat_packet_148,chat_annotation_packets_candil/packets/chat_packet_148.md,chat_annotation_packets_candil/packets/chat_packet_148.json,738,1987-03-29-left-unas-lineas-para-antonio-fernand,Unas líneas para,candil,1987-03,es,article,2205,full,0,,4
chat_packet_148,chat_annotation_packets_candil/packets/chat_packet_148.md,chat_annotation_packets_candil/packets/chat_packet_148.json,739,1987-03-29-right-reflexiones-y-notas-sobre-el-fla,Reflexiones y notas sobre el flamenco,candil,1987-03,es,article,2611,head_tail_windows,1,COMM_04,5
chat_packet_149,chat_annotation_packets_candil/packets/chat_packet_149.md,chat_annotation_packets_candil/packets/chat_packet_149.json,740,1987-03-31-left-sangre-entera-volcada-o-el-cante,Sangre entera volcada o el cante de Fosforito,candil,1987-03,es,article,1004,full,0,,1
chat_packet_149,chat_annotation_packets_candil/packets/chat_packet_149.md,chat_annotation_packets_candil/packets/chat_packet_149.json,741,1987-03-31-right-la-2-distinci-n-compas-del-cante,La segunda distinción «Compás del Cante» para Fosforito,candil,1987-03,es,article,3058,full,0,,2
chat_packet_149,chat_annotation_packets_candil/packets/chat_packet_149.md,chat_annotation_packets_candil/packets/chat_packet_149.json,742,1987-03-32-left-de-el-tambien-se-ha-dicho,De él también se ha dicho,candil,1987-03,es,article,3560,head_tail_windows,1,AUTH_02,3
chat_packet_149,chat_annotation_packets_candil/packets/chat_packet_149.md,chat_annotation_packets_candil/packets/chat_packet_149.json,743,1987-03-33-left-poemas-a-fosforito,Poemas a Fosforito,candil,1987-03,es,article,2833,full,0,,4
chat_packet_149,chat_annotation_packets_candil/packets/chat_packet_149.md,chat_annotation_packets_candil/packets/chat_packet_149.json,744,1987-03-34-right-los-escritos-de-fosforito,Los escritos de Fosforito,candil,1987-03,es,article,3341,head_tail_windows,1,PED_01,5
chat_packet_150,chat_annotation_packets_candil/packets/chat_packet_150.md,chat_annotation_packets_candil/packets/chat_packet_150.json,745,1987-03-37-right-por-sus-dichos,POR SUS DICHOS,candil,1987-03,es,article,2075,full,0,,1
chat_packet_150,chat_annotation_packets_candil/packets/chat_packet_150.md,chat_annotation_packets_candil/packets/chat_packet_150.json,746,1987-03-38-left-homenaje-a-un-cabal-cabalisimo,Homenaje a un cabal cabalísimo,candil,1987-03,es,article,2365,full,0,,2
chat_packet_150,chat_annotation_packets_candil/packets/chat_packet_150.md,chat_annotation_packets_candil/packets/chat_packet_150.json,747,1987-03-38-right-agenda-1987,AGENDA-1987,candil,1987-03,es,article,3533,full,0,,3
chat_packet_150,chat_annotation_packets_candil/packets/chat_packet_150.md,chat_annotation_packets_candil/packets/chat_packet_150.json,748,1987-03-39-left-medalla-al-erito-en-el-trabajo,Medalla al mérito en el trabajo,candil,1987-03,es,article,3536,head_tail_windows,1,CRIT_03,4
chat_packet_150,chat_annotation_packets_candil/packets/chat_packet_150.md,chat_annotation_packets_candil/packets/chat_packet_150.json,749,1987-03-45-left-poemas-dedicados-a-perfecto,Poemas dedicados a Perfecto,candil,1987-03,es,article,1700,full,0,,5
chat_packet_151,chat_annotation_packets_candil/packets/chat_packet_151.md,chat_annotation_packets_candil/packets/chat_packet_151.json,750,1987-03-45-right-letras-flamencas,Letras flamencas,candil,1987-03,es,article,4263,head_tail_windows,1,CRIT_02,1
chat_packet_151,chat_annotation_packets_candil/packets/chat_packet_151.md,chat_annotation_packets_candil/packets/chat_packet_151.json,751,1987-03-47-right-discograf-a-de-fosforito,Discografía de Fosforito,candil,1987-03,es,article,4447,full,0,,2
chat_packet_151,chat_annotation_packets_candil/packets/chat_packet_151.md,chat_annotation_packets_candil/packets/chat_packet_151.json,752,1987-03-23-right-antonio-fernandez-fosforito,ANTONIO FERNANDEZ FOSFORITO,candil,1987-03,es,article,196,full,0,,3
chat_packet_151,chat_annotation_packets_candil/packets/chat_packet_151.md,chat_annotation_packets_candil/packets/chat_packet_151.json,753,1987-05-3-right-editorial,Editorial,candil,1987-05,es,editorial,2156,full,0,,4
chat_packet_151,chat_annotation_packets_candil/packets/chat_packet_151.md,chat_annotation_packets_candil/packets/chat_packet_151.json,754,1987-05-4-right-otra-versi-n-de-los-tarantos,Otra versión de los Tarantos,candil,1987-05,es,article,3445,head_tail_windows,1,PED_03,5
chat_packet_152,chat_annotation_packets_candil/packets/chat_packet_152.md,chat_annotation_packets_candil/packets/chat_packet_152.json,755,1987-05-6-left-tentativo,Tentativo,candil,1987-05,es,article,455,full,0,,1
chat_packet_152,chat_annotation_packets_candil/packets/chat_packet_152.md,chat_annotation_packets_candil/packets/chat_packet_152.json,756,1987-05-6-right-cumbre-flamenca-en-madrid,Cumbre flamenca en Madrid. Madrid flamenco,candil,1987-05,es,article,4192,head_tail_windows,1,CRIT_01,2
chat_packet_152,chat_annotation_packets_candil/packets/chat_packet_152.md,chat_annotation_packets_candil/packets/chat_packet_152.json,757,1987-05-9-left-carmen-amaya-reina-de-los-gitano,"Carmen Amaya, reina de los gitanos",candil,1987-05,es,article,3212,full,0,,3
chat_packet_152,chat_annotation_packets_candil/packets/chat_packet_152.md,chat_annotation_packets_candil/packets/chat_packet_152.json,758,1987-05-9-right-algo-m-s-sobre-los-gitanos,Algo más sobre los gitanos,candil,1987-05,es,article,4571,head_tail_windows,2,"CRIT_03, PED_03",4
chat_packet_152,chat_annotation_packets_candil/packets/chat_packet_152.md,chat_annotation_packets_candil/packets/chat_packet_152.json,759,1987-05-11-right-otra-vez-televisi-n,Otra vez televisión,candil,1987-05,es,article,4249,full,0,,5
chat_packet_153,chat_annotation_packets_candil/packets/chat_packet_153.md,chat_annotation_packets_candil/packets/chat_packet_153.json,760,1987-05-12-left-aunque-no-quepa-en-el-papel,Aunque no quepa en el papel,candil,1987-05,es,article,4461,full,0,,1
chat_packet_153,chat_annotation_packets_candil/packets/chat_packet_153.md,chat_annotation_packets_candil/packets/chat_packet_153.json,761,1987-05-12-right-ullos-uos-protagonistas-dicen-lo,"Ellos, los protagonistas, dicen: Los Pinini, casi al completo",candil,1987-05,es,article,2894,head_tail_windows,1,COMM_03,2
chat_packet_153,chat_annotation_packets_candil/packets/chat_packet_153.md,chat_annotation_packets_candil/packets/chat_packet_153.json,762,1987-05-16-right-pepe-aznalc-llar,"Cantaores conocidos, compañeros y amigos: Pepe Aznalcóllar",candil,1987-05,es,article,3384,head_tail_windows,1,CRIT_02,3
chat_packet_153,chat_annotation_packets_candil/packets/chat_packet_153.md,chat_annotation_packets_candil/packets/chat_packet_153.json,763,1987-05-17-right-in-memoriam-francisco-valls-tori,In memoriam Francisco Valls Toribio «El americano» (1907-1987),candil,1987-05,es,article,3044,full,0,,4
chat_packet_153,chat_annotation_packets_candil/packets/chat_packet_153.md,chat_annotation_packets_candil/packets/chat_packet_153.json,764,1987-05-18-left-buz-n-y-noticiario-flamenco,Buzón y Noticiario flamenco,candil,1987-05,es,article,2716,head_tail_windows,1,COMM_02,5
chat_packet_154,chat_annotation_packets_candil/packets/chat_packet_154.md,chat_annotation_packets_candil/packets/chat_packet_154.json,765,1987-05-19-left-podio,Podio,candil,1987-05,es,article,3174,full,0,,1
chat_packet_154,chat_annotation_packets_candil/packets/chat_packet_154.md,chat_annotation_packets_candil/packets/chat_packet_154.json,766,1987-05-19-right-ablan-las-pe-as,Hablan las Peñas,candil,1987-05,es,article,2899,head_tail_windows,1,CRIT_02,2
chat_packet_154,chat_annotation_packets_candil/packets/chat_packet_154.md,chat_annotation_packets_candil/packets/chat_packet_154.json,767,1987-05-21-right-gu-a-de-festivales-flamencos,Guía de Festivales flamencos,candil,1987-05,es,article,3626,full,0,,3
chat_packet_154,chat_annotation_packets_candil/packets/chat_packet_154.md,chat_annotation_packets_candil/packets/chat_packet_154.json,768,1987-05-24-left-flamenca-placas,Discografía flamenca (placas),candil,1987-05,es,article,48,full,0,,4
chat_packet_154,chat_annotation_packets_candil/packets/chat_packet_154.md,chat_annotation_packets_candil/packets/chat_packet_154.json,769,1987-07-3-right-editorial,Editorial,candil,1987-07,es,editorial,2615,full,0,,5
chat_packet_155,chat_annotation_packets_candil/packets/chat_packet_155.md,chat_annotation_packets_candil/packets/chat_packet_155.json,770,1987-07-4-right-danzas-de-ida-y-vuelta,Díálogos musicales ultramarinos (I): Danzas de ida y vuelta,candil,1987-07,es,article,4287,head_tail_windows,1,HERIT_02,1
chat_packet_155,chat_annotation_packets_candil/packets/chat_packet_155.md,chat_annotation_packets_candil/packets/chat_packet_155.json,771,1987-07-7-right-l-evenement-du-jeudi,L'evenement du jeudi,candil,1987-07,es,article,2669,head_tail_windows,1,CRIT_03,2
chat_packet_155,chat_annotation_packets_candil/packets/chat_packet_155.md,chat_annotation_packets_candil/packets/chat_packet_155.json,772,1987-07-9-left-pena-padre,Cantaor «Pena Padre»,candil,1987-07,es,article,4352,full,0,,3
chat_packet_155,chat_annotation_packets_candil/packets/chat_packet_155.md,chat_annotation_packets_candil/packets/chat_packet_155.json,773,1987-07-9-right-adios-andr-s-segovia,"¡Adiós, Andrés Segovia!",candil,1987-07,es,article,2876,head_tail_windows,1,COMM_04,4
chat_packet_155,chat_annotation_packets_candil/packets/chat_packet_155.md,chat_annotation_packets_candil/packets/chat_packet_155.json,774,1987-07-11-right-pierre-loujys-el-flamenco-como-e,Pierre Loïs: El flamenco como espacio erótico,candil,1987-07,es,article,3718,head_tail_windows,2,"CRIT_01, CRIT_03",5
chat_packet_156,chat_annotation_packets_candil/packets/chat_packet_156.md,chat_annotation_packets_candil/packets/chat_packet_156.json,775,1987-07-13-left-ellos-los-protagonistas-dicen-pa,"Ellos, los protagonistas dicen: Paco Toronjo",candil,1987-07,es,article,4392,head_tail_windows,1,COMM_04,1
chat_packet_156,chat_annotation_packets_candil/packets/chat_packet_156.md,chat_annotation_packets_candil/packets/chat_packet_156.json,776,1987-07-15-right-algunos-datos-nuevos-para-la-his,Algunos datos nuevos para la historia del flamenco,candil,1987-07,es,article,3542,head_tail_windows,1,CRIT_01,2
chat_packet_156,chat_annotation_packets_candil/packets/chat_packet_156.md,chat_annotation_packets_candil/packets/chat_packet_156.json,777,1987-07-19-right-aunque-no-quepa-en-el-papel-le-f,"Aunque no quepa en el papel: «Le Flamenco et les gitans», de Miguel Alcalá, y «Los cafés cantantes de Sevilla», de José Blas Vega",candil,1987-07,es,article,2701,head_tail_windows,1,PED_01,3
chat_packet_156,chat_annotation_packets_candil/packets/chat_packet_156.md,chat_annotation_packets_candil/packets/chat_packet_156.json,778,1987-07-21-right-iscografia-flamenca,Discografía Flamenca,candil,1987-07,es,article,3978,head_tail_windows,1,PED_02,4
chat_packet_156,chat_annotation_packets_candil/packets/chat_packet_156.md,chat_annotation_packets_candil/packets/chat_packet_156.json,779,1987-07-22-right-noticiario-flamenco,Noticiario Flamenco,candil,1987-07,es,article,4084,full,0,,5
chat_packet_157,chat_annotation_packets_candil/packets/chat_packet_157.md,chat_annotation_packets_candil/packets/chat_packet_157.json,780,1987-07-23-left-ablan-las-pe-as,Hablan las Peñas,candil,1987-07,es,article,2588,head_tail_windows,1,CRIT_03,1
chat_packet_157,chat_annotation_packets_candil/packets/chat_packet_157.md,chat_annotation_packets_candil/packets/chat_packet_157.json,781,1987-07-24-left-flamenca-placas,Discografía flamenca (Placas),candil,1987-07,es,article,277,full,0,,2
chat_packet_157,chat_annotation_packets_candil/packets/chat_packet_157.md,chat_annotation_packets_candil/packets/chat_packet_157.json,782,1987-09-3-right-editorial,Editorial,candil,1987-09,es,editorial,2910,full,0,,3
chat_packet_157,chat_annotation_packets_candil/packets/chat_packet_157.md,chat_annotation_packets_candil/packets/chat_packet_157.json,783,1987-09-4-right-el-romancero-tradicional-gitano-,Editorial,candil,1987-09,es,article,2704,head_tail_windows,1,COMM_04,4
chat_packet_157,chat_annotation_packets_candil/packets/chat_packet_157.md,chat_annotation_packets_candil/packets/chat_packet_157.json,784,1987-09-8-left-duende,Poema: Duende,candil,1987-09,es,article,572,full,0,,5
chat_packet_158,chat_annotation_packets_candil/packets/chat_packet_158.md,chat_annotation_packets_candil/packets/chat_packet_158.json,785,1987-09-8-right-salvador-rueda-y-el-modernismo-a,Salvador Rueda y el modernismo andaluz,candil,1987-09,es,article,3850,head_tail_windows,1,HERIT_02,1
chat_packet_158,chat_annotation_packets_candil/packets/chat_packet_158.md,chat_annotation_packets_candil/packets/chat_packet_158.json,786,1987-09-10-right-flamenco-en-estado-primario,Una experiencia interesante en Cantillana: Flamenco en estado primario,candil,1987-09,es,article,4307,full,0,,2
chat_packet_158,chat_annotation_packets_candil/packets/chat_packet_158.md,chat_annotation_packets_candil/packets/chat_packet_158.json,787,1987-09-11-right-cr-nica-del-xxvii-festival-nacio,Crónica del XXVII Festival Nacional del Cante de las Minas de La Unión,candil,1987-09,es,article,2866,head_tail_windows,1,PED_03,3
chat_packet_158,chat_annotation_packets_candil/packets/chat_packet_158.md,chat_annotation_packets_candil/packets/chat_packet_158.json,788,1987-09-14-right-el-fandango-de-huelva-y-su-provi,El Fandango de Huelva y su provincia,candil,1987-09,es,article,3793,head_tail_windows,1,CRIT_01,4
chat_packet_158,chat_annotation_packets_candil/packets/chat_packet_158.md,chat_annotation_packets_candil/packets/chat_packet_158.json,789,1987-09-17-right-benalm-dena-ha-subido-el-list-n,Crónica de urgencia del XV Congreso: Benalmádena ha subido el listón,candil,1987-09,es,article,3045,head_tail_windows,1,HERIT_03,5
chat_packet_159,chat_annotation_packets_candil/packets/chat_packet_159.md,chat_annotation_packets_candil/packets/chat_packet_159.json,790,1987-09-19-right-cantaores-conocidos-compa-eros-y,"Cantaores conocidos, compañeros y amigos: Pastora Pavón",candil,1987-09,es,article,4765,full,0,,1
chat_packet_159,chat_annotation_packets_candil/packets/chat_packet_159.md,chat_annotation_packets_candil/packets/chat_packet_159.json,791,1987-09-20-left-las-soleares-de-juaniqu,Las soleares de Juaniquí,candil,1987-09,es,article,4897,full,0,,2
chat_packet_159,chat_annotation_packets_candil/packets/chat_packet_159.md,chat_annotation_packets_candil/packets/chat_packet_159.json,792,1987-09-20-right-ablan-las-pe-as,Hablan las Peñas,candil,1987-09,es,article,4757,full,0,,3
chat_packet_159,chat_annotation_packets_candil/packets/chat_packet_159.md,chat_annotation_packets_candil/packets/chat_packet_159.json,793,1987-09-21-right-las-letras-flamencas-de-emilio-b,Las letras flamencas de Emilio Bustos,candil,1987-09,es,article,576,full,0,,4
chat_packet_159,chat_annotation_packets_candil/packets/chat_packet_159.md,chat_annotation_packets_candil/packets/chat_packet_159.json,794,1987-09-22-left-noticiario-flamenco,Noticiario flamenco,candil,1987-09,es,article,2991,full,0,,5
chat_packet_160,chat_annotation_packets_candil/packets/chat_packet_160.md,chat_annotation_packets_candil/packets/chat_packet_160.json,795,1987-09-22-right-buz-n-flamenco,Buzón flamenco,candil,1987-09,es,article,4186,full,0,,1
chat_packet_160,chat_annotation_packets_candil/packets/chat_packet_160.md,chat_annotation_packets_candil/packets/chat_packet_160.json,796,1987-09-23-left-podio,Podio,candil,1987-09,es,article,2860,full,0,,2
chat_packet_160,chat_annotation_packets_candil/packets/chat_packet_160.md,chat_annotation_packets_candil/packets/chat_packet_160.json,797,1987-09-23-right-la-pe-a-una-entidad-apol-tica,"La Peña, una entidad apolítica",candil,1987-09,es,article,3534,full,0,,3
chat_packet_160,chat_annotation_packets_candil/packets/chat_packet_160.md,chat_annotation_packets_candil/packets/chat_packet_160.json,798,1987-09-24-left-flamenca-placas,Discografía flamenca (Placas),candil,1987-09,es,article,33,full,0,,4
chat_packet_160,chat_annotation_packets_candil/packets/chat_packet_160.md,chat_annotation_packets_candil/packets/chat_packet_160.json,799,1987-11-3-right-editorial,Editorial,candil,1987-11,es,editorial,4046,full,0,,5
chat_packet_161,chat_annotation_packets_candil/packets/chat_packet_161.md,chat_annotation_packets_candil/packets/chat_packet_161.json,800,1987-11-4-right-importancia-de-las-letras-en-el-,Importancia de las letras en el cante flamenco. Ponencia,candil,1987-11,es,article,2985,head_tail_windows,1,HERIT_03,1
chat_packet_161,chat_annotation_packets_candil/packets/chat_packet_161.md,chat_annotation_packets_candil/packets/chat_packet_161.json,801,1987-11-6-left-poema-para-t-a-anica,Poema para Tía Anica,candil,1987-11,es,article,1251,full,0,,2
chat_packet_161,chat_annotation_packets_candil/packets/chat_packet_161.md,chat_annotation_packets_candil/packets/chat_packet_161.json,802,1987-11-6-right-el-cante-extreme-o-ponencia,El cante extremeño. Ponencia,candil,1987-11,es,article,4104,head_tail_windows,1,PED_03,3
chat_packet_161,chat_annotation_packets_candil/packets/chat_packet_161.md,chat_annotation_packets_candil/packets/chat_packet_161.json,803,1987-11-9-right-la-fundaci-n-andaluza-de-flamenc,La fundación andaluzas de flamenco,candil,1987-11,es,article,3126,head_tail_windows,1,AUTH_03,4
chat_packet_161,chat_annotation_packets_candil/packets/chat_packet_161.md,chat_annotation_packets_candil/packets/chat_packet_161.json,804,1987-11-10-right-madrid-flamenco-corresponsal,Madrid flamenco CORRESPONSAL,candil,1987-11,es,article,3191,full,0,,5
chat_packet_162,chat_annotation_packets_candil/packets/chat_packet_162.md,chat_annotation_packets_candil/packets/chat_packet_162.json,805,1987-11-11-left-cuando-del-flamenco-se-hace-rito,Cuando del flamenco se hace rito,candil,1987-11,es,article,2501,full,0,,1
chat_packet_162,chat_annotation_packets_candil/packets/chat_packet_162.md,chat_annotation_packets_candil/packets/chat_packet_162.json,806,1987-11-11-right-la-familia-fern-ndez-entre-trian,"Ellos, los protagonistas, dicen. La familia Fernández entre Triana y Lebrija",candil,1987-11,es,article,5146,head_tail_windows,2,"CRIT_02, COMM_03",2
chat_packet_162,chat_annotation_packets_candil/packets/chat_packet_162.md,chat_annotation_packets_candil/packets/chat_packet_162.json,807,1987-11-16-left-plagio-de-rdago,Plagio de órdago,candil,1987-11,es,article,2803,full,0,,3
chat_packet_162,chat_annotation_packets_candil/packets/chat_packet_162.md,chat_annotation_packets_candil/packets/chat_packet_162.json,808,1987-11-16-right-copia-parcial-de-una-carta-ya-hi,Copia parcial de una carta ya histórica,candil,1987-11,es,article,3555,head_tail_windows,1,CRIT_03,4
chat_packet_162,chat_annotation_packets_candil/packets/chat_packet_162.md,chat_annotation_packets_candil/packets/chat_packet_162.json,809,1987-11-18-right-aunque-no-quepa-en-el-papel-leta,Aunque no quepa en el papel. Letanías,candil,1987-11,es,article,4100,full,0,,5
chat_packet_163,chat_annotation_packets_candil/packets/chat_packet_163.md,chat_annotation_packets_candil/packets/chat_packet_163.json,810,1987-11-19-left-i-encuentro-de-cr-ticos-de-flame,Primer encuentro de críticos de flamenco,candil,1987-11,es,article,2547,full,0,,1
chat_packet_163,chat_annotation_packets_candil/packets/chat_packet_163.md,chat_annotation_packets_candil/packets/chat_packet_163.json,811,1987-11-19-right-loor-a-fosforito,Loor a Fosforito,candil,1987-11,es,article,3898,full,0,,2
chat_packet_163,chat_annotation_packets_candil/packets/chat_packet_163.md,chat_annotation_packets_candil/packets/chat_packet_163.json,812,1987-11-20-left-cantaores-conocidos-compa-eros-y,"Cantaores conocidos, compañeros y amigos: Emilio Abadía. Tomás Pavón",candil,1987-11,es,article,3446,head_tail_windows,1,CRIT_01,3
chat_packet_163,chat_annotation_packets_candil/packets/chat_packet_163.md,chat_annotation_packets_candil/packets/chat_packet_163.json,813,1987-11-21-right-iscografia-flamenca,Discografía flamenca,candil,1987-11,es,article,3086,head_tail_windows,1,CRIT_02,4
chat_packet_163,chat_annotation_packets_candil/packets/chat_packet_163.md,chat_annotation_packets_candil/packets/chat_packet_163.json,814,1987-11-22-right-noticiario-flamenco,Noticiario flamenco,candil,1987-11,es,news_roundup,3950,full,0,,5
chat_packet_164,chat_annotation_packets_candil/packets/chat_packet_164.md,chat_annotation_packets_candil/packets/chat_packet_164.json,815,1987-11-23-right-ablan-las-pe-as,Hablan las Peñas,candil,1987-11,es,article,3445,full,0,,1
chat_packet_164,chat_annotation_packets_candil/packets/chat_packet_164.md,chat_annotation_packets_candil/packets/chat_packet_164.json,816,1987-11-24-left-flamenca-placas,Discografía flamenca (Placas),candil,1987-11,es,article,48,full,0,,2
chat_packet_164,chat_annotation_packets_candil/packets/chat_packet_164.md,chat_annotation_packets_candil/packets/chat_packet_164.json,817,1988-01-4-right-editorial,Editorial,candil,1988-01,es,editorial,748,full,0,,3
chat_packet_164,chat_annotation_packets_candil/packets/chat_packet_164.md,chat_annotation_packets_candil/packets/chat_packet_164.json,818,1988-01-4-right-cumplimos-diez-a-os,Cumplimos diez años,candil,1988-01,es,article,2542,full,0,,4
chat_packet_164,chat_annotation_packets_candil/packets/chat_packet_164.md,chat_annotation_packets_candil/packets/chat_packet_164.json,819,1988-01-5-left-poema-en-puente-genil,Poema: En Puente Genil,candil,1988-01,es,article,1390,full,0,,5
chat_packet_165,chat_annotation_packets_candil/packets/chat_packet_165.md,chat_annotation_packets_candil/packets/chat_packet_165.json,820,1988-01-5-right-del-canto-al-cante-xv-congreso-n,Del canto al cante: XV Congreso Nacional de Actividades Flamencas,candil,1988-01,es,article,3503,head_tail_windows,1,CRIT_04,1
chat_packet_165,chat_annotation_packets_candil/packets/chat_packet_165.md,chat_annotation_packets_candil/packets/chat_packet_165.json,821,1988-01-11-left-rafael-belmonte-en-el-cante,Rafael Belmonte en el cante,candil,1988-01,es,article,4279,full,0,,2
chat_packet_165,chat_annotation_packets_candil/packets/chat_packet_165.md,chat_annotation_packets_candil/packets/chat_packet_165.json,822,1988-01-11-right-cadalso-y-don-preciso-dos-activi,Cadalso y Don Preciso: Dos actividades neocláricas ante lo popular andaluz,candil,1988-01,es,article,5893,head_tail_windows,2,"CRIT_01, PED_02",3
chat_packet_165,chat_annotation_packets_candil/packets/chat_packet_165.md,chat_annotation_packets_candil/packets/chat_packet_165.json,823,1988-01-13-right-pepe-marchena,Pepe Marchena,candil,1988-01,es,article,4336,head_tail_windows,1,COMM_02,4
chat_packet_165,chat_annotation_packets_candil/packets/chat_packet_165.md,chat_annotation_packets_candil/packets/chat_packet_165.json,824,1988-01-15-right-carta-a-mi-amigo-onofre-los-fand,Carta a mi amigo Onofre: Los fandangos de Huelva,candil,1988-01,es,article,3686,head_tail_windows,1,CRIT_01,5
chat_packet_166,chat_annotation_packets_candil/packets/chat_packet_166.md,chat_annotation_packets_candil/packets/chat_packet_166.json,825,1988-01-16-right-las-cabales-de-plata,Las Cabales de Plata,candil,1988-01,es,article,4169,full,0,,1
chat_packet_166,chat_annotation_packets_candil/packets/chat_packet_166.md,chat_annotation_packets_candil/packets/chat_packet_166.json,826,1988-01-17-left-aunque-no-quepa-en-el-papel,Aunque no quepa en el papel,candil,1988-01,es,article,2888,full,0,,2
chat_packet_166,chat_annotation_packets_candil/packets/chat_packet_166.md,chat_annotation_packets_candil/packets/chat_packet_166.json,827,1988-01-17-right-el-ballet-pre-flamenco,El ballet pre-flamenco,candil,1988-01,es,article,3167,head_tail_windows,1,COMM_03,3
chat_packet_166,chat_annotation_packets_candil/packets/chat_packet_166.md,chat_annotation_packets_candil/packets/chat_packet_166.json,828,1988-01-18-right-el-romance-en-el-cancionero-infa,El romance en el cancionero infantil,candil,1988-01,es,article,2806,head_tail_windows,1,HERIT_02,4
chat_packet_166,chat_annotation_packets_candil/packets/chat_packet_166.md,chat_annotation_packets_candil/packets/chat_packet_166.json,829,1988-01-21-left-discograf-a-flamenca,Discografía flamenca,candil,1988-01,es,article,4121,full,0,,5
chat_packet_167,chat_annotation_packets_candil/packets/chat_packet_167.md,chat_annotation_packets_candil/packets/chat_packet_167.json,830,1988-01-21-right-profesionales-de-la-informaci-n-,Profesionales de la información y crítica flamenca,candil,1988-01,es,article,4224,head_tail_windows,2,"CRIT_03, HERIT_03",1
chat_packet_167,chat_annotation_packets_candil/packets/chat_packet_167.md,chat_annotation_packets_candil/packets/chat_packet_167.json,831,1988-01-23-left-podio-y-picota,Podio y Picota,candil,1988-01,es,article,5229,full,0,,2
chat_packet_167,chat_annotation_packets_candil/packets/chat_packet_167.md,chat_annotation_packets_candil/packets/chat_packet_167.json,832,1988-01-23-right-buz-n-y-noticiario-flamenco,Buzón y noticiario flamenco,candil,1988-01,es,article,3572,head_tail_windows,2,"HERIT_03, PED_03",3
chat_packet_167,chat_annotation_packets_candil/packets/chat_packet_167.md,chat_annotation_packets_candil/packets/chat_packet_167.json,833,1988-01-24-right-hablan-los-poetas,Hablan los poetas,candil,1988-01,es,article,2757,head_tail_windows,1,CRIT_02,4
chat_packet_167,chat_annotation_packets_candil/packets/chat_packet_167.md,chat_annotation_packets_candil/packets/chat_packet_167.json,834,1988-01-26-left-discograf-a-flamenca-placas,Discografía flamenca (Placas),candil,1988-01,es,article,191,full,0,,5
chat_packet_168,chat_annotation_packets_candil/packets/chat_packet_168.md,chat_annotation_packets_candil/packets/chat_packet_168.json,835,1988-03-4-right-editorial,Editorial,candil,1988-03,es,editorial,4752,full,0,,1
chat_packet_168,chat_annotation_packets_candil/packets/chat_packet_168.md,chat_annotation_packets_candil/packets/chat_packet_168.json,836,1988-03-5-right-la-religiosidad-en-el-cante-flam,La religiosidad en el cante flamenco. Ponencia,candil,1988-03,es,article,4242,head_tail_windows,1,COMM_03,2
chat_packet_168,chat_annotation_packets_candil/packets/chat_packet_168.md,chat_annotation_packets_candil/packets/chat_packet_168.json,837,1988-03-8-right-lo-dijo-don-ram-n-montoya-y-tamb,Lo dijo Don Ramón Montoya y también lo dije yo,candil,1988-03,es,article,4485,head_tail_windows,1,CRIT_03,3
chat_packet_168,chat_annotation_packets_candil/packets/chat_packet_168.md,chat_annotation_packets_candil/packets/chat_packet_168.json,838,1988-03-10-right-antonio-pi-ana-como-se-a-de-iden,Antonio Piñana como seña de identidad,candil,1988-03,es,article,4744,full,0,,4
chat_packet_168,chat_annotation_packets_candil/packets/chat_packet_168.md,chat_annotation_packets_candil/packets/chat_packet_168.json,839,1988-03-11-left-letras-flamencas,Letras flamencas,candil,1988-03,es,article,1542,full,0,,5
chat_packet_169,chat_annotation_packets_candil/packets/chat_packet_169.md,chat_annotation_packets_candil/packets/chat_packet_169.json,840,1988-03-11-right-flamenco-en-valencia,Flamenco en Valencia,candil,1988-03,es,article,3384,full,0,,1
chat_packet_169,chat_annotation_packets_candil/packets/chat_packet_169.md,chat_annotation_packets_candil/packets/chat_packet_169.json,841,1988-03-12-left-la-prosa-de-fosforito,La prosa de Fosforito,candil,1988-03,es,article,2049,full,0,,2
chat_packet_169,chat_annotation_packets_candil/packets/chat_packet_169.md,chat_annotation_packets_candil/packets/chat_packet_169.json,842,1988-03-12-right-madrid-flamenco,Madrid Flamenco,candil,1988-03,es,article,2766,head_tail_windows,1,CRIT_03,3
chat_packet_169,chat_annotation_packets_candil/packets/chat_packet_169.md,chat_annotation_packets_candil/packets/chat_packet_169.json,843,1988-03-13-right-antonio-el-rociero,Antonio «El Rociero»,candil,1988-03,es,article,3892,head_tail_windows,1,PED_02,4
chat_packet_169,chat_annotation_packets_candil/packets/chat_packet_169.md,chat_annotation_packets_candil/packets/chat_packet_169.json,844,1988-03-16-left-en-recuerdo-de-navarro,En recuerdo de Navarro,candil,1988-03,es,article,4601,full,0,,5
chat_packet_170,chat_annotation_packets_candil/packets/chat_packet_170.md,chat_annotation_packets_candil/packets/chat_packet_170.json,845,1988-03-16-right-cuando-el-cantaor-hace-cante-de-,Cuando el cantaor hace cante de la canción,candil,1988-03,es,article,2777,head_tail_windows,1,PED_03,1
chat_packet_170,chat_annotation_packets_candil/packets/chat_packet_170.md,chat_annotation_packets_candil/packets/chat_packet_170.json,846,1988-03-17-right-entrega-del-i-premio-de-periodis,Entrega del «I Premio de Periodismo Antonio Mairena» a Manuel Martín Martín,candil,1988-03,es,article,4670,full,0,,2
chat_packet_170,chat_annotation_packets_candil/packets/chat_packet_170.md,chat_annotation_packets_candil/packets/chat_packet_170.json,847,1988-03-18-right-yerga-se-defiende,Yerga se defiende,candil,1988-03,es,article,2951,head_tail_windows,1,HERIT_03,3
chat_packet_170,chat_annotation_packets_candil/packets/chat_packet_170.md,chat_annotation_packets_candil/packets/chat_packet_170.json,848,1988-03-19-right-discograf-a-flamenca,Discografía flamenca,candil,1988-03,es,article,2969,head_tail_windows,1,PED_03,4
chat_packet_170,chat_annotation_packets_candil/packets/chat_packet_170.md,chat_annotation_packets_candil/packets/chat_packet_170.json,849,1988-03-20-right-la-fundaci-n-andaluzas-de-flamen,"La Fundación Andaluzas de Flamenco, informa",candil,1988-03,es,article,2718,head_tail_windows,1,AUTH_03,5
chat_packet_171,chat_annotation_packets_candil/packets/chat_packet_171.md,chat_annotation_packets_candil/packets/chat_packet_171.json,850,1988-03-23-left-hablan-las-pe-as,Hablan las Peñas,candil,1988-03,es,article,3090,head_tail_windows,1,COMM_02,1
chat_packet_171,chat_annotation_packets_candil/packets/chat_packet_171.md,chat_annotation_packets_candil/packets/chat_packet_171.json,851,1988-03-24-left-discograf-a-flamenca-placas,Discografía flamenca (Placas),candil,1988-03,es,article,17,full,0,,2
chat_packet_171,chat_annotation_packets_candil/packets/chat_packet_171.md,chat_annotation_packets_candil/packets/chat_packet_171.json,852,1988-05-3-right-editorial,Editorial,candil,1988-05,es,editorial,2987,full,0,,3
chat_packet_171,chat_annotation_packets_candil/packets/chat_packet_171.md,chat_annotation_packets_candil/packets/chat_packet_171.json,853,1988-05-4-right-la-uni-n-catedral-del-cante-mine,"La Unión, Catedral del Cante Minero",candil,1988-05,es,article,2988,head_tail_windows,1,CRIT_03,4
chat_packet_171,chat_annotation_packets_candil/packets/chat_packet_171.md,chat_annotation_packets_candil/packets/chat_packet_171.json,854,1988-05-7-right-g-nesis-garc-a,Génesis García,candil,1988-05,es,article,3705,full,0,,5
chat_packet_172,chat_annotation_packets_candil/packets/chat_packet_172.md,chat_annotation_packets_candil/packets/chat_packet_172.json,855,1988-05-8-left-el-desgarro-minero-de-encarnaci-,El desgarro minero de Encarnación Fernández,candil,1988-05,es,article,3247,full,0,,1
chat_packet_172,chat_annotation_packets_candil/packets/chat_packet_172.md,chat_annotation_packets_candil/packets/chat_packet_172.json,856,1988-05-9-left-bases-para-los-distintos-concurs,Bases para los distintos concursos de La Unión,candil,1988-05,es,article,2803,full,0,,2
chat_packet_172,chat_annotation_packets_candil/packets/chat_packet_172.md,chat_annotation_packets_candil/packets/chat_packet_172.json,857,1988-05-9-right-mart-n-el-de-la-paula-en-alcal-d,«Martín el de la Paula en Alcalá de los Panaderos»: una novela de Eugenio Noel sobre Joaquín el de la Paula,candil,1988-05,es,article,4097,head_tail_windows,1,CRIT_03,3
chat_packet_172,chat_annotation_packets_candil/packets/chat_packet_172.md,chat_annotation_packets_candil/packets/chat_packet_172.json,858,1988-05-11-right-del-capote-de-la-independencia-a,Del capote de la independencia al Tío de la Paula,candil,1988-05,es,article,4007,head_tail_windows,1,HERIT_03,4
chat_packet_172,chat_annotation_packets_candil/packets/chat_packet_172.md,chat_annotation_packets_candil/packets/chat_packet_172.json,859,1988-05-12-right-aunque-no-quepa-en-el-papel,Aunque no quepa en el papel,candil,1988-05,es,article,3614,head_tail_windows,2,"PED_01, CRIT_04",5
chat_packet_173,chat_annotation_packets_candil/packets/chat_packet_173.md,chat_annotation_packets_candil/packets/chat_packet_173.json,860,1988-05-17-left-la-universidad-de-c-diz-celebr-s,La Universidad de Cádiz celebró su «IV Fiesta Flamenca»,candil,1988-05,es,article,2627,head_tail_windows,1,COMM_03,1
chat_packet_173,chat_annotation_packets_candil/packets/chat_packet_173.md,chat_annotation_packets_candil/packets/chat_packet_173.json,861,1988-05-18-left-la-an-cdota,La anécdota,candil,1988-05,es,article,3769,full,0,,2
chat_packet_173,chat_annotation_packets_candil/packets/chat_packet_173.md,chat_annotation_packets_candil/packets/chat_packet_173.json,862,1988-05-18-right-el-flamenco-a-la-escuela,El Flamenco a la escuela,candil,1988-05,es,article,4877,full,0,,3
chat_packet_173,chat_annotation_packets_candil/packets/chat_packet_173.md,chat_annotation_packets_candil/packets/chat_packet_173.json,863,1988-05-19-right-la-fundaci-n-andaluza-de-flamenc,La Fundación Andaluza de Flamenco informa,candil,1988-05,es,article,3798,full,0,,4
chat_packet_173,chat_annotation_packets_candil/packets/chat_packet_173.md,chat_annotation_packets_candil/packets/chat_packet_173.json,864,1988-05-21-right-festivales-flamencos,Festivales flamencos,candil,1988-05,es,article,34,full,0,,5
chat_packet_174,chat_annotation_packets_candil/packets/chat_packet_174.md,chat_annotation_packets_candil/packets/chat_packet_174.json,865,1988-05-24-right-noticiario-y-buz-n-flamenco,Noticiario y buzón flamenco,candil,1988-05,es,article,3031,head_tail_windows,1,HERIT_02,1
chat_packet_174,chat_annotation_packets_candil/packets/chat_packet_174.md,chat_annotation_packets_candil/packets/chat_packet_174.json,866,1988-05-26-left-discograf-a-flamenca-placas,Discografía flamenca (placas),candil,1988-05,es,article,31,full,0,,2
chat_packet_174,chat_annotation_packets_candil/packets/chat_packet_174.md,chat_annotation_packets_candil/packets/chat_packet_174.json,867,1988-07-3-right-editorial,Editorial,candil,1988-07,es,editorial,2499,full,0,,3
chat_packet_174,chat_annotation_packets_candil/packets/chat_packet_174.md,chat_annotation_packets_candil/packets/chat_packet_174.json,868,1988-07-4-right-el-xxviii-festival-nacional-del-,El XXVIII Festival Nacional del Cante de las Minas pasará a la historia,candil,1988-07,es,article,3948,head_tail_windows,1,COMM_03,4
chat_packet_174,chat_annotation_packets_candil/packets/chat_packet_174.md,chat_annotation_packets_candil/packets/chat_packet_174.json,869,1988-07-7-right-conferencia-internacional-dos-si,Conferencia internacional: «Dos siglos de flamenco»,candil,1988-07,es,article,3517,head_tail_windows,1,COMM_04,5
chat_packet_175,chat_annotation_packets_candil/packets/chat_packet_175.md,chat_annotation_packets_candil/packets/chat_packet_175.json,870,1988-07-11-left-viejo-carn-flamenco-aurelio-de-c,Viejo carné flamenco. Aurelio de Cádiz,candil,1988-07,es,article,2811,head_tail_windows,1,PED_01,1
chat_packet_175,chat_annotation_packets_candil/packets/chat_packet_175.md,chat_annotation_packets_candil/packets/chat_packet_175.json,871,1988-07-13-left-poemas,Poemas,candil,1988-07,es,article,1636,full,0,,2
chat_packet_175,chat_annotation_packets_candil/packets/chat_packet_175.md,chat_annotation_packets_candil/packets/chat_packet_175.json,872,1988-07-13-right-ellos-los-protagonistas-dicen-la,"Ellos, los protagonistas, dicen: La niña de la Puebla",candil,1988-07,es,article,4357,head_tail_windows,2,"COMM_04, PED_02",3
chat_packet_175,chat_annotation_packets_candil/packets/chat_packet_175.md,chat_annotation_packets_candil/packets/chat_packet_175.json,873,1988-07-15-right-madrid-flamenco,Madrid Flamenco,candil,1988-07,es,article,2774,head_tail_windows,1,CRIT_01,4
chat_packet_175,chat_annotation_packets_candil/packets/chat_packet_175.md,chat_annotation_packets_candil/packets/chat_packet_175.json,874,1988-07-17-left-voces-del-futuro,Voces del futuro,candil,1988-07,es,article,2136,full,0,,5
chat_packet_176,chat_annotation_packets_candil/packets/chat_packet_176.md,chat_annotation_packets_candil/packets/chat_packet_176.json,875,1988-07-17-right-las-grabaciones-de-manolo-de-hue,Las grabaciones de Manolo de Huelva,candil,1988-07,es,article,4028,head_tail_windows,1,CRIT_04,1
chat_packet_176,chat_annotation_packets_candil/packets/chat_packet_176.md,chat_annotation_packets_candil/packets/chat_packet_176.json,876,1988-07-18-right-carta-abierta-al-amigo-arrebola,Carta abierta: Al amigo Arrebola,candil,1988-07,es,article,1848,full,0,,2
chat_packet_176,chat_annotation_packets_candil/packets/chat_packet_176.md,chat_annotation_packets_candil/packets/chat_packet_176.json,877,1988-07-19-left-discograf-a-flamenca,Discografía Flamenca,candil,1988-07,es,article,4067,head_tail_windows,1,PED_02,3
chat_packet_176,chat_annotation_packets_candil/packets/chat_packet_176.md,chat_annotation_packets_candil/packets/chat_packet_176.json,878,1988-07-20-left-hablan-las-pe-as,Hablan las Peñas,candil,1988-07,es,article,3325,full,0,,4
chat_packet_176,chat_annotation_packets_candil/packets/chat_packet_176.md,chat_annotation_packets_candil/packets/chat_packet_176.json,879,1988-07-20-right-noticiario-flamenco,Noticiario Flamenco,candil,1988-07,es,article,2893,head_tail_windows,1,AUTH_03,5
chat_packet_177,chat_annotation_packets_candil/packets/chat_packet_177.md,chat_annotation_packets_candil/packets/chat_packet_177.json,880,1988-07-21-right-buz-n-flamenco,Buzón Flamenco,candil,1988-07,es,article,3033,head_tail_windows,1,HERIT_03,1
chat_packet_177,chat_annotation_packets_candil/packets/chat_packet_177.md,chat_annotation_packets_candil/packets/chat_packet_177.json,881,1988-09-3-right-editorial,Editorial,candil,1988-09,es,editorial,3215,full,0,,2
chat_packet_177,chat_annotation_packets_candil/packets/chat_packet_177.md,chat_annotation_packets_candil/packets/chat_packet_177.json,882,1988-09-3-right-xvi-congreso-nacional-de-activid,XVI Congreso Nacional de Actividades Flamencas,candil,1988-09,es,article,3760,head_tail_windows,1,COMM_02,3
chat_packet_177,chat_annotation_packets_candil/packets/chat_packet_177.md,chat_annotation_packets_candil/packets/chat_packet_177.json,883,1988-09-8-right-el-flamenco-en-la-pintura,El Flamenco en la Pintura,candil,1988-09,es,article,4843,head_tail_windows,2,"CRIT_01, COMM_01",4
chat_packet_177,chat_annotation_packets_candil/packets/chat_packet_177.md,chat_annotation_packets_candil/packets/chat_packet_177.json,884,1988-09-10-right-temas-flamencos,Temas Flamencos,candil,1988-09,es,article,5302,full,0,,5
chat_packet_178,chat_annotation_packets_candil/packets/chat_packet_178.md,chat_annotation_packets_candil/packets/chat_packet_178.json,885,1988-09-11-right-la-historia-se-repite,La Historia se repite,candil,1988-09,es,article,3697,head_tail_windows,1,COMM_03,1
chat_packet_178,chat_annotation_packets_candil/packets/chat_packet_178.md,chat_annotation_packets_candil/packets/chat_packet_178.json,886,1988-09-12-right-ellos-los-protagonistas-dicen,"Ellos, los protagonistas, dicen",candil,1988-09,es,article,2871,head_tail_windows,1,CRIT_04,2
chat_packet_178,chat_annotation_packets_candil/packets/chat_packet_178.md,chat_annotation_packets_candil/packets/chat_packet_178.json,887,1988-09-14-right-es-el-camino,Es el camino,candil,1988-09,es,article,4780,full,0,,3
chat_packet_178,chat_annotation_packets_candil/packets/chat_packet_178.md,chat_annotation_packets_candil/packets/chat_packet_178.json,888,1988-09-15-right-utrera-y-su-comp-s,Utrera y su compás,candil,1988-09,es,article,4788,full,0,,4
chat_packet_178,chat_annotation_packets_candil/packets/chat_packet_178.md,chat_annotation_packets_candil/packets/chat_packet_178.json,889,1988-09-16-right-triana-y-sevilla-en-la-andaluc-a,Triana y Sevilla en la Andalucía del cante,candil,1988-09,es,article,3695,head_tail_windows,2,"CRIT_02, HERIT_03",5
chat_packet_179,chat_annotation_packets_candil/packets/chat_packet_179.md,chat_annotation_packets_candil/packets/chat_packet_179.json,890,1988-09-18-right-del-alma-de-andaluc-a,Del alma de Andalucía,candil,1988-09,es,article,694,full,0,,1
chat_packet_179,chat_annotation_packets_candil/packets/chat_packet_179.md,chat_annotation_packets_candil/packets/chat_packet_179.json,891,1988-09-19-left-tiempo-igual-a-evoluci-n,Tiempo igual a evolución,candil,1988-09,es,article,4775,full,0,,2
chat_packet_179,chat_annotation_packets_candil/packets/chat_packet_179.md,chat_annotation_packets_candil/packets/chat_packet_179.json,892,1988-09-19-right-sobre-la-nana,Sobre la Nana,candil,1988-09,es,article,3891,head_tail_windows,1,PED_01,3
chat_packet_179,chat_annotation_packets_candil/packets/chat_packet_179.md,chat_annotation_packets_candil/packets/chat_packet_179.json,893,1988-09-21-left-voces-del-futuro-juan-de-la-male,Voces del futuro: Juan de la Malena,candil,1988-09,es,article,5464,full,0,,4
chat_packet_179,chat_annotation_packets_candil/packets/chat_packet_179.md,chat_annotation_packets_candil/packets/chat_packet_179.json,894,1988-09-22-left-podio-y-picota,Podio y Picota,candil,1988-09,es,article,2766,head_tail_windows,1,PED_01,5
chat_packet_180,chat_annotation_packets_candil/packets/chat_packet_180.md,chat_annotation_packets_candil/packets/chat_packet_180.json,895,1988-09-23-left-hablan-las-pe-as,Hablan las Peñas,candil,1988-09,es,article,4171,full,0,,1
chat_packet_180,chat_annotation_packets_candil/packets/chat_packet_180.md,chat_annotation_packets_candil/packets/chat_packet_180.json,896,1988-09-23-right-noticiario-flamenco,Noticiario Flamenco,candil,1988-09,es,article,3792,head_tail_windows,1,COMM_01,2
chat_packet_180,chat_annotation_packets_candil/packets/chat_packet_180.md,chat_annotation_packets_candil/packets/chat_packet_180.json,897,1988-09-24-right-discograf-a-flamenca-placas,Discografía Flamenca (Placas),candil,1988-09,es,article,17,full,0,,3
chat_packet_180,chat_annotation_packets_candil/packets/chat_packet_180.md,chat_annotation_packets_candil/packets/chat_packet_180.json,898,1988-11-4-left-a-juan-breva-una-voz-con-seis-cu,A Juan Breva (Una voz con seis cuerdas),candil,1988-11,es,article,933,full,0,,4
chat_packet_180,chat_annotation_packets_candil/packets/chat_packet_180.md,chat_annotation_packets_candil/packets/chat_packet_180.json,899,1988-11-4-right-el-flamenco-en-la-prensa,El Flamenco en la Prensa,candil,1988-11,es,article,3717,head_tail_windows,1,CRIT_01,5
chat_packet_181,chat_annotation_packets_candil/packets/chat_packet_181.md,chat_annotation_packets_candil/packets/chat_packet_181.json,900,1988-11-7-left-el-flamenco-entendimiento-o-sent,"El Flamenco, ¿entendimiento o sentimiento?",candil,1988-11,es,article,3223,head_tail_windows,1,COMM_02,1
chat_packet_181,chat_annotation_packets_candil/packets/chat_packet_181.md,chat_annotation_packets_candil/packets/chat_packet_181.json,901,1988-11-9-right-exposici-n-de-antonio-povedano,Exposición de Antonio Povedano,candil,1988-11,es,article,3948,full,0,,2
chat_packet_181,chat_annotation_packets_candil/packets/chat_packet_181.md,chat_annotation_packets_candil/packets/chat_packet_181.json,902,1988-11-10-right-un-apunte-m-s-para-la-peque-a-hi,Un apunte más para la pequeña historia,candil,1988-11,es,article,4207,full,0,,3
chat_packet_181,chat_annotation_packets_candil/packets/chat_packet_181.md,chat_annotation_packets_candil/packets/chat_packet_181.json,903,1988-11-11-right-xvi-congreso-nacional-de-activid,XVI Congreso Nacional de Actividades Flamencas,candil,1988-11,es,article,4733,head_tail_windows,1,COMM_01,4
chat_packet_181,chat_annotation_packets_candil/packets/chat_packet_181.md,chat_annotation_packets_candil/packets/chat_packet_181.json,904,1988-11-14-right-carta-abierta-a-pedro-s-nchez-or,Carta abierta a Pedro Sánchez Ortega,candil,1988-11,es,article,3633,full,0,,5
chat_packet_182,chat_annotation_packets_candil/packets/chat_packet_182.md,chat_annotation_packets_candil/packets/chat_packet_182.json,905,1988-11-15-left-viejo-carn-flamenco,Viejo carné flamenco,candil,1988-11,es,article,2829,head_tail_windows,1,CRIT_03,1
chat_packet_182,chat_annotation_packets_candil/packets/chat_packet_182.md,chat_annotation_packets_candil/packets/chat_packet_182.json,906,1988-11-18-left-cantaor-el-mochuelo,Cantaor «El Mochuelo»,candil,1988-11,es,article,3001,full,0,,2
chat_packet_182,chat_annotation_packets_candil/packets/chat_packet_182.md,chat_annotation_packets_candil/packets/chat_packet_182.json,907,1988-11-18-right-aunque-no-quepa-en-el-papel,Aunque no quepa en el papel,candil,1988-11,es,article,5337,full,0,,3
chat_packet_182,chat_annotation_packets_candil/packets/chat_packet_182.md,chat_annotation_packets_candil/packets/chat_packet_182.json,908,1988-11-19-right-las-alas-del-coraz-n,Las alas del corazón,candil,1988-11,es,article,4099,full,0,,4
chat_packet_182,chat_annotation_packets_candil/packets/chat_packet_182.md,chat_annotation_packets_candil/packets/chat_packet_182.json,909,1988-11-20-right-pilar-l-pez,Pilar López,candil,1988-11,es,article,4227,head_tail_windows,1,CRIT_03,5
chat_packet_183,chat_annotation_packets_candil/packets/chat_packet_183.md,chat_annotation_packets_candil/packets/chat_packet_183.json,910,1988-11-21-right-desaparece-el-aula-de-flamencolo,¿Desaparece el Aula de Flamencología de la Universidad de Málaga?,candil,1988-11,es,article,2941,head_tail_windows,1,AUTH_01,1
chat_packet_183,chat_annotation_packets_candil/packets/chat_packet_183.md,chat_annotation_packets_candil/packets/chat_packet_183.json,911,1988-11-22-right-jaima-cultural-andaluza-en-catar,Jaima cultural andaluza en Catarroja,candil,1988-11,es,article,5270,head_tail_windows,2,"COMM_02, PED_02",2
chat_packet_183,chat_annotation_packets_candil/packets/chat_packet_183.md,chat_annotation_packets_candil/packets/chat_packet_183.json,912,1988-11-24-right-discograf-a-flamenca-placas,Discografía Flamenca (Placas),candil,1988-11,es,article,35,full,0,,3
chat_packet_183,chat_annotation_packets_candil/packets/chat_packet_183.md,chat_annotation_packets_candil/packets/chat_packet_183.json,913,1989-01-3-right-candil-a-o-12-doce,Candil Año 12 Doce,candil,1989-01,es,article,2033,full,0,,4
chat_packet_183,chat_annotation_packets_candil/packets/chat_packet_183.md,chat_annotation_packets_candil/packets/chat_packet_183.json,914,1989-01-4-left-reflexiones-sobre-la-etapa-de-re,Reflexiones sobre la Etapa de Revalorización del Arte Flamenco,candil,1989-01,es,article,4015,head_tail_windows,1,PED_02,5
chat_packet_184,chat_annotation_packets_candil/packets/chat_packet_184.md,chat_annotation_packets_candil/packets/chat_packet_184.json,915,1989-01-7-right-el-carbonero-un-fandanguero-exce,"El Carbonero, un fandanguero excepcional",candil,1989-01,es,essay_opinion,2384,full,0,,1
chat_packet_184,chat_annotation_packets_candil/packets/chat_packet_184.md,chat_annotation_packets_candil/packets/chat_packet_184.json,916,1989-01-8-right-aurelio-sell-nondedeu,Aurelio Sellé Nondedeu de Cádiz,candil,1989-01,es,article,4500,head_tail_windows,3,"CRIT_03, HERIT_03, CRIT_02",2
chat_packet_184,chat_annotation_packets_candil/packets/chat_packet_184.md,chat_annotation_packets_candil/packets/chat_packet_184.json,917,1989-01-13-left-por-entre-los-cantes-de-levante-,Por entre los cantes de Levante y Antonio Piñana,candil,1989-01,es,article,3805,head_tail_windows,2,"HERIT_02, PED_03",3
chat_packet_184,chat_annotation_packets_candil/packets/chat_packet_184.md,chat_annotation_packets_candil/packets/chat_packet_184.json,918,1989-01-14-left-una-voz-con-alma-daniela-pineda,Una voz con alma,candil,1989-01,es,article,696,full,0,,4
chat_packet_184,chat_annotation_packets_candil/packets/chat_packet_184.md,chat_annotation_packets_candil/packets/chat_packet_184.json,919,1989-01-14-right-cinco-a-os-de-la-desaparici-n-de,Cinco años de la desaparición del Maestro,candil,1989-01,es,article,2943,full,0,,5
chat_packet_185,chat_annotation_packets_candil/packets/chat_packet_185.md,chat_annotation_packets_candil/packets/chat_packet_185.json,920,1989-01-15-left-sole-entre-los-rboles,Soleá entre los árboles,candil,1989-01,es,article,1874,full,0,,1
chat_packet_185,chat_annotation_packets_candil/packets/chat_packet_185.md,chat_annotation_packets_candil/packets/chat_packet_185.json,921,1989-01-16-left-flamenco-y-musicolog-a,Flamenco y Musicología,candil,1989-01,es,article,3573,head_tail_windows,1,CRIT_02,2
chat_packet_185,chat_annotation_packets_candil/packets/chat_packet_185.md,chat_annotation_packets_candil/packets/chat_packet_185.json,922,1989-01-19-left-la-m-sica-andalus,La Música Andalusí,candil,1989-01,es,article,2236,full,0,,3
chat_packet_185,chat_annotation_packets_candil/packets/chat_packet_185.md,chat_annotation_packets_candil/packets/chat_packet_185.json,923,1989-01-19-right-en-torno-a-pilar-l-pez-jos-n-ez-,"En torno a Pilar López, José Núñez de Castro",candil,1989-01,es,article,4886,full,0,,4
chat_packet_185,chat_annotation_packets_candil/packets/chat_packet_185.md,chat_annotation_packets_candil/packets/chat_packet_185.json,924,1989-01-22-left-ii-acto-de-presentaci-n-de-publi,II Acto de presentación de publicaciones de la Universidad de Cádiz J. A. Pérez,candil,1989-01,es,article,2703,head_tail_windows,1,COMM_03,5
chat_packet_186,chat_annotation_packets_candil/packets/chat_packet_186.md,chat_annotation_packets_candil/packets/chat_packet_186.json,925,1989-01-23-left-noticiario-flamenco,Noticiario flamenco,candil,1989-01,es,news_roundup,3008,head_tail_windows,1,COMM_02,1
chat_packet_186,chat_annotation_packets_candil/packets/chat_packet_186.md,chat_annotation_packets_candil/packets/chat_packet_186.json,926,1989-03-3-right-editorial,Editorial,candil,1989-03,es,article,2878,full,0,,2
chat_packet_186,chat_annotation_packets_candil/packets/chat_packet_186.md,chat_annotation_packets_candil/packets/chat_packet_186.json,927,1989-03-5-right-de-la-discriminaci-n-en-el-cante,De la discriminación en el cante flamenco,candil,1989-03,es,article,3901,head_tail_windows,2,"CRIT_01, HERIT_03",3
chat_packet_186,chat_annotation_packets_candil/packets/chat_packet_186.md,chat_annotation_packets_candil/packets/chat_packet_186.json,928,1989-03-6-left-viejo-carn-flamenco,Viejo carné flamenco,candil,1989-03,es,article,5177,full,0,,4
chat_packet_186,chat_annotation_packets_candil/packets/chat_packet_186.md,chat_annotation_packets_candil/packets/chat_packet_186.json,929,1989-03-8-right-enderezando-entuertos,Enderezando entuertos,candil,1989-03,es,article,3076,full,0,,5
chat_packet_187,chat_annotation_packets_candil/packets/chat_packet_187.md,chat_annotation_packets_candil/packets/chat_packet_187.json,930,1989-03-10-left-ni-o-de-cabra,Niño de Cabra,candil,1989-03,es,article,4555,full,0,,1
chat_packet_187,chat_annotation_packets_candil/packets/chat_packet_187.md,chat_annotation_packets_candil/packets/chat_packet_187.json,931,1989-03-11-left-aurelio-de-c-diz-y-el-mal-gusto,Aurelio de Cádiz y el mal gusto,candil,1989-03,es,article,3385,head_tail_windows,1,CRIT_03,2
chat_packet_187,chat_annotation_packets_candil/packets/chat_packet_187.md,chat_annotation_packets_candil/packets/chat_packet_187.json,932,1989-03-12-left-reflexiones-y-conclusiones-sobre,Reflexiones y conclusiones sobre el último Congreso Nacional de Actividades Flamencas Francisco,candil,1989-03,es,article,3540,head_tail_windows,1,AUTH_03,3
chat_packet_187,chat_annotation_packets_candil/packets/chat_packet_187.md,chat_annotation_packets_candil/packets/chat_packet_187.json,933,1989-03-12-right-sem-foro,Semáforo,candil,1989-03,es,article,3754,head_tail_windows,2,"COMM_02, CRIT_03",4
chat_packet_187,chat_annotation_packets_candil/packets/chat_packet_187.md,chat_annotation_packets_candil/packets/chat_packet_187.json,934,1989-03-13-right-podio-y-picota-ventolera,Podio y Picota/Ventolera,candil,1989-03,es,article,3002,full,0,,5
chat_packet_188,chat_annotation_packets_candil/packets/chat_packet_188.md,chat_annotation_packets_candil/packets/chat_packet_188.json,935,1989-03-14-left-petenera-de-vida-y-bronce,"Petenera, de vida y bronce",candil,1989-03,es,article,789,full,0,,1
chat_packet_188,chat_annotation_packets_candil/packets/chat_packet_188.md,chat_annotation_packets_candil/packets/chat_packet_188.json,936,1989-03-14-right-cante-gitano-andaluz,Cante gitano-andaluz,candil,1989-03,es,article,795,full,0,,2
chat_packet_188,chat_annotation_packets_candil/packets/chat_packet_188.md,chat_annotation_packets_candil/packets/chat_packet_188.json,937,1989-03-15-left-para-el-recuerdo,Una semana para el recuerdo,candil,1989-03,es,article,2558,head_tail_windows,1,CRIT_04,3
chat_packet_188,chat_annotation_packets_candil/packets/chat_packet_188.md,chat_annotation_packets_candil/packets/chat_packet_188.json,938,1989-03-16-right-aunque-no-quepa-en-el-papel,Aunque no quepa en el papel,candil,1989-03,es,article,2734,head_tail_windows,1,COMM_03,4
chat_packet_188,chat_annotation_packets_candil/packets/chat_packet_188.md,chat_annotation_packets_candil/packets/chat_packet_188.json,939,1989-03-17-right-noticiario,Noticiario,candil,1989-03,es,article,4446,head_tail_windows,2,"COMM_02, PED_02",5
chat_packet_189,chat_annotation_packets_candil/packets/chat_packet_189.md,chat_annotation_packets_candil/packets/chat_packet_189.json,940,1989-03-23-left-hablan-las-pe-as,Hablan las peñas,candil,1989-03,es,article,4604,full,0,,1
chat_packet_189,chat_annotation_packets_candil/packets/chat_packet_189.md,chat_annotation_packets_candil/packets/chat_packet_189.json,941,1989-03-24-right-discografia-flamenca,Discografia flamenca,candil,1989-03,es,article,4743,full,0,,2
chat_packet_189,chat_annotation_packets_candil/packets/chat_packet_189.md,chat_annotation_packets_candil/packets/chat_packet_189.json,942,1989-05-3-right-festivales-flamencos,Festivales Flamencos Editorial,candil,1989-05,es,article,3246,full,0,,3
chat_packet_189,chat_annotation_packets_candil/packets/chat_packet_189.md,chat_annotation_packets_candil/packets/chat_packet_189.json,943,1989-05-4-left-desde-el-valle-flamenco-lecci-n-,DESDE EL VALLE FLAMENCO (Lección magistral de una alumna de quince años),candil,1989-05,es,article,2579,head_tail_windows,1,HERIT_03,4
chat_packet_189,chat_annotation_packets_candil/packets/chat_packet_189.md,chat_annotation_packets_candil/packets/chat_packet_189.json,944,1989-05-5-left-viejo-carn-flamenco,Viejo carné flamenco,candil,1989-05,es,article,3068,head_tail_windows,1,AUTH_03,5
chat_packet_190,chat_annotation_packets_candil/packets/chat_packet_190.md,chat_annotation_packets_candil/packets/chat_packet_190.json,945,1989-05-11-left-la-propaganda-flamenca,La propaganda flamenca,candil,1989-05,es,article,3661,head_tail_windows,1,CRIT_03,1
chat_packet_190,chat_annotation_packets_candil/packets/chat_packet_190.md,chat_annotation_packets_candil/packets/chat_packet_190.json,946,1989-05-13-right-la-osada-ignorancia,LA OSADA IGNORANCIA,candil,1989-05,es,article,4785,full,0,,2
chat_packet_190,chat_annotation_packets_candil/packets/chat_packet_190.md,chat_annotation_packets_candil/packets/chat_packet_190.json,947,1989-05-14-left-la-malague-a-es-de-m-laga,La malagueña es de Málaga,candil,1989-05,es,essay_opinion,4011,full,0,,3
chat_packet_190,chat_annotation_packets_candil/packets/chat_packet_190.md,chat_annotation_packets_candil/packets/chat_packet_190.json,948,1989-05-14-right-sentimiento-y-raz-n,Sentimiento y razón,candil,1989-05,es,article,3024,head_tail_windows,1,CRIT_01,4
chat_packet_190,chat_annotation_packets_candil/packets/chat_packet_190.md,chat_annotation_packets_candil/packets/chat_packet_190.json,949,1989-05-16-left-siguiriyas-nombre-de-un-cante-pl,Siguiriyas: nombre de un cante plural,candil,1989-05,es,article,2701,head_tail_windows,1,COMM_01,5
chat_packet_191,chat_annotation_packets_candil/packets/chat_packet_191.md,chat_annotation_packets_candil/packets/chat_packet_191.json,950,1989-05-16-right-silverio-franconetti,Silverio Franconetti,candil,1989-05,es,article,3369,head_tail_windows,1,COMM_04,1
chat_packet_191,chat_annotation_packets_candil/packets/chat_packet_191.md,chat_annotation_packets_candil/packets/chat_packet_191.json,951,1989-05-19-right-a-ana-m-rquez-bailaora-poema,"A Ana Márquez, bailaora Poema",candil,1989-05,es,article,848,full,0,,2
chat_packet_191,chat_annotation_packets_candil/packets/chat_packet_191.md,chat_annotation_packets_candil/packets/chat_packet_191.json,952,1989-05-20-right-madrid-flamenco,Madrid flamenco,candil,1989-05,es,article,3848,full,0,,3
chat_packet_191,chat_annotation_packets_candil/packets/chat_packet_191.md,chat_annotation_packets_candil/packets/chat_packet_191.json,953,1989-05-21-left-homenaje-en-francia-a-una-ex-bai,Homenaje en Francia a una ex-bailaora española,candil,1989-05,es,article,4154,full,0,,4
chat_packet_191,chat_annotation_packets_candil/packets/chat_packet_191.md,chat_annotation_packets_candil/packets/chat_packet_191.json,954,1989-05-21-right-razones-de-una-propuesta,Razones de una propuesta,candil,1989-05,es,article,4319,full,0,,5
chat_packet_192,chat_annotation_packets_candil/packets/chat_packet_192.md,chat_annotation_packets_candil/packets/chat_packet_192.json,955,1989-05-22-left-podio-y-picota-ventolera,Podio y Picota/Ventolera,candil,1989-05,es,article,2745,full,0,,1
chat_packet_192,chat_annotation_packets_candil/packets/chat_packet_192.md,chat_annotation_packets_candil/packets/chat_packet_192.json,956,1989-05-22-right-discografia-flamenca,Discografia flamenca,candil,1989-05,es,article,2495,full,0,,2
chat_packet_192,chat_annotation_packets_candil/packets/chat_packet_192.md,chat_annotation_packets_candil/packets/chat_packet_192.json,957,1989-05-23-right-aunque-no-quepa-en-el-papel,Aunque no quepa en el papel,candil,1989-05,es,article,5108,full,0,,3
chat_packet_192,chat_annotation_packets_candil/packets/chat_packet_192.md,chat_annotation_packets_candil/packets/chat_packet_192.json,958,1989-05-24-right-noticiario-flamenco,Noticiario flamenco,candil,1989-05,es,news_roundup,3270,head_tail_windows,1,CRIT_04,4
chat_packet_192,chat_annotation_packets_candil/packets/chat_packet_192.md,chat_annotation_packets_candil/packets/chat_packet_192.json,959,1989-05-25-right-hablan-las-pe-as,Hablan las peñas,candil,1989-05,es,article,4635,full,0,,5
chat_packet_193,chat_annotation_packets_candil/packets/chat_packet_193.md,chat_annotation_packets_candil/packets/chat_packet_193.json,960,1989-05-26-right-premium-iben-alcazar-premium-cri,Premium IBEN Alcazar Premium CRIVIZA LORREN HECHO!,candil,1989-05,es,article,434,full,0,,1
chat_packet_193,chat_annotation_packets_candil/packets/chat_packet_193.md,chat_annotation_packets_candil/packets/chat_packet_193.json,961,1989-07-3-right-sevillanas-show-editorial,Sevillanas Show Editorial,candil,1989-07,es,article,1206,full,0,,2
chat_packet_193,chat_annotation_packets_candil/packets/chat_packet_193.md,chat_annotation_packets_candil/packets/chat_packet_193.json,962,1989-07-5-right-viejo-carn-flamenco-manolo-carac,Viejo carné flamenco Manolo Caracol,candil,1989-07,es,article,3137,head_tail_windows,1,HERIT_03,3
chat_packet_193,chat_annotation_packets_candil/packets/chat_packet_193.md,chat_annotation_packets_candil/packets/chat_packet_193.json,963,1989-07-8-left-el-tesoro-escondido,El tesoro escondido,candil,1989-07,es,article,3558,full,0,,4
chat_packet_193,chat_annotation_packets_candil/packets/chat_packet_193.md,chat_annotation_packets_candil/packets/chat_packet_193.json,964,1989-07-9-left-juan-friede,Juan Friede,candil,1989-07,es,article,5724,full,0,,5
chat_packet_194,chat_annotation_packets_candil/packets/chat_packet_194.md,chat_annotation_packets_candil/packets/chat_packet_194.json,965,1989-07-9-right-opini-n-sobre-flamenco,Opinión SOBRE FLAMENCO,candil,1989-07,es,essay_opinion,3408,full,0,,1
chat_packet_194,chat_annotation_packets_candil/packets/chat_packet_194.md,chat_annotation_packets_candil/packets/chat_packet_194.json,966,1989-07-10-left-recuerdo-de,Recuerdo de la Salamanca Flamenca,candil,1989-07,es,article,3258,head_tail_windows,1,CRIT_01,2
chat_packet_194,chat_annotation_packets_candil/packets/chat_packet_194.md,chat_annotation_packets_candil/packets/chat_packet_194.json,967,1989-07-11-left-joaqu-n-vargas-soto-el-cojo-de-m,":Joaquín Vargas Soto, «El Cojo de Málaga», creador de los cantes de Pérez de Guzmán? M",candil,1989-07,es,article,3229,head_tail_windows,1,CRIT_03,3
chat_packet_194,chat_annotation_packets_candil/packets/chat_packet_194.md,chat_annotation_packets_candil/packets/chat_packet_194.json,968,1989-07-13-left-la-rubia-se-orita,"«La Rubia», Señorita Santisteban, fue triple M",candil,1989-07,es,article,2431,full,0,,4
chat_packet_194,chat_annotation_packets_candil/packets/chat_packet_194.md,chat_annotation_packets_candil/packets/chat_packet_194.json,969,1989-07-13-right-paquito-de-la-isla,Paquito de la Isla,candil,1989-07,es,article,3350,head_tail_windows,1,COMM_04,5
chat_packet_195,chat_annotation_packets_candil/packets/chat_packet_195.md,chat_annotation_packets_candil/packets/chat_packet_195.json,970,1989-07-15-left-cantaores-de-granada,Cantaores de Granada,candil,1989-07,es,article,3265,head_tail_windows,1,CRIT_02,1
chat_packet_195,chat_annotation_packets_candil/packets/chat_packet_195.md,chat_annotation_packets_candil/packets/chat_packet_195.json,971,1989-07-16-left-curiosidades-flamencas,Curiosidades Flamencas,candil,1989-07,es,article,5162,head_tail_windows,1,CRIT_03,2
chat_packet_195,chat_annotation_packets_candil/packets/chat_packet_195.md,chat_annotation_packets_candil/packets/chat_packet_195.json,972,1989-07-17-left-el-flamenco-en-la-poes-a-y-en-la,El flamenco en la poesía y en la novela,candil,1989-07,es,article,3978,head_tail_windows,2,"COMM_03, AUTH_01",3
chat_packet_195,chat_annotation_packets_candil/packets/chat_packet_195.md,chat_annotation_packets_candil/packets/chat_packet_195.json,973,1989-07-21-left-poema,Poema,candil,1989-07,es,article,2161,full,0,,4
chat_packet_195,chat_annotation_packets_candil/packets/chat_packet_195.md,chat_annotation_packets_candil/packets/chat_packet_195.json,974,1989-07-23-left-festivales-flamencos,Festivales flamencos,candil,1989-07,es,article,73,full,0,,5
chat_packet_196,chat_annotation_packets_candil/packets/chat_packet_196.md,chat_annotation_packets_candil/packets/chat_packet_196.json,975,1989-07-24-left-noticiario-flamenco,Noticiario flamenco,candil,1989-07,es,news_roundup,2625,head_tail_windows,1,COMM_02,1
chat_packet_196,chat_annotation_packets_candil/packets/chat_packet_196.md,chat_annotation_packets_candil/packets/chat_packet_196.json,976,1989-07-25-left-hablan-las-pe-as-amigas,HABLAN LAS PEÑAS AMIGAS ☐ ☐ ☐ ☐ ☐,candil,1989-07,es,article,2634,full,0,,2
chat_packet_196,chat_annotation_packets_candil/packets/chat_packet_196.md,chat_annotation_packets_candil/packets/chat_packet_196.json,977,1989-07-25-right-buz-n,Buzón,candil,1989-07,es,article,5177,full,0,,3
chat_packet_196,chat_annotation_packets_candil/packets/chat_packet_196.md,chat_annotation_packets_candil/packets/chat_packet_196.json,978,1989-07-26-right-iben-alcazar-premium-criviza-spi,IBEN Alcazar Premium CRIVIZA / SPICION HECHO!,candil,1989-07,es,article,433,full,0,,4
chat_packet_196,chat_annotation_packets_candil/packets/chat_packet_196.md,chat_annotation_packets_candil/packets/chat_packet_196.json,979,1989-09-3-right-a-pedro-s-nchez,A Pedro Sánchez Editorial,candil,1989-09,es,article,2236,full,0,,5
chat_packet_197,chat_annotation_packets_candil/packets/chat_packet_197.md,chat_annotation_packets_candil/packets/chat_packet_197.json,980,1989-09-4-left-carta,Carta,candil,1989-09,es,article,3089,full,0,,1
chat_packet_197,chat_annotation_packets_candil/packets/chat_packet_197.md,chat_annotation_packets_candil/packets/chat_packet_197.json,981,1989-09-4-right-miguel-de-linares-y,Viejo carné flamenco,candil,1989-09,es,article,4419,head_tail_windows,2,"COMM_02, PED_01",2
chat_packet_197,chat_annotation_packets_candil/packets/chat_packet_197.md,chat_annotation_packets_candil/packets/chat_packet_197.json,982,1989-09-8-left-el-pr-ximo-monogr-fico-sobre-ans,El próximo monográfico sobre Anselmo González Climent,candil,1989-09,es,article,2955,head_tail_windows,1,PED_01,3
chat_packet_197,chat_annotation_packets_candil/packets/chat_packet_197.md,chat_annotation_packets_candil/packets/chat_packet_197.json,983,1989-09-9-right-manolo-barrios,Manolo Barrios,candil,1989-09,es,article,5917,full,0,,4
chat_packet_197,chat_annotation_packets_candil/packets/chat_packet_197.md,chat_annotation_packets_candil/packets/chat_packet_197.json,984,1989-09-10-right-cantes-nuevos,¿Cantes nuevos?,candil,1989-09,es,article,4331,full,0,,5
chat_packet_198,chat_annotation_packets_candil/packets/chat_packet_198.md,chat_annotation_packets_candil/packets/chat_packet_198.json,985,1989-09-11-right-la-debla,La debla,candil,1989-09,es,article,4046,full,0,,1
chat_packet_198,chat_annotation_packets_candil/packets/chat_packet_198.md,chat_annotation_packets_candil/packets/chat_packet_198.json,986,1989-09-12-left-xvii-congreso-nacional,XVII CONGRESO NACIONAL,candil,1989-09,es,article,3620,head_tail_windows,1,COMM_02,2
chat_packet_198,chat_annotation_packets_candil/packets/chat_packet_198.md,chat_annotation_packets_candil/packets/chat_packet_198.json,987,1989-09-16-left-poema,Poema,candil,1989-09,es,article,824,full,0,,3
chat_packet_198,chat_annotation_packets_candil/packets/chat_packet_198.md,chat_annotation_packets_candil/packets/chat_packet_198.json,988,1989-09-16-right-coplas,Coplas,candil,1989-09,es,article,564,full,0,,4
chat_packet_198,chat_annotation_packets_candil/packets/chat_packet_198.md,chat_annotation_packets_candil/packets/chat_packet_198.json,989,1989-09-17-left-hacia-d-nde-vamos,¿Hacia dónde vamos?,candil,1989-09,es,article,3267,head_tail_windows,1,CRIT_01,5
chat_packet_199,chat_annotation_packets_candil/packets/chat_packet_199.md,chat_annotation_packets_candil/packets/chat_packet_199.json,990,1989-09-19-left-el-desprop-sito-estriba-en-m,El despropósito estriba en M.,candil,1989-09,es,article,3648,head_tail_windows,1,CRIT_04,1
chat_packet_199,chat_annotation_packets_candil/packets/chat_packet_199.md,chat_annotation_packets_candil/packets/chat_packet_199.json,991,1989-09-21-left-la-minor-a-de-los-caballistas-ba,La minoría de los Caballistas-Bandoleros José,candil,1989-09,es,article,3636,head_tail_windows,1,AUTH_04,2
chat_packet_199,chat_annotation_packets_candil/packets/chat_packet_199.md,chat_annotation_packets_candil/packets/chat_packet_199.json,992,1989-09-22-right-el-mito-de-las-bailarinas-gadita,El mito de las bailarinas gaditanas,candil,1989-09,es,article,4927,head_tail_windows,3,"CRIT_03, HERIT_03, PED_02",3
chat_packet_199,chat_annotation_packets_candil/packets/chat_packet_199.md,chat_annotation_packets_candil/packets/chat_packet_199.json,993,1989-09-24-left-andaluc-a-siempre-maltratada,"Andalucía, siempre maltratada",candil,1989-09,es,article,4741,full,0,,4
chat_packet_199,chat_annotation_packets_candil/packets/chat_packet_199.md,chat_annotation_packets_candil/packets/chat_packet_199.json,994,1989-09-24-right-podio-y-picota-ventolera,Podio y Picota / Ventolera,candil,1989-09,es,article,4683,full,0,,5
chat_packet_200,chat_annotation_packets_candil/packets/chat_packet_200.md,chat_annotation_packets_candil/packets/chat_packet_200.json,995,1989-09-26-left-discografia-flamenca,Discografia flamenca,candil,1989-09,es,article,4566,full,0,,1
chat_packet_200,chat_annotation_packets_candil/packets/chat_packet_200.md,chat_annotation_packets_candil/packets/chat_packet_200.json,996,1989-09-26-right-iben-alca-ar-premium-crivera-lup,IBEN Alcañar premium CRIVERA LUPON HECHO!,candil,1989-09,es,article,434,full,0,,2
chat_packet_200,chat_annotation_packets_candil/packets/chat_packet_200.md,chat_annotation_packets_candil/packets/chat_packet_200.json,997,1989-11-3-right-los-impremiables-editorial,Los impremiables Editorial,candil,1989-11,es,article,2109,full,0,,3
chat_packet_200,chat_annotation_packets_candil/packets/chat_packet_200.md,chat_annotation_packets_candil/packets/chat_packet_200.json,998,1989-11-4-left-otras-formas-de-avanzar,Otras formas de avanzar,candil,1989-11,es,article,4189,full,0,,4
chat_packet_200,chat_annotation_packets_candil/packets/chat_packet_200.md,chat_annotation_packets_candil/packets/chat_packet_200.json,999,1989-11-5-left-memorable-preg-n-flamenco-de-nav,Memorable pregón flamenco de Navidad,candil,1989-11,es,article,4184,full,0,,5
chat_packet_201,chat_annotation_packets_candil/packets/chat_packet_201.md,chat_annotation_packets_candil/packets/chat_packet_201.json,1000,1989-11-6-left-isabel-fern-ndez,Isabel Fernández,candil,1989-11,es,article,1387,full,0,,1
chat_packet_201,chat_annotation_packets_candil/packets/chat_packet_201.md,chat_annotation_packets_candil/packets/chat_packet_201.json,1001,1989-11-6-right-viejo-carn-flamenco,Viejo carné flamenco,candil,1989-11,es,article,2644,head_tail_windows,1,COMM_02,2
chat_packet_201,chat_annotation_packets_candil/packets/chat_packet_201.md,chat_annotation_packets_candil/packets/chat_packet_201.json,1002,1989-11-10-right-del-i-concurso-regional-de-cante,I Concurso Regional de Cante,candil,1989-11,es,article,3092,full,0,,3
chat_packet_201,chat_annotation_packets_candil/packets/chat_packet_201.md,chat_annotation_packets_candil/packets/chat_packet_201.json,1003,1989-11-11-left-belleza-positiva-del-drama-andal,Belleza positiva del drama andaluz,candil,1989-11,es,essay_opinion,5603,full,0,,4
chat_packet_201,chat_annotation_packets_candil/packets/chat_packet_201.md,chat_annotation_packets_candil/packets/chat_packet_201.json,1004,1989-11-12-left-enderezando-entuertos,Enderezando entuertos,candil,1989-11,es,essay_opinion,4614,full,0,,5
chat_packet_202,chat_annotation_packets_candil/packets/chat_packet_202.md,chat_annotation_packets_candil/packets/chat_packet_202.json,1005,1989-11-13-right-cantar-por-grana-nas-paco,Cantar por granaínas Paco,candil,1989-11,es,article,5588,full,0,,1
chat_packet_202,chat_annotation_packets_candil/packets/chat_packet_202.md,chat_annotation_packets_candil/packets/chat_packet_202.json,1006,1989-11-14-left-vi-distinci-n-comp-s-del-cante,VI Distinción «Compás del Cante»,candil,1989-11,es,article,3881,full,0,,2
chat_packet_202,chat_annotation_packets_candil/packets/chat_packet_202.md,chat_annotation_packets_candil/packets/chat_packet_202.json,1007,1989-11-15-left-cantes-y-coplas,Cantes y coplas,candil,1989-11,es,article,2178,full,0,,3
chat_packet_202,chat_annotation_packets_candil/packets/chat_packet_202.md,chat_annotation_packets_candil/packets/chat_packet_202.json,1008,1989-11-16-left-homenaje-a-juan-carmona-habichue,Homenaje a Juan Carmona «Habichuela»,candil,1989-11,es,article,3347,head_tail_windows,1,COMM_02,4
chat_packet_202,chat_annotation_packets_candil/packets/chat_packet_202.md,chat_annotation_packets_candil/packets/chat_packet_202.json,1009,1989-11-17-right-canal-sur-y-el-flamenco,Canal Sur y el Flamenco,candil,1989-11,es,article,3623,head_tail_windows,1,AUTH_02,5
chat_packet_203,chat_annotation_packets_candil/packets/chat_packet_203.md,chat_annotation_packets_candil/packets/chat_packet_203.json,1010,1989-11-19-left-entrevista-con-juan-casillas,Entrevista con Juan Casillas,candil,1989-11,es,article,2933,head_tail_windows,1,COMM_03,1
chat_packet_203,chat_annotation_packets_candil/packets/chat_packet_203.md,chat_annotation_packets_candil/packets/chat_packet_203.json,1011,1989-11-21-right-una-revoluci-n-en-el-an-lisis-de,Una revolución en el análisis del cante flamenco: Las computadoras analizadoras de sonidos,candil,1989-11,es,article,3770,head_tail_windows,2,"CRIT_04, AUTH_01",2
chat_packet_203,chat_annotation_packets_candil/packets/chat_packet_203.md,chat_annotation_packets_candil/packets/chat_packet_203.json,1012,1989-11-22-right-el-flamenco-ha-muerto-viva-el-fl,"El flamenco ha muerto, ¡viva el flamenco!",candil,1989-11,es,article,3589,head_tail_windows,1,CRIT_04,3
chat_packet_203,chat_annotation_packets_candil/packets/chat_packet_203.md,chat_annotation_packets_candil/packets/chat_packet_203.json,1013,1989-11-23-right-noticiario-flamenco,Noticiario flamenco,candil,1989-11,es,article,3715,full,0,,4
chat_packet_203,chat_annotation_packets_candil/packets/chat_packet_203.md,chat_annotation_packets_candil/packets/chat_packet_203.json,1014,1989-11-24-left-hablan-las-pe-as,Hablan las Peñas,candil,1989-11,es,article,3388,head_tail_windows,1,PED_03,5
chat_packet_204,chat_annotation_packets_candil/packets/chat_packet_204.md,chat_annotation_packets_candil/packets/chat_packet_204.json,1015,1989-11-26-left-discografia-flamenca,Discografia flamenca,candil,1989-11,es,article,3766,full,0,,1
chat_packet_204,chat_annotation_packets_candil/packets/chat_packet_204.md,chat_annotation_packets_candil/packets/chat_packet_204.json,1016,1989-11-26-right-premium-iben-alcazar-premium-grw,Premium IBEN Alcazar premium GRWZA LONC HECHO!,candil,1989-11,es,article,434,full,0,,2
chat_packet_204,chat_annotation_packets_candil/packets/chat_packet_204.md,chat_annotation_packets_candil/packets/chat_packet_204.json,1017,1990-01-3-right-editorial,Editorial,candil,1990-01,es,article,5373,full,0,,3
chat_packet_204,chat_annotation_packets_candil/packets/chat_packet_204.md,chat_annotation_packets_candil/packets/chat_packet_204.json,1018,1990-01-4-right-paco-vallecillo-in-memoriam,"Paco Vallecillo, in memoriam",candil,1990-01,es,article,2932,full,0,,4
chat_packet_204,chat_annotation_packets_candil/packets/chat_packet_204.md,chat_annotation_packets_candil/packets/chat_packet_204.json,1019,1990-01-5-left-manuel-cano-in-memoriam-paco-val,"Manuel Cano, in memoriam Paco Vallecillo Norberto Torres Cortés Enrique",candil,1990-01,es,article,5805,full,0,,5
chat_packet_205,chat_annotation_packets_candil/packets/chat_packet_205.md,chat_annotation_packets_candil/packets/chat_packet_205.json,1020,1990-01-6-right-a-pepe-polluelas-ram-n-porras,Pepe Polluelas Ramón Porras,candil,1990-01,es,article,5961,full,0,,1
chat_packet_205,chat_annotation_packets_candil/packets/chat_packet_205.md,chat_annotation_packets_candil/packets/chat_packet_205.json,1021,1990-01-7-right-eduardo-de-la-malena-in-memoriam,"Eduardo de la Malena, in memoriam Manuel",candil,1990-01,es,article,2387,full,0,,2
chat_packet_205,chat_annotation_packets_candil/packets/chat_packet_205.md,chat_annotation_packets_candil/packets/chat_packet_205.json,1022,1990-01-8-right-m-sica-culta-y,Música culta y compás flamenco,candil,1990-01,es,article,2744,full,0,,3
chat_packet_205,chat_annotation_packets_candil/packets/chat_packet_205.md,chat_annotation_packets_candil/packets/chat_packet_205.json,1023,1990-01-12-left-bailar-flamenco,Bailar Flamenco,candil,1990-01,es,article,3820,full,0,,4
chat_packet_205,chat_annotation_packets_candil/packets/chat_packet_205.md,chat_annotation_packets_candil/packets/chat_packet_205.json,1024,1990-01-12-right-cante-y-toque-dos-aires-distinto,Cante y toque: ¿Dos aires distintos?,candil,1990-01,es,article,3517,full,0,,5
chat_packet_206,chat_annotation_packets_candil/packets/chat_packet_206.md,chat_annotation_packets_candil/packets/chat_packet_206.json,1025,1990-01-13-left-jorge-camacho,Jorge Camacho,candil,1990-01,es,article,3756,full,0,,1
chat_packet_206,chat_annotation_packets_candil/packets/chat_packet_206.md,chat_annotation_packets_candil/packets/chat_packet_206.json,1026,1990-01-13-right-antonia-la-negra,Antonia «La Negra»,candil,1990-01,es,article,5598,head_tail_windows,3,"PED_02, COMM_03, PED_03",2
chat_packet_206,chat_annotation_packets_candil/packets/chat_packet_206.md,chat_annotation_packets_candil/packets/chat_packet_206.json,1027,1990-01-15-right-de-desp-naperros-p-arriba,De Despeñaperros p'arriba,candil,1990-01,es,article,5562,full,0,,3
chat_packet_206,chat_annotation_packets_candil/packets/chat_packet_206.md,chat_annotation_packets_candil/packets/chat_packet_206.json,1028,1990-01-16-left-interrogantes-dimes-y-diretes-so,"Interrogantes, dimes y diretes sobre «El Ciego la Peña», Silverio Franconetti y Rojo «El Alpargatero»",candil,1990-01,es,article,2929,head_tail_windows,1,CRIT_01,4
chat_packet_206,chat_annotation_packets_candil/packets/chat_packet_206.md,chat_annotation_packets_candil/packets/chat_packet_206.json,1029,1990-01-18-right-opini-n-a-las-caba-as-baj-a-los-,"«A las cabañas bajé, a los palacios subí»",candil,1990-01,es,essay_opinion,4671,full,0,,5
chat_packet_207,chat_annotation_packets_candil/packets/chat_packet_207.md,chat_annotation_packets_candil/packets/chat_packet_207.json,1030,1990-01-19-right-el-solitario-int-rprete-sui-g-ne,"«El Solitario», intérprete sui generis de la caña",candil,1990-01,es,article,4196,head_tail_windows,1,PED_03,1
chat_packet_207,chat_annotation_packets_candil/packets/chat_packet_207.md,chat_annotation_packets_candil/packets/chat_packet_207.json,1031,1990-01-20-right-bibliograf-a,Bibliografía,candil,1990-01,es,article,4036,full,0,,2
chat_packet_207,chat_annotation_packets_candil/packets/chat_packet_207.md,chat_annotation_packets_candil/packets/chat_packet_207.json,1032,1990-01-21-left-poemas-paco-arana,Poemas Paco Arana,candil,1990-01,es,article,1811,full,0,,3
chat_packet_207,chat_annotation_packets_candil/packets/chat_packet_207.md,chat_annotation_packets_candil/packets/chat_packet_207.json,1033,1990-01-22-left-noticiario,Noticiario,candil,1990-01,es,article,2588,head_tail_windows,1,PED_03,4
chat_packet_207,chat_annotation_packets_candil/packets/chat_packet_207.md,chat_annotation_packets_candil/packets/chat_packet_207.json,1034,1990-01-23-left-hablan-las-pe-as,Hablan las Peñas,candil,1990-01,es,article,5045,head_tail_windows,2,"COMM_02, CRIT_04",5
chat_packet_208,chat_annotation_packets_candil/packets/chat_packet_208.md,chat_annotation_packets_candil/packets/chat_packet_208.json,1035,1990-01-24-right-buz-n-flamenco,BUZÓN FLAMENCO,candil,1990-01,es,article,4552,head_tail_windows,2,"COMM_03, HERIT_02",1
chat_packet_208,chat_annotation_packets_candil/packets/chat_packet_208.md,chat_annotation_packets_candil/packets/chat_packet_208.json,1036,1990-01-26-left-discografia,Discografia,candil,1990-01,es,article,1098,full,0,,2
chat_packet_208,chat_annotation_packets_candil/packets/chat_packet_208.md,chat_annotation_packets_candil/packets/chat_packet_208.json,1037,1990-03-3-right-editorial,Editorial,candil,1990-03,es,article,2629,full,0,,3
chat_packet_208,chat_annotation_packets_candil/packets/chat_packet_208.md,chat_annotation_packets_candil/packets/chat_packet_208.json,1038,1990-03-4-left-eduardo-toldr,Viejo carné flamenco Eduardo Toldrá,candil,1990-03,es,article,4848,head_tail_windows,3,"HERIT_03, CRIT_03, CRIT_01",4
chat_packet_208,chat_annotation_packets_candil/packets/chat_packet_208.md,chat_annotation_packets_candil/packets/chat_packet_208.json,1039,1990-03-10-right-ellos-los-protagonistas-dicen-ch,Ellos los protagonistas dicen «Chato de la Isla»,candil,1990-03,es,article,4166,head_tail_windows,2,"CRIT_01, PED_02",5
chat_packet_209,chat_annotation_packets_candil/packets/chat_packet_209.md,chat_annotation_packets_candil/packets/chat_packet_209.json,1040,1990-03-12-left-aunque-no-quepa-en-el-papel-cant,"Aunque no quepa en el papel Cantes, cantares y cantarcillos",candil,1990-03,es,article,3147,full,0,,1
chat_packet_209,chat_annotation_packets_candil/packets/chat_packet_209.md,chat_annotation_packets_candil/packets/chat_packet_209.json,1041,1990-03-12-right-opini-n-m-s-luz-sobre-los-hist-r,Más luz sobre los históricos Concursos de Cante Flamenco,candil,1990-03,es,essay_opinion,3875,head_tail_windows,1,COMM_02,2
chat_packet_209,chat_annotation_packets_candil/packets/chat_packet_209.md,chat_annotation_packets_candil/packets/chat_packet_209.json,1042,1990-03-14-left-pe-a-flamenca-femenina,Peña Flamenca Femenina de Huelva,candil,1990-03,es,article,3544,head_tail_windows,1,COMM_04,3
chat_packet_209,chat_annotation_packets_candil/packets/chat_packet_209.md,chat_annotation_packets_candil/packets/chat_packet_209.json,1043,1990-03-15-right-discografia,Discografia,candil,1990-03,es,article,5390,full,0,,4
chat_packet_209,chat_annotation_packets_candil/packets/chat_packet_209.md,chat_annotation_packets_candil/packets/chat_packet_209.json,1044,1990-03-16-left-algunos-aspectos-de-la-represent,Algunos aspectos de la representación de la familia en la poesía flamenca,candil,1990-03,es,article,3129,head_tail_windows,1,CRIT_01,5
chat_packet_210,chat_annotation_packets_candil/packets/chat_packet_210.md,chat_annotation_packets_candil/packets/chat_packet_210.json,1045,1990-03-18-right-la-di-spora-del-flamenco-pe-a-fl,La diáspora del Flamenco Peña Flamenca de Rennes,candil,1990-03,es,article,3206,head_tail_windows,1,CRIT_02,1
chat_packet_210,chat_annotation_packets_candil/packets/chat_packet_210.md,chat_annotation_packets_candil/packets/chat_packet_210.json,1046,1990-03-20-left-cantes-nuevos,Cantes nuevos,candil,1990-03,es,article,1644,full,0,,2
chat_packet_210,chat_annotation_packets_candil/packets/chat_packet_210.md,chat_annotation_packets_candil/packets/chat_packet_210.json,1047,1990-03-20-right-cr-nica-de-la-final-del-i-concur,Crónica de la final del I Concurso de Cante de la Comunidad Autónoma Andaluzia. Rafael,candil,1990-03,es,article,3085,head_tail_windows,1,PED_03,3
chat_packet_210,chat_annotation_packets_candil/packets/chat_packet_210.md,chat_annotation_packets_candil/packets/chat_packet_210.json,1048,1990-03-21-right-de-la-ra-z-y-la-evoluci-n-del-ca,De la raíz y la evolución del cante,candil,1990-03,es,article,4958,full,0,,4
chat_packet_210,chat_annotation_packets_candil/packets/chat_packet_210.md,chat_annotation_packets_candil/packets/chat_packet_210.json,1049,1990-03-23-left-poemas,Poemas,candil,1990-03,es,article,1366,full,0,,5
chat_packet_211,chat_annotation_packets_candil/packets/chat_packet_211.md,chat_annotation_packets_candil/packets/chat_packet_211.json,1050,1990-03-24-left-noticiario-flamenco,Noticiario Flamenco,candil,1990-03,es,news_roundup,3218,head_tail_windows,1,HERIT_03,1
chat_packet_211,chat_annotation_packets_candil/packets/chat_packet_211.md,chat_annotation_packets_candil/packets/chat_packet_211.json,1051,1990-05-3-right-editorial,Editorial,candil,1990-05,es,article,1971,full,0,,2
chat_packet_211,chat_annotation_packets_candil/packets/chat_packet_211.md,chat_annotation_packets_candil/packets/chat_packet_211.json,1052,1990-05-4-left-la-lealtad-y-la-amistad-en-paco-,La lealtad y la amistad en Paco Vallecillo,candil,1990-05,es,article,2980,full,0,,3
chat_packet_211,chat_annotation_packets_candil/packets/chat_packet_211.md,chat_annotation_packets_candil/packets/chat_packet_211.json,1053,1990-05-4-right-jos-n-ez-de-castro-g-mez,José Núñez de Castro Gómez,candil,1990-05,es,article,3305,full,0,,4
chat_packet_211,chat_annotation_packets_candil/packets/chat_packet_211.md,chat_annotation_packets_candil/packets/chat_packet_211.json,1054,1990-05-5-right-se-ora-madre-polluelas,Señora Madre Polluelas,candil,1990-05,es,article,2295,full,0,,5
chat_packet_212,chat_annotation_packets_candil/packets/chat_packet_212.md,chat_annotation_packets_candil/packets/chat_packet_212.json,1055,1990-05-6-left-viejo-carn-flamenco,Viejo carné flamenco,candil,1990-05,es,article,4180,head_tail_windows,1,CRIT_03,1
chat_packet_212,chat_annotation_packets_candil/packets/chat_packet_212.md,chat_annotation_packets_candil/packets/chat_packet_212.json,1056,1990-05-13-left-garc-a-lorca-y-el-flamenco,García Lorca y el flamenco,candil,1990-05,es,article,3205,head_tail_windows,1,COMM_04,2
chat_packet_212,chat_annotation_packets_candil/packets/chat_packet_212.md,chat_annotation_packets_candil/packets/chat_packet_212.json,1057,1990-05-18-left-v-semana-de-estudios-flamencos,V Semana de Estudios Flamencos,candil,1990-05,es,article,2883,head_tail_windows,1,CRIT_02,3
chat_packet_212,chat_annotation_packets_candil/packets/chat_packet_212.md,chat_annotation_packets_candil/packets/chat_packet_212.json,1058,1990-05-19-right-juan-moreno-maya-el-pele-y-vicen,Juan Moreno Maya «El Pele» y Vicente Amigo,candil,1990-05,es,article,3587,head_tail_windows,1,CRIT_03,4
chat_packet_212,chat_annotation_packets_candil/packets/chat_packet_212.md,chat_annotation_packets_candil/packets/chat_packet_212.json,1059,1990-05-22-left-vii-trofeo-lucas-l-pez,VII Trofeo Lucas López,candil,1990-05,es,trofeo_section,3506,head_tail_windows,1,CRIT_01,5
chat_packet_213,chat_annotation_packets_candil/packets/chat_packet_213.md,chat_annotation_packets_candil/packets/chat_packet_213.json,1060,1990-05-23-right-de-juan-breva,Discografia de Juan Breva,candil,1990-05,es,article,2828,full,0,,1
chat_packet_213,chat_annotation_packets_candil/packets/chat_packet_213.md,chat_annotation_packets_candil/packets/chat_packet_213.json,1061,1990-05-24-left-jugando-al-despiste,Jugando al despiste,candil,1990-05,es,article,3153,head_tail_windows,1,HERIT_03,2
chat_packet_213,chat_annotation_packets_candil/packets/chat_packet_213.md,chat_annotation_packets_candil/packets/chat_packet_213.json,1062,1990-05-25-left-buz-n-flamenco,Buzón flamenco,candil,1990-05,es,article,4899,full,0,,3
chat_packet_213,chat_annotation_packets_candil/packets/chat_packet_213.md,chat_annotation_packets_candil/packets/chat_packet_213.json,1063,1990-05-26-left-discografia,Discografia,candil,1990-05,es,article,760,full,0,,4
chat_packet_213,chat_annotation_packets_candil/packets/chat_packet_213.md,chat_annotation_packets_candil/packets/chat_packet_213.json,1064,1990-05-26-right-premium-iben-alcazar-premium-cri,PREMIUM IBEN Alcazar premium CRIVEZA LORICINA HECHO!,candil,1990-05,es,article,434,full,0,,5
chat_packet_214,chat_annotation_packets_candil/packets/chat_packet_214.md,chat_annotation_packets_candil/packets/chat_packet_214.json,1065,1990-07-3-right-editorial,Editorial,candil,1990-07,es,article,3136,full,0,,1
chat_packet_214,chat_annotation_packets_candil/packets/chat_packet_214.md,chat_annotation_packets_candil/packets/chat_packet_214.json,1066,1990-07-4-left-viejo-carn-flamenco,Viejo carné flamenco,candil,1990-07,es,article,3008,head_tail_windows,1,COMM_02,2
chat_packet_214,chat_annotation_packets_candil/packets/chat_packet_214.md,chat_annotation_packets_candil/packets/chat_packet_214.json,1067,1990-07-8-left-xxvi-concurso-nacional-de,XXVI Concurso Nacional de Tarantas de Linares,candil,1990-07,es,essay_opinion,3046,head_tail_windows,1,COMM_03,3
chat_packet_214,chat_annotation_packets_candil/packets/chat_packet_214.md,chat_annotation_packets_candil/packets/chat_packet_214.json,1068,1990-07-9-left-flamenco-en-la-universidad,Flamenco en la Universidad,candil,1990-07,es,essay_opinion,4320,full,0,,4
chat_packet_214,chat_annotation_packets_candil/packets/chat_packet_214.md,chat_annotation_packets_candil/packets/chat_packet_214.json,1069,1990-07-9-right-esa-m-sica-viene-de-la-tierra,Esa música viene de la tierra,candil,1990-07,es,article,2690,head_tail_windows,1,CRIT_04,5
chat_packet_215,chat_annotation_packets_candil/packets/chat_packet_215.md,chat_annotation_packets_candil/packets/chat_packet_215.json,1070,1990-07-11-left-pedro-s-nchez-y-ram-n-porras,Pedro Sánchez y Ramón Porras,candil,1990-07,es,article,4070,head_tail_windows,1,COMM_02,1
chat_packet_215,chat_annotation_packets_candil/packets/chat_packet_215.md,chat_annotation_packets_candil/packets/chat_packet_215.json,1071,1990-07-13-right-bamberas,Bamberas,candil,1990-07,es,article,1740,full,0,,2
chat_packet_215,chat_annotation_packets_candil/packets/chat_packet_215.md,chat_annotation_packets_candil/packets/chat_packet_215.json,1072,1990-07-14-left-un-ejemplo-a-seguir,Un ejemplo a seguir,candil,1990-07,es,article,3682,full,0,,3
chat_packet_215,chat_annotation_packets_candil/packets/chat_packet_215.md,chat_annotation_packets_candil/packets/chat_packet_215.json,1073,1990-07-14-right-legado-flamenco,Legado flamenco,candil,1990-07,es,article,2948,head_tail_windows,1,COMM_03,4
chat_packet_215,chat_annotation_packets_candil/packets/chat_packet_215.md,chat_annotation_packets_candil/packets/chat_packet_215.json,1074,1990-07-15-right-una-evidencia-ignorada-durante-c,UNA EVIDENCIA IGNORADA DURANTE CASI CIEN AÑOS (1892-1992),candil,1990-07,es,article,3059,head_tail_windows,1,CRIT_03,5
chat_packet_216,chat_annotation_packets_candil/packets/chat_packet_216.md,chat_annotation_packets_candil/packets/chat_packet_216.json,1075,1990-07-17-left-poes-a-y-letras-flamencas-paco-a,Poesía y letras flamencas Paco Arana,candil,1990-07,es,article,1652,full,0,,1
chat_packet_216,chat_annotation_packets_candil/packets/chat_packet_216.md,chat_annotation_packets_candil/packets/chat_packet_216.json,1076,1990-07-18-left-camilo-salinas-y-rafael-e-bejara,Camilo Salinas y Rafael E. Bejarano,candil,1990-07,es,article,4996,full,0,,2
chat_packet_216,chat_annotation_packets_candil/packets/chat_packet_216.md,chat_annotation_packets_candil/packets/chat_packet_216.json,1077,1990-07-18-right-buz-n-flamenco,Buzón flamenco,candil,1990-07,es,article,801,full,0,,3
chat_packet_216,chat_annotation_packets_candil/packets/chat_packet_216.md,chat_annotation_packets_candil/packets/chat_packet_216.json,1078,1990-07-19-right-evocaci-n-de-pastora-pav-n-ni-a-,"EVOCACIÓN DE PASTORA PAVÓN, NIÑA DE LOS PEINES (A propósito de la denominación tiento-tango)",candil,1990-07,es,article,3567,head_tail_windows,1,CRIT_03,4
chat_packet_216,chat_annotation_packets_candil/packets/chat_packet_216.md,chat_annotation_packets_candil/packets/chat_packet_216.json,1079,1990-07-21-left-bibliograf-a,Bibliografía,candil,1990-07,es,article,2760,head_tail_windows,1,COMM_03,5
chat_packet_217,chat_annotation_packets_candil/packets/chat_packet_217.md,chat_annotation_packets_candil/packets/chat_packet_217.json,1080,1990-07-22-left-cantes-nuevos-soleares,¿Cantes nuevos? Soleares Ricardo,candil,1990-07,es,article,2079,full,0,,1
chat_packet_217,chat_annotation_packets_candil/packets/chat_packet_217.md,chat_annotation_packets_candil/packets/chat_packet_217.json,1081,1990-07-26-left-discografia-flamenca,Discografia flamenca,candil,1990-07,es,article,2728,full,0,,2
chat_packet_217,chat_annotation_packets_candil/packets/chat_packet_217.md,chat_annotation_packets_candil/packets/chat_packet_217.json,1082,1990-07-23-left-hablan-las-pe-as,Hablan las Peñas,candil,1990-07,es,article,2979,head_tail_windows,1,COMM_03,3
chat_packet_217,chat_annotation_packets_candil/packets/chat_packet_217.md,chat_annotation_packets_candil/packets/chat_packet_217.json,1083,1990-07-24-left-noticiario-flamenco,Noticiario flamenco,candil,1990-07,es,news_roundup,2888,head_tail_windows,1,COMM_03,4
chat_packet_217,chat_annotation_packets_candil/packets/chat_packet_217.md,chat_annotation_packets_candil/packets/chat_packet_217.json,1084,1990-07-25-right-agosto-y-los-flamencos-llamados-,AGOSTO Y LOS FLAMENCOS LLAMADOS MANUEL,candil,1990-07,es,article,5290,full,0,,5
chat_packet_218,chat_annotation_packets_candil/packets/chat_packet_218.md,chat_annotation_packets_candil/packets/chat_packet_218.json,1085,1990-07-26-right-iben-alcazar-premium-cenveza-eut,IBEN Alcazar Premium CENVEZA EUTICAM HECHO!,candil,1990-07,es,article,434,full,0,,1
chat_packet_218,chat_annotation_packets_candil/packets/chat_packet_218.md,chat_annotation_packets_candil/packets/chat_packet_218.json,1086,1990-07-27-left-discografia-flamenca,Discografia flamenca,candil,1990-07,es,article,1812,full,0,,2
chat_packet_218,chat_annotation_packets_candil/packets/chat_packet_218.md,chat_annotation_packets_candil/packets/chat_packet_218.json,1087,1990-09-3-right-editorial,Editorial,candil,1990-09,es,article,946,full,0,,3
chat_packet_218,chat_annotation_packets_candil/packets/chat_packet_218.md,chat_annotation_packets_candil/packets/chat_packet_218.json,1088,1990-09-4-left-viejo-carn-flamenco-anselmo-gonz,Viejo carné flamenco Anselmo González Climent,candil,1990-09,es,article,3393,head_tail_windows,1,CRIT_01,4
chat_packet_218,chat_annotation_packets_candil/packets/chat_packet_218.md,chat_annotation_packets_candil/packets/chat_packet_218.json,1089,1990-09-7-left-el-ni-o-de-la-ribera,Entrevista a «El Niño de la Ribera»,candil,1990-09,es,article,3692,head_tail_windows,1,PED_02,5
chat_packet_219,chat_annotation_packets_candil/packets/chat_packet_219.md,chat_annotation_packets_candil/packets/chat_packet_219.json,1090,1990-09-9-right-xviii-congreso-nacional-de-activ,XVIII Congreso Nacional de Actividades Flamencas,candil,1990-09,es,article,3505,head_tail_windows,1,COMM_01,1
chat_packet_219,chat_annotation_packets_candil/packets/chat_packet_219.md,chat_annotation_packets_candil/packets/chat_packet_219.json,1091,1990-09-12-right-enorme-muestra-de-cante-extreme-,Enorme muestra de cante extremeño,candil,1990-09,es,article,3405,head_tail_windows,1,CRIT_02,2
chat_packet_219,chat_annotation_packets_candil/packets/chat_packet_219.md,chat_annotation_packets_candil/packets/chat_packet_219.json,1092,1990-09-13-right-el-flamenco-entre-las-m-sicas-or,El flamenco entre las músicas orientales,candil,1990-09,es,article,3427,head_tail_windows,1,PED_02,3
chat_packet_219,chat_annotation_packets_candil/packets/chat_packet_219.md,chat_annotation_packets_candil/packets/chat_packet_219.json,1093,1990-09-14-right-la-importancia-de-granada-en-la-,La importancia de Granada en la génesis de los cantes flamencos básicos,candil,1990-09,es,article,2627,head_tail_windows,1,CRIT_03,4
chat_packet_219,chat_annotation_packets_candil/packets/chat_packet_219.md,chat_annotation_packets_candil/packets/chat_packet_219.json,1094,1990-09-15-right-contribuci-n-a-la-etimolog-a-de-,Contribución a la etimología de algunos vocablos flamencos mediante el estudio de las voces naturales,candil,1990-09,es,article,4607,head_tail_windows,3,"CRIT_01, CRIT_03, COMM_04",5
chat_packet_220,chat_annotation_packets_candil/packets/chat_packet_220.md,chat_annotation_packets_candil/packets/chat_packet_220.json,1095,1990-09-20-left-musicolog-a-del-flamenco-3-er-ca,Musicología del flamenco 3.er capítulo,candil,1990-09,es,article,3317,head_tail_windows,1,HERIT_03,1
chat_packet_220,chat_annotation_packets_candil/packets/chat_packet_220.md,chat_annotation_packets_candil/packets/chat_packet_220.json,1096,1990-09-22-right-hondura-duende-y-gusto,"Hondura, duende y gusto",candil,1990-09,es,article,2932,full,0,,2
chat_packet_220,chat_annotation_packets_candil/packets/chat_packet_220.md,chat_annotation_packets_candil/packets/chat_packet_220.json,1097,1990-09-23-left-cante-hondo,Cante jondo,candil,1990-09,es,article,1831,full,0,,3
chat_packet_220,chat_annotation_packets_candil/packets/chat_packet_220.md,chat_annotation_packets_candil/packets/chat_packet_220.json,1098,1990-09-23-right-campanilleros,Campanilleros Cantes,candil,1990-09,es,article,771,full,0,,4
chat_packet_220,chat_annotation_packets_candil/packets/chat_packet_220.md,chat_annotation_packets_candil/packets/chat_packet_220.json,1099,1990-09-24-left-bibliograf-a,Bibliografía,candil,1990-09,es,article,3396,head_tail_windows,1,PED_03,5
chat_packet_221,chat_annotation_packets_candil/packets/chat_packet_221.md,chat_annotation_packets_candil/packets/chat_packet_221.json,1100,1990-09-25-right-que-nadie-se-fie-de-su-memoria,Que nadie se fíe de su memoria,candil,1990-09,es,article,3590,full,0,,1
chat_packet_221,chat_annotation_packets_candil/packets/chat_packet_221.md,chat_annotation_packets_candil/packets/chat_packet_221.json,1101,1990-09-26-left-discografia-flamenca,Discografia flamenca,candil,1990-09,es,article,3955,full,0,,2
chat_packet_221,chat_annotation_packets_candil/packets/chat_packet_221.md,chat_annotation_packets_candil/packets/chat_packet_221.json,1102,1990-09-26-right-premium-iben-alcazar-premium-cri,Premium IBEN Alcazar Premium CRIVEZA ELECTRICA HECHO!,candil,1990-09,es,article,433,full,0,,3
chat_packet_221,chat_annotation_packets_candil/packets/chat_packet_221.md,chat_annotation_packets_candil/packets/chat_packet_221.json,1103,1990-09-27-left-discografia-flamenca,Discografia flamenca,candil,1990-09,es,article,1996,full,0,,4
chat_packet_221,chat_annotation_packets_candil/packets/chat_packet_221.md,chat_annotation_packets_candil/packets/chat_packet_221.json,1104,1990-11-5-left-fernanda-y-bernarda-o-la-reclama,Fernanda y Bernarda o la reclamación de los duendes. Editorial,candil,1990-11,es,article,4644,full,0,,5
chat_packet_222,chat_annotation_packets_candil/packets/chat_packet_222.md,chat_annotation_packets_candil/packets/chat_packet_222.json,1105,1990-11-7-left-fernanda-y-bernarda-de-utrera-el,"Fernanda y Bernarda de Utrera Ellas, las protagonistas, dicen",candil,1990-11,es,article,2987,head_tail_windows,1,AUTH_03,1
chat_packet_222,chat_annotation_packets_candil/packets/chat_packet_222.md,chat_annotation_packets_candil/packets/chat_packet_222.json,1106,1990-11-10-right-por-cabales,Por cabales,candil,1990-11,es,article,3745,full,0,,2
chat_packet_222,chat_annotation_packets_candil/packets/chat_packet_222.md,chat_annotation_packets_candil/packets/chat_packet_222.json,1107,1990-11-11-left-las-ni-as,Las Niñas,candil,1990-11,es,article,3675,full,0,,3
chat_packet_222,chat_annotation_packets_candil/packets/chat_packet_222.md,chat_annotation_packets_candil/packets/chat_packet_222.json,1108,1990-11-11-right-a-fernanda-y-bernarda,A Fernanda y Bernarda,candil,1990-11,es,article,3217,full,0,,4
chat_packet_222,chat_annotation_packets_candil/packets/chat_packet_222.md,chat_annotation_packets_candil/packets/chat_packet_222.json,1109,1990-11-12-left-expresi-n-vivencial-del-cante-gi,Expresión vivencial del cante gitano,candil,1990-11,es,article,2871,head_tail_windows,1,COMM_02,5
chat_packet_223,chat_annotation_packets_candil/packets/chat_packet_223.md,chat_annotation_packets_candil/packets/chat_packet_223.json,1110,1990-11-13-left-de-do-a-bernarda-a-la-ilustr-sim,De Doña Bernarda a la Ilustrísima Fernanda de Utrera,candil,1990-11,es,article,3008,head_tail_windows,1,CRIT_03,1
chat_packet_223,chat_annotation_packets_candil/packets/chat_packet_223.md,chat_annotation_packets_candil/packets/chat_packet_223.json,1111,1990-11-14-left-fernanda-y-bernarda-en-mairena-d,Fernanda y Bernarda en Mairena del Alcor,candil,1990-11,es,article,3051,full,0,,2
chat_packet_223,chat_annotation_packets_candil/packets/chat_packet_223.md,chat_annotation_packets_candil/packets/chat_packet_223.json,1112,1990-11-14-right-dos-gitanas-en,Dos gitanas en Nueva York,candil,1990-11,es,article,4352,full,0,,3
chat_packet_223,chat_annotation_packets_candil/packets/chat_packet_223.md,chat_annotation_packets_candil/packets/chat_packet_223.json,1113,1990-11-15-right-utrera-y-sus-cantaoras,Utrera y sus cantaoras,candil,1990-11,es,article,2858,full,0,,4
chat_packet_223,chat_annotation_packets_candil/packets/chat_packet_223.md,chat_annotation_packets_candil/packets/chat_packet_223.json,1114,1990-11-16-left-ole-viva-utrera,";Ole, viva Utrera!",candil,1990-11,es,article,4459,full,0,,5
chat_packet_224,chat_annotation_packets_candil/packets/chat_packet_224.md,chat_annotation_packets_candil/packets/chat_packet_224.json,1115,1990-11-17-left-notas-p-stumas,Notas póstumas,candil,1990-11,es,article,3407,full,0,,1
chat_packet_224,chat_annotation_packets_candil/packets/chat_packet_224.md,chat_annotation_packets_candil/packets/chat_packet_224.json,1116,1990-11-17-right-retrato-del-ngel-moreno-a-fernan,Retrato del ángel moreno (a Fernanda y Bernarda),candil,1990-11,es,article,2081,full,0,,2
chat_packet_224,chat_annotation_packets_candil/packets/chat_packet_224.md,chat_annotation_packets_candil/packets/chat_packet_224.json,1117,1990-11-18-right-poes-as-y-cantes-salvador-de-qui,Poesías y cantes Salvador de Quinta,candil,1990-11,es,article,3818,head_tail_windows,1,COMM_04,3
chat_packet_224,chat_annotation_packets_candil/packets/chat_packet_224.md,chat_annotation_packets_candil/packets/chat_packet_224.json,1118,1990-11-22-right-fernanda-de-utrera-y-el-cante-po,Fernanda de Utrera y el cante por soleá,candil,1990-11,es,article,3606,head_tail_windows,1,COMM_03,4
chat_packet_224,chat_annotation_packets_candil/packets/chat_packet_224.md,chat_annotation_packets_candil/packets/chat_packet_224.json,1119,1990-11-25-left-la-sole-de-fernanda,La soleá de Fernanda,candil,1990-11,es,article,3621,full,0,,5
chat_packet_225,chat_annotation_packets_candil/packets/chat_packet_225.md,chat_annotation_packets_candil/packets/chat_packet_225.json,1120,1990-11-25-right-he-o-do-que-canta-fernanda-de-ut,He oído que canta Fernanda de Utrera,candil,1990-11,es,article,1723,full,0,,1
chat_packet_225,chat_annotation_packets_candil/packets/chat_packet_225.md,chat_annotation_packets_candil/packets/chat_packet_225.json,1121,1990-11-26-left-fernanda-de-utrera-un-nuevo-duen,Fernanda de Utrera (Un nuevo duende),candil,1990-11,es,article,4290,head_tail_windows,1,AUTH_01,2
chat_packet_225,chat_annotation_packets_candil/packets/chat_packet_225.md,chat_annotation_packets_candil/packets/chat_packet_225.json,1122,1990-11-28-right-una-verdad,Una verdad,candil,1990-11,es,article,4359,full,0,,3
chat_packet_225,chat_annotation_packets_candil/packets/chat_packet_225.md,chat_annotation_packets_candil/packets/chat_packet_225.json,1123,1990-11-29-left-fernanda,Fernanda,candil,1990-11,es,article,2724,full,0,,4
chat_packet_225,chat_annotation_packets_candil/packets/chat_packet_225.md,chat_annotation_packets_candil/packets/chat_packet_225.json,1124,1990-11-29-right-premium-iben-alcazar-premium-chi,Premium IBEN Alcazar Premium CHINA LAPOLA PRO HECHO!,candil,1990-11,es,article,433,full,0,,5
chat_packet_226,chat_annotation_packets_candil/packets/chat_packet_226.md,chat_annotation_packets_candil/packets/chat_packet_226.json,1125,1991-01-3-right-flamenco-y-marginalidad,Flamenco y marginalidad Editorial,candil,1991-01,es,article,3099,full,0,,1
chat_packet_226,chat_annotation_packets_candil/packets/chat_packet_226.md,chat_annotation_packets_candil/packets/chat_packet_226.json,1126,1991-01-5-right-viejo-carn-flamenco-pepe-el-de-l,Viejo carné flamenco Pepe el de la Matrona,candil,1991-01,es,article,3574,head_tail_windows,1,COMM_02,2
chat_packet_226,chat_annotation_packets_candil/packets/chat_packet_226.md,chat_annotation_packets_candil/packets/chat_packet_226.json,1127,1991-01-10-left-carta-abierta-a-agust-n-g-mez,Carta abierta a Agustín Gómez,candil,1991-01,es,article,3866,full,0,,3
chat_packet_226,chat_annotation_packets_candil/packets/chat_packet_226.md,chat_annotation_packets_candil/packets/chat_packet_226.json,1128,1991-01-11-left-fernanda-y-bernarda-homenaje-nac,Fernanda y Bernarda Homenaje nacional en Jaén,candil,1991-01,es,article,3061,head_tail_windows,1,CRIT_03,4
chat_packet_226,chat_annotation_packets_candil/packets/chat_packet_226.md,chat_annotation_packets_candil/packets/chat_packet_226.json,1129,1991-01-13-left-gabriel-moreno,Gabriel Moreno Entrevista,candil,1991-01,es,article,4365,head_tail_windows,1,COMM_02,5
chat_packet_227,chat_annotation_packets_candil/packets/chat_packet_227.md,chat_annotation_packets_candil/packets/chat_packet_227.json,1130,1991-01-15-left-pastora-y-la-casa-de-los-pabones,Pastora y la Casa de los Pabones,candil,1991-01,es,essay_opinion,3604,head_tail_windows,1,HERIT_03,1
chat_packet_227,chat_annotation_packets_candil/packets/chat_packet_227.md,chat_annotation_packets_candil/packets/chat_packet_227.json,1131,1991-01-19-right-opini-n-el-flamenco-en-la-pintur,El flamenco en la pintura de Julio Romero de Torres José,candil,1991-01,es,essay_opinion,3445,head_tail_windows,1,CRIT_01,2
chat_packet_227,chat_annotation_packets_candil/packets/chat_packet_227.md,chat_annotation_packets_candil/packets/chat_packet_227.json,1132,1991-01-21-right-en-defensa-del-cante-jondo-o-el-,«En defensa del Cante Jondo» o el credo gitanoandaluz de Henry,candil,1991-01,es,article,3711,head_tail_windows,1,CRIT_03,3
chat_packet_227,chat_annotation_packets_candil/packets/chat_packet_227.md,chat_annotation_packets_candil/packets/chat_packet_227.json,1133,1991-01-25-right-eleg-a-por-do-a-concha-piquer,Elegía por doña Concha Piquer,candil,1991-01,es,article,2548,full,0,,4
chat_packet_227,chat_annotation_packets_candil/packets/chat_packet_227.md,chat_annotation_packets_candil/packets/chat_packet_227.json,1134,1991-01-26-left-aunque-no-quepa-en-el-papel,Aunque no quepa en el papel,candil,1991-01,es,article,5170,full,0,,5
chat_packet_228,chat_annotation_packets_candil/packets/chat_packet_228.md,chat_annotation_packets_candil/packets/chat_packet_228.json,1135,1991-01-27-left-flamenca,Discografia flamenca,candil,1991-01,es,article,2310,full,0,,1
chat_packet_228,chat_annotation_packets_candil/packets/chat_packet_228.md,chat_annotation_packets_candil/packets/chat_packet_228.json,1136,1991-01-27-right-vii-distinci-n-comp-s-del-cante,VII Distinción «Compás del Cante»,candil,1991-01,es,article,2660,full,0,,2
chat_packet_228,chat_annotation_packets_candil/packets/chat_packet_228.md,chat_annotation_packets_candil/packets/chat_packet_228.json,1137,1991-01-28-left-enderezando-entuertos,Enderezando entuertos,candil,1991-01,es,article,2902,full,0,,3
chat_packet_228,chat_annotation_packets_candil/packets/chat_packet_228.md,chat_annotation_packets_candil/packets/chat_packet_228.json,1138,1991-01-29-left-noticiario-flamenco,Noticiario flamenco,candil,1991-01,es,news_roundup,3163,full,0,,4
chat_packet_228,chat_annotation_packets_candil/packets/chat_packet_228.md,chat_annotation_packets_candil/packets/chat_packet_228.json,1139,1991-01-29-right-hablan-las-pe-as-nuevas-juntas-d,Hablan las Peñas Nuevas Juntas Directivas / Concurso,candil,1991-01,es,article,2552,full,0,,5
chat_packet_229,chat_annotation_packets_candil/packets/chat_packet_229.md,chat_annotation_packets_candil/packets/chat_packet_229.json,1140,1991-03-3-left-manuel-vallejo-en-el-centenario-,Manuel Vallejo en el centenario de su nacimiento,candil,1991-03,es,article,3198,full,0,,1
chat_packet_229,chat_annotation_packets_candil/packets/chat_packet_229.md,chat_annotation_packets_candil/packets/chat_packet_229.json,1141,1991-03-5-left-viejo-carn-flamenco,Viejo carné flamenco,candil,1991-03,es,article,5103,head_tail_windows,2,"CRIT_02, AUTH_02",2
chat_packet_229,chat_annotation_packets_candil/packets/chat_packet_229.md,chat_annotation_packets_candil/packets/chat_packet_229.json,1142,1991-03-8-left-jos-antonio-d-az-fern-ndez-chaqu,"José Antonio Díaz Fernández, «Chaquetón»",candil,1991-03,es,article,4642,head_tail_windows,1,CRIT_04,3
chat_packet_229,chat_annotation_packets_candil/packets/chat_packet_229.md,chat_annotation_packets_candil/packets/chat_packet_229.json,1143,1991-03-11-left-el-flamenco-descrito-en-1850-por,El flamenco descrito en 1850 por François A. Guevaert,candil,1991-03,es,article,3183,head_tail_windows,1,COMM_03,4
chat_packet_229,chat_annotation_packets_candil/packets/chat_packet_229.md,chat_annotation_packets_candil/packets/chat_packet_229.json,1144,1991-03-14-right-homenaje-p-stumo-a-rafael-romero,Homenaje póstumo a Rafael Romero «El Gallina»,candil,1991-03,es,article,16,full,0,,5
chat_packet_230,chat_annotation_packets_candil/packets/chat_packet_230.md,chat_annotation_packets_candil/packets/chat_packet_230.json,1145,1991-03-15-left-el-doble-homenaje,El doble homenaje,candil,1991-03,es,article,2363,full,0,,1
chat_packet_230,chat_annotation_packets_candil/packets/chat_packet_230.md,chat_annotation_packets_candil/packets/chat_packet_230.json,1146,1991-03-15-right-memoria-de-rafael-romero,Memoria de Rafael Romero,candil,1991-03,es,article,3944,head_tail_windows,1,COMM_02,2
chat_packet_230,chat_annotation_packets_candil/packets/chat_packet_230.md,chat_annotation_packets_candil/packets/chat_packet_230.json,1147,1991-03-17-right-rafael-romero-romero-el-gallina-,Rafael Romero Romero «El Gallina» Datos biográficos,candil,1991-03,es,article,4171,head_tail_windows,1,HERIT_03,3
chat_packet_230,chat_annotation_packets_candil/packets/chat_packet_230.md,chat_annotation_packets_candil/packets/chat_packet_230.json,1148,1991-03-18-right-rafael-romero,Rafael Romero,candil,1991-03,es,article,3700,head_tail_windows,1,PED_02,4
chat_packet_230,chat_annotation_packets_candil/packets/chat_packet_230.md,chat_annotation_packets_candil/packets/chat_packet_230.json,1149,1991-03-19-right-recuerdos-y-reflexiones-en-torno,Recuerdos y reflexiones en torno a Rafael Romero «El Gallina»,candil,1991-03,es,article,4144,head_tail_windows,1,CRIT_02,5
chat_packet_231,chat_annotation_packets_candil/packets/chat_packet_231.md,chat_annotation_packets_candil/packets/chat_packet_231.json,1150,1991-03-21-left-in-memoriam-rafael-romero-el-gal,In memoriam. Rafael Romero «El Gallina»,candil,1991-03,es,article,4300,full,0,,1
chat_packet_231,chat_annotation_packets_candil/packets/chat_packet_231.md,chat_annotation_packets_candil/packets/chat_packet_231.json,1151,1991-03-22-left-el-ltimo-de-la-escuela-carta-a-r,El último de la escuela Carta a Rafael Romero «El Gallina»,candil,1991-03,es,article,1595,full,0,,2
chat_packet_231,chat_annotation_packets_candil/packets/chat_packet_231.md,chat_annotation_packets_candil/packets/chat_packet_231.json,1152,1991-03-25-left-entrega-de-la-vii-distinci-n-com,Entrega de la VII Distinción «Compás del Cante»,candil,1991-03,es,article,4380,full,0,,3
chat_packet_231,chat_annotation_packets_candil/packets/chat_packet_231.md,chat_annotation_packets_candil/packets/chat_packet_231.json,1153,1991-03-26-right-el-flamenco-y-la-cultura-popular,El flamenco y la cultura popular andaluza Cristina J,candil,1991-03,es,article,3467,head_tail_windows,1,AUTH_03,4
chat_packet_231,chat_annotation_packets_candil/packets/chat_packet_231.md,chat_annotation_packets_candil/packets/chat_packet_231.json,1154,1991-03-34-left-discografia-flamenca,Discografia flamenca,candil,1991-03,es,article,1828,full,0,,5
chat_packet_232,chat_annotation_packets_candil/packets/chat_packet_232.md,chat_annotation_packets_candil/packets/chat_packet_232.json,1155,1991-05-3-left-editorial,Editorial,candil,1991-05,es,article,2839,full,0,,1
chat_packet_232,chat_annotation_packets_candil/packets/chat_packet_232.md,chat_annotation_packets_candil/packets/chat_packet_232.json,1156,1991-05-3-right-manuel-martin-acad-mico,"Manuel Martín, Académico",candil,1991-05,es,article,3626,full,0,,2
chat_packet_232,chat_annotation_packets_candil/packets/chat_packet_232.md,chat_annotation_packets_candil/packets/chat_packet_232.json,1157,1991-05-4-left-viejo-carn-flamenco-jarrito-pepe,"Viejo carné flamenco Jarrito, Pepe Suárez, Domingo Manfredi",candil,1991-05,es,article,3426,head_tail_windows,1,HERIT_02,3
chat_packet_232,chat_annotation_packets_candil/packets/chat_packet_232.md,chat_annotation_packets_candil/packets/chat_packet_232.json,1158,1991-05-9-left-francisco-d-az-garc-a-curro-de-u,"Francisco Díaz García, «Curro de Utrera» Rafael",candil,1991-05,es,article,4422,head_tail_windows,1,PED_02,4
chat_packet_232,chat_annotation_packets_candil/packets/chat_packet_232.md,chat_annotation_packets_candil/packets/chat_packet_232.json,1159,1991-05-10-right-sucinta-cr-nica-de-unas-jornadas,Sucinta crónica de unas «Jornadas de Estudios Flamencos»,candil,1991-05,es,article,3015,head_tail_windows,1,CRIT_04,5
chat_packet_233,chat_annotation_packets_candil/packets/chat_packet_233.md,chat_annotation_packets_candil/packets/chat_packet_233.json,1160,1991-05-13-left-cantes-aut-ctonos-de-ja-n,Cantes autóctonos de Jaén,candil,1991-05,es,article,3551,head_tail_windows,1,COMM_02,1
chat_packet_233,chat_annotation_packets_candil/packets/chat_packet_233.md,chat_annotation_packets_candil/packets/chat_packet_233.json,1161,1991-05-16-right-homenaje-a-paco-vallecillo,Homenaje a Paco Vallecillo,candil,1991-05,es,article,3379,head_tail_windows,1,COMM_04,2
chat_packet_233,chat_annotation_packets_candil/packets/chat_packet_233.md,chat_annotation_packets_candil/packets/chat_packet_233.json,1162,1991-05-17-right-opini-n-paco-de-luc-a-flamenco-u,"Paco de Lucía, flamenco universal",candil,1991-05,es,essay_opinion,3585,head_tail_windows,1,HERIT_03,3
chat_packet_233,chat_annotation_packets_candil/packets/chat_packet_233.md,chat_annotation_packets_candil/packets/chat_packet_233.json,1163,1991-05-19-left-coplas-de-verde-luna,Coplas de verde luna,candil,1991-05,es,article,824,full,0,,4
chat_packet_233,chat_annotation_packets_candil/packets/chat_packet_233.md,chat_annotation_packets_candil/packets/chat_packet_233.json,1164,1991-05-19-right-carlos-cruz,Carlos Cruz,candil,1991-05,es,article,905,full,0,,5
chat_packet_234,chat_annotation_packets_candil/packets/chat_packet_234.md,chat_annotation_packets_candil/packets/chat_packet_234.json,1165,1991-05-21-left-rojo-el-alpargatero-en-la-uni-n-,"Rojo «El Alpargatero», en La Unión (1890-1907) Apuntes inéditos",candil,1991-05,es,article,3144,full,0,,1
chat_packet_234,chat_annotation_packets_candil/packets/chat_packet_234.md,chat_annotation_packets_candil/packets/chat_packet_234.json,1166,1991-05-21-right-una-historia-en-coplas-la-traged,¿Una historia en coplas? La tragedia de «Los gitanitos del Puerto»,candil,1991-05,es,essay_opinion,3676,head_tail_windows,1,COMM_03,2
chat_packet_234,chat_annotation_packets_candil/packets/chat_packet_234.md,chat_annotation_packets_candil/packets/chat_packet_234.json,1167,1991-05-25-right-ense-ar-a-quien-no-sabe,Enseñar a quien no sabe Manuel,candil,1991-05,es,article,2401,full,0,,3
chat_packet_234,chat_annotation_packets_candil/packets/chat_packet_234.md,chat_annotation_packets_candil/packets/chat_packet_234.json,1168,1991-05-26-left-aunque-no-quepa-en-el-papel,Aunque no quepa en el papel,candil,1991-05,es,article,3361,head_tail_windows,1,HERIT_02,4
chat_packet_234,chat_annotation_packets_candil/packets/chat_packet_234.md,chat_annotation_packets_candil/packets/chat_packet_234.json,1169,1991-05-27-left-enderezando-entuertos,Enderezando entuertos,candil,1991-05,es,article,2564,full,0,,5
chat_packet_235,chat_annotation_packets_candil/packets/chat_packet_235.md,chat_annotation_packets_candil/packets/chat_packet_235.json,1170,1991-05-27-right-flamenca,Discografia Flamenca,candil,1991-05,es,article,2665,full,0,,1
chat_packet_235,chat_annotation_packets_candil/packets/chat_packet_235.md,chat_annotation_packets_candil/packets/chat_packet_235.json,1171,1991-05-29-right-hablan-las-pe-as,Hablan las Peñas,candil,1991-05,es,article,2937,full,0,,2
chat_packet_235,chat_annotation_packets_candil/packets/chat_packet_235.md,chat_annotation_packets_candil/packets/chat_packet_235.json,1172,1991-07-3-left-editorial,Editorial,candil,1991-07,es,article,3274,full,0,,3
chat_packet_235,chat_annotation_packets_candil/packets/chat_packet_235.md,chat_annotation_packets_candil/packets/chat_packet_235.json,1173,1991-07-3-right-bendito-seas-t-tulo-de-opera-fla,";Bendito seas, título de «Opera Flamenca»!",candil,1991-07,es,article,2137,full,0,,4
chat_packet_235,chat_annotation_packets_candil/packets/chat_packet_235.md,chat_annotation_packets_candil/packets/chat_packet_235.json,1174,1991-07-4-left-viejo-carn-flamenco,Viejo carné flamenco,candil,1991-07,es,article,2855,head_tail_windows,1,AUTH_01,5
chat_packet_236,chat_annotation_packets_candil/packets/chat_packet_236.md,chat_annotation_packets_candil/packets/chat_packet_236.json,1175,1991-07-9-right-de-pregones-y-fandangos-malague-,De pregones y fandangos malagueños,candil,1991-07,es,article,3428,head_tail_windows,1,CRIT_02,1
chat_packet_236,chat_annotation_packets_candil/packets/chat_packet_236.md,chat_annotation_packets_candil/packets/chat_packet_236.json,1176,1991-07-12-left-luis-el-de-la-venta-premiado-en-,"Luis el de la Venta, premiado en La Unión Norberto",candil,1991-07,es,article,3545,full,0,,2
chat_packet_236,chat_annotation_packets_candil/packets/chat_packet_236.md,chat_annotation_packets_candil/packets/chat_packet_236.json,1177,1991-07-12-right-manuel-vallejo-o-el-ruise-or-fla,Manuel Vallejo o el Ruiseñor flamenco,candil,1991-07,es,article,3036,head_tail_windows,1,CRIT_01,3
chat_packet_236,chat_annotation_packets_candil/packets/chat_packet_236.md,chat_annotation_packets_candil/packets/chat_packet_236.json,1178,1991-07-14-left-homenaje-al-veterano-cantaor-mad,Homenaje al veterano cantaor madrileño Alfonso Chozas,candil,1991-07,es,article,2607,head_tail_windows,1,PED_01,4
chat_packet_236,chat_annotation_packets_candil/packets/chat_packet_236.md,chat_annotation_packets_candil/packets/chat_packet_236.json,1179,1991-07-15-left-la-intertextualidad-como-recurso,La intertextualidad como recurso en la copla flamenca,candil,1991-07,es,article,5218,head_tail_windows,2,"COMM_04, COMM_01",5
chat_packet_237,chat_annotation_packets_candil/packets/chat_packet_237.md,chat_annotation_packets_candil/packets/chat_packet_237.json,1180,1991-07-17-left-dos-discursos-hom-logos,Arte flamenco y tauromaquia: dos discursos homólogos,candil,1991-07,es,article,4264,head_tail_windows,1,CRIT_03,1
chat_packet_237,chat_annotation_packets_candil/packets/chat_packet_237.md,chat_annotation_packets_candil/packets/chat_packet_237.json,1181,1991-07-19-right-la-alegr-a-de-la-huerta,La alegría de la huerta,candil,1991-07,es,article,3886,head_tail_windows,1,AUTH_03,2
chat_packet_237,chat_annotation_packets_candil/packets/chat_packet_237.md,chat_annotation_packets_candil/packets/chat_packet_237.json,1182,1991-07-23-left-siguiriyas-gitanas,Siguiriyas gitanas,candil,1991-07,es,article,537,full,0,,3
chat_packet_237,chat_annotation_packets_candil/packets/chat_packet_237.md,chat_annotation_packets_candil/packets/chat_packet_237.json,1183,1991-07-23-right-cantaor,Cantaor,candil,1991-07,es,article,626,full,0,,4
chat_packet_237,chat_annotation_packets_candil/packets/chat_packet_237.md,chat_annotation_packets_candil/packets/chat_packet_237.json,1184,1991-07-24-left-aunque-no-quepa-en-el-papel,Aunque no quepa en el papel,candil,1991-07,es,article,2195,full,0,,5
chat_packet_238,chat_annotation_packets_candil/packets/chat_packet_238.md,chat_annotation_packets_candil/packets/chat_packet_238.json,1185,1991-07-25-left-hablan-las-pe-as,Hablan las Peñas,candil,1991-07,es,article,948,full,0,,1
chat_packet_238,chat_annotation_packets_candil/packets/chat_packet_238.md,chat_annotation_packets_candil/packets/chat_packet_238.json,1186,1991-07-26-right-discografia-flamenca,Discografia Flamenca,candil,1991-07,es,article,4296,full,0,,2
chat_packet_238,chat_annotation_packets_candil/packets/chat_packet_238.md,chat_annotation_packets_candil/packets/chat_packet_238.json,1187,1991-07-27-left-bailaoras-de-hoy,BAILAORAS DE HOY,candil,1991-07,es,article,1526,full,0,,3
chat_packet_238,chat_annotation_packets_candil/packets/chat_packet_238.md,chat_annotation_packets_candil/packets/chat_packet_238.json,1188,1991-09-3-left-editorial,Editorial,candil,1991-09,es,article,3991,full,0,,4
chat_packet_238,chat_annotation_packets_candil/packets/chat_packet_238.md,chat_annotation_packets_candil/packets/chat_packet_238.json,1189,1991-09-3-right-los-intelectuales-ante-el-flamen,Los intelectuales ante el flamenco,candil,1991-09,es,article,3997,full,0,,5
chat_packet_239,chat_annotation_packets_candil/packets/chat_packet_239.md,chat_annotation_packets_candil/packets/chat_packet_239.json,1190,1991-09-4-left-viejo-carn-flamenco,Viejo carné flamenco,candil,1991-09,es,article,5379,head_tail_windows,2,"COMM_02, COMM_04",1
chat_packet_239,chat_annotation_packets_candil/packets/chat_packet_239.md,chat_annotation_packets_candil/packets/chat_packet_239.json,1191,1991-09-8-right-francisco-almagro-herrera,Francisco Almagro Herrera,candil,1991-09,es,article,4542,head_tail_windows,1,COMM_02,2
chat_packet_239,chat_annotation_packets_candil/packets/chat_packet_239.md,chat_annotation_packets_candil/packets/chat_packet_239.json,1192,1991-09-11-right-existe-una-cultura-andaluza,Existe una cultura andaluzal?,candil,1991-09,es,article,4110,full,0,,3
chat_packet_239,chat_annotation_packets_candil/packets/chat_packet_239.md,chat_annotation_packets_candil/packets/chat_packet_239.json,1193,1991-09-12-left-acercamiento-a-la-discograf-a-de,Acercamiento a la discografía de «Canalejas de Puerto Real» en el 25 aniversario de su muerte,candil,1991-09,es,article,4024,head_tail_windows,1,PED_03,4
chat_packet_239,chat_annotation_packets_candil/packets/chat_packet_239.md,chat_annotation_packets_candil/packets/chat_packet_239.json,1194,1991-09-14-left-el-flamenco-y-el-teatro,El Flamenco y el Teatro,candil,1991-09,es,article,4780,head_tail_windows,1,COMM_01,5
chat_packet_240,chat_annotation_packets_candil/packets/chat_packet_240.md,chat_annotation_packets_candil/packets/chat_packet_240.json,1195,1991-09-15-right-por-carceleras,Por carceleras,candil,1991-09,es,article,5705,full,0,,1
chat_packet_240,chat_annotation_packets_candil/packets/chat_packet_240.md,chat_annotation_packets_candil/packets/chat_packet_240.json,1196,1991-09-16-right-el-jaleo-fue-madre-de-la-solea,¿El «jaleo» fue madre de la soleá?,candil,1991-09,es,article,4299,full,0,,2
chat_packet_240,chat_annotation_packets_candil/packets/chat_packet_240.md,chat_annotation_packets_candil/packets/chat_packet_240.json,1197,1991-09-18-left-xxvii-concurso-nacional-de-taran,XXVII Concurso Nacional de Tarantas Rafael,candil,1991-09,es,article,3236,head_tail_windows,1,COMM_03,3
chat_packet_240,chat_annotation_packets_candil/packets/chat_packet_240.md,chat_annotation_packets_candil/packets/chat_packet_240.json,1198,1991-09-19-right-el-cantar-del-arriero,El cantar del arriero,candil,1991-09,es,article,4046,head_tail_windows,1,CRIT_03,4
chat_packet_240,chat_annotation_packets_candil/packets/chat_packet_240.md,chat_annotation_packets_candil/packets/chat_packet_240.json,1199,1991-09-21-left-por-siguiri-as,Por siguiriγas,candil,1991-09,es,article,380,full,0,,5
chat_packet_241,chat_annotation_packets_candil/packets/chat_packet_241.md,chat_annotation_packets_candil/packets/chat_packet_241.json,1200,1991-09-21-right-tres-fandangos-naturales,Tres fandangos naturales,candil,1991-09,es,article,544,full,0,,1
chat_packet_241,chat_annotation_packets_candil/packets/chat_packet_241.md,chat_annotation_packets_candil/packets/chat_packet_241.json,1201,1991-09-22-left-madrid-flamenco,Madrid flamenco,candil,1991-09,es,article,3077,head_tail_windows,1,COMM_02,2
chat_packet_241,chat_annotation_packets_candil/packets/chat_packet_241.md,chat_annotation_packets_candil/packets/chat_packet_241.json,1202,1991-09-23-left-dos-libros,Dos libros,candil,1991-09,es,article,3540,head_tail_windows,1,PED_02,3
chat_packet_241,chat_annotation_packets_candil/packets/chat_packet_241.md,chat_annotation_packets_candil/packets/chat_packet_241.json,1203,1991-09-24-right-flamenca,Discografia flamenca,candil,1991-09,es,article,2635,full,0,,4
chat_packet_241,chat_annotation_packets_candil/packets/chat_packet_241.md,chat_annotation_packets_candil/packets/chat_packet_241.json,1204,1991-09-25-left-noticiario-flamenco,Noticiario flamenco,candil,1991-09,es,news_roundup,3936,full,0,,5
chat_packet_242,chat_annotation_packets_candil/packets/chat_packet_242.md,chat_annotation_packets_candil/packets/chat_packet_242.json,1205,1991-09-25-right-buz-n-flamenco,Buzón flamenco,candil,1991-09,es,article,2869,head_tail_windows,1,CRIT_01,1
chat_packet_242,chat_annotation_packets_candil/packets/chat_packet_242.md,chat_annotation_packets_candil/packets/chat_packet_242.json,1206,1991-11-3-left-editorial,Editorial,candil,1991-11,es,article,2160,full,0,,2
chat_packet_242,chat_annotation_packets_candil/packets/chat_packet_242.md,chat_annotation_packets_candil/packets/chat_packet_242.json,1207,1991-11-3-right-algunas-reflexiones-sobre-el-art,Algunas reflexiones sobre el arte flamenco,candil,1991-11,es,article,2916,head_tail_windows,1,COMM_03,3
chat_packet_242,chat_annotation_packets_candil/packets/chat_packet_242.md,chat_annotation_packets_candil/packets/chat_packet_242.json,1208,1991-11-5-left-viejo-carn-flamenco,Viejo carné flamenco,candil,1991-11,es,article,3388,head_tail_windows,1,COMM_03,4
chat_packet_242,chat_annotation_packets_candil/packets/chat_packet_242.md,chat_annotation_packets_candil/packets/chat_packet_242.json,1209,1991-11-10-left-juanito-maravillas,Juanito Maravillas,candil,1991-11,es,article,3874,head_tail_windows,1,COMM_02,5
chat_packet_243,chat_annotation_packets_candil/packets/chat_packet_243.md,chat_annotation_packets_candil/packets/chat_packet_243.json,1210,1991-11-11-right-cr-nica-del-xix-congreso-de-acti,Crónica del XIX Congreso de Actividades Flamencas. Linares,candil,1991-11,es,article,3380,head_tail_windows,1,COMM_01,1
chat_packet_243,chat_annotation_packets_candil/packets/chat_packet_243.md,chat_annotation_packets_candil/packets/chat_packet_243.json,1211,1991-11-14-right-d-nde-moraron-los-duendes,¿Dónde moraron los duendes?,candil,1991-11,es,article,3090,head_tail_windows,1,AUTH_03,2
chat_packet_243,chat_annotation_packets_candil/packets/chat_packet_243.md,chat_annotation_packets_candil/packets/chat_packet_243.json,1212,1991-11-17-left-el-flamenco-evoluci-n-y-tradici-,El Flamenco: Evolución y tradición,candil,1991-11,es,article,3182,head_tail_windows,1,CRIT_03,3
chat_packet_243,chat_annotation_packets_candil/packets/chat_packet_243.md,chat_annotation_packets_candil/packets/chat_packet_243.json,1213,1991-11-19-left-ensayo-de-una-tipolog-a,La innovación en el Flamenco: Ensayo de una tipología,candil,1991-11,es,essay_opinion,3353,head_tail_windows,1,COMM_02,4
chat_packet_243,chat_annotation_packets_candil/packets/chat_packet_243.md,chat_annotation_packets_candil/packets/chat_packet_243.json,1214,1991-11-22-left-villancicos-de-francisco-almagro,Villancicos,candil,1991-11,es,article,2408,full,0,,5
chat_packet_244,chat_annotation_packets_candil/packets/chat_packet_244.md,chat_annotation_packets_candil/packets/chat_packet_244.json,1215,1991-11-23-left-bendito-seas-t-tulo-de-opera-fla,";Bendito seas, título de Opera Flamenca! (y 2)",candil,1991-11,es,article,2659,head_tail_windows,1,COMM_03,1
chat_packet_244,chat_annotation_packets_candil/packets/chat_packet_244.md,chat_annotation_packets_candil/packets/chat_packet_244.json,1216,1991-11-24-left-los-cantes-flamencos-de-daniel-p,Los «cantes flamencos» de Daniel Pinedo Novo,candil,1991-11,es,article,4707,full,0,,2
chat_packet_244,chat_annotation_packets_candil/packets/chat_packet_244.md,chat_annotation_packets_candil/packets/chat_packet_244.json,1217,1991-11-24-right-aunque-no-quepa-en-el-papel,Aunque no quepa en el papel,candil,1991-11,es,article,3016,head_tail_windows,1,COMM_02,3
chat_packet_244,chat_annotation_packets_candil/packets/chat_packet_244.md,chat_annotation_packets_candil/packets/chat_packet_244.json,1218,1991-11-26-left-discografia-flamenca,Discografia flamenca,candil,1991-11,es,article,4188,full,0,,4
chat_packet_244,chat_annotation_packets_candil/packets/chat_packet_244.md,chat_annotation_packets_candil/packets/chat_packet_244.json,1219,1992-01-3-left-editorial,Editorial,candil,1992-01,es,article,2731,full,0,,5
chat_packet_245,chat_annotation_packets_candil/packets/chat_packet_245.md,chat_annotation_packets_candil/packets/chat_packet_245.json,1220,1992-01-3-right-apuntes-sobre-la-sole-y-la-sigui,Apuntes sobre la soleá y la siguiriya / 1,candil,1992-01,es,article,3948,head_tail_windows,1,CRIT_03,1
chat_packet_245,chat_annotation_packets_candil/packets/chat_packet_245.md,chat_annotation_packets_candil/packets/chat_packet_245.json,1221,1992-01-6-right-juan-g-mez-belmonte,Juan Gómez Belmonte,candil,1992-01,es,article,3152,head_tail_windows,1,COMM_02,2
chat_packet_245,chat_annotation_packets_candil/packets/chat_packet_245.md,chat_annotation_packets_candil/packets/chat_packet_245.json,1222,1992-01-8-left-la-ni-a-de-ecija,La Niña de Ecija,candil,1992-01,es,article,2650,head_tail_windows,1,CRIT_04,3
chat_packet_245,chat_annotation_packets_candil/packets/chat_packet_245.md,chat_annotation_packets_candil/packets/chat_packet_245.json,1223,1992-01-12-right-viii-distinci-n-comp-s-del-cante,VIII Distinción «Compás del Cante»,candil,1992-01,es,article,4786,full,0,,4
chat_packet_245,chat_annotation_packets_candil/packets/chat_packet_245.md,chat_annotation_packets_candil/packets/chat_packet_245.json,1224,1992-01-13-right-viii-festival-de-oto-o,VIII Festival de Otoño,candil,1992-01,es,article,4069,full,0,,5
chat_packet_246,chat_annotation_packets_candil/packets/chat_packet_246.md,chat_annotation_packets_candil/packets/chat_packet_246.json,1225,1992-01-14-right-alre-de-la-fiesta-gitana,Alreó de la fiesta gitana,candil,1992-01,es,article,5199,full,0,,1
chat_packet_246,chat_annotation_packets_candil/packets/chat_packet_246.md,chat_annotation_packets_candil/packets/chat_packet_246.json,1226,1992-01-18-right-algo-que-ya-es-historia,Algo que ya es historia,candil,1992-01,es,article,4474,head_tail_windows,2,"COMM_02, HERIT_03",2
chat_packet_246,chat_annotation_packets_candil/packets/chat_packet_246.md,chat_annotation_packets_candil/packets/chat_packet_246.json,1227,1992-01-21-right-aunque-no-quepa-en-el-papel,Aunque no quepa en el papel,candil,1992-01,es,article,4732,full,0,,3
chat_packet_246,chat_annotation_packets_candil/packets/chat_packet_246.md,chat_annotation_packets_candil/packets/chat_packet_246.json,1228,1992-01-23-left-discografia-flamenca,Discografia Flamenca,candil,1992-01,es,article,3511,full,0,,4
chat_packet_246,chat_annotation_packets_candil/packets/chat_packet_246.md,chat_annotation_packets_candil/packets/chat_packet_246.json,1229,1992-01-23-right-hablan-las-pe-as,Hablan las Peñas,candil,1992-01,es,article,1040,full,0,,5
chat_packet_247,chat_annotation_packets_candil/packets/chat_packet_247.md,chat_annotation_packets_candil/packets/chat_packet_247.json,1230,1992-01-24-left-poes-a-flamenca,Poesía flamenca,candil,1992-01,es,article,1227,full,0,,1
chat_packet_247,chat_annotation_packets_candil/packets/chat_packet_247.md,chat_annotation_packets_candil/packets/chat_packet_247.json,1231,1992-01-25-left-testimonios-de-la-prensa-andaluz,Testimonios de la Prensa andaluza contemporánea sobre la Copla popular / 1,candil,1992-01,es,article,4065,head_tail_windows,1,AUTH_03,2
chat_packet_247,chat_annotation_packets_candil/packets/chat_packet_247.md,chat_annotation_packets_candil/packets/chat_packet_247.json,1232,1992-01-28-left-buz-n-flamenco,Buzón Flamenco,candil,1992-01,es,article,4460,head_tail_windows,1,COMM_02,3
chat_packet_247,chat_annotation_packets_candil/packets/chat_packet_247.md,chat_annotation_packets_candil/packets/chat_packet_247.json,1233,1992-01-29-right-final-de-una-larga-rese-a-de-pla,Final de una larga reseña de placas gramo-fónicas,candil,1992-01,es,article,4134,full,0,,4
chat_packet_247,chat_annotation_packets_candil/packets/chat_packet_247.md,chat_annotation_packets_candil/packets/chat_packet_247.json,1234,1992-01-30-left-noticiario-flamenco-xiii-concurs,Noticiario Flamenco XIII Concurso Nacional Arte Flamenco / Córdoba,candil,1992-01,es,news_roundup,3393,full,0,,5
chat_packet_248,chat_annotation_packets_candil/packets/chat_packet_248.md,chat_annotation_packets_candil/packets/chat_packet_248.json,1235,1992-01-30-right-qu-date-con-el-cante,"""Quédate con el Cante""",candil,1992-01,es,article,134,full,0,,1
chat_packet_248,chat_annotation_packets_candil/packets/chat_packet_248.md,chat_annotation_packets_candil/packets/chat_packet_248.json,1236,1992-01-31-left-tocaores-de-hoy,TOCAORES DE HOY,candil,1992-01,es,article,945,full,0,,2
chat_packet_248,chat_annotation_packets_candil/packets/chat_packet_248.md,chat_annotation_packets_candil/packets/chat_packet_248.json,1237,1992-03-3-left-editorial,Editorial,candil,1992-03,es,article,2431,full,0,,3
chat_packet_248,chat_annotation_packets_candil/packets/chat_packet_248.md,chat_annotation_packets_candil/packets/chat_packet_248.json,1238,1992-03-3-right-apuntes-sobre-la-sole-y-la-sigui,Apuntes sobre la soleá y la siguiriya / 2,candil,1992-03,es,article,4036,head_tail_windows,2,"PED_01, COMM_01",4
chat_packet_248,chat_annotation_packets_candil/packets/chat_packet_248.md,chat_annotation_packets_candil/packets/chat_packet_248.json,1239,1992-03-6-left-vicente-soto-sordera-la-ra-z-jer,"Vicente Soto «Sordera», la raíz jerezana en Madrid",candil,1992-03,es,article,3305,head_tail_windows,1,CRIT_02,5
chat_packet_249,chat_annotation_packets_candil/packets/chat_packet_249.md,chat_annotation_packets_candil/packets/chat_packet_249.json,1240,1992-03-8-right-gitanos-y-moriscos,Gitanos y Moriscos,candil,1992-03,es,article,4690,head_tail_windows,2,"COMM_04, CRIT_02",1
chat_packet_249,chat_annotation_packets_candil/packets/chat_packet_249.md,chat_annotation_packets_candil/packets/chat_packet_249.json,1241,1992-03-13-right-enderezando-entuertos-y-ense-and,Enderezando entuertos y enseñando a quienes ignoran,candil,1992-03,es,article,3651,full,0,,2
chat_packet_249,chat_annotation_packets_candil/packets/chat_packet_249.md,chat_annotation_packets_candil/packets/chat_packet_249.json,1242,1992-03-15-left-alre-de-la-fiesta-gitana,Alreó de la fiesta gitana,candil,1992-03,es,article,4651,full,0,,3
chat_packet_249,chat_annotation_packets_candil/packets/chat_packet_249.md,chat_annotation_packets_candil/packets/chat_packet_249.json,1243,1992-03-18-right-enhorabuena-carmen,";Enhorabuena, Carmen!",candil,1992-03,es,article,1645,full,0,,4
chat_packet_249,chat_annotation_packets_candil/packets/chat_packet_249.md,chat_annotation_packets_candil/packets/chat_packet_249.json,1244,1992-03-19-left-coplas-y-poemas,Coplas y poemas,candil,1992-03,es,article,1267,full,0,,5
chat_packet_250,chat_annotation_packets_candil/packets/chat_packet_250.md,chat_annotation_packets_candil/packets/chat_packet_250.json,1245,1992-03-20-left-hemeroteca-flamenca,Hemeroteca flamenca,candil,1992-03,es,article,3576,head_tail_windows,2,"HERIT_03, PED_01",1
chat_packet_250,chat_annotation_packets_candil/packets/chat_packet_250.md,chat_annotation_packets_candil/packets/chat_packet_250.json,1246,1992-03-24-left-testimonios-de-la-prensa-andaluz,Testimonios de la Prensa andaluza contemporánea sobre la Copla popular / y 2,candil,1992-03,es,article,3143,head_tail_windows,1,CRIT_02,2
chat_packet_250,chat_annotation_packets_candil/packets/chat_packet_250.md,chat_annotation_packets_candil/packets/chat_packet_250.json,1247,1992-03-27-right-aunque-no-quepa-en-el-papel,Aunque no quepa en el papel,candil,1992-03,es,article,3696,head_tail_windows,1,CRIT_01,3
chat_packet_250,chat_annotation_packets_candil/packets/chat_packet_250.md,chat_annotation_packets_candil/packets/chat_packet_250.json,1248,1992-03-28-right-flamenca,Discografia flamenca,candil,1992-03,es,article,2984,full,0,,4
chat_packet_250,chat_annotation_packets_candil/packets/chat_packet_250.md,chat_annotation_packets_candil/packets/chat_packet_250.json,1249,1992-03-29-left-noticiario-flamenco,Noticiario flamenco,candil,1992-03,es,news_roundup,2951,head_tail_windows,1,CRIT_03,5
chat_packet_251,chat_annotation_packets_candil/packets/chat_packet_251.md,chat_annotation_packets_candil/packets/chat_packet_251.json,1250,1992-03-30-left-buz-n-flamenco,Buzón Flamenco,candil,1992-03,es,article,4305,full,0,,1
chat_packet_251,chat_annotation_packets_candil/packets/chat_packet_251.md,chat_annotation_packets_candil/packets/chat_packet_251.json,1251,1992-03-30-right-qu-date-con-el-cante,"""Quédate con el Cante""",candil,1992-03,es,article,134,full,0,,2
chat_packet_251,chat_annotation_packets_candil/packets/chat_packet_251.md,chat_annotation_packets_candil/packets/chat_packet_251.json,1252,1992-03-31-left-tocaores-de-hoy,TOCAORES DE HOY,candil,1992-03,es,article,1035,full,0,,3
chat_packet_251,chat_annotation_packets_candil/packets/chat_packet_251.md,chat_annotation_packets_candil/packets/chat_packet_251.json,1253,1992-05-3-left-editorial,Editorial,candil,1992-05,es,article,2672,full,0,,4
chat_packet_251,chat_annotation_packets_candil/packets/chat_packet_251.md,chat_annotation_packets_candil/packets/chat_packet_251.json,1254,1992-05-3-right-apuntes-sobre-la-sole-y-la-sigui,Apuntes sobre la soleá y la siguiriya / 3,candil,1992-05,es,article,3923,head_tail_windows,2,"COMM_04, PED_02",5
chat_packet_252,chat_annotation_packets_candil/packets/chat_packet_252.md,chat_annotation_packets_candil/packets/chat_packet_252.json,1255,1992-05-5-right-leo-aguilar-y-ram-n-porras,Leo Aguilar y Ramón Porras,candil,1992-05,es,article,2740,head_tail_windows,1,COMM_02,1
chat_packet_252,chat_annotation_packets_candil/packets/chat_packet_252.md,chat_annotation_packets_candil/packets/chat_packet_252.json,1256,1992-05-7-right-cr-nica-de-la-vii-semana-de-estu,Crónica de la VII Semana de Estudios Flamencos,candil,1992-05,es,article,3435,head_tail_windows,1,AUTH_04,2
chat_packet_252,chat_annotation_packets_candil/packets/chat_packet_252.md,chat_annotation_packets_candil/packets/chat_packet_252.json,1257,1992-05-10-left-manuel-cano-andaluz-universal-no,"Manuel Cano, andaluz universal Norberto",candil,1992-05,es,article,4531,head_tail_windows,1,PED_03,3
chat_packet_252,chat_annotation_packets_candil/packets/chat_packet_252.md,chat_annotation_packets_candil/packets/chat_packet_252.json,1258,1992-05-12-left-el-taranto,El taranto,candil,1992-05,es,article,3552,head_tail_windows,1,CRIT_03,4
chat_packet_252,chat_annotation_packets_candil/packets/chat_packet_252.md,chat_annotation_packets_candil/packets/chat_packet_252.json,1259,1992-05-13-right-los-pasos-del-maestro-silverio-e,Los pasos del maestro Silverio en la ciudad de Córdoba,candil,1992-05,es,article,2852,head_tail_windows,1,PED_03,5
chat_packet_253,chat_annotation_packets_candil/packets/chat_packet_253.md,chat_annotation_packets_candil/packets/chat_packet_253.json,1260,1992-05-15-right-flamenco-en-cornell,Flamenco en Cornellá,candil,1992-05,es,article,2738,head_tail_windows,1,PED_03,1
chat_packet_253,chat_annotation_packets_candil/packets/chat_packet_253.md,chat_annotation_packets_candil/packets/chat_packet_253.json,1261,1992-05-17-left-alre-de-la-fiesta-gitana,Alreó de la fiesta gitana,candil,1992-05,es,article,3119,full,0,,2
chat_packet_253,chat_annotation_packets_candil/packets/chat_packet_253.md,chat_annotation_packets_candil/packets/chat_packet_253.json,1262,1992-05-20-right-angel-de-alora-in-memoriam,"Angel de Alora, in memoriam Paco",candil,1992-05,es,article,2294,full,0,,3
chat_packet_253,chat_annotation_packets_candil/packets/chat_packet_253.md,chat_annotation_packets_candil/packets/chat_packet_253.json,1263,1992-05-21-left-coplas-y-poemas,Coplas y poemas,candil,1992-05,es,article,1455,full,0,,4
chat_packet_253,chat_annotation_packets_candil/packets/chat_packet_253.md,chat_annotation_packets_candil/packets/chat_packet_253.json,1264,1992-05-22-left-vestir-de-limpio-a-la-copla,Vestir de limpio a la copla,candil,1992-05,es,article,5886,full,0,,5
chat_packet_254,chat_annotation_packets_candil/packets/chat_packet_254.md,chat_annotation_packets_candil/packets/chat_packet_254.json,1265,1992-05-23-left-prodigio-del-cante,Prodigio del cante,candil,1992-05,es,article,3142,full,0,,1
chat_packet_254,chat_annotation_packets_candil/packets/chat_packet_254.md,chat_annotation_packets_candil/packets/chat_packet_254.json,1266,1992-05-23-right-aportaci-n-a-la-figura-de-luis-m,Aportación a la figura de Luis Molina Manuel,candil,1992-05,es,article,2595,full,0,,2
chat_packet_254,chat_annotation_packets_candil/packets/chat_packet_254.md,chat_annotation_packets_candil/packets/chat_packet_254.json,1267,1992-05-24-left-aunque-no-quepa-en-el-papel,Aunque no quepa en el papel,candil,1992-05,es,article,2561,head_tail_windows,1,COMM_03,3
chat_packet_254,chat_annotation_packets_candil/packets/chat_packet_254.md,chat_annotation_packets_candil/packets/chat_packet_254.json,1268,1992-05-25-left-flamenca,Discografia flamenca,candil,1992-05,es,article,3029,full,0,,4
chat_packet_254,chat_annotation_packets_candil/packets/chat_packet_254.md,chat_annotation_packets_candil/packets/chat_packet_254.json,1269,1992-05-25-right-de-la-teor-a-a-la-pr-ctica,De la teoría a la práctica,candil,1992-05,es,article,4075,head_tail_windows,2,"PED_02, PED_03",5
chat_packet_255,chat_annotation_packets_candil/packets/chat_packet_255.md,chat_annotation_packets_candil/packets/chat_packet_255.json,1270,1992-05-28-left-buz-n-flamenco-r-plicas,Buzón flamenco,candil,1992-05,es,article,4317,full,0,,1
chat_packet_255,chat_annotation_packets_candil/packets/chat_packet_255.md,chat_annotation_packets_candil/packets/chat_packet_255.json,1271,1992-05-28-right-noticiario-flamenco,Noticiario flamenco,candil,1992-05,es,news_roundup,3389,head_tail_windows,1,COMM_03,2
chat_packet_255,chat_annotation_packets_candil/packets/chat_packet_255.md,chat_annotation_packets_candil/packets/chat_packet_255.json,1272,1992-05-30-right-qu-date-con-el-cante,"""Quédate con el Cante""",candil,1992-05,es,article,134,full,0,,3
chat_packet_255,chat_annotation_packets_candil/packets/chat_packet_255.md,chat_annotation_packets_candil/packets/chat_packet_255.json,1273,1992-07-3-left-editorial,Editorial,candil,1992-07,es,article,2940,full,0,,4
chat_packet_255,chat_annotation_packets_candil/packets/chat_packet_255.md,chat_annotation_packets_candil/packets/chat_packet_255.json,1274,1992-07-4-left-aproximaci-n-a-la-figura-de-cama,Aproximación a la figura de Camarón de la Isla Ramón,candil,1992-07,es,article,3005,head_tail_windows,1,AUTH_02,5
chat_packet_256,chat_annotation_packets_candil/packets/chat_packet_256.md,chat_annotation_packets_candil/packets/chat_packet_256.json,1275,1992-07-5-right-camar-n-abandon-su-isla,Camarón abandonó su Isla,candil,1992-07,es,article,3970,head_tail_windows,2,"COMM_02, COMM_01",1
chat_packet_256,chat_annotation_packets_candil/packets/chat_packet_256.md,chat_annotation_packets_candil/packets/chat_packet_256.json,1276,1992-07-10-right-la-esperanza-de-creer-en-los-due,La esperanza de creer en los duendes Manuel,candil,1992-07,es,article,3865,head_tail_windows,1,CRIT_03,2
chat_packet_256,chat_annotation_packets_candil/packets/chat_packet_256.md,chat_annotation_packets_candil/packets/chat_packet_256.json,1277,1992-07-13-left-camar-n-el-ltimo-revolucionario-,Camarón: El último revolucionario del cante Ramón,candil,1992-07,es,article,3386,head_tail_windows,1,CRIT_01,3
chat_packet_256,chat_annotation_packets_candil/packets/chat_packet_256.md,chat_annotation_packets_candil/packets/chat_packet_256.json,1278,1992-07-15-right-a-un-flamenco-inolvidable,A un flamenco inolvidable Luis,candil,1992-07,es,article,2014,full,0,,4
chat_packet_256,chat_annotation_packets_candil/packets/chat_packet_256.md,chat_annotation_packets_candil/packets/chat_packet_256.json,1279,1992-07-16-left-coplas-y-poemas,Coplas y poemas,candil,1992-07,es,article,646,full,0,,5
chat_packet_257,chat_annotation_packets_candil/packets/chat_packet_257.md,chat_annotation_packets_candil/packets/chat_packet_257.json,1280,1992-07-16-right-al-camar-n-de-la-isla,Al Camarón de la Isla,candil,1992-07,es,article,1036,full,0,,1
chat_packet_257,chat_annotation_packets_candil/packets/chat_packet_257.md,chat_annotation_packets_candil/packets/chat_packet_257.json,1281,1992-07-17-right-camar-n-la-misma-verdad-distinta,"Camarón: La misma verdad, distinta forma",candil,1992-07,es,article,3901,head_tail_windows,2,"CRIT_02, PED_03",2
chat_packet_257,chat_annotation_packets_candil/packets/chat_packet_257.md,chat_annotation_packets_candil/packets/chat_packet_257.json,1282,1992-07-18-right-camar-n-de-la-isla-algo-m-s-que-,"Camarón de la Isla, algo más que un cantaor",candil,1992-07,es,article,3145,full,0,,3
chat_packet_257,chat_annotation_packets_candil/packets/chat_packet_257.md,chat_annotation_packets_candil/packets/chat_packet_257.json,1283,1992-07-19-right-camar-n-para-siempre-recuerdos-y,Camarón para siempre (Recuerdos y retazos de nuestro último? encuentro con José Monje),candil,1992-07,es,article,3266,head_tail_windows,1,CRIT_02,4
chat_packet_257,chat_annotation_packets_candil/packets/chat_packet_257.md,chat_annotation_packets_candil/packets/chat_packet_257.json,1284,1992-07-22-right-el-caro-precio-de-la-gloria-la-f,"El caro precio de la gloria, la fama y el dinero Antonio",candil,1992-07,es,article,4611,full,0,,5
chat_packet_258,chat_annotation_packets_candil/packets/chat_packet_258.md,chat_annotation_packets_candil/packets/chat_packet_258.json,1285,1992-07-23-right-muerte-anunciada,Muerte anunciada,candil,1992-07,es,article,4305,full,0,,1
chat_packet_258,chat_annotation_packets_candil/packets/chat_packet_258.md,chat_annotation_packets_candil/packets/chat_packet_258.json,1286,1992-07-25-left-pasi-n-muerte-y-ascensi-n-a-los-,"Pasión, muerte y ascensión a los cielos de Camarón de la Isla José Luis",candil,1992-07,es,article,5378,full,0,,2
chat_packet_258,chat_annotation_packets_candil/packets/chat_packet_258.md,chat_annotation_packets_candil/packets/chat_packet_258.json,1287,1992-07-26-left-gracia-y-hondura-juan,Gracia y hondura Juan,candil,1992-07,es,article,2687,head_tail_windows,1,PED_03,3
chat_packet_258,chat_annotation_packets_candil/packets/chat_packet_258.md,chat_annotation_packets_candil/packets/chat_packet_258.json,1288,1992-07-27-right-alre-de-la-fiesta-gitana,Alreó de la fiesta gitana,candil,1992-07,es,article,934,full,0,,4
chat_packet_258,chat_annotation_packets_candil/packets/chat_packet_258.md,chat_annotation_packets_candil/packets/chat_packet_258.json,1289,1992-07-29-left-camar-n-de-la-isla,Camarón de la Isla,candil,1992-07,es,article,3386,head_tail_windows,1,CRIT_03,5
chat_packet_259,chat_annotation_packets_candil/packets/chat_packet_259.md,chat_annotation_packets_candil/packets/chat_packet_259.json,1290,1992-09-3-right-apuntes-sobre-la-sole-y-la-sigui,Apuntes sobre la soleá y la siguiriya (y 4),candil,1992-09,es,article,3187,head_tail_windows,1,HERIT_03,1
chat_packet_259,chat_annotation_packets_candil/packets/chat_packet_259.md,chat_annotation_packets_candil/packets/chat_packet_259.json,1291,1992-09-7-left-ocho-im-genes-de-ocasi-n,Ocho imágenes de ocasión,candil,1992-09,es,article,2465,full,0,,2
chat_packet_259,chat_annotation_packets_candil/packets/chat_packet_259.md,chat_annotation_packets_candil/packets/chat_packet_259.json,1292,1992-09-8-right-por-malague-as,Por malagueñas Paco,candil,1992-09,es,article,3823,full,0,,3
chat_packet_259,chat_annotation_packets_candil/packets/chat_packet_259.md,chat_annotation_packets_candil/packets/chat_packet_259.json,1293,1992-09-9-left-loli-la-revoltosa,Loli La Revoltosa,candil,1992-09,es,article,3761,head_tail_windows,1,COMM_04,4
chat_packet_259,chat_annotation_packets_candil/packets/chat_packet_259.md,chat_annotation_packets_candil/packets/chat_packet_259.json,1294,1992-09-12-left-i-congreso-de-cr-ticos-de-arte-f,I Congreso de Críticos de Arte Flamenco José Luis,candil,1992-09,es,article,3471,full,0,,5
chat_packet_260,chat_annotation_packets_candil/packets/chat_packet_260.md,chat_annotation_packets_candil/packets/chat_packet_260.json,1295,1992-09-12-right-ja-n-cuna-de-la-asociaci-n-de-cr,"Jaén, cuna de la Asociación de Críticos de Arte Flamenco Rafael",candil,1992-09,es,article,2545,full,0,,1
chat_packet_260,chat_annotation_packets_candil/packets/chat_packet_260.md,chat_annotation_packets_candil/packets/chat_packet_260.json,1296,1992-09-13-right-la-bienal-ese-hermoso-disparate-,"La Bienal, «ese hermoso disparate» (2.ª edición)",candil,1992-09,es,article,2857,head_tail_windows,1,CRIT_04,2
chat_packet_260,chat_annotation_packets_candil/packets/chat_packet_260.md,chat_annotation_packets_candil/packets/chat_packet_260.json,1297,1992-09-14-left-bienal-x27-92-la-consumaci-n-de-,Bienal&#x27;92. La consumación de los tiempos,candil,1992-09,es,article,2774,full,0,,3
chat_packet_260,chat_annotation_packets_candil/packets/chat_packet_260.md,chat_annotation_packets_candil/packets/chat_packet_260.json,1298,1992-09-15-left-poes-a-jos-luis,Poesía José Luis,candil,1992-09,es,article,1614,full,0,,4
chat_packet_260,chat_annotation_packets_candil/packets/chat_packet_260.md,chat_annotation_packets_candil/packets/chat_packet_260.json,1299,1992-09-16-right-jos-heredia-joselete-figura-cant,"José Heredia «Joselete», ¿figura cantaora? Rafael",candil,1992-09,es,article,3941,head_tail_windows,1,AUTH_03,5
chat_packet_261,chat_annotation_packets_candil/packets/chat_packet_261.md,chat_annotation_packets_candil/packets/chat_packet_261.json,1300,1992-09-17-left-sobre-el-gratuito-invento-del-ca,Sobre el gratuito invento del cante gitano,candil,1992-09,es,article,3203,head_tail_windows,1,PED_02,1
chat_packet_261,chat_annotation_packets_candil/packets/chat_packet_261.md,chat_annotation_packets_candil/packets/chat_packet_261.json,1301,1992-09-18-right-cr-nica-del-xx-congreso-de-arte-,Crónica del XX Congreso de Arte Flamenco de Huelva José Luis Buendía López (Enviado especial de CANDIL),candil,1992-09,es,article,3803,head_tail_windows,1,CRIT_04,2
chat_packet_261,chat_annotation_packets_candil/packets/chat_packet_261.md,chat_annotation_packets_candil/packets/chat_packet_261.json,1302,1992-09-23-left-el-arte-de-mario-maya-y-el-miste,El arte de Mario Maya y «El Mistela» en Huelva Rafael,candil,1992-09,es,article,2990,head_tail_windows,1,HERIT_03,3
chat_packet_261,chat_annotation_packets_candil/packets/chat_packet_261.md,chat_annotation_packets_candil/packets/chat_packet_261.json,1303,1992-09-24-left-presentado-el-libro-antonio-mair,Presentado el libro «Antonio Mairena en el mundo de la siguiriya y la soleá» de Luis Soler Guevara y Ramón Soler Díaz Pedro,candil,1992-09,es,article,3439,full,0,,4
chat_packet_261,chat_annotation_packets_candil/packets/chat_packet_261.md,chat_annotation_packets_candil/packets/chat_packet_261.json,1304,1992-09-24-right-aunque-no-quepa-en-el-papel,Aunque no quepa en el papel José Luis,candil,1992-09,es,article,3414,full,0,,5
chat_packet_262,chat_annotation_packets_candil/packets/chat_packet_262.md,chat_annotation_packets_candil/packets/chat_packet_262.json,1305,1992-09-25-left-enderezando-entuertos,Enderezando entuertos Manuel,candil,1992-09,es,article,4164,full,0,,1
chat_packet_262,chat_annotation_packets_candil/packets/chat_packet_262.md,chat_annotation_packets_candil/packets/chat_packet_262.json,1306,1992-09-27-right-alre-de-la-fiesta-gitana,Alreó de la fiesta gitana,candil,1992-09,es,article,2964,full,0,,2
chat_packet_262,chat_annotation_packets_candil/packets/chat_packet_262.md,chat_annotation_packets_candil/packets/chat_packet_262.json,1307,1992-09-30-left-las-poes-as-de-los-gitanos-publi,"Las «Poesías de los gitanos», publicadas por George Borrow en 1841. Edición íntegra Arie",candil,1992-09,es,article,4190,head_tail_windows,1,PED_03,3
chat_packet_262,chat_annotation_packets_candil/packets/chat_packet_262.md,chat_annotation_packets_candil/packets/chat_packet_262.json,1308,1992-09-34-right-qu-date-con-el-cante,"""Quédate con el Cante""",candil,1992-09,es,article,168,full,0,,4
chat_packet_262,chat_annotation_packets_candil/packets/chat_packet_262.md,chat_annotation_packets_candil/packets/chat_packet_262.json,1309,1992-11-3-left-anselmo-gonz-lez-climent,Anselmo González Climent,candil,1992-11,es,editorial,3439,full,0,,5
chat_packet_263,chat_annotation_packets_candil/packets/chat_packet_263.md,chat_annotation_packets_candil/packets/chat_packet_263.json,1310,1992-11-3-right-anselmo-gonz-lez-climent-o-el-si,Anselmo González Climent o el sino de un intelectual,candil,1992-11,es,article,3603,head_tail_windows,1,CRIT_01,1
chat_packet_263,chat_annotation_packets_candil/packets/chat_packet_263.md,chat_annotation_packets_candil/packets/chat_packet_263.json,1311,1992-11-9-right-percepciones-epistolares-sobre-l,Percepciones epistolares sobre la obra de González Climent Ramón,candil,1992-11,es,article,4461,head_tail_windows,2,"CRIT_01, CRIT_03",2
chat_packet_263,chat_annotation_packets_candil/packets/chat_packet_263.md,chat_annotation_packets_candil/packets/chat_packet_263.json,1312,1992-11-13-right-en-torno-a-anselmo,En torno a Anselmo,candil,1992-11,es,article,1144,full,0,,3
chat_packet_263,chat_annotation_packets_candil/packets/chat_packet_263.md,chat_annotation_packets_candil/packets/chat_packet_263.json,1313,1992-11-14-left-para-anselmo,Para Anselmo,candil,1992-11,es,article,694,full,0,,4
chat_packet_263,chat_annotation_packets_candil/packets/chat_packet_263.md,chat_annotation_packets_candil/packets/chat_packet_263.json,1314,1992-11-14-right-homenaje-al-amigo,Homenaje al amigo,candil,1992-11,es,article,1532,full,0,,5
chat_packet_264,chat_annotation_packets_candil/packets/chat_packet_264.md,chat_annotation_packets_candil/packets/chat_packet_264.json,1315,1992-11-15-left-dos-soleares,Dos soleares,candil,1992-11,es,article,835,full,0,,1
chat_packet_264,chat_annotation_packets_candil/packets/chat_packet_264.md,chat_annotation_packets_candil/packets/chat_packet_264.json,1316,1992-11-16-left-derroteros-pedro,Derroteros Pedro,candil,1992-11,es,article,2892,head_tail_windows,1,AUTH_02,2
chat_packet_264,chat_annotation_packets_candil/packets/chat_packet_264.md,chat_annotation_packets_candil/packets/chat_packet_264.json,1317,1992-11-17-left-la-intimidad-flamenca-de-ricardo,La intimidad flamenca de Ricardo Molina,candil,1992-11,es,article,4704,head_tail_windows,1,HERIT_02,3
chat_packet_264,chat_annotation_packets_candil/packets/chat_packet_264.md,chat_annotation_packets_candil/packets/chat_packet_264.json,1318,1992-11-18-right-gonz-lez-climent-y-la-d-cada-pro,González Climent y la década prodigiosa,candil,1992-11,es,article,3073,head_tail_windows,1,CRIT_02,4
chat_packet_264,chat_annotation_packets_candil/packets/chat_packet_264.md,chat_annotation_packets_candil/packets/chat_packet_264.json,1319,1992-11-20-left-discurso-de-ingreso-en-la-real-a,Discurso de ingreso en la Real Academia Sevillana de Buenas Letras Anselmo,candil,1992-11,es,article,4279,head_tail_windows,2,"CRIT_02, PED_02",5
chat_packet_265,chat_annotation_packets_candil/packets/chat_packet_265.md,chat_annotation_packets_candil/packets/chat_packet_265.json,1320,1992-11-25-left-segunda-reuni-n-con-fosforito-an,Segunda reunión con Fosforito Anselmo,candil,1992-11,es,article,3477,head_tail_windows,1,HERIT_03,1
chat_packet_265,chat_annotation_packets_candil/packets/chat_packet_265.md,chat_annotation_packets_candil/packets/chat_packet_265.json,1321,1992-11-33-left-o-do-al-cante-pedro,Oído al cante Pedro,candil,1992-11,es,article,2892,head_tail_windows,1,PED_03,2
chat_packet_265,chat_annotation_packets_candil/packets/chat_packet_265.md,chat_annotation_packets_candil/packets/chat_packet_265.json,1322,1992-11-36-right-tauromagia,Tauromagia,candil,1992-11,es,article,1722,full,0,,3
chat_packet_265,chat_annotation_packets_candil/packets/chat_packet_265.md,chat_annotation_packets_candil/packets/chat_packet_265.json,1323,1992-11-37-right-gonz-lez-climent-flamenc-logo-lu,González Climent flamencólogo Luis de Córdoba,candil,1992-11,es,article,4326,head_tail_windows,2,"CRIT_03, HERIT_02",4
chat_packet_265,chat_annotation_packets_candil/packets/chat_packet_265.md,chat_annotation_packets_candil/packets/chat_packet_265.json,1324,1992-11-41-left-en-memoria-de-anselmo,En memoria de Anselmo González Climent Manuel,candil,1992-11,es,article,5774,full,0,,5
chat_packet_266,chat_annotation_packets_candil/packets/chat_packet_266.md,chat_annotation_packets_candil/packets/chat_packet_266.json,1325,1992-11-42-left-a-modo-de-homenaje,A modo de homenaje,candil,1992-11,es,article,3059,head_tail_windows,1,COMM_02,1
chat_packet_266,chat_annotation_packets_candil/packets/chat_packet_266.md,chat_annotation_packets_candil/packets/chat_packet_266.json,1326,1992-11-43-left-aunque-no-quepa-en-el-papel,Aunque no quepa en el papel...,candil,1992-11,es,article,2481,full,0,,2
chat_packet_266,chat_annotation_packets_candil/packets/chat_packet_266.md,chat_annotation_packets_candil/packets/chat_packet_266.json,1327,1992-11-43-right-casta-o-de-india,Castanño de Indias,candil,1992-11,es,article,1130,full,0,,3
chat_packet_266,chat_annotation_packets_candil/packets/chat_packet_266.md,chat_annotation_packets_candil/packets/chat_packet_266.json,1328,1992-11-44-left-de-l-tambi-n-se-ha-dicho-selecci,De él también se ha dicho... Selección de Pedro Sánchez Ortega,candil,1992-11,es,article,3002,head_tail_windows,1,CRIT_01,4
chat_packet_266,chat_annotation_packets_candil/packets/chat_packet_266.md,chat_annotation_packets_candil/packets/chat_packet_266.json,1329,1992-11-47-left-carta-p-stuma-de-paco,Carta póstuma de Paco,candil,1992-11,es,article,1593,full,0,,5
chat_packet_267,chat_annotation_packets_candil/packets/chat_packet_267.md,chat_annotation_packets_candil/packets/chat_packet_267.json,1330,1992-11-47-right-anselmo-gonz-lez-climent-cat-log,Catálogo de obras,candil,1992-11,es,article,2733,head_tail_windows,1,COMM_03,1
chat_packet_267,chat_annotation_packets_candil/packets/chat_packet_267.md,chat_annotation_packets_candil/packets/chat_packet_267.json,1331,1993-01-3-left-editorial,Editorial,candil,1993-01,es,article,2499,full,0,,2
chat_packet_267,chat_annotation_packets_candil/packets/chat_packet_267.md,chat_annotation_packets_candil/packets/chat_packet_267.json,1332,1993-01-3-right-castellanos-y-otros-extranjeros,Castellanos y otros extranjeros Angel,candil,1993-01,es,article,2857,head_tail_windows,1,PED_03,3
chat_packet_267,chat_annotation_packets_candil/packets/chat_packet_267.md,chat_annotation_packets_candil/packets/chat_packet_267.json,1333,1993-01-5-left-josefa-bastos-otero,Josefa Bastos Otero,candil,1993-01,es,article,3192,head_tail_windows,1,COMM_03,4
chat_packet_267,chat_annotation_packets_candil/packets/chat_packet_267.md,chat_annotation_packets_candil/packets/chat_packet_267.json,1334,1993-01-7-left-del-ayer-al-futuro-caracter-stic,Del ayer al futuro: Características del periodo dismo flamenco Manuel,candil,1993-01,es,article,4922,head_tail_windows,2,"CRIT_01, COMM_03",5
chat_packet_268,chat_annotation_packets_candil/packets/chat_packet_268.md,chat_annotation_packets_candil/packets/chat_packet_268.json,1335,1993-01-10-right-ix-distinci-n-comp-s-del-cante,IX Distinción Compás del Cante José Luis,candil,1993-01,es,article,3342,full,0,,1
chat_packet_268,chat_annotation_packets_candil/packets/chat_packet_268.md,chat_annotation_packets_candil/packets/chat_packet_268.json,1336,1993-01-11-left-recordando-al-beni-de-c-diz-jos-,Recordando al «Beni de Cádiz» José Núñez de Castro Gómez,candil,1993-01,es,article,3149,full,0,,2
chat_packet_268,chat_annotation_packets_candil/packets/chat_packet_268.md,chat_annotation_packets_candil/packets/chat_packet_268.json,1337,1993-01-12-left-flamenca,flamenca,candil,1993-01,es,article,3166,full,0,,3
chat_packet_268,chat_annotation_packets_candil/packets/chat_packet_268.md,chat_annotation_packets_candil/packets/chat_packet_268.json,1338,1993-01-13-left-a-prop-sito-de-la-conferencia-de,A propósito de la conferencia de Alvarez Caballero en Córdoba o el crítico criticado Norberto,candil,1993-01,es,article,5023,full,0,,4
chat_packet_268,chat_annotation_packets_candil/packets/chat_packet_268.md,chat_annotation_packets_candil/packets/chat_packet_268.json,1339,1993-01-13-right-alre-de-la-fiesta-gitana,Alreó de la fiesta gitana,candil,1993-01,es,article,170,full,0,,5
chat_packet_269,chat_annotation_packets_candil/packets/chat_packet_269.md,chat_annotation_packets_candil/packets/chat_packet_269.json,1340,1993-01-17-right-noticiario-flamenco-francisco-hi,Noticiario flamenco Francisco Hidalgo 301 Cantos y cantes de la Saeta,candil,1993-01,es,article,3161,head_tail_windows,1,PED_02,1
chat_packet_269,chat_annotation_packets_candil/packets/chat_packet_269.md,chat_annotation_packets_candil/packets/chat_packet_269.json,1341,1993-01-18-right-cantos-y-cantes-de-la-saeta,Cantos y cantes de la Saeta,candil,1993-01,es,article,5025,head_tail_windows,1,COMM_01,2
chat_packet_269,chat_annotation_packets_candil/packets/chat_packet_269.md,chat_annotation_packets_candil/packets/chat_packet_269.json,1342,1993-03-3-left-editorial,Editorial,candil,1993-03,es,article,2674,full,0,,3
chat_packet_269,chat_annotation_packets_candil/packets/chat_packet_269.md,chat_annotation_packets_candil/packets/chat_packet_269.json,1343,1993-03-4-left-tom-s-pab-n-cien-a-os,Tomás Pabón: Cien años,candil,1993-03,es,article,4731,head_tail_windows,1,CRIT_03,4
chat_packet_269,chat_annotation_packets_candil/packets/chat_packet_269.md,chat_annotation_packets_candil/packets/chat_packet_269.json,1344,1993-03-6-left-sobre-algunas-teor-as-antigitan-,Sobre algunas teorías antigitanísticas,candil,1993-03,es,article,5036,head_tail_windows,3,"CRIT_04, HERIT_02, COMM_03",5
chat_packet_270,chat_annotation_packets_candil/packets/chat_packet_270.md,chat_annotation_packets_candil/packets/chat_packet_270.json,1345,1993-03-9-left-antonio-ranchal-y-alvarez-de-sot,Antonio Ranchal y Alvarez de Sotomayor Rafael,candil,1993-03,es,article,3178,head_tail_windows,1,CRIT_01,1
chat_packet_270,chat_annotation_packets_candil/packets/chat_packet_270.md,chat_annotation_packets_candil/packets/chat_packet_270.json,1346,1993-03-11-left-viii-semana-de-estudios-flamenco,VIII Semana de Estudios Flamencos Rafael,candil,1993-03,es,article,3712,head_tail_windows,1,CRIT_04,2
chat_packet_270,chat_annotation_packets_candil/packets/chat_packet_270.md,chat_annotation_packets_candil/packets/chat_packet_270.json,1347,1993-03-12-right-cantes-de-levante-cantes-mineros,Cantes de Levante; cantes mineros; cantes de Cartagena Juan,candil,1993-03,es,article,3427,head_tail_windows,1,COMM_01,3
chat_packet_270,chat_annotation_packets_candil/packets/chat_packet_270.md,chat_annotation_packets_candil/packets/chat_packet_270.json,1348,1993-03-14-left-cr-tica-y-flamencolog-a-aurelio,Crítica y Flamencología Aurelio,candil,1993-03,es,article,3032,head_tail_windows,1,CRIT_01,4
chat_packet_270,chat_annotation_packets_candil/packets/chat_packet_270.md,chat_annotation_packets_candil/packets/chat_packet_270.json,1349,1993-03-16-left-desdramatizar-la-copla,Desdramatizar la copla José Luis,candil,1993-03,es,article,3073,head_tail_windows,1,CRIT_03,5
chat_packet_271,chat_annotation_packets_candil/packets/chat_packet_271.md,chat_annotation_packets_candil/packets/chat_packet_271.json,1350,1993-03-17-right-siguiriyas-gitanas,Siguiriyas gitanas,candil,1993-03,es,article,537,full,0,,1
chat_packet_271,chat_annotation_packets_candil/packets/chat_packet_271.md,chat_annotation_packets_candil/packets/chat_packet_271.json,1351,1993-03-18-left-ritmos-de-ida-de-vuelta-y-de-vai,"Ritmos de ida, de vuelta y de vaivén",candil,1993-03,es,article,3237,head_tail_windows,1,COMM_03,2
chat_packet_271,chat_annotation_packets_candil/packets/chat_packet_271.md,chat_annotation_packets_candil/packets/chat_packet_271.json,1352,1993-03-20-right-alre-de-la-fiesta-gitana,Alreó de la fiesta gitana,candil,1993-03,es,article,890,full,0,,3
chat_packet_271,chat_annotation_packets_candil/packets/chat_packet_271.md,chat_annotation_packets_candil/packets/chat_packet_271.json,1353,1993-03-24-left-aunque-no-quepa-en-el-papel-jos-,Aunque no quepa en el papel... José Luis,candil,1993-03,es,article,3475,head_tail_windows,1,CRIT_03,4
chat_packet_271,chat_annotation_packets_candil/packets/chat_packet_271.md,chat_annotation_packets_candil/packets/chat_packet_271.json,1354,1993-03-25-left-noticiario-flamenco-congreso-de-,Noticiario Flamenco Congreso de Arte Flamenco en París,candil,1993-03,es,news_roundup,4228,full,0,,5
chat_packet_272,chat_annotation_packets_candil/packets/chat_packet_272.md,chat_annotation_packets_candil/packets/chat_packet_272.json,1355,1993-03-25-right-todos-los-festivales-flamencos,Todos los festivales flamencos,candil,1993-03,es,article,3670,head_tail_windows,1,HERIT_03,1
chat_packet_272,chat_annotation_packets_candil/packets/chat_packet_272.md,chat_annotation_packets_candil/packets/chat_packet_272.json,1356,1993-03-26-right-qu-date-con-el-cante,"""Quédate con el Cante""",candil,1993-03,es,article,41,full,0,,2
chat_packet_272,chat_annotation_packets_candil/packets/chat_packet_272.md,chat_annotation_packets_candil/packets/chat_packet_272.json,1357,1993-05-3-left-editorial,Editorial,candil,1993-05,es,article,2729,full,0,,3
chat_packet_272,chat_annotation_packets_candil/packets/chat_packet_272.md,chat_annotation_packets_candil/packets/chat_packet_272.json,1358,1993-05-4-left-silverio-franconetti-aproximaci-,Silverio Franconetti. Aproximación a su vida y a su cante José,candil,1993-05,es,article,3577,head_tail_windows,1,CRIT_04,4
chat_packet_272,chat_annotation_packets_candil/packets/chat_packet_272.md,chat_annotation_packets_candil/packets/chat_packet_272.json,1359,1993-05-10-left-el-disparate-flamenco,El disparate flamenco,candil,1993-05,es,article,4274,head_tail_windows,1,CRIT_03,5
chat_packet_273,chat_annotation_packets_candil/packets/chat_packet_273.md,chat_annotation_packets_candil/packets/chat_packet_273.json,1360,1993-05-11-left-emilio-gonz-lez-de-herv-s,Emilio González de Hervás,candil,1993-05,es,article,609,full,0,,1
chat_packet_273,chat_annotation_packets_candil/packets/chat_packet_273.md,chat_annotation_packets_candil/packets/chat_packet_273.json,1361,1993-05-12-left-jos-menese-scott-rafael,José Menese Scott Rafael,candil,1993-05,es,article,3231,head_tail_windows,1,COMM_02,2
chat_packet_273,chat_annotation_packets_candil/packets/chat_packet_273.md,chat_annotation_packets_candil/packets/chat_packet_273.json,1362,1993-05-14-left-el-lenguaje-de-la-cr-tica-flamen,El lenguaje de la crítica flamenca en los medios de comunicación,candil,1993-05,es,article,3699,head_tail_windows,1,CRIT_03,3
chat_packet_273,chat_annotation_packets_candil/packets/chat_packet_273.md,chat_annotation_packets_candil/packets/chat_packet_273.json,1363,1993-05-18-left-sinopsis-hist-rica-de-los-cantes,Sinopsis histórica de los cantes de Carta gena,candil,1993-05,es,article,4951,head_tail_windows,2,"AUTH_02, AUTH_03",4
chat_packet_273,chat_annotation_packets_candil/packets/chat_packet_273.md,chat_annotation_packets_candil/packets/chat_packet_273.json,1364,1993-05-21-right-alre-de-la-fiesta-gitana,Alreó de la fiesta gitana,candil,1993-05,es,article,2150,full,0,,5
chat_packet_274,chat_annotation_packets_candil/packets/chat_packet_274.md,chat_annotation_packets_candil/packets/chat_packet_274.json,1365,1993-05-24-left-el-flamenco-en-la-universidad,El flamenco en la Universidad José,candil,1993-05,es,article,3297,head_tail_windows,1,PED_03,1
chat_packet_274,chat_annotation_packets_candil/packets/chat_packet_274.md,chat_annotation_packets_candil/packets/chat_packet_274.json,1366,1993-05-25-right-aunque-no-quepa-en-el-papel,Aunque no quepa en el papel,candil,1993-05,es,article,5829,full,0,,2
chat_packet_274,chat_annotation_packets_candil/packets/chat_packet_274.md,chat_annotation_packets_candil/packets/chat_packet_274.json,1367,1993-07-3-left-editorial,Editorial,candil,1993-07,es,editorial,2496,full,0,,3
chat_packet_274,chat_annotation_packets_candil/packets/chat_packet_274.md,chat_annotation_packets_candil/packets/chat_packet_274.json,1368,1993-07-4-left-antonio-mairena-la-necesidad-del,Antonio Mairena: La necesidad del sentido común,candil,1993-07,es,article,4689,head_tail_windows,1,CRIT_04,4
chat_packet_274,chat_annotation_packets_candil/packets/chat_packet_274.md,chat_annotation_packets_candil/packets/chat_packet_274.json,1369,1993-07-5-right-antonio-mairena-ante-los-valores,Antonio Mairena ante los valores y la historia del cante,candil,1993-07,es,article,3816,head_tail_windows,1,CRIT_02,5
chat_packet_275,chat_annotation_packets_candil/packets/chat_packet_275.md,chat_annotation_packets_candil/packets/chat_packet_275.json,1370,1993-07-12-left-el-recuerdo-de-una-vida-consagra,El recuerdo de una vida consagrada al flamenco,candil,1993-07,es,article,3014,head_tail_windows,1,COMM_03,1
chat_packet_275,chat_annotation_packets_candil/packets/chat_packet_275.md,chat_annotation_packets_candil/packets/chat_packet_275.json,1371,1993-07-14-left-a-antonio-mirena-poes-a,A Antonio Mirena Poesía,candil,1993-07,es,article,597,full,0,,2
chat_packet_275,chat_annotation_packets_candil/packets/chat_packet_275.md,chat_annotation_packets_candil/packets/chat_packet_275.json,1372,1993-07-14-right-oda-a-antonio-mairena,Oda a Antonio Mairena Poesía,candil,1993-07,es,article,529,full,0,,3
chat_packet_275,chat_annotation_packets_candil/packets/chat_packet_275.md,chat_annotation_packets_candil/packets/chat_packet_275.json,1373,1993-07-15-left-manuel-mairena,Manuel Mairena,candil,1993-07,es,article,4352,head_tail_windows,1,COMM_04,4
chat_packet_275,chat_annotation_packets_candil/packets/chat_packet_275.md,chat_annotation_packets_candil/packets/chat_packet_275.json,1374,1993-07-17-right-alre-de-la-fiesta-gitana,Alreó de la fiesta gitana,candil,1993-07,es,article,2113,full,0,,5
chat_packet_276,chat_annotation_packets_candil/packets/chat_packet_276.md,chat_annotation_packets_candil/packets/chat_packet_276.json,1375,1993-07-22-left-flamenca,Discografia flamenca,candil,1993-07,es,article,3125,full,0,,1
chat_packet_276,chat_annotation_packets_candil/packets/chat_packet_276.md,chat_annotation_packets_candil/packets/chat_packet_276.json,1376,1993-07-22-right-aunque-no-quepa-en-el-papel,Aunque no quepa en el papel,candil,1993-07,es,article,4041,head_tail_windows,2,"CRIT_03, PED_01",2
chat_packet_276,chat_annotation_packets_candil/packets/chat_packet_276.md,chat_annotation_packets_candil/packets/chat_packet_276.json,1377,1993-07-24-left-juan-francisco-reyes-osuna-el-ca,"Juan-Francisco Reyes Osuna, «El Canario de Alora»",candil,1993-07,es,article,2409,full,0,,3
chat_packet_276,chat_annotation_packets_candil/packets/chat_packet_276.md,chat_annotation_packets_candil/packets/chat_packet_276.json,1378,1993-07-25-right-noticiario-flamenco,Noticiario flamenco,candil,1993-07,es,news_roundup,2946,head_tail_windows,1,CRIT_01,4
chat_packet_276,chat_annotation_packets_candil/packets/chat_packet_276.md,chat_annotation_packets_candil/packets/chat_packet_276.json,1379,1993-07-26-right-qu-date-con-el-cante,"""Quédate con el Cante""",candil,1993-07,es,article,41,full,0,,5
chat_packet_277,chat_annotation_packets_candil/packets/chat_packet_277.md,chat_annotation_packets_candil/packets/chat_packet_277.json,1380,1993-09-3-left-editorial,Editorial,candil,1993-09,es,article,2127,full,0,,1
chat_packet_277,chat_annotation_packets_candil/packets/chat_packet_277.md,chat_annotation_packets_candil/packets/chat_packet_277.json,1381,1993-09-3-right-un-d-a-con-diego,Un día con Diego,candil,1993-09,es,article,4248,full,0,,2
chat_packet_277,chat_annotation_packets_candil/packets/chat_packet_277.md,chat_annotation_packets_candil/packets/chat_packet_277.json,1382,1993-09-4-right-la-guitarra-creadora-de-diego-de,La guitarra creadora de Diego del Gastor Domingo,candil,1993-09,es,article,3206,head_tail_windows,1,PED_02,3
chat_packet_277,chat_annotation_packets_candil/packets/chat_packet_277.md,chat_annotation_packets_candil/packets/chat_packet_277.json,1383,1993-09-6-right-glosario-antol-gico-a-diego-del-,Glosario antológico a Diego del Gastor Varios autores,candil,1993-09,es,article,2725,head_tail_windows,1,COMM_04,4
chat_packet_277,chat_annotation_packets_candil/packets/chat_packet_277.md,chat_annotation_packets_candil/packets/chat_packet_277.json,1384,1993-09-9-right-junto-al-r-o-espartero,Junto al río Espartero,candil,1993-09,es,article,2043,full,0,,5
chat_packet_278,chat_annotation_packets_candil/packets/chat_packet_278.md,chat_annotation_packets_candil/packets/chat_packet_278.json,1385,1993-09-10-left-joaqu-n-jim-nez-dom-nguez-el-sal,Joaquín Jiménez Domínguez «El Salmonete» Rafael,candil,1993-09,es,article,3755,head_tail_windows,1,CRIT_03,1
chat_packet_278,chat_annotation_packets_candil/packets/chat_packet_278.md,chat_annotation_packets_candil/packets/chat_packet_278.json,1386,1993-09-12-right-deontolog-a-y-funciones-de-la-cr,Deontología y funciones de la crítica flamenca Manuel,candil,1993-09,es,article,3842,head_tail_windows,2,"CRIT_01, COMM_03",2
chat_packet_278,chat_annotation_packets_candil/packets/chat_packet_278.md,chat_annotation_packets_candil/packets/chat_packet_278.json,1387,1993-09-16-left-el-coraz-n-manda-rafael,El corazón manda Rafael,candil,1993-09,es,article,5738,full,0,,3
chat_packet_278,chat_annotation_packets_candil/packets/chat_packet_278.md,chat_annotation_packets_candil/packets/chat_packet_278.json,1388,1993-09-17-right-aunque-no-quepa-en-el-papel-jos-,Aunque no quepa en el papel... José Luis,candil,1993-09,es,article,3970,head_tail_windows,2,"AUTH_01, PED_02",4
chat_packet_278,chat_annotation_packets_candil/packets/chat_packet_278.md,chat_annotation_packets_candil/packets/chat_packet_278.json,1389,1993-09-18-right-alre-de-la-fiesta-gitana-miguel-,Alreó de la fiesta gitana Miguel Alcalá-Manuel,candil,1993-09,es,article,2183,full,0,,5
chat_packet_279,chat_annotation_packets_candil/packets/chat_packet_279.md,chat_annotation_packets_candil/packets/chat_packet_279.json,1390,1993-09-22-right-el-xxi-congreso-de-arte-flamenco,"El XXI Congreso de Arte Flamenco, en París",candil,1993-09,es,article,5774,full,0,,1
chat_packet_279,chat_annotation_packets_candil/packets/chat_packet_279.md,chat_annotation_packets_candil/packets/chat_packet_279.json,1391,1993-09-23-left-discograf-a-flamenca-rafael,Discografía flamenca Rafael,candil,1993-09,es,article,3071,full,0,,2
chat_packet_279,chat_annotation_packets_candil/packets/chat_packet_279.md,chat_annotation_packets_candil/packets/chat_packet_279.json,1392,1993-09-23-right-noticiario-flamenco,Noticiario flamenco,candil,1993-09,es,news_roundup,3552,head_tail_windows,1,COMM_02,3
chat_packet_279,chat_annotation_packets_candil/packets/chat_packet_279.md,chat_annotation_packets_candil/packets/chat_packet_279.json,1393,1993-09-26-left-cartas-al-director-agust-n-g-mez,Cartas al Director Agustín Gómez y su vuelta a Charamusco,candil,1993-09,es,article,4347,head_tail_windows,1,COMM_02,4
chat_packet_279,chat_annotation_packets_candil/packets/chat_packet_279.md,chat_annotation_packets_candil/packets/chat_packet_279.json,1394,1993-09-26-right-qu-date-con-el-cante,"""Quédate con el Cante""",candil,1993-09,es,article,58,full,0,,5
chat_packet_280,chat_annotation_packets_candil/packets/chat_packet_280.md,chat_annotation_packets_candil/packets/chat_packet_280.json,1395,1993-11-3-left-editorial,Editorial,candil,1993-11,es,article,1908,full,0,,1
chat_packet_280,chat_annotation_packets_candil/packets/chat_packet_280.md,chat_annotation_packets_candil/packets/chat_packet_280.json,1396,1993-11-4-left-los-subrayados-de-anselmo-gonz-l,Los subrayados de Anselmo González Climent Ramón,candil,1993-11,es,article,4000,head_tail_windows,2,"AUTH_02, PED_02",2
chat_packet_280,chat_annotation_packets_candil/packets/chat_packet_280.md,chat_annotation_packets_candil/packets/chat_packet_280.json,1397,1993-11-5-right-jos-manuel-rodr-guez-el-mistela-,José Manuel Rodríguez «El Mistela» José M,candil,1993-11,es,article,2834,head_tail_windows,1,HERIT_03,3
chat_packet_280,chat_annotation_packets_candil/packets/chat_packet_280.md,chat_annotation_packets_candil/packets/chat_packet_280.json,1398,1993-11-9-left-futuro-de-la-cr-tica-flamenca,Futuro de la crítica flamenca Gonzalez,candil,1993-11,es,article,3127,head_tail_windows,1,COMM_02,4
chat_packet_280,chat_annotation_packets_candil/packets/chat_packet_280.md,chat_annotation_packets_candil/packets/chat_packet_280.json,1399,1993-11-11-left-estudios-flamencos,Los estudios flamencos contemporáneos,candil,1993-11,es,article,3784,head_tail_windows,1,CRIT_01,5
chat_packet_281,chat_annotation_packets_candil/packets/chat_packet_281.md,chat_annotation_packets_candil/packets/chat_packet_281.json,1400,1993-11-13-right-cante-en-la-bodega-poes-a-manuel,Cante en la bodega Poesía Manuel,candil,1993-11,es,article,4949,full,0,,1
chat_packet_281,chat_annotation_packets_candil/packets/chat_packet_281.md,chat_annotation_packets_candil/packets/chat_packet_281.json,1401,1993-11-14-left-ayer-y-hoy-del-flamenco-en-catal,Ayer y hoy del Flamenco en Cataluña,candil,1993-11,es,article,3514,head_tail_windows,1,CRIT_01,2
chat_packet_281,chat_annotation_packets_candil/packets/chat_packet_281.md,chat_annotation_packets_candil/packets/chat_packet_281.json,1402,1993-11-17-left-aunque-no-quepa-en-el-papel-jos-,Aunque no quepa en el papel... José Luis,candil,1993-11,es,article,5203,full,0,,3
chat_packet_281,chat_annotation_packets_candil/packets/chat_packet_281.md,chat_annotation_packets_candil/packets/chat_packet_281.json,1403,1993-11-17-right-alre-de-la-fiesta-gitana-miguel-,Alreó de la fiesta gitana Miguel Alcalá-Manuel,candil,1993-11,es,article,1211,full,0,,4
chat_packet_281,chat_annotation_packets_candil/packets/chat_packet_281.md,chat_annotation_packets_candil/packets/chat_packet_281.json,1404,1993-11-21-left-m-s-sobre-pedro-mart-n-alonso-el,Más sobre Pedro Martín Alonso «El Chato de las Ventas» Manuel,candil,1993-11,es,article,5163,full,0,,5
chat_packet_282,chat_annotation_packets_candil/packets/chat_packet_282.md,chat_annotation_packets_candil/packets/chat_packet_282.json,1405,1993-11-21-right-cartas-al-director,Cartas al Director,candil,1993-11,es,article,5939,full,0,,1
chat_packet_282,chat_annotation_packets_candil/packets/chat_packet_282.md,chat_annotation_packets_candil/packets/chat_packet_282.json,1406,1993-11-22-right-opini-n,La crítica flamenca,candil,1993-11,es,article,4344,head_tail_windows,2,"COMM_03, CRIT_03",2
chat_packet_282,chat_annotation_packets_candil/packets/chat_packet_282.md,chat_annotation_packets_candil/packets/chat_packet_282.json,1407,1993-11-24-right-que-pena-de-jerez,Que pena de Jerez,candil,1993-11,es,article,2085,full,0,,3
chat_packet_282,chat_annotation_packets_candil/packets/chat_packet_282.md,chat_annotation_packets_candil/packets/chat_packet_282.json,1408,1993-11-25-left-noticiario-flamenco,Noticiario flamenco,candil,1993-11,es,article,2948,head_tail_windows,1,COMM_02,4
chat_packet_282,chat_annotation_packets_candil/packets/chat_packet_282.md,chat_annotation_packets_candil/packets/chat_packet_282.json,1409,1994-01-3-left-editorial,Editorial,candil,1994-01,es,article,2082,full,0,,5
chat_packet_283,chat_annotation_packets_candil/packets/chat_packet_283.md,chat_annotation_packets_candil/packets/chat_packet_283.json,1410,1994-01-4-left-homenaje-a-pepe,Homenaje a Pepe,candil,1994-01,es,article,4935,full,0,,1
chat_packet_283,chat_annotation_packets_candil/packets/chat_packet_283.md,chat_annotation_packets_candil/packets/chat_packet_283.json,1411,1994-01-4-right-juan-pe-a-fern-ndez,Juan Peña Fernández,candil,1994-01,es,article,4501,head_tail_windows,2,"COMM_02, CRIT_01",2
chat_packet_283,chat_annotation_packets_candil/packets/chat_packet_283.md,chat_annotation_packets_candil/packets/chat_packet_283.json,1412,1994-01-7-right-proceso-a-manolo-de-huelva,Proceso a Manolo de Huelva,candil,1994-01,es,article,3029,head_tail_windows,1,CRIT_01,3
chat_packet_283,chat_annotation_packets_candil/packets/chat_packet_283.md,chat_annotation_packets_candil/packets/chat_packet_283.json,1413,1994-01-10-right-los-estudios-flamencos-contempor,Los estudios flamencos contemporáneos / y 2,candil,1994-01,es,article,3602,head_tail_windows,1,AUTH_01,4
chat_packet_283,chat_annotation_packets_candil/packets/chat_packet_283.md,chat_annotation_packets_candil/packets/chat_packet_283.json,1414,1994-01-14-left-coplas,Coplas,candil,1994-01,es,article,1533,full,0,,5
chat_packet_284,chat_annotation_packets_candil/packets/chat_packet_284.md,chat_annotation_packets_candil/packets/chat_packet_284.json,1415,1994-01-15-left-flamenco-en-la-universidad,Flamenco en la Universidad Manuel,candil,1994-01,es,article,3364,full,0,,1
chat_packet_284,chat_annotation_packets_candil/packets/chat_packet_284.md,chat_annotation_packets_candil/packets/chat_packet_284.json,1416,1994-01-16-left-una-encrucijada-de-caminos-rafae,Una encrucijada de caminos Rafael,candil,1994-01,es,article,3489,head_tail_windows,1,CRIT_03,2
chat_packet_284,chat_annotation_packets_candil/packets/chat_packet_284.md,chat_annotation_packets_candil/packets/chat_packet_284.json,1417,1994-01-17-right-entrega-de-la-x-distinci-n-comp-,Entrega de la X Distinción «Compás del Cante»,candil,1994-01,es,article,2222,full,0,,3
chat_packet_284,chat_annotation_packets_candil/packets/chat_packet_284.md,chat_annotation_packets_candil/packets/chat_packet_284.json,1418,1994-01-18-left-las-llaves-de-oro-del-cante-la-n,Las Llaves de Oro del Cante. La necesidad de una referencia,candil,1994-01,es,article,3614,head_tail_windows,1,CRIT_01,4
chat_packet_284,chat_annotation_packets_candil/packets/chat_packet_284.md,chat_annotation_packets_candil/packets/chat_packet_284.json,1419,1994-01-20-left-los-romances-antiguos,Los Romances antiguos,candil,1994-01,es,article,4208,head_tail_windows,1,HERIT_03,5
chat_packet_285,chat_annotation_packets_candil/packets/chat_packet_285.md,chat_annotation_packets_candil/packets/chat_packet_285.json,1420,1994-01-21-left-homenaje-a-f-lix-de-utrera,Homenaje a Félix de Utrera. Una historia de la guitarra flamenca,candil,1994-01,es,article,4113,full,0,,1
chat_packet_285,chat_annotation_packets_candil/packets/chat_packet_285.md,chat_annotation_packets_candil/packets/chat_packet_285.json,1421,1994-01-22-left-avez-vous-vu-dans-barcelone,Avez-vous vu dans Barcelona...?,candil,1994-01,es,article,5610,full,0,,2
chat_packet_285,chat_annotation_packets_candil/packets/chat_packet_285.md,chat_annotation_packets_candil/packets/chat_packet_285.json,1422,1994-01-23-left-precocidad-con-solera,Precocidad con solera,candil,1994-01,es,article,3234,full,0,,3
chat_packet_285,chat_annotation_packets_candil/packets/chat_packet_285.md,chat_annotation_packets_candil/packets/chat_packet_285.json,1423,1994-01-24-left-flamenca,Discografia flamenca,candil,1994-01,es,article,2048,full,0,,4
chat_packet_285,chat_annotation_packets_candil/packets/chat_packet_285.md,chat_annotation_packets_candil/packets/chat_packet_285.json,1424,1994-01-24-right-alre-de-la-fiesta-gitana,Alreó de la fiesta gitana,candil,1994-01,es,article,2258,full,0,,5
chat_packet_286,chat_annotation_packets_candil/packets/chat_packet_286.md,chat_annotation_packets_candil/packets/chat_packet_286.json,1425,1994-01-27-right-aunque-no-quepa-en-el-papel,Aunque no quepa en el papel,candil,1994-01,es,article,3307,head_tail_windows,1,CRIT_04,1
chat_packet_286,chat_annotation_packets_candil/packets/chat_packet_286.md,chat_annotation_packets_candil/packets/chat_packet_286.json,1426,1994-01-28-right-and-jar-en-paz-con-rafael-romero,"Andújar, en paz con Rafael Romero",candil,1994-01,es,article,3772,full,0,,2
chat_packet_286,chat_annotation_packets_candil/packets/chat_packet_286.md,chat_annotation_packets_candil/packets/chat_packet_286.json,1427,1994-01-29-right-noticiario-flamenco,Noticiario flamenco,candil,1994-01,es,article,5044,full,0,,3
chat_packet_286,chat_annotation_packets_candil/packets/chat_packet_286.md,chat_annotation_packets_candil/packets/chat_packet_286.json,1428,1994-01-30-left-hablan-las-pe-as-nuevas-juntas-d,Hablan las Peñas Nuevas Juntas Directivas,candil,1994-01,es,article,1845,full,0,,4
chat_packet_286,chat_annotation_packets_candil/packets/chat_packet_286.md,chat_annotation_packets_candil/packets/chat_packet_286.json,1429,1994-03-3-left-editorial,Editorial,candil,1994-03,es,article,2556,full,0,,5
chat_packet_287,chat_annotation_packets_candil/packets/chat_packet_287.md,chat_annotation_packets_candil/packets/chat_packet_287.json,1430,1994-03-7-left-si-fu-ramos-catalanes,Si fuéramos catalanes...Ramón,candil,1994-03,es,article,3145,head_tail_windows,1,CRIT_01,1
chat_packet_287,chat_annotation_packets_candil/packets/chat_packet_287.md,chat_annotation_packets_candil/packets/chat_packet_287.json,1431,1994-03-8-left-todos-por-el-oro,Todos por el oroPedro,candil,1994-03,es,article,3007,head_tail_windows,1,AUTH_02,2
chat_packet_287,chat_annotation_packets_candil/packets/chat_packet_287.md,chat_annotation_packets_candil/packets/chat_packet_287.json,1432,1994-03-10-left-tertulia-en-torno-a-fernanda-y-b,Tertulia en torno a Fernanda y Bernard de UtreraPedro,candil,1994-03,es,article,3607,head_tail_windows,1,CRIT_03,3
chat_packet_287,chat_annotation_packets_candil/packets/chat_packet_287.md,chat_annotation_packets_candil/packets/chat_packet_287.json,1433,1994-03-15-left-por-soleares-romualdo,Por Soleares Romualdo,candil,1994-03,es,article,744,full,0,,4
chat_packet_287,chat_annotation_packets_candil/packets/chat_packet_287.md,chat_annotation_packets_candil/packets/chat_packet_287.json,1434,1994-03-15-right-eleg-a-a-dolores-parral,"Elegía a Dolores Parral, «La Parrala» E. González de Hervás",candil,1994-03,es,article,822,full,0,,5
chat_packet_288,chat_annotation_packets_candil/packets/chat_packet_288.md,chat_annotation_packets_candil/packets/chat_packet_288.json,1435,1994-03-16-left-enrique-jim-nez-ram-rez-enrique-,Enrique Jiménez Ramírez«Enrique de Melchor»Rafael,candil,1994-03,es,article,3242,head_tail_windows,1,COMM_03,1
chat_packet_288,chat_annotation_packets_candil/packets/chat_packet_288.md,chat_annotation_packets_candil/packets/chat_packet_288.json,1436,1994-03-19-right-flamenca,flamenca,candil,1994-03,es,article,2685,full,0,,2
chat_packet_288,chat_annotation_packets_candil/packets/chat_packet_288.md,chat_annotation_packets_candil/packets/chat_packet_288.json,1437,1994-03-20-left-aunque-no-quepa-en-el-papel,Aunque no quepa en el papel...José Luis,candil,1994-03,es,article,4036,full,0,,3
chat_packet_288,chat_annotation_packets_candil/packets/chat_packet_288.md,chat_annotation_packets_candil/packets/chat_packet_288.json,1438,1994-03-21-left-quejas-por-el-estado-del-centro-,Quejas por el estado del Centro Andaluz de Flamenco/Jerez,candil,1994-03,es,article,3690,full,0,,4
chat_packet_288,chat_annotation_packets_candil/packets/chat_packet_288.md,chat_annotation_packets_candil/packets/chat_packet_288.json,1439,1994-03-21-right-alre-de-la-fiesta-gitana,Alreó de la fiesta gitana,candil,1994-03,es,article,174,full,0,,5
chat_packet_289,chat_annotation_packets_candil/packets/chat_packet_289.md,chat_annotation_packets_candil/packets/chat_packet_289.json,1440,1994-03-24-left-noticiario-flamenco,Noticiario flamenco,candil,1994-03,es,article,5207,head_tail_windows,1,CRIT_04,1
chat_packet_289,chat_annotation_packets_candil/packets/chat_packet_289.md,chat_annotation_packets_candil/packets/chat_packet_289.json,1441,1994-03-26-left-hablan-las-pe-as,Hablan las Peñas,candil,1994-03,es,article,5544,full,0,,2
chat_packet_289,chat_annotation_packets_candil/packets/chat_packet_289.md,chat_annotation_packets_candil/packets/chat_packet_289.json,1442,1994-07-3-left-editorial,Editorial,candil,1994-07,es,article,2707,full,0,,3
chat_packet_289,chat_annotation_packets_candil/packets/chat_packet_289.md,chat_annotation_packets_candil/packets/chat_packet_289.json,1443,1994-07-4-left-la-poca-dorada-diego-del-gastor-,La época dorada: Diego del Gastor D,candil,1994-07,es,article,4734,head_tail_windows,1,CRIT_04,4
chat_packet_289,chat_annotation_packets_candil/packets/chat_packet_289.md,chat_annotation_packets_candil/packets/chat_packet_289.json,1444,1994-07-9-left-aportaci-n-de-los-gitanos-a-la-c,Aportación de los gitanos a la cultura andaluzay Ramón,candil,1994-07,es,article,4062,head_tail_windows,1,CRIT_03,5
chat_packet_290,chat_annotation_packets_candil/packets/chat_packet_290.md,chat_annotation_packets_candil/packets/chat_packet_290.json,1445,1994-07-12-left-un-manifiesto-sobre-los-cantes-d,Un manifiesto sobre los cantes de Levante Juan,candil,1994-07,es,article,2842,head_tail_windows,1,CRIT_03,1
chat_packet_290,chat_annotation_packets_candil/packets/chat_packet_290.md,chat_annotation_packets_candil/packets/chat_packet_290.json,1446,1994-07-14-left-modernidad-y-flamenco-rafael,Modernidad y flamenco Rafael,candil,1994-07,es,article,3350,head_tail_windows,1,AUTH_03,2
chat_packet_290,chat_annotation_packets_candil/packets/chat_packet_290.md,chat_annotation_packets_candil/packets/chat_packet_290.json,1447,1994-07-15-right-a-don-fernando-ca-as-merch-n-man,A don Fernando Cañas Merchán Manuel,candil,1994-07,es,article,3028,full,0,,3
chat_packet_290,chat_annotation_packets_candil/packets/chat_packet_290.md,chat_annotation_packets_candil/packets/chat_packet_290.json,1448,1994-07-16-left-poemas-y-coplas,Poemas y coplas,candil,1994-07,es,article,2253,full,0,,4
chat_packet_290,chat_annotation_packets_candil/packets/chat_packet_290.md,chat_annotation_packets_candil/packets/chat_packet_290.json,1449,1994-07-17-left-la-poderosa-figura-de,La poderosa figura de Carmen Amaya,candil,1994-07,es,article,3351,head_tail_windows,1,CRIT_04,5
chat_packet_291,chat_annotation_packets_candil/packets/chat_packet_291.md,chat_annotation_packets_candil/packets/chat_packet_291.json,1450,1994-07-19-left-para-los-lectores-de-candil,Para los lectores de «Candil» Manuel,candil,1994-07,es,article,5852,full,0,,1
chat_packet_291,chat_annotation_packets_candil/packets/chat_packet_291.md,chat_annotation_packets_candil/packets/chat_packet_291.json,1451,1994-07-23-right-discograf-a-flamenca-rafael,Discografía flamenca Rafael,candil,1994-07,es,article,4253,full,0,,2
chat_packet_291,chat_annotation_packets_candil/packets/chat_packet_291.md,chat_annotation_packets_candil/packets/chat_packet_291.json,1452,1994-07-24-left-a-manuel-martin-martin-el-de-la-,"A Manuel Martín Martín, el de la rabieta",candil,1994-07,es,article,4098,head_tail_windows,2,"HERIT_03, PED_03",3
chat_packet_291,chat_annotation_packets_candil/packets/chat_packet_291.md,chat_annotation_packets_candil/packets/chat_packet_291.json,1453,1994-07-26-left-pastora-pab-n-cruz-afortunada-en,"Pastora Pabón Cruz, afortunada enamores Manuel",candil,1994-07,es,article,5604,full,0,,4
chat_packet_291,chat_annotation_packets_candil/packets/chat_packet_291.md,chat_annotation_packets_candil/packets/chat_packet_291.json,1454,1994-09-3-left-editorial,Editorial,candil,1994-09,es,article,2676,full,0,,5
chat_packet_292,chat_annotation_packets_candil/packets/chat_packet_292.md,chat_annotation_packets_candil/packets/chat_packet_292.json,1455,1994-09-4-left-la-poca-dorada-mis-encuentros-co,La época dorada: Mis encuentros con Diego del Gastor D,candil,1994-09,es,article,3273,head_tail_windows,1,PED_03,1
chat_packet_292,chat_annotation_packets_candil/packets/chat_packet_292.md,chat_annotation_packets_candil/packets/chat_packet_292.json,1456,1994-09-11-left-nano-de-jerez-rafael,Nano de Jerez Rafael,candil,1994-09,es,article,3651,head_tail_windows,1,COMM_02,2
chat_packet_292,chat_annotation_packets_candil/packets/chat_packet_292.md,chat_annotation_packets_candil/packets/chat_packet_292.json,1457,1994-09-13-left-poes-a-emilio-gonz-lez-de-herv-s,Poesía Emilio González de Hervás,candil,1994-09,es,article,1220,full,0,,3
chat_packet_292,chat_annotation_packets_candil/packets/chat_packet_292.md,chat_annotation_packets_candil/packets/chat_packet_292.json,1458,1994-09-14-right-bienal-x27-94-la-desproporci-n-p,Bienal&#x27;94 La desproporción por bandera,candil,1994-09,es,article,3169,head_tail_windows,1,COMM_03,4
chat_packet_292,chat_annotation_packets_candil/packets/chat_packet_292.md,chat_annotation_packets_candil/packets/chat_packet_292.json,1459,1994-09-15-right-cr-nica-del-xxii-congreso-de-art,Crónica del XXII Congreso de Arte Flamenco José Luis,candil,1994-09,es,article,4983,head_tail_windows,2,"CRIT_01, COMM_02",5
chat_packet_293,chat_annotation_packets_candil/packets/chat_packet_293.md,chat_annotation_packets_candil/packets/chat_packet_293.json,1460,1994-09-19-right-alre-de-la-fiesta-gitana-miguel-,Alreó de la fiesta gitana Miguel Alcalá-Manuel,candil,1994-09,es,article,1912,full,0,,1
chat_packet_293,chat_annotation_packets_candil/packets/chat_packet_293.md,chat_annotation_packets_candil/packets/chat_packet_293.json,1461,1994-09-23-left-i-congreso-provincial-sobre-los-,I Congreso Provincial sobre los Cantes y el Flamenco de Almería Norberto,candil,1994-09,es,article,3512,head_tail_windows,1,COMM_02,2
chat_packet_293,chat_annotation_packets_candil/packets/chat_packet_293.md,chat_annotation_packets_candil/packets/chat_packet_293.json,1462,1994-09-25-left-iii-encuentros-flamencos-de-gran,III Encuentros Flamencos de Granada Juan,candil,1994-09,es,article,3081,head_tail_windows,1,HERIT_03,3
chat_packet_293,chat_annotation_packets_candil/packets/chat_packet_293.md,chat_annotation_packets_candil/packets/chat_packet_293.json,1463,1994-09-26-left-agust-n-g-mez-crispado-tozudo-y-,"Agustín Gómez, crispado, tozudo y bajo sospecha Manuel",candil,1994-09,es,article,3873,head_tail_windows,1,CRIT_01,4
chat_packet_293,chat_annotation_packets_candil/packets/chat_packet_293.md,chat_annotation_packets_candil/packets/chat_packet_293.json,1464,1994-09-29-left-adi-s-montoyita,"Adiós, Montoyita",candil,1994-09,es,article,1647,full,0,,5
chat_packet_294,chat_annotation_packets_candil/packets/chat_packet_294.md,chat_annotation_packets_candil/packets/chat_packet_294.json,1465,1994-09-30-left-aunque-no-quepa-en-el-papel-bibl,Aunque no quepa en el papel... Bibliografía José Luis,candil,1994-09,es,article,2877,head_tail_windows,1,CRIT_04,1
chat_packet_294,chat_annotation_packets_candil/packets/chat_packet_294.md,chat_annotation_packets_candil/packets/chat_packet_294.json,1466,1994-11-3-left-editorial,Editorial,candil,1994-11,es,editorial,1733,full,0,,2
chat_packet_294,chat_annotation_packets_candil/packets/chat_packet_294.md,chat_annotation_packets_candil/packets/chat_packet_294.json,1467,1994-11-3-right-paco-de-luc-a,Paco de Lucía,candil,1994-11,es,article,2375,full,0,,3
chat_packet_294,chat_annotation_packets_candil/packets/chat_packet_294.md,chat_annotation_packets_candil/packets/chat_packet_294.json,1468,1994-11-5-right-paco-la-persona-d,"Paco, la persona D",candil,1994-11,es,article,4656,head_tail_windows,2,"PED_02, PED_03",4
chat_packet_294,chat_annotation_packets_candil/packets/chat_packet_294.md,chat_annotation_packets_candil/packets/chat_packet_294.json,1469,1994-11-7-right-integrados-apocal-pticos,Integrados apocalípticos,candil,1994-11,es,article,3489,head_tail_windows,1,CRIT_01,5
chat_packet_295,chat_annotation_packets_candil/packets/chat_packet_295.md,chat_annotation_packets_candil/packets/chat_packet_295.json,1470,1994-11-11-left-carta-entre-guitarras-f-lix-de-u,Carta entre guitarras Félix de Utrera,candil,1994-11,es,article,2904,full,0,,1
chat_packet_295,chat_annotation_packets_candil/packets/chat_packet_295.md,chat_annotation_packets_candil/packets/chat_packet_295.json,1471,1994-11-12-left-al-l-mite-de-la-propia-superaci-,Al límite de la propia superación Manuel,candil,1994-11,es,article,3817,head_tail_windows,1,PED_02,2
chat_packet_295,chat_annotation_packets_candil/packets/chat_packet_295.md,chat_annotation_packets_candil/packets/chat_packet_295.json,1472,1994-11-15-left-el-origen-de-su-angustia,El origen de su angustia,candil,1994-11,es,article,4072,head_tail_windows,1,CRIT_03,3
chat_packet_295,chat_annotation_packets_candil/packets/chat_packet_295.md,chat_annotation_packets_candil/packets/chat_packet_295.json,1473,1994-11-17-left-di-logos-desde-la-m-sica-cl-sica,Diálogos desde la música clásica con Paco de Lucía Luis,candil,1994-11,es,article,3253,head_tail_windows,1,PED_02,4
chat_packet_295,chat_annotation_packets_candil/packets/chat_packet_295.md,chat_annotation_packets_candil/packets/chat_packet_295.json,1474,1994-11-18-left-a-los-14-a-os,A los 14 años,candil,1994-11,es,article,2194,full,0,,5
chat_packet_296,chat_annotation_packets_candil/packets/chat_packet_296.md,chat_annotation_packets_candil/packets/chat_packet_296.json,1475,1994-11-19-left-francisco-s-nchez-paco-de-luc-a-,"Francisco Sánchez, «Paco de Lucía»: La guitarra flamenca. Entrevista Rafael",candil,1994-11,es,article,2674,head_tail_windows,1,PED_01,1
chat_packet_296,chat_annotation_packets_candil/packets/chat_packet_296.md,chat_annotation_packets_candil/packets/chat_packet_296.json,1476,1994-11-20-right-paco-de-luc-a-compositor-y-guita,"Paco de Lucía, compositor y guitarrista",candil,1994-11,es,article,3407,head_tail_windows,1,COMM_02,2
chat_packet_296,chat_annotation_packets_candil/packets/chat_packet_296.md,chat_annotation_packets_candil/packets/chat_packet_296.json,1477,1994-11-22-left-paco-de-luc-a-interpreta-a-don-m,Paco de Lucía interpreta a Don Manuel de Falla. Poesía,candil,1994-11,es,article,744,full,0,,3
chat_packet_296,chat_annotation_packets_candil/packets/chat_packet_296.md,chat_annotation_packets_candil/packets/chat_packet_296.json,1478,1994-11-22-right-paco-de-luc-a-poes-a-daniel,Paco de Lucía. Poesía Daniel,candil,1994-11,es,article,620,full,0,,4
chat_packet_296,chat_annotation_packets_candil/packets/chat_packet_296.md,chat_annotation_packets_candil/packets/chat_packet_296.json,1479,1994-11-23-left-unas-palabras-para-paco,Unas palabras para Paco,candil,1994-11,es,article,554,full,0,,5
chat_packet_297,chat_annotation_packets_candil/packets/chat_packet_297.md,chat_annotation_packets_candil/packets/chat_packet_297.json,1480,1994-11-24-left-una-nueva-era-de-la-m-sica-flame,Una nueva era de la música flamenca Manuel,candil,1994-11,es,article,3591,full,0,,1
chat_packet_297,chat_annotation_packets_candil/packets/chat_packet_297.md,chat_annotation_packets_candil/packets/chat_packet_297.json,1481,1994-11-25-left-paco-de-luc-a-un-genio-jos-n-ez-,Paco de Lucía: Un genio José Núñez de Castro,candil,1994-11,es,article,3299,full,0,,2
chat_packet_297,chat_annotation_packets_candil/packets/chat_packet_297.md,chat_annotation_packets_candil/packets/chat_packet_297.json,1482,1994-11-25-right-paco-de-luc-a-artista-y-andaluz-,"Paco de Lucía, artista y andaluz universal Antonio",candil,1994-11,es,article,2862,full,0,,3
chat_packet_297,chat_annotation_packets_candil/packets/chat_packet_297.md,chat_annotation_packets_candil/packets/chat_packet_297.json,1483,1994-11-26-left-la-guitarra-de-paco-de-luc-a,La guitarra de Paco de Lucía J,candil,1994-11,es,article,3750,full,0,,4
chat_packet_297,chat_annotation_packets_candil/packets/chat_packet_297.md,chat_annotation_packets_candil/packets/chat_packet_297.json,1484,1994-11-27-left-tres-recuerdos-de-paco-de-luc-a-,Tres recuerdos de Paco de Lucía Juan Alberto,candil,1994-11,es,article,5820,full,0,,5
chat_packet_298,chat_annotation_packets_candil/packets/chat_packet_298.md,chat_annotation_packets_candil/packets/chat_packet_298.json,1485,1994-11-27-right-paco-de-luc-a-c-diz-y-el-flamenc,"Paco de Lucía, Cádiz y el Flamenco Antonio",candil,1994-11,es,article,2180,full,0,,1
chat_packet_298,chat_annotation_packets_candil/packets/chat_packet_298.md,chat_annotation_packets_candil/packets/chat_packet_298.json,1486,1994-11-28-left-gloria-de-esta-espa-a-nuestra,Gloria de esta España nuestra. Poesía,candil,1994-11,es,article,1180,full,0,,2
chat_packet_298,chat_annotation_packets_candil/packets/chat_packet_298.md,chat_annotation_packets_candil/packets/chat_packet_298.json,1487,1994-11-30-left-paco-de-luc-a-poes-a-fernando,Paco de Lucía. Poesía Fernando,candil,1994-11,es,article,538,full,0,,3
chat_packet_298,chat_annotation_packets_candil/packets/chat_packet_298.md,chat_annotation_packets_candil/packets/chat_packet_298.json,1488,1994-11-30-right-tu-guitarra,Tu guitarra. Poesía,candil,1994-11,es,article,501,full,0,,4
chat_packet_298,chat_annotation_packets_candil/packets/chat_packet_298.md,chat_annotation_packets_candil/packets/chat_packet_298.json,1489,1994-11-31-left-paco-de-luc-a-excelso-creador,"Paco de Lucía, excelso creador Manuel",candil,1994-11,es,article,3965,full,0,,5
chat_packet_299,chat_annotation_packets_candil/packets/chat_packet_299.md,chat_annotation_packets_candil/packets/chat_packet_299.json,1490,1994-11-32-left-paco-de-luc-a-francisco-del,Paco de Lucía Francisco del Río,candil,1994-11,es,article,4718,head_tail_windows,1,CRIT_03,1
chat_packet_299,chat_annotation_packets_candil/packets/chat_packet_299.md,chat_annotation_packets_candil/packets/chat_packet_299.json,1491,1994-11-33-left-paco-de-luc-a-es-aparte,Paco de Lucía es aparte,candil,1994-11,es,article,3038,head_tail_windows,1,PED_03,2
chat_packet_299,chat_annotation_packets_candil/packets/chat_packet_299.md,chat_annotation_packets_candil/packets/chat_packet_299.json,1492,1994-11-34-left-jos-luis,Zona de penumbra,candil,1994-11,es,article,5927,full,0,,3
chat_packet_299,chat_annotation_packets_candil/packets/chat_packet_299.md,chat_annotation_packets_candil/packets/chat_packet_299.json,1493,1994-11-35-right-glosas,Glosas,candil,1994-11,es,article,4349,head_tail_windows,1,CRIT_01,4
chat_packet_299,chat_annotation_packets_candil/packets/chat_packet_299.md,chat_annotation_packets_candil/packets/chat_packet_299.json,1494,1995-01-3-left-editorial,Editorial,candil,1995-01,es,article,2704,full,0,,5
chat_packet_300,chat_annotation_packets_candil/packets/chat_packet_300.md,chat_annotation_packets_candil/packets/chat_packet_300.json,1495,1995-01-3-right-la-poca-dorada-mis-encuentros-co,La época dorada Mis encuentros con la Alameda de Hércules,candil,1995-01,es,article,4024,head_tail_windows,1,CRIT_01,1
chat_packet_300,chat_annotation_packets_candil/packets/chat_packet_300.md,chat_annotation_packets_candil/packets/chat_packet_300.json,1496,1995-01-8-left-manuel-de-paula-rafael,«Manuel de Paula» Rafael,candil,1995-01,es,article,4086,head_tail_windows,1,CRIT_01,2
chat_packet_300,chat_annotation_packets_candil/packets/chat_packet_300.md,chat_annotation_packets_candil/packets/chat_packet_300.json,1497,1995-01-11-left-perfil-humano-y-flamenco-de-el-c,Perfil humano y flamenco de «El Cojo Pavón»,candil,1995-01,es,article,2660,head_tail_windows,1,HERIT_03,3
chat_packet_300,chat_annotation_packets_candil/packets/chat_packet_300.md,chat_annotation_packets_candil/packets/chat_packet_300.json,1498,1995-01-13-right-sobre-manuel-mart-n-mart-n-ultim,Sobre Manuel Martín Martín Ultima publicación,candil,1995-01,es,article,2868,full,0,,4
chat_packet_300,chat_annotation_packets_candil/packets/chat_packet_300.md,chat_annotation_packets_candil/packets/chat_packet_300.json,1499,1995-01-14-left-el-flamenco-dos-est-ticas-manuel,El Flamenco: Dos estéticas Manuel,candil,1995-01,es,article,2849,head_tail_windows,1,COMM_03,5
chat_packet_301,chat_annotation_packets_candil/packets/chat_packet_301.md,chat_annotation_packets_candil/packets/chat_packet_301.json,1500,1995-01-16-left-tangos-de-c-diz-campanilleros-co,Tangos de Cádiz-Campanilleros. Coplas,candil,1995-01,es,article,1060,full,0,,1
chat_packet_301,chat_annotation_packets_candil/packets/chat_packet_301.md,chat_annotation_packets_candil/packets/chat_packet_301.json,1501,1995-01-17-left-al-mundillo-del-arte-flamenco,Al mundillo del Arte Flamenco,candil,1995-01,es,article,2748,head_tail_windows,1,AUTH_01,2
chat_packet_301,chat_annotation_packets_candil/packets/chat_packet_301.md,chat_annotation_packets_candil/packets/chat_packet_301.json,1502,1995-01-18-right-por-malague-as-paco,Por Malagueñas Paco,candil,1995-01,es,article,2633,head_tail_windows,1,AUTH_02,3
chat_packet_301,chat_annotation_packets_candil/packets/chat_packet_301.md,chat_annotation_packets_candil/packets/chat_packet_301.json,1503,1995-01-20-left-el-an-lisis-contrastivo-en-la-in,El análisis contrastivo en la investigación del Flamenco,candil,1995-01,es,article,3948,head_tail_windows,1,PED_02,4
chat_packet_301,chat_annotation_packets_candil/packets/chat_packet_301.md,chat_annotation_packets_candil/packets/chat_packet_301.json,1504,1995-01-22-right-som-flamencs-o-el-flamenco-triun,«Som Flamencs» o el Flamenco triunfa en Barcelona de nuevo,candil,1995-01,es,article,3227,full,0,,5
chat_packet_302,chat_annotation_packets_candil/packets/chat_packet_302.md,chat_annotation_packets_candil/packets/chat_packet_302.json,1505,1995-01-23-left-som-flamences,Som flamences,candil,1995-01,es,article,2547,head_tail_windows,1,COMM_02,1
chat_packet_302,chat_annotation_packets_candil/packets/chat_packet_302.md,chat_annotation_packets_candil/packets/chat_packet_302.json,1506,1995-01-24-right-cantes-y-sus-escuelas-o-sus-int-,Cantes y sus escuelas o sus intérpretes,candil,1995-01,es,article,4378,full,0,,2
chat_packet_302,chat_annotation_packets_candil/packets/chat_packet_302.md,chat_annotation_packets_candil/packets/chat_packet_302.json,1507,1995-01-26-left-una-aclaraci-n,Una aclaración,candil,1995-01,es,article,5751,full,0,,3
chat_packet_302,chat_annotation_packets_candil/packets/chat_packet_302.md,chat_annotation_packets_candil/packets/chat_packet_302.json,1508,1995-03-3-left-enrique-morente-premio-nacional-,"Enrique Morente, Premio Nacional de Música",candil,1995-03,es,editorial,2107,full,0,,4
chat_packet_302,chat_annotation_packets_candil/packets/chat_packet_302.md,chat_annotation_packets_candil/packets/chat_packet_302.json,1509,1995-03-3-right-la-poca-dorada-finca-espartero,La época dorada Finca Espartero /,candil,1995-03,es,article,2784,head_tail_windows,1,CRIT_01,5
chat_packet_303,chat_annotation_packets_candil/packets/chat_packet_303.md,chat_annotation_packets_candil/packets/chat_packet_303.json,1510,1995-03-7-left-juan-habichuela-un-espejo-de-vir,"Juan Habichuela, un espejo de virtudes Manuel",candil,1995-03,es,article,4219,head_tail_windows,1,CRIT_03,1
chat_packet_303,chat_annotation_packets_candil/packets/chat_packet_303.md,chat_annotation_packets_candil/packets/chat_packet_303.json,1511,1995-03-11-right-la-saeta-alcalaina,La saeta alcalaína,candil,1995-03,es,article,3463,head_tail_windows,1,COMM_02,2
chat_packet_303,chat_annotation_packets_candil/packets/chat_packet_303.md,chat_annotation_packets_candil/packets/chat_packet_303.json,1512,1995-03-14-left-xi-distinci-n-comp-s-del-cante,XI Distinción «Compás del Cante»,candil,1995-03,es,article,3152,full,0,,3
chat_packet_303,chat_annotation_packets_candil/packets/chat_packet_303.md,chat_annotation_packets_candil/packets/chat_packet_303.json,1513,1995-03-15-left-iv-itinerario-flamenco-a-la-verd,IV Itinerario Flamenco «A la verde oliva». Jaén en el cante,candil,1995-03,es,article,5296,full,0,,4
chat_packet_303,chat_annotation_packets_candil/packets/chat_packet_303.md,chat_annotation_packets_candil/packets/chat_packet_303.json,1514,1995-03-16-right-una-nueva-llave-de-oro,¿Una nueva Llave de Oro?,candil,1995-03,es,article,3534,head_tail_windows,1,CRIT_01,5
chat_packet_304,chat_annotation_packets_candil/packets/chat_packet_304.md,chat_annotation_packets_candil/packets/chat_packet_304.json,1515,1995-03-20-right-el-fandango-y-o-los-verdiales-ta,El Fandango y/o los Verdiales también son Cantes Básicos,candil,1995-03,es,article,4596,head_tail_windows,2,"CRIT_03, PED_03",1
chat_packet_304,chat_annotation_packets_candil/packets/chat_packet_304.md,chat_annotation_packets_candil/packets/chat_packet_304.json,1516,1995-03-25-right-aunque-no-quepa-en-el-papel,Aunque no quepa en el papel,candil,1995-03,es,article,3514,head_tail_windows,1,AUTH_01,2
chat_packet_304,chat_annotation_packets_candil/packets/chat_packet_304.md,chat_annotation_packets_candil/packets/chat_packet_304.json,1517,1995-05-3-left-editorial,Editorial,candil,1995-05,es,article,2188,full,0,,3
chat_packet_304,chat_annotation_packets_candil/packets/chat_packet_304.md,chat_annotation_packets_candil/packets/chat_packet_304.json,1518,1995-05-4-left-la-poca-dorada-finca-espartero,La época dorada. Finca Espartero,candil,1995-05,es,article,3939,head_tail_windows,1,CRIT_03,4
chat_packet_304,chat_annotation_packets_candil/packets/chat_packet_304.md,chat_annotation_packets_candil/packets/chat_packet_304.json,1519,1995-05-6-left-roque-montoya-jarrito-otro-flame,Roque Montoya «Jarrito». Otro flamenco que se nos va Antonio,candil,1995-05,es,article,2692,full,0,,5
chat_packet_305,chat_annotation_packets_candil/packets/chat_packet_305.md,chat_annotation_packets_candil/packets/chat_packet_305.json,1520,1995-05-6-right-la-personalidad-flamenca-y-human,La personalidad flamenca y humana de Pepe Cruz. X Semana de Estudios Fla- mencos de la Peña de Jaén Rafael,candil,1995-05,es,article,2846,head_tail_windows,1,CRIT_03,1
chat_packet_305,chat_annotation_packets_candil/packets/chat_packet_305.md,chat_annotation_packets_candil/packets/chat_packet_305.json,1521,1995-05-8-right-homenaje-a-pepe-cruz-alfonso,Homenaje a Pepe Cruz Alfonso,candil,1995-05,es,article,3069,head_tail_windows,1,PED_02,2
chat_packet_305,chat_annotation_packets_candil/packets/chat_packet_305.md,chat_annotation_packets_candil/packets/chat_packet_305.json,1522,1995-05-10-left-la-poes-a-y-el-baile-flamenco,La poesía y el baile flamenco,candil,1995-05,es,article,3988,head_tail_windows,1,COMM_04,3
chat_packet_305,chat_annotation_packets_candil/packets/chat_packet_305.md,chat_annotation_packets_candil/packets/chat_packet_305.json,1523,1995-05-13-right-manuel-torre-y-los-artistas-del-,Manuel Torre y los artistas del Campo de Gibraltar,candil,1995-05,es,article,3786,head_tail_windows,2,"COMM_02, CRIT_04",4
chat_packet_305,chat_annotation_packets_candil/packets/chat_packet_305.md,chat_annotation_packets_candil/packets/chat_packet_305.json,1524,1995-05-16-left-preg-n-del-quija,Pregón del Quija Poesía,candil,1995-05,es,article,644,full,0,,5
chat_packet_306,chat_annotation_packets_candil/packets/chat_packet_306.md,chat_annotation_packets_candil/packets/chat_packet_306.json,1525,1995-05-17-left-camar-n-el-genio-perdido-domingo,"Camarón, el genio perdido Domingo",candil,1995-05,es,article,3617,head_tail_windows,1,CRIT_02,1
chat_packet_306,chat_annotation_packets_candil/packets/chat_packet_306.md,chat_annotation_packets_candil/packets/chat_packet_306.json,1526,1995-05-18-left-jerez-su-cuna-lo-acogi-con-arte-,"Jerez, su cuna, lo acogió con arte Antonio",candil,1995-05,es,article,3166,head_tail_windows,1,COMM_01,2
chat_packet_306,chat_annotation_packets_candil/packets/chat_packet_306.md,chat_annotation_packets_candil/packets/chat_packet_306.json,1527,1995-05-19-left-discografia-flamenca-rafael,Discografia flamenca Rafael,candil,1995-05,es,article,5909,full,0,,3
chat_packet_306,chat_annotation_packets_candil/packets/chat_packet_306.md,chat_annotation_packets_candil/packets/chat_packet_306.json,1528,1995-05-20-left-presencia-de-c-ntico-en-el-flame,«Presencia de Cántico en el flamenco»,candil,1995-05,es,article,4156,head_tail_windows,1,CRIT_01,4
chat_packet_306,chat_annotation_packets_candil/packets/chat_packet_306.md,chat_annotation_packets_candil/packets/chat_packet_306.json,1529,1995-05-21-left-antiguos-cantos-de-linares-jos,Antiguos cantos de Linares José,candil,1995-05,es,article,4067,head_tail_windows,1,CRIT_03,5
chat_packet_307,chat_annotation_packets_candil/packets/chat_packet_307.md,chat_annotation_packets_candil/packets/chat_packet_307.json,1530,1995-07-4-right-2-sobrevivir-en-cada-edici-n,2. Sobrevivir en cada edición,candil,1995-07,es,article,3383,full,0,,1
chat_packet_307,chat_annotation_packets_candil/packets/chat_packet_307.md,chat_annotation_packets_candil/packets/chat_packet_307.json,1531,1995-07-5-right-ante-el-n-mero-100-de-candil,Ante el número 100 de Candil,candil,1995-07,es,article,2022,full,0,,2
chat_packet_307,chat_annotation_packets_candil/packets/chat_packet_307.md,chat_annotation_packets_candil/packets/chat_packet_307.json,1532,1995-07-8-left-el-presidente-de-la,EL PRESIDENTE DE LA,candil,1995-07,es,article,4037,head_tail_windows,1,COMM_02,3
chat_packet_307,chat_annotation_packets_candil/packets/chat_packet_307.md,chat_annotation_packets_candil/packets/chat_packet_307.json,1533,1995-07-8-right-junta-de-andalucia,JUNTA DE ANDALUCIA,candil,1995-07,es,article,2991,head_tail_windows,1,COMM_03,4
chat_packet_307,chat_annotation_packets_candil/packets/chat_packet_307.md,chat_annotation_packets_candil/packets/chat_packet_307.json,1534,1995-07-42-left-flamenco,FLAMENCO,candil,1995-07,es,article,3555,head_tail_windows,1,PED_03,5
chat_packet_308,chat_annotation_packets_candil/packets/chat_packet_308.md,chat_annotation_packets_candil/packets/chat_packet_308.json,1535,1995-07-57-right-el-jaleo-fue-madre-de-la-sole,"¿El ""jaleo"" fue madre de la soleá?",candil,1995-07,es,article,2874,head_tail_windows,1,CRIT_01,1
chat_packet_308,chat_annotation_packets_candil/packets/chat_packet_308.md,chat_annotation_packets_candil/packets/chat_packet_308.json,1536,1995-07-63-right-indice-de-rese-as-discogr-ficas,Indice de Reseñas discográficas,candil,1995-07,es,article,31,full,0,,2
chat_packet_308,chat_annotation_packets_candil/packets/chat_packet_308.md,chat_annotation_packets_candil/packets/chat_packet_308.json,1537,1995-09-3-left-editorial,Editorial,candil,1995-09,es,editorial,2092,full,0,,3
chat_packet_308,chat_annotation_packets_candil/packets/chat_packet_308.md,chat_annotation_packets_candil/packets/chat_packet_308.json,1538,1995-09-3-right-flamenquismo-y-modernismo,Flamenquismo y Modernismo Rafael,candil,1995-09,es,article,3740,head_tail_windows,1,PED_03,4
chat_packet_308,chat_annotation_packets_candil/packets/chat_packet_308.md,chat_annotation_packets_candil/packets/chat_packet_308.json,1539,1995-09-12-left-cr-nica-del-xxiii-congreso-de-ar,Crónica del XXIII Congreso de Arte Flamenco,candil,1995-09,es,article,4415,head_tail_windows,1,HERIT_03,5
chat_packet_309,chat_annotation_packets_candil/packets/chat_packet_309.md,chat_annotation_packets_candil/packets/chat_packet_309.json,1540,1995-09-14-left-con-el-congreso-como-excusa,Con el Congreso como excusa,candil,1995-09,es,article,2854,head_tail_windows,1,COMM_02,1
chat_packet_309,chat_annotation_packets_candil/packets/chat_packet_309.md,chat_annotation_packets_candil/packets/chat_packet_309.json,1541,1995-09-15-left-los-congresos-de-arte-flamenco-e,"Los Congresos de Arte Flamenco, en buen camino Rafael",candil,1995-09,es,article,3418,full,0,,2
chat_packet_309,chat_annotation_packets_candil/packets/chat_packet_309.md,chat_annotation_packets_candil/packets/chat_packet_309.json,1542,1995-09-15-right-santiago-donday,Santiago Donday Ramón,candil,1995-09,es,article,527,full,0,,3
chat_packet_309,chat_annotation_packets_candil/packets/chat_packet_309.md,chat_annotation_packets_candil/packets/chat_packet_309.json,1543,1995-09-17-left-jos-luis-postigo,Jose Luis Postigo Rafael,candil,1995-09,es,article,2716,head_tail_windows,1,COMM_01,4
chat_packet_309,chat_annotation_packets_candil/packets/chat_packet_309.md,chat_annotation_packets_candil/packets/chat_packet_309.json,1544,1995-09-20-left-aunque-no-quepa-en-el-papel,Aunque no quepa en el papel...,candil,1995-09,es,article,4899,head_tail_windows,1,COMM_04,5
chat_packet_310,chat_annotation_packets_candil/packets/chat_packet_310.md,chat_annotation_packets_candil/packets/chat_packet_310.json,1545,1995-09-21-left-una-nueva-llave-de-oro,Una nueva Llave de Oro,candil,1995-09,es,article,3846,head_tail_windows,1,COMM_04,1
chat_packet_310,chat_annotation_packets_candil/packets/chat_packet_310.md,chat_annotation_packets_candil/packets/chat_packet_310.json,1546,1995-09-23-left-tito-ortiz-a-comp-s,"Tito Ortiz ""A compás""",candil,1995-09,es,article,2721,head_tail_windows,1,COMM_03,2
chat_packet_310,chat_annotation_packets_candil/packets/chat_packet_310.md,chat_annotation_packets_candil/packets/chat_packet_310.json,1547,1995-09-24-right-el-arte-de-pilar-l-pez,El Arte de Pilar López,candil,1995-09,es,article,5124,full,0,,3
chat_packet_310,chat_annotation_packets_candil/packets/chat_packet_310.md,chat_annotation_packets_candil/packets/chat_packet_310.json,1548,1995-09-25-right-i-encuentro-flamenco-y-universid,I Encuentro « Flamenco y Universidad»,candil,1995-09,es,article,2837,head_tail_windows,1,CRIT_03,4
chat_packet_310,chat_annotation_packets_candil/packets/chat_packet_310.md,chat_annotation_packets_candil/packets/chat_packet_310.json,1549,1995-11-3-left-falla-y-el-cante-jondo,Falla y el Cante Jondo,candil,1995-11,es,editorial,2501,full,0,,5
chat_packet_311,chat_annotation_packets_candil/packets/chat_packet_311.md,chat_annotation_packets_candil/packets/chat_packet_311.json,1550,1995-11-3-right-la-escuela-de-antonio-mairena,La Escuela de Antonio Mairena,candil,1995-11,es,essay_opinion,4833,full,0,,1
chat_packet_311,chat_annotation_packets_candil/packets/chat_packet_311.md,chat_annotation_packets_candil/packets/chat_packet_311.json,1551,1995-11-4-right-antonio-bonilla-un-cantaor-en-el,"ANTONIO BONILLA, UN CANTAOR en el anonimato Martínez",candil,1995-11,es,article,5728,full,0,,2
chat_packet_311,chat_annotation_packets_candil/packets/chat_packet_311.md,chat_annotation_packets_candil/packets/chat_packet_311.json,1552,1995-11-6-left-paqui-lara-por-las-vereas-del-ar,"Paqui Lara ""por las vereas"" del Arte",candil,1995-11,es,article,3200,head_tail_windows,1,COMM_02,3
chat_packet_311,chat_annotation_packets_candil/packets/chat_packet_311.md,chat_annotation_packets_candil/packets/chat_packet_311.json,1553,1995-11-9-left-rafael-salazar-motos-rafael-fari,"Rafael Salazar Motos, ""Rafael Farina"", se nos fue",candil,1995-11,es,article,2425,full,0,,4
chat_packet_311,chat_annotation_packets_candil/packets/chat_packet_311.md,chat_annotation_packets_candil/packets/chat_packet_311.json,1554,1995-11-9-right-el-adios-a-rafael-farina,El adiós a Rafael Farina José Núñez de Castro,candil,1995-11,es,article,3836,full,0,,5
chat_packet_312,chat_annotation_packets_candil/packets/chat_packet_312.md,chat_annotation_packets_candil/packets/chat_packet_312.json,1555,1995-11-10-right-ni-de-varea-ni-de-el-ni-o-le-n-d,"Ni de Varea ni de ""El Niño León"", de Pareja Francisco",candil,1995-11,es,article,2561,full,0,,1
chat_packet_312,chat_annotation_packets_candil/packets/chat_packet_312.md,chat_annotation_packets_candil/packets/chat_packet_312.json,1556,1995-11-11-left-coplas-a-la-verde-sombra,Coplas a la verde sombra,candil,1995-11,es,article,693,full,0,,2
chat_packet_312,chat_annotation_packets_candil/packets/chat_packet_312.md,chat_annotation_packets_candil/packets/chat_packet_312.json,1557,1995-11-11-right-para-antonio-murciano-gonz-lez-a,Para Antonio Murciano González Antonio,candil,1995-11,es,article,1280,full,0,,3
chat_packet_312,chat_annotation_packets_candil/packets/chat_packet_312.md,chat_annotation_packets_candil/packets/chat_packet_312.json,1558,1995-11-12-right-aunque-no-quepa-en-el-papel,Aunque no quepa en el papel José Luis,candil,1995-11,es,article,3608,head_tail_windows,1,CRIT_03,4
chat_packet_312,chat_annotation_packets_candil/packets/chat_packet_312.md,chat_annotation_packets_candil/packets/chat_packet_312.json,1559,1995-11-14-left-avante-claro,Avante Claro,candil,1995-11,es,article,2510,full,0,,5
chat_packet_313,chat_annotation_packets_candil/packets/chat_packet_313.md,chat_annotation_packets_candil/packets/chat_packet_313.json,1560,1995-11-14-right-noche-flamenca-en-sanl-car,Noche Flamenca en Sanlúcar,candil,1995-11,es,article,3086,full,0,,1
chat_packet_313,chat_annotation_packets_candil/packets/chat_packet_313.md,chat_annotation_packets_candil/packets/chat_packet_313.json,1561,1995-11-15-left-carta-abierta-a-yerga-lancharro,Carta abierta a Yerga Lancharro,candil,1995-11,es,article,4007,full,0,,2
chat_packet_313,chat_annotation_packets_candil/packets/chat_packet_313.md,chat_annotation_packets_candil/packets/chat_packet_313.json,1562,1995-11-16-left-enderezando-entuertos,Enderezando entuertos Manuel,candil,1995-11,es,article,3443,head_tail_windows,1,CRIT_02,3
chat_packet_313,chat_annotation_packets_candil/packets/chat_packet_313.md,chat_annotation_packets_candil/packets/chat_packet_313.json,1563,1995-11-17-right-nostalgias-guitarr-sticas-madril,Nostalgias guitarristicas madrileñas,candil,1995-11,es,article,2859,head_tail_windows,1,CRIT_03,4
chat_packet_313,chat_annotation_packets_candil/packets/chat_packet_313.md,chat_annotation_packets_candil/packets/chat_packet_313.json,1564,1995-11-19-left-homenaje-a-antonio-murciano,Homenaje a Antonio Murciano,candil,1995-11,es,article,2461,full,0,,5
chat_packet_314,chat_annotation_packets_candil/packets/chat_packet_314.md,chat_annotation_packets_candil/packets/chat_packet_314.json,1565,1995-11-19-right-pre-flamenco-en-barcelona-a-fine,Pre-Flamenco en Barcelona a fines de siglo XVIII y comienzos del XIX Eloy,candil,1995-11,es,article,4705,head_tail_windows,2,"AUTH_03, CRIT_03",1
chat_packet_314,chat_annotation_packets_candil/packets/chat_packet_314.md,chat_annotation_packets_candil/packets/chat_packet_314.json,1566,1996-01-3-left-la-reno-vaci-n,La Reno vación,candil,1996-01,es,editorial,2868,full,0,,2
chat_packet_314,chat_annotation_packets_candil/packets/chat_packet_314.md,chat_annotation_packets_candil/packets/chat_packet_314.json,1567,1996-01-11-left-100-n-meros-cien-satisfacciones,"100 números, cien satisfacciones",candil,1996-01,es,article,2913,head_tail_windows,1,COMM_02,3
chat_packet_314,chat_annotation_packets_candil/packets/chat_packet_314.md,chat_annotation_packets_candil/packets/chat_packet_314.json,1568,1996-01-12-right-el-futuro-de-las-revistas-de-fla,El futuro de las Revistas de Flamenco,candil,1996-01,es,essay_opinion,3281,head_tail_windows,1,COMM_03,4
chat_packet_314,chat_annotation_packets_candil/packets/chat_packet_314.md,chat_annotation_packets_candil/packets/chat_packet_314.json,1569,1996-01-14-left-muri-antonio-un-rey-sin-sombra,"Murió Antonio, un rey sin sombra",candil,1996-01,es,article,3437,head_tail_windows,1,PED_01,5
chat_packet_315,chat_annotation_packets_candil/packets/chat_packet_315.md,chat_annotation_packets_candil/packets/chat_packet_315.json,1570,1996-01-17-left-multitudinario-homenaje-de-despe,"Multitudinario homenaje de despedida a Juan Carmona ""El Habichuela""",candil,1996-01,es,article,4437,full,0,,1
chat_packet_315,chat_annotation_packets_candil/packets/chat_packet_315.md,chat_annotation_packets_candil/packets/chat_packet_315.json,1571,1996-01-18-left-la-noche-de-enrique,La noche de Enrique Morente,candil,1996-01,es,article,2575,full,0,,2
chat_packet_315,chat_annotation_packets_candil/packets/chat_packet_315.md,chat_annotation_packets_candil/packets/chat_packet_315.json,1572,1996-01-19-right-la-rumba-catalana-de-la-habanera,La Rumba Catalana. De la habanera y el tango a la rumba catalana,candil,1996-01,es,article,3099,head_tail_windows,1,HERIT_02,3
chat_packet_315,chat_annotation_packets_candil/packets/chat_packet_315.md,chat_annotation_packets_candil/packets/chat_packet_315.json,1573,1996-01-24-right-catalu-a-pionera-de-la-did-ctica,"Cataluña, pionera de la didáctica de la guitarra",candil,1996-01,es,essay_opinion,3556,head_tail_windows,1,PED_01,4
chat_packet_315,chat_annotation_packets_candil/packets/chat_packet_315.md,chat_annotation_packets_candil/packets/chat_packet_315.json,1574,1996-03-3-left-juan-talega,Juan Talega,candil,1996-03,es,editorial,2443,full,0,,5
chat_packet_316,chat_annotation_packets_candil/packets/chat_packet_316.md,chat_annotation_packets_candil/packets/chat_packet_316.json,1575,1996-03-3-right-la-epoca-dorada,La Epoca Dorada,candil,1996-03,es,article,3528,head_tail_windows,1,CRIT_03,1
chat_packet_316,chat_annotation_packets_candil/packets/chat_packet_316.md,chat_annotation_packets_candil/packets/chat_packet_316.json,1576,1996-03-7-left-qu-pasa-con-el-flamenco-de-hoy,¿Qué pasa con el flamenco de hoy?,candil,1996-03,es,essay_opinion,4295,head_tail_windows,2,"PED_03, COMM_01",2
chat_packet_316,chat_annotation_packets_candil/packets/chat_packet_316.md,chat_annotation_packets_candil/packets/chat_packet_316.json,1577,1996-03-12-left-matilde-coral-sabidur-a-flamenca,"Matilde Coral, sabiduría flamenca y bailaora",candil,1996-03,es,article,4026,head_tail_windows,1,COMM_02,3
chat_packet_316,chat_annotation_packets_candil/packets/chat_packet_316.md,chat_annotation_packets_candil/packets/chat_packet_316.json,1578,1996-03-16-left-manuel-yerga-lancharro-en-las-d-,"¿En las décadas de los diez, veinte y treinta, se cantó peor que en la actualidad?",candil,1996-03,es,essay_opinion,4365,full,0,,4
chat_packet_316,chat_annotation_packets_candil/packets/chat_packet_316.md,chat_annotation_packets_candil/packets/chat_packet_316.json,1579,1996-03-17-left-se-nos-fue-am-s-rodr-quez-rey,Se nos fue Amós Rodríguez Rey,candil,1996-03,es,article,2792,head_tail_windows,1,HERIT_03,5
chat_packet_317,chat_annotation_packets_candil/packets/chat_packet_317.md,chat_annotation_packets_candil/packets/chat_packet_317.json,1580,1996-03-18-right-manuel-yerga-lancharro-enderezan,Enderezando entuertos,candil,1996-03,es,essay_opinion,2819,full,0,,1
chat_packet_317,chat_annotation_packets_candil/packets/chat_packet_317.md,chat_annotation_packets_candil/packets/chat_packet_317.json,1581,1996-03-19-left-la-fascinaci-n-literaria-por-el-,La fascinación literaria por el flamenco a principios de siglo,candil,1996-03,es,article,2952,head_tail_windows,1,AUTH_03,2
chat_packet_317,chat_annotation_packets_candil/packets/chat_packet_317.md,chat_annotation_packets_candil/packets/chat_packet_317.json,1582,1996-03-22-right-la-comunicaci-n-catalu-a-pionera,"La comunicación «Cataluña, pionera en la didáctica de la guitarra»: algunas precisiones",candil,1996-03,es,article,3024,head_tail_windows,1,HERIT_02,3
chat_packet_317,chat_annotation_packets_candil/packets/chat_packet_317.md,chat_annotation_packets_candil/packets/chat_packet_317.json,1583,1996-03-24-right-el-flamenco-ante-la-juventud,El flamenco ante la juventud,candil,1996-03,es,article,3896,head_tail_windows,1,COMM_03,4
chat_packet_317,chat_annotation_packets_candil/packets/chat_packet_317.md,chat_annotation_packets_candil/packets/chat_packet_317.json,1584,1996-03-26-left-noticiario-flamenco,Noticiario Flamenco. Programa del XXIV Congreso de Arte,candil,1996-03,es,news_roundup,3565,full,0,,5
chat_packet_318,chat_annotation_packets_candil/packets/chat_packet_318.md,chat_annotation_packets_candil/packets/chat_packet_318.json,1585,1996-05-3-left-fausto-el-jondo-mensaje-pl-stico,Fausto: El jondo mensaje plástico,candil,1996-05,es,editorial,3043,full,0,,1
chat_packet_318,chat_annotation_packets_candil/packets/chat_packet_318.md,chat_annotation_packets_candil/packets/chat_packet_318.json,1586,1996-05-4-left-la-epoca-dorada,La Epoca Dorada,candil,1996-05,es,article,3974,head_tail_windows,2,"CRIT_03, COMM_03",2
chat_packet_318,chat_annotation_packets_candil/packets/chat_packet_318.md,chat_annotation_packets_candil/packets/chat_packet_318.json,1587,1996-05-8-right-veinticinco-a-os-de-historia,Veinticinco años de historia,candil,1996-05,es,article,3198,head_tail_windows,1,CRIT_03,3
chat_packet_318,chat_annotation_packets_candil/packets/chat_packet_318.md,chat_annotation_packets_candil/packets/chat_packet_318.json,1588,1996-05-14-left-no-deb-a-de-quererte-suplicaba-r,“No debía de quererte” suplicaba Rosario López,candil,1996-05,es,essay_opinion,4826,full,0,,4
chat_packet_318,chat_annotation_packets_candil/packets/chat_packet_318.md,chat_annotation_packets_candil/packets/chat_packet_318.json,1589,1996-05-15-right-recuerdos-de-gabriela-ortega,Recuerdos de Gabriela Ortega,candil,1996-05,es,essay_opinion,3926,full,0,,5
chat_packet_319,chat_annotation_packets_candil/packets/chat_packet_319.md,chat_annotation_packets_candil/packets/chat_packet_319.json,1590,1996-05-17-left-manuel-balmaseda-gonz-lez,Manuel Balmaseda González,candil,1996-05,es,essay_opinion,5177,full,0,,1
chat_packet_319,chat_annotation_packets_candil/packets/chat_packet_319.md,chat_annotation_packets_candil/packets/chat_packet_319.json,1591,1996-05-22-right-homenaje-a-fausto-olivares,Homenaje a Fausto Olivares,candil,1996-05,es,article,985,full,0,,2
chat_packet_319,chat_annotation_packets_candil/packets/chat_packet_319.md,chat_annotation_packets_candil/packets/chat_packet_319.json,1592,1996-05-23-right-salgan-por-esas-ventanas-los-tra,Salgan por esas ventanas los trallazos de las siguiriyas,candil,1996-05,es,article,3585,head_tail_windows,1,PED_02,3
chat_packet_319,chat_annotation_packets_candil/packets/chat_packet_319.md,chat_annotation_packets_candil/packets/chat_packet_319.json,1593,1996-05-25-right-que-ya-no-estaba-pero-est,Que ya no estaba pero está,candil,1996-05,es,article,1457,full,0,,4
chat_packet_319,chat_annotation_packets_candil/packets/chat_packet_319.md,chat_annotation_packets_candil/packets/chat_packet_319.json,1594,1996-05-26-right-fausto-olivares,Fausto Olivares,candil,1996-05,es,article,3215,head_tail_windows,1,COMM_02,5
chat_packet_320,chat_annotation_packets_candil/packets/chat_packet_320.md,chat_annotation_packets_candil/packets/chat_packet_320.json,1595,1996-05-29-right-acotaciones-al-mundo-de-fausto-o,Acotaciones al mundo de Fausto Olivares,candil,1996-05,es,article,2884,head_tail_windows,1,CRIT_01,1
chat_packet_320,chat_annotation_packets_candil/packets/chat_packet_320.md,chat_annotation_packets_candil/packets/chat_packet_320.json,1596,1996-05-31-right-el-arte-de-fausto-olivares,El Arte de Fausto Olivares,candil,1996-05,es,article,2793,full,0,,2
chat_packet_320,chat_annotation_packets_candil/packets/chat_packet_320.md,chat_annotation_packets_candil/packets/chat_packet_320.json,1597,1996-05-33-right-poema-a-fausto-olivares,Poema a Fausto Olivares,candil,1996-05,es,article,528,full,0,,3
chat_packet_320,chat_annotation_packets_candil/packets/chat_packet_320.md,chat_annotation_packets_candil/packets/chat_packet_320.json,1598,1996-05-34-right-poema,Poema,candil,1996-05,es,article,612,full,0,,4
chat_packet_320,chat_annotation_packets_candil/packets/chat_packet_320.md,chat_annotation_packets_candil/packets/chat_packet_320.json,1599,1996-05-35-left-fausto-eterno-candil,"Fausto, eterno candil",candil,1996-05,es,article,1604,full,0,,5
chat_packet_321,chat_annotation_packets_candil/packets/chat_packet_321.md,chat_annotation_packets_candil/packets/chat_packet_321.json,1600,1996-05-36-left-fausto-y-su-b-squeda-pict-rica,Fausto y su búsqueda pictórica,candil,1996-05,es,article,2776,full,0,,1
chat_packet_321,chat_annotation_packets_candil/packets/chat_packet_321.md,chat_annotation_packets_candil/packets/chat_packet_321.json,1601,1996-05-38-left-fausto-olivares-en-las-ra-ces-de,Fausto Olivares en las raíces del Flamenco,candil,1996-05,es,article,4550,full,0,,2
chat_packet_321,chat_annotation_packets_candil/packets/chat_packet_321.md,chat_annotation_packets_candil/packets/chat_packet_321.json,1602,1996-05-39-right-fausto-en-su-duraci-n,Fausto en su duración,candil,1996-05,es,article,5284,full,0,,3
chat_packet_321,chat_annotation_packets_candil/packets/chat_packet_321.md,chat_annotation_packets_candil/packets/chat_packet_321.json,1603,1996-05-41-left-los-colores-jondos-de-fausto-oli,Los colores jondos de Fausto Olivares,candil,1996-05,es,article,3444,head_tail_windows,1,COMM_01,4
chat_packet_321,chat_annotation_packets_candil/packets/chat_packet_321.md,chat_annotation_packets_candil/packets/chat_packet_321.json,1604,1996-05-42-right-descr-dito-de-los-c-nones,Descrédito de los cánones,candil,1996-05,es,article,5018,full,0,,5
chat_packet_322,chat_annotation_packets_candil/packets/chat_packet_322.md,chat_annotation_packets_candil/packets/chat_packet_322.json,1605,1996-05-43-right-fausto-olivares-en-las-cuevas-ce,Fausto Olivares en las cuevas celestes donde los cantes se hacen ecos sin fin,candil,1996-05,es,article,4510,full,0,,1
chat_packet_322,chat_annotation_packets_candil/packets/chat_packet_322.md,chat_annotation_packets_candil/packets/chat_packet_322.json,1606,1996-05-44-right-fausto-olivares-la-persona,"Fausto Olivares, la persona",candil,1996-05,es,article,2952,head_tail_windows,1,COMM_01,2
chat_packet_322,chat_annotation_packets_candil/packets/chat_packet_322.md,chat_annotation_packets_candil/packets/chat_packet_322.json,1607,1996-05-46-right-el-mundo-en-sus-ojos,El mundo en sus ojos,candil,1996-05,es,article,3510,head_tail_windows,1,COMM_04,3
chat_packet_322,chat_annotation_packets_candil/packets/chat_packet_322.md,chat_annotation_packets_candil/packets/chat_packet_322.json,1608,1996-05-49-left-25-de-julio-de-1995,25 de Julio de 1995,candil,1996-05,es,article,3143,full,0,,4
chat_packet_322,chat_annotation_packets_candil/packets/chat_packet_322.md,chat_annotation_packets_candil/packets/chat_packet_322.json,1609,1996-09-3-left-a-ram-n-porras,A Ramón Porras,candil,1996-09,es,editorial,3488,full,0,,5
chat_packet_323,chat_annotation_packets_candil/packets/chat_packet_323.md,chat_annotation_packets_candil/packets/chat_packet_323.json,1610,1996-09-3-right-creador-y-recreador,Mairena: Creador y recreador,candil,1996-09,es,essay_opinion,2977,head_tail_windows,1,PED_03,1
chat_packet_323,chat_annotation_packets_candil/packets/chat_packet_323.md,chat_annotation_packets_candil/packets/chat_packet_323.json,1611,1996-09-5-left-lorca-en-la-memoria-propuesta-fl,Lorca en la Memoria Propuesta flamenca para el recuerdo,candil,1996-09,es,essay_opinion,2075,full,0,,2
chat_packet_323,chat_annotation_packets_candil/packets/chat_packet_323.md,chat_annotation_packets_candil/packets/chat_packet_323.json,1612,1996-09-6-left-el-flamenco-y-el-pueblo-bases-pa,El flamenco y el pueblo. Bases para una política de gestión cultural del flamenco en Andalucía,candil,1996-09,es,article,4350,head_tail_windows,2,"COMM_04, HERIT_03",3
chat_packet_323,chat_annotation_packets_candil/packets/chat_packet_323.md,chat_annotation_packets_candil/packets/chat_packet_323.json,1613,1996-09-12-left-letras-flamencas,Letras flamencas,candil,1996-09,es,article,536,full,0,,4
chat_packet_323,chat_annotation_packets_candil/packets/chat_packet_323.md,chat_annotation_packets_candil/packets/chat_packet_323.json,1614,1996-09-12-right-poema,Poema,candil,1996-09,es,article,522,full,0,,5
chat_packet_324,chat_annotation_packets_candil/packets/chat_packet_324.md,chat_annotation_packets_candil/packets/chat_packet_324.json,1615,1996-09-13-left-don-manuel-de-falla-y-el-cante-j,Don Manuel de Falla y el cante jondo. Conferencia inaugural del XXIV Congreso de Arte Flamenco,candil,1996-09,es,essay_opinion,3671,head_tail_windows,1,CRIT_01,1
chat_packet_324,chat_annotation_packets_candil/packets/chat_packet_324.md,chat_annotation_packets_candil/packets/chat_packet_324.json,1616,1996-09-23-left-flamenco-en-la-universidad-compl,Flamenco en la Universidad Complutense,candil,1996-09,es,article,5116,full,0,,2
chat_packet_324,chat_annotation_packets_candil/packets/chat_packet_324.md,chat_annotation_packets_candil/packets/chat_packet_324.json,1617,1996-09-24-left-un-centenario-el-personaje,Un centenario El personaje,candil,1996-09,es,article,3439,head_tail_windows,1,AUTH_04,3
chat_packet_324,chat_annotation_packets_candil/packets/chat_packet_324.md,chat_annotation_packets_candil/packets/chat_packet_324.json,1618,1996-09-26-left-manuel-yerga-lancharro-ni-quito-,Ni quito ni pongo rey,candil,1996-09,es,essay_opinion,2343,full,0,,4
chat_packet_324,chat_annotation_packets_candil/packets/chat_packet_324.md,chat_annotation_packets_candil/packets/chat_packet_324.json,1619,1996-11-3-left-que-tu-voz-no-se-pierda,Que tu voz no se pierda,candil,1996-11,es,editorial,2615,full,0,,5
chat_packet_325,chat_annotation_packets_candil/packets/chat_packet_325.md,chat_annotation_packets_candil/packets/chat_packet_325.json,1620,1996-11-3-right-celebraci-n-del-xxiv-congreso-de,Celebración del XXIV Congreso de Arte Flamenco,candil,1996-11,es,article,3327,head_tail_windows,1,CRIT_03,1
chat_packet_325,chat_annotation_packets_candil/packets/chat_packet_325.md,chat_annotation_packets_candil/packets/chat_packet_325.json,1621,1996-11-8-left-xxiv-congreso-de-flamenco,Crónica del XXIV Congreso de Flamenco,candil,1996-11,es,article,2648,head_tail_windows,1,HERIT_02,2
chat_packet_325,chat_annotation_packets_candil/packets/chat_packet_325.md,chat_annotation_packets_candil/packets/chat_packet_325.json,1622,1996-11-10-left-la-est-tica-del-flamenco,La estética del Flamenco,candil,1996-11,es,article,4129,head_tail_windows,1,CRIT_04,3
chat_packet_325,chat_annotation_packets_candil/packets/chat_packet_325.md,chat_annotation_packets_candil/packets/chat_packet_325.json,1623,1996-11-13-right-la-cultura-de-la-sangre,La cultura de la sangre,candil,1996-11,es,essay_opinion,2726,head_tail_windows,1,AUTH_03,4
chat_packet_325,chat_annotation_packets_candil/packets/chat_packet_325.md,chat_annotation_packets_candil/packets/chat_packet_325.json,1624,1996-11-17-left-ideas-generales-para-un-debate-s,Ideas generales para un debate sobre la estética cantaora,candil,1996-11,es,article,3044,full,0,,5
chat_packet_326,chat_annotation_packets_candil/packets/chat_packet_326.md,chat_annotation_packets_candil/packets/chat_packet_326.json,1625,1996-11-17-right-sobre-la-poes-a-del-cante,Sobre la poesía del cante,candil,1996-11,es,essay_opinion,3571,head_tail_windows,1,CRIT_03,1
chat_packet_326,chat_annotation_packets_candil/packets/chat_packet_326.md,chat_annotation_packets_candil/packets/chat_packet_326.json,1626,1996-11-18-right-la-est-tica-plural-del-baile-fla,La estética plural del baile flamenco,candil,1996-11,es,article,2789,head_tail_windows,1,CRIT_01,2
chat_packet_326,chat_annotation_packets_candil/packets/chat_packet_326.md,chat_annotation_packets_candil/packets/chat_packet_326.json,1627,1996-11-20-left-la-est-tica-y-el-braceo,La estética y el braceo,candil,1996-11,es,article,2850,head_tail_windows,1,CRIT_04,3
chat_packet_326,chat_annotation_packets_candil/packets/chat_packet_326.md,chat_annotation_packets_candil/packets/chat_packet_326.json,1628,1996-11-21-right-y-se-despertaron-los-duendes-en-,...Y se despertaron los duendes en Casabermeja,candil,1996-11,es,article,3248,head_tail_windows,1,CRIT_02,4
chat_packet_326,chat_annotation_packets_candil/packets/chat_packet_326.md,chat_annotation_packets_candil/packets/chat_packet_326.json,1629,1996-11-22-right-el-flamenco-en-asturias,El Flamenco en Asturias,candil,1996-11,es,essay_opinion,4589,full,0,,5
chat_packet_327,chat_annotation_packets_candil/packets/chat_packet_327.md,chat_annotation_packets_candil/packets/chat_packet_327.json,1630,1996-11-23-right-ix-semana-cultural-la-gaviota,IX Semana Cultural “La Gaviota”,candil,1996-11,es,article,4226,full,0,,1
chat_packet_327,chat_annotation_packets_candil/packets/chat_packet_327.md,chat_annotation_packets_candil/packets/chat_packet_327.json,1631,1996-11-24-right-escuela-de-arte-flamenco-de-este,Escuela de Arte Flamenco de Estepona,candil,1996-11,es,article,3353,head_tail_windows,1,PED_03,2
chat_packet_327,chat_annotation_packets_candil/packets/chat_packet_327.md,chat_annotation_packets_candil/packets/chat_packet_327.json,1632,1996-11-26-left-noticiario-flamenco,Noticiario Flamenco,candil,1996-11,es,news_roundup,2200,full,0,,3
chat_packet_327,chat_annotation_packets_candil/packets/chat_packet_327.md,chat_annotation_packets_candil/packets/chat_packet_327.json,1633,1997-01-3-left-pepe-marchena,Pepe Marchena,candil,1997-01,es,editorial,2938,full,0,,4
chat_packet_327,chat_annotation_packets_candil/packets/chat_packet_327.md,chat_annotation_packets_candil/packets/chat_packet_327.json,1634,1997-01-3-right-el-cante-ante-la-melancol-a-y-el,El cante ante la melancolía y el mito nacional,candil,1997-01,es,article,3381,head_tail_windows,1,PED_03,5
chat_packet_328,chat_annotation_packets_candil/packets/chat_packet_328.md,chat_annotation_packets_candil/packets/chat_packet_328.json,1635,1997-01-11-right-las-fronteras-del-arte,Las fronteras del Arte Flamenco,candil,1997-01,es,essay_opinion,2670,head_tail_windows,1,CRIT_04,1
chat_packet_328,chat_annotation_packets_candil/packets/chat_packet_328.md,chat_annotation_packets_candil/packets/chat_packet_328.json,1636,1997-01-13-left-jos-merc-paradigma-de-lo-jondo,"José Mercé, paradigma de lo jondo",candil,1997-01,es,essay_opinion,4344,head_tail_windows,2,"COMM_02, CRIT_04",2
chat_packet_328,chat_annotation_packets_candil/packets/chat_packet_328.md,chat_annotation_packets_candil/packets/chat_packet_328.json,1637,1997-01-17-right-poema,Poema,candil,1997-01,es,article,1007,full,0,,3
chat_packet_328,chat_annotation_packets_candil/packets/chat_packet_328.md,chat_annotation_packets_candil/packets/chat_packet_328.json,1638,1997-01-18-left-la-est-tica-del-toque,La estética del toque,candil,1997-01,es,article,3907,head_tail_windows,1,CRIT_01,4
chat_packet_328,chat_annotation_packets_candil/packets/chat_packet_328.md,chat_annotation_packets_candil/packets/chat_packet_328.json,1639,1997-01-21-left-forman-el-gigantesco-rbol-flamen,¿Forman el gigantesco árbol flamenco malagueño el verdial y los fandangos de Vélez?,candil,1997-01,es,essay_opinion,3839,head_tail_windows,1,CRIT_04,5
chat_packet_329,chat_annotation_packets_candil/packets/chat_packet_329.md,chat_annotation_packets_candil/packets/chat_packet_329.json,1640,1997-01-25-right-flamenca,Discografia flamenca,candil,1997-01,es,essay_opinion,4103,full,0,,1
chat_packet_329,chat_annotation_packets_candil/packets/chat_packet_329.md,chat_annotation_packets_candil/packets/chat_packet_329.json,1641,1997-01-26-right-el-cante-de-la-petenera,¡El cante de la petenera!,candil,1997-01,es,essay_opinion,5113,full,0,,2
chat_packet_329,chat_annotation_packets_candil/packets/chat_packet_329.md,chat_annotation_packets_candil/packets/chat_packet_329.json,1642,1997-01-27-right-recordando-a-carmen-amaya,Recordando a Carmen Amaya,candil,1997-01,es,article,2727,head_tail_windows,1,HERIT_02,3
chat_packet_329,chat_annotation_packets_candil/packets/chat_packet_329.md,chat_annotation_packets_candil/packets/chat_packet_329.json,1643,1997-01-28-right-festival-flamenco-homenaje-a-man,Festival Flamenco homenaje a Manuel Fernández Castro «Finito»,candil,1997-01,es,article,2326,full,0,,4
chat_packet_329,chat_annotation_packets_candil/packets/chat_packet_329.md,chat_annotation_packets_candil/packets/chat_packet_329.json,1644,1997-01-29-right-aunque-no-quepa-en-el-papel,Aunque no quepa en el papel...,candil,1997-01,es,article,3899,full,0,,5
chat_packet_330,chat_annotation_packets_candil/packets/chat_packet_330.md,chat_annotation_packets_candil/packets/chat_packet_330.json,1645,1997-01-30-left-luto-y-llanto-por-la-muerte-de-e,Luto y llanto por la muerte de “El Perro”,candil,1997-01,es,article,2948,full,0,,1
chat_packet_330,chat_annotation_packets_candil/packets/chat_packet_330.md,chat_annotation_packets_candil/packets/chat_packet_330.json,1646,1997-03-3-left-chano-lobato,Editorial,candil,1997-03,es,editorial,4515,full,0,,2
chat_packet_330,chat_annotation_packets_candil/packets/chat_packet_330.md,chat_annotation_packets_candil/packets/chat_packet_330.json,1647,1997-03-3-left-chano-lobato,Editorial,candil,1997-03,es,editorial,5032,full,0,,3
chat_packet_330,chat_annotation_packets_candil/packets/chat_packet_330.md,chat_annotation_packets_candil/packets/chat_packet_330.json,1648,1997-03-4-left-chano-lobato-y-las-canti-as-de-c,Chano Lobato y las cantinas de Cádiz y Los Puertos,candil,1997-03,es,article,3049,head_tail_windows,1,PED_02,4
chat_packet_330,chat_annotation_packets_candil/packets/chat_packet_330.md,chat_annotation_packets_candil/packets/chat_packet_330.json,1649,1997-03-11-right-radiografia-de-chano-lobato,Radiografia de Chano Lobato,candil,1997-03,es,article,3771,head_tail_windows,2,"CRIT_03, AUTH_03",5
chat_packet_331,chat_annotation_packets_candil/packets/chat_packet_331.md,chat_annotation_packets_candil/packets/chat_packet_331.json,1650,1997-03-13-left-chano,Chano,candil,1997-03,es,article,1593,full,0,,1
chat_packet_331,chat_annotation_packets_candil/packets/chat_packet_331.md,chat_annotation_packets_candil/packets/chat_packet_331.json,1651,1997-03-13-right-a-chano-lobato-en-apasionado-hom,A Chano Lobato en apasionado homenaje,candil,1997-03,es,article,3917,head_tail_windows,1,COMM_04,2
chat_packet_331,chat_annotation_packets_candil/packets/chat_packet_331.md,chat_annotation_packets_candil/packets/chat_packet_331.json,1652,1997-03-17-left-chano-lobato-un-eslab-n-perdido,Chano Lobato: Un eslabón perdido,candil,1997-03,es,article,3487,full,0,,3
chat_packet_331,chat_annotation_packets_candil/packets/chat_packet_331.md,chat_annotation_packets_candil/packets/chat_packet_331.json,1653,1997-03-17-right-de-macaca-a-chano,De Macaca a Chano,candil,1997-03,es,article,3889,full,0,,4
chat_packet_331,chat_annotation_packets_candil/packets/chat_packet_331.md,chat_annotation_packets_candil/packets/chat_packet_331.json,1654,1997-03-18-right-chano-un-lujo-del-sur,"Chano, un lujo del Sur",candil,1997-03,es,article,1509,full,0,,5
chat_packet_332,chat_annotation_packets_candil/packets/chat_packet_332.md,chat_annotation_packets_candil/packets/chat_packet_332.json,1655,1997-03-19-right-una-entre-mil-cr-nicas-chano-lob,"Una entre mil crónicas Chano Lobato, señor del cante",candil,1997-03,es,article,4312,full,0,,1
chat_packet_332,chat_annotation_packets_candil/packets/chat_packet_332.md,chat_annotation_packets_candil/packets/chat_packet_332.json,1656,1997-03-20-right-del-baile-al-cante-y-del-cante-a,Chano Lobato: Del baile al cante y del cante al baile...,candil,1997-03,es,article,5536,full,0,,2
chat_packet_332,chat_annotation_packets_candil/packets/chat_packet_332.md,chat_annotation_packets_candil/packets/chat_packet_332.json,1657,1997-03-24-right-retrato-de-cantaor-con-sal,Chano Lobato: Retrato de cantaor con sal,candil,1997-03,es,article,4734,head_tail_windows,2,"HERIT_03, COMM_04",3
chat_packet_332,chat_annotation_packets_candil/packets/chat_packet_332.md,chat_annotation_packets_candil/packets/chat_packet_332.json,1658,1997-03-30-left-jos-n-ez-de-castro-g-mez-la-aleg,La alegría en el cante,candil,1997-03,es,article,2942,full,0,,4
chat_packet_332,chat_annotation_packets_candil/packets/chat_packet_332.md,chat_annotation_packets_candil/packets/chat_packet_332.json,1659,1997-03-30-right-una-sencilla-manera-de-ser-impor,Chano Lobato: Una sencilla manera de ser importante,candil,1997-03,es,article,3464,head_tail_windows,1,COMM_03,5
chat_packet_333,chat_annotation_packets_candil/packets/chat_packet_333.md,chat_annotation_packets_candil/packets/chat_packet_333.json,1660,1997-03-33-right-carta-a-chano-lobato,Carta a Chano Lobato,candil,1997-03,es,article,5338,full,0,,1
chat_packet_333,chat_annotation_packets_candil/packets/chat_packet_333.md,chat_annotation_packets_candil/packets/chat_packet_333.json,1661,1997-03-34-right-chano-lobato-un-cantaor-gaditano,"Chano Lobato, un cantaor gaditano",candil,1997-03,es,article,2061,full,0,,2
chat_packet_333,chat_annotation_packets_candil/packets/chat_packet_333.md,chat_annotation_packets_candil/packets/chat_packet_333.json,1662,1997-03-35-left-mis-diversiones-con-chano,Mis diversiones con Chano,candil,1997-03,es,article,3646,full,0,,3
chat_packet_333,chat_annotation_packets_candil/packets/chat_packet_333.md,chat_annotation_packets_candil/packets/chat_packet_333.json,1663,1997-03-36-left-el-comp-s-brujo,Chano Lobato: El compás brujo,candil,1997-03,es,article,3595,full,0,,4
chat_packet_333,chat_annotation_packets_candil/packets/chat_packet_333.md,chat_annotation_packets_candil/packets/chat_packet_333.json,1664,1997-03-37-left-chano-labato-cantaor-singular,"Chano Lobato, cantaor singular",candil,1997-03,es,article,4005,full,0,,5
chat_packet_334,chat_annotation_packets_candil/packets/chat_packet_334.md,chat_annotation_packets_candil/packets/chat_packet_334.json,1665,1997-05-3-left-camar-n-a-los-cinco-a-os-de-su-m,"Camarón, a los cinco años de su muerte",candil,1997-05,es,editorial,2866,full,0,,1
chat_packet_334,chat_annotation_packets_candil/packets/chat_packet_334.md,chat_annotation_packets_candil/packets/chat_packet_334.json,1666,1997-05-3-right-con-el-g-ito-asom-el-duende,Con “El Güito” asomó el duende,candil,1997-05,es,essay_opinion,3507,head_tail_windows,1,PED_02,2
chat_packet_334,chat_annotation_packets_candil/packets/chat_packet_334.md,chat_annotation_packets_candil/packets/chat_packet_334.json,1667,1997-05-6-right-un-joven-cantaor-de-70-a-os,Chamo Lobato: Un joven cantaor de 70 años,candil,1997-05,es,essay_opinion,3063,head_tail_windows,1,COMM_04,3
chat_packet_334,chat_annotation_packets_candil/packets/chat_packet_334.md,chat_annotation_packets_candil/packets/chat_packet_334.json,1668,1997-05-8-right-el-inmenso-caudal-cantaor-de-cha,El inmenso caudal cantaor de Chano Lobato,candil,1997-05,es,article,3801,head_tail_windows,2,"CRIT_03, PED_03",4
chat_packet_334,chat_annotation_packets_candil/packets/chat_packet_334.md,chat_annotation_packets_candil/packets/chat_packet_334.json,1669,1997-05-12-left-tardar-en-nacer-si-es-que-nace,"Pedro Bacán: Tardará en nacer, si es que nace",candil,1997-05,es,article,2896,head_tail_windows,1,CRIT_01,5
chat_packet_335,chat_annotation_packets_candil/packets/chat_packet_335.md,chat_annotation_packets_candil/packets/chat_packet_335.json,1670,1997-05-14-left-fernando-fern-ndez-pantoja,"Fernando Fernández Pantoja, “Terremoto Hijo”",candil,1997-05,es,article,3251,head_tail_windows,1,COMM_02,1
chat_packet_335,chat_annotation_packets_candil/packets/chat_packet_335.md,chat_annotation_packets_candil/packets/chat_packet_335.json,1671,1997-05-16-left-un-cantaor-en-el-olvido,Luis “El Quija”: Un cantaor en el olvido,candil,1997-05,es,article,4478,head_tail_windows,2,"COMM_04, CRIT_04",2
chat_packet_335,chat_annotation_packets_candil/packets/chat_packet_335.md,chat_annotation_packets_candil/packets/chat_packet_335.json,1672,1997-05-19-left-el-nov-simo-cancionero-er-tico-s,"“El Novísimo cancionero erótico, sentimental y flamenco” de Juan Manuel Villén",candil,1997-05,es,article,3059,head_tail_windows,1,AUTH_02,3
chat_packet_335,chat_annotation_packets_candil/packets/chat_packet_335.md,chat_annotation_packets_candil/packets/chat_packet_335.json,1673,1997-05-21-right-martinetes-y-ton-s,Martinetes y Tonás (Letras flamencas),candil,1997-05,es,article,846,full,0,,4
chat_packet_335,chat_annotation_packets_candil/packets/chat_packet_335.md,chat_annotation_packets_candil/packets/chat_packet_335.json,1674,1997-05-22-left-guitarra,Guitarra (Poema),candil,1997-05,es,article,519,full,0,,5
chat_packet_336,chat_annotation_packets_candil/packets/chat_packet_336.md,chat_annotation_packets_candil/packets/chat_packet_336.json,1675,1997-05-22-right-la-verdad-sobre-las-mutilaciones,La verdad sobre las mutilaciones fonográficas en la dictadura,candil,1997-05,es,essay_opinion,3785,head_tail_windows,2,"CRIT_01, HERIT_03",1
chat_packet_336,chat_annotation_packets_candil/packets/chat_packet_336.md,chat_annotation_packets_candil/packets/chat_packet_336.json,1676,1997-05-24-right-la-ltima-lecci-n-del-curso,La última lección del curso,candil,1997-05,es,article,4942,full,0,,2
chat_packet_336,chat_annotation_packets_candil/packets/chat_packet_336.md,chat_annotation_packets_candil/packets/chat_packet_336.json,1677,1997-05-25-right-beato-ceferino,Beato Ceferino,candil,1997-05,es,article,3989,full,0,,3
chat_packet_336,chat_annotation_packets_candil/packets/chat_packet_336.md,chat_annotation_packets_candil/packets/chat_packet_336.json,1678,1997-05-26-right-cante-de-mujer-cante-de-siempre,"Carmen Linares: Cante de mujer, cante de siempre",candil,1997-05,es,essay_opinion,4225,full,0,,4
chat_packet_336,chat_annotation_packets_candil/packets/chat_packet_336.md,chat_annotation_packets_candil/packets/chat_packet_336.json,1679,1997-05-27-right-flamenca,Discografia Flamenca,candil,1997-05,es,article,4505,full,0,,5
chat_packet_337,chat_annotation_packets_candil/packets/chat_packet_337.md,chat_annotation_packets_candil/packets/chat_packet_337.json,1680,1997-05-28-right-jes-s-gil-manuel-mart-n-mart-n-u,"Jesús Gil, Manuel Martín Martín un bocazas",candil,1997-05,es,essay_opinion,1925,full,0,,1
chat_packet_337,chat_annotation_packets_candil/packets/chat_packet_337.md,chat_annotation_packets_candil/packets/chat_packet_337.json,1681,1997-05-29-left-el-arte-flamenco-maltratado-cons,El Arte Flamenco maltratado conscientemente por las Emisoras de nuestra nación,candil,1997-05,es,article,2842,full,0,,2
chat_packet_337,chat_annotation_packets_candil/packets/chat_packet_337.md,chat_annotation_packets_candil/packets/chat_packet_337.json,1682,1997-05-29-right-premio-comp-s-del-cante,Premio “Compás del Cante”,candil,1997-05,es,article,1940,full,0,,3
chat_packet_337,chat_annotation_packets_candil/packets/chat_packet_337.md,chat_annotation_packets_candil/packets/chat_packet_337.json,1683,1997-05-30-left-bases-ii-concurso-de-guitarra-pa,Bases II Concurso de Guitarra para Jóvenes,candil,1997-05,es,news_roundup,2983,full,0,,4
chat_packet_337,chat_annotation_packets_candil/packets/chat_packet_337.md,chat_annotation_packets_candil/packets/chat_packet_337.json,1684,1997-07-17-left-jos-cenizo-jim-nez-a-miguel-varg,"A Miguel Vargas, cantaor",candil,1997-07,es,article,4335,full,0,,5
chat_packet_338,chat_annotation_packets_candil/packets/chat_packet_338.md,chat_annotation_packets_candil/packets/chat_packet_338.json,1685,1997-07-3-left-a-miguel-vargas,Editorial,candil,1997-07,es,editorial,2567,full,0,,1
chat_packet_338,chat_annotation_packets_candil/packets/chat_packet_338.md,chat_annotation_packets_candil/packets/chat_packet_338.json,1686,1997-07-3-right-fin-de-la-epoca-dorada,Fin de la Época Dorada,candil,1997-07,es,article,4060,head_tail_windows,2,"CRIT_03, AUTH_04",2
chat_packet_338,chat_annotation_packets_candil/packets/chat_packet_338.md,chat_annotation_packets_candil/packets/chat_packet_338.json,1687,1997-07-8-right-manuel-p-rez-narv-ez-la-serneta,La Serneta,candil,1997-07,es,article,3538,head_tail_windows,1,COMM_04,3
chat_packet_338,chat_annotation_packets_candil/packets/chat_packet_338.md,chat_annotation_packets_candil/packets/chat_packet_338.json,1688,1997-07-10-left-a-prop-sito-de-unas-quejas-de-ga,A propósito de unas “quejas de galeras”,candil,1997-07,es,essay_opinion,3798,head_tail_windows,1,CRIT_03,4
chat_packet_338,chat_annotation_packets_candil/packets/chat_packet_338.md,chat_annotation_packets_candil/packets/chat_packet_338.json,1689,1997-07-13-right-t-o-evaristo-entrevista,Tío Evaristo (entrevista),candil,1997-07,es,article,4243,head_tail_windows,1,CRIT_03,5
chat_packet_339,chat_annotation_packets_candil/packets/chat_packet_339.md,chat_annotation_packets_candil/packets/chat_packet_339.json,1690,1997-07-15-right-y-por-fin-el-t-tulo-universitari,Y por fin el Título Universitario para el estudio del Flamenco,candil,1997-07,es,article,3659,full,0,,1
chat_packet_339,chat_annotation_packets_candil/packets/chat_packet_339.md,chat_annotation_packets_candil/packets/chat_packet_339.json,1691,1997-07-18-right-la-fascinaci-n-por-el-flamenco-e,La fascinación por el flamenco en los poetas modernistas andaluces,candil,1997-07,es,article,2715,head_tail_windows,1,COMM_03,2
chat_packet_339,chat_annotation_packets_candil/packets/chat_packet_339.md,chat_annotation_packets_candil/packets/chat_packet_339.json,1692,1997-07-20-left-ziryaby-mugaddan-al-qabri,Ziryab y Mugaddan-al Qabri,candil,1997-07,es,article,2825,head_tail_windows,1,CRIT_02,3
chat_packet_339,chat_annotation_packets_candil/packets/chat_packet_339.md,chat_annotation_packets_candil/packets/chat_packet_339.json,1693,1997-07-22-right-flamenco-en-el-xlvi-festival-int,Flamenco en el XLIVI Festival Internacional de Música y Danza de Granada,candil,1997-07,es,news_roundup,3328,head_tail_windows,1,CRIT_04,4
chat_packet_339,chat_annotation_packets_candil/packets/chat_packet_339.md,chat_annotation_packets_candil/packets/chat_packet_339.json,1694,1997-07-25-left-xxxiii-concurso-nacional-de-tara,XXXIII Concurso Nacional de Tarantas de Linares,candil,1997-07,es,article,3207,head_tail_windows,1,HERIT_02,5
chat_packet_340,chat_annotation_packets_candil/packets/chat_packet_340.md,chat_annotation_packets_candil/packets/chat_packet_340.json,1695,1997-07-26-right-catalu-a-flamenca-una-exposici-n,"Cataluña Flamenca Una exposición, cinco conciertos y Morente",candil,1997-07,es,news_roundup,3296,head_tail_windows,1,AUTH_03,1
chat_packet_340,chat_annotation_packets_candil/packets/chat_packet_340.md,chat_annotation_packets_candil/packets/chat_packet_340.json,1696,1997-09-3-left-el-centenario-de-la-argentinita,El Centenario de “La Argentinita”,candil,1997-09,es,editorial,2775,full,0,,2
chat_packet_340,chat_annotation_packets_candil/packets/chat_packet_340.md,chat_annotation_packets_candil/packets/chat_packet_340.json,1697,1997-09-3-right-antecedentes-y-consecuentes-cord,Antecedentes y consecuentes cordobeses del lorquismo,candil,1997-09,es,article,3186,head_tail_windows,1,CRIT_02,3
chat_packet_340,chat_annotation_packets_candil/packets/chat_packet_340.md,chat_annotation_packets_candil/packets/chat_packet_340.json,1698,1997-09-9-right-una-utop-a-est-tica-y-reivindica,Concurso de Granada: Una utopía estética y reivindicativa de Falla y Lorca?,candil,1997-09,es,article,4460,head_tail_windows,1,AUTH_03,4
chat_packet_340,chat_annotation_packets_candil/packets/chat_packet_340.md,chat_annotation_packets_candil/packets/chat_packet_340.json,1699,1997-09-13-right-letras,Letras,candil,1997-09,es,article,750,full,0,,5
chat_packet_341,chat_annotation_packets_candil/packets/chat_packet_341.md,chat_annotation_packets_candil/packets/chat_packet_341.json,1700,1997-09-14-left-entrega-de-premios-de-la-c-tedra,Entrega de premios de la Cátedra de Flamencología,candil,1997-09,es,article,3254,full,0,,1
chat_packet_341,chat_annotation_packets_candil/packets/chat_packet_341.md,chat_annotation_packets_candil/packets/chat_packet_341.json,1701,1997-09-16-right-cr-nica-del-xxv-congreso-de-acti,Crónica del XXV Congreso de Actividades Flamencas de Málaga,candil,1997-09,es,article,4748,head_tail_windows,2,"CRIT_01, HERIT_03",2
chat_packet_341,chat_annotation_packets_candil/packets/chat_packet_341.md,chat_annotation_packets_candil/packets/chat_packet_341.json,1702,1997-09-20-right-las-bodas-de-plata-del-congreso-,Las bodas de plata del Congreso de Arte Flamenco,candil,1997-09,es,article,5602,full,0,,3
chat_packet_341,chat_annotation_packets_candil/packets/chat_packet_341.md,chat_annotation_packets_candil/packets/chat_packet_341.json,1703,1997-09-22-right-juan-manuel-vill-n-y-su-cancione,Juan Manuel Villén y su “Cancionero” Erótico-Flamenco,candil,1997-09,es,article,4476,head_tail_windows,1,COMM_02,4
chat_packet_341,chat_annotation_packets_candil/packets/chat_packet_341.md,chat_annotation_packets_candil/packets/chat_packet_341.json,1704,1997-09-30-right-noticiario-flamenco,Noticiario Flamenco,candil,1997-09,es,article,5324,full,0,,5
chat_packet_342,chat_annotation_packets_candil/packets/chat_packet_342.md,chat_annotation_packets_candil/packets/chat_packet_342.json,1705,1997-09-29-right-discografia,Discografia,candil,1997-09,es,article,4599,full,0,,1
chat_packet_342,chat_annotation_packets_candil/packets/chat_packet_342.md,chat_annotation_packets_candil/packets/chat_packet_342.json,1706,1997-11-3-left-el-baile-flamenco,El baile flamenco,candil,1997-11,es,editorial,3835,full,0,,2
chat_packet_342,chat_annotation_packets_candil/packets/chat_packet_342.md,chat_annotation_packets_candil/packets/chat_packet_342.json,1707,1997-11-4-left-en-el-centenario-de-la-argentini,"En el Centenario de ""La Argentinita"", Aquella Pluma en el Aire de la Música",candil,1997-11,es,article,4307,full,0,,3
chat_packet_342,chat_annotation_packets_candil/packets/chat_packet_342.md,chat_annotation_packets_candil/packets/chat_packet_342.json,1708,1997-11-5-left-recordando-a-mi-hermana-encarnac,Recordando a mi hermana Encarnación,candil,1997-11,es,article,3866,full,0,,4
chat_packet_342,chat_annotation_packets_candil/packets/chat_packet_342.md,chat_annotation_packets_candil/packets/chat_packet_342.json,1709,1997-11-7-right-vida-y-obra,La Argentinita: Vida y Obra,candil,1997-11,es,article,3829,head_tail_windows,1,CRIT_03,5
chat_packet_343,chat_annotation_packets_candil/packets/chat_packet_343.md,chat_annotation_packets_candil/packets/chat_packet_343.json,1710,1997-11-12-left-musa-del-baile,La Argentinita: Musa del Baile,candil,1997-11,es,article,3221,head_tail_windows,1,COMM_04,1
chat_packet_343,chat_annotation_packets_candil/packets/chat_packet_343.md,chat_annotation_packets_candil/packets/chat_packet_343.json,1711,1997-11-13-right-imperio-argentina-entrevista,Imperio Argentina (entrevista),candil,1997-11,es,article,2980,head_tail_windows,1,COMM_03,2
chat_packet_343,chat_annotation_packets_candil/packets/chat_packet_343.md,chat_annotation_packets_candil/packets/chat_packet_343.json,1712,1997-11-17-left-poema,Poema,candil,1997-11,es,article,546,full,0,,3
chat_packet_343,chat_annotation_packets_candil/packets/chat_packet_343.md,chat_annotation_packets_candil/packets/chat_packet_343.json,1713,1997-11-17-right-domingo-ramos-pic-n-pormenorizac,Pormenorizaciones en el arte jondo-flamenco,candil,1997-11,es,essay_opinion,3465,head_tail_windows,1,AUTH_03,4
chat_packet_343,chat_annotation_packets_candil/packets/chat_packet_343.md,chat_annotation_packets_candil/packets/chat_packet_343.json,1714,1997-11-19-right-las-fronteras-del-arte-flamenco,Las Fronteras del Arte Flamenco,candil,1997-11,es,article,2906,head_tail_windows,1,COMM_03,5
chat_packet_344,chat_annotation_packets_candil/packets/chat_packet_344.md,chat_annotation_packets_candil/packets/chat_packet_344.json,1715,1997-11-20-right-juan-de-loxa-me-presta-dos-poema,"Juan de Loxa me presta dos poemas, mientras Morente mira a Lorca",candil,1997-11,es,essay_opinion,2477,full,0,,1
chat_packet_344,chat_annotation_packets_candil/packets/chat_packet_344.md,chat_annotation_packets_candil/packets/chat_packet_344.json,1716,1997-11-21-left-gloria-y-honores-a-t-o-evaristo,Gloria y honores a Tío Evaristo,candil,1997-11,es,essay_opinion,3107,full,0,,2
chat_packet_344,chat_annotation_packets_candil/packets/chat_packet_344.md,chat_annotation_packets_candil/packets/chat_packet_344.json,1717,1997-11-21-right-t-o-mollino-tras-un-a-o-de-su-mu,"Tío Mollino, tras un año de su muerte",candil,1997-11,es,article,3009,head_tail_windows,1,AUTH_03,3
chat_packet_344,chat_annotation_packets_candil/packets/chat_packet_344.md,chat_annotation_packets_candil/packets/chat_packet_344.json,1718,1997-11-23-left-paul-villmoare-cante-puro,Paul Villmoare ¿Cante puro?,candil,1997-11,es,essay_opinion,3247,full,0,,4
chat_packet_344,chat_annotation_packets_candil/packets/chat_packet_344.md,chat_annotation_packets_candil/packets/chat_packet_344.json,1719,1997-11-23-right-dos-genios-cruzan-sus-corazones,Chano y Habichuela: Dos genios cruzan sus corazones,candil,1997-11,es,article,3989,full,0,,5
chat_packet_345,chat_annotation_packets_candil/packets/chat_packet_345.md,chat_annotation_packets_candil/packets/chat_packet_345.json,1720,1997-11-24-right-abrir-las-puertas-flamencas,Abrir las puertas flamencas,candil,1997-11,es,article,4354,full,0,,1
chat_packet_345,chat_annotation_packets_candil/packets/chat_packet_345.md,chat_annotation_packets_candil/packets/chat_packet_345.json,1721,1997-11-25-right-del-and-valo-hasta-gata-por-los-,Del Andévalo hasta Gata por los caminos del cante,candil,1997-11,es,article,5650,full,0,,2
chat_packet_345,chat_annotation_packets_candil/packets/chat_packet_345.md,chat_annotation_packets_candil/packets/chat_packet_345.json,1722,1997-11-27-left-discografia-flamenca,Discografia flamenca,candil,1997-11,es,article,2983,head_tail_windows,1,CRIT_03,3
chat_packet_345,chat_annotation_packets_candil/packets/chat_packet_345.md,chat_annotation_packets_candil/packets/chat_packet_345.json,1723,1997-11-28-right-aunque-no-quepa-en-el-papel,Aunque no quepa en el papel...,candil,1997-11,es,article,5106,full,0,,4
chat_packet_345,chat_annotation_packets_candil/packets/chat_packet_345.md,chat_annotation_packets_candil/packets/chat_packet_345.json,1724,1997-11-30-right-noticiario-flamenco,Noticiario flamenco,candil,1997-11,es,article,3507,head_tail_windows,1,CRIT_01,5
chat_packet_346,chat_annotation_packets_candil/packets/chat_packet_346.md,chat_annotation_packets_candil/packets/chat_packet_346.json,1725,1998-01-3-left-nuevos-aires-y-renovada-ilusi-n,Nuevos aires y renovada ilusión,candil,1998-01,es,editorial,3277,full,0,,1
chat_packet_346,chat_annotation_packets_candil/packets/chat_packet_346.md,chat_annotation_packets_candil/packets/chat_packet_346.json,1726,1998-01-4-left-la-investigaci-n-del-flamenco-he,"La investigación del flamenco: Hechos, problemas, perspectivas (una aproximación crítica)",candil,1998-01,es,article,4052,head_tail_windows,2,"CRIT_04, AUTH_03",2
chat_packet_346,chat_annotation_packets_candil/packets/chat_packet_346.md,chat_annotation_packets_candil/packets/chat_packet_346.json,1727,1998-01-21-left-ellos-los-protagonistas-dicen-ma,"Ellos, los protagonistas, dicen... Mariana Cornejo",candil,1998-01,es,trofeo_section,3916,head_tail_windows,1,CRIT_02,3
chat_packet_346,chat_annotation_packets_candil/packets/chat_packet_346.md,chat_annotation_packets_candil/packets/chat_packet_346.json,1728,1998-01-23-left-poema,Poema,candil,1998-01,es,article,777,full,0,,4
chat_packet_346,chat_annotation_packets_candil/packets/chat_packet_346.md,chat_annotation_packets_candil/packets/chat_packet_346.json,1729,1998-01-23-right-una-vida-llena-de-seis-figuras-d,Pedro Bacán: Una vida llena de seis figuras de luces nuevas,candil,1998-01,es,trofeo_section,3111,head_tail_windows,1,COMM_02,5
chat_packet_347,chat_annotation_packets_candil/packets/chat_packet_347.md,chat_annotation_packets_candil/packets/chat_packet_347.json,1730,1998-01-27-left-una-iniciativa-valiosa,Becas para el futuro: Una iniciativa valiosa,candil,1998-01,es,article,3413,head_tail_windows,1,COMM_03,1
chat_packet_347,chat_annotation_packets_candil/packets/chat_packet_347.md,chat_annotation_packets_candil/packets/chat_packet_347.json,1731,1998-01-29-right-tientos-tangos-y-tanguillos,"Tientos, tangos y tanguillos",candil,1998-01,es,essay_opinion,3314,head_tail_windows,1,CRIT_02,2
chat_packet_347,chat_annotation_packets_candil/packets/chat_packet_347.md,chat_annotation_packets_candil/packets/chat_packet_347.json,1732,1998-01-32-left-la-microtonalidad-del-flamenco,La microtonalidad del flamenco,candil,1998-01,es,essay_opinion,2913,full,0,,3
chat_packet_347,chat_annotation_packets_candil/packets/chat_packet_347.md,chat_annotation_packets_candil/packets/chat_packet_347.json,1733,1998-03-3-left-grabaciones-antiguas-y-selectas-,Grabaciones antiguas y selectas del Flamenco,candil,1998-03,es,editorial,2747,full,0,,4
chat_packet_347,chat_annotation_packets_candil/packets/chat_packet_347.md,chat_annotation_packets_candil/packets/chat_packet_347.json,1734,1998-03-3-right-reflexiones-en-voz-baja,Reflexiones en voz baja,candil,1998-03,es,essay_opinion,4166,head_tail_windows,2,"COMM_04, PED_03",5
chat_packet_348,chat_annotation_packets_candil/packets/chat_packet_348.md,chat_annotation_packets_candil/packets/chat_packet_348.json,1735,1998-03-11-right-el-flamenco-en-los-poetas-sevill,El Flamenco en los poetas sevillanos “Del 27”,candil,1998-03,es,article,3220,head_tail_windows,1,CRIT_01,1
chat_packet_348,chat_annotation_packets_candil/packets/chat_packet_348.md,chat_annotation_packets_candil/packets/chat_packet_348.json,1736,1998-03-17-left-cante-jondo,Cante Jondo,candil,1998-03,es,article,541,full,0,,2
chat_packet_348,chat_annotation_packets_candil/packets/chat_packet_348.md,chat_annotation_packets_candil/packets/chat_packet_348.json,1737,1998-03-18-left-aurora-vargas-entrevista,Aurora Vargas (entrevista),candil,1998-03,es,article,2723,head_tail_windows,1,AUTH_03,3
chat_packet_348,chat_annotation_packets_candil/packets/chat_packet_348.md,chat_annotation_packets_candil/packets/chat_packet_348.json,1738,1998-03-19-right-un-poco-de-formalidad-flamenca,Un poco de formalidad flamenca,candil,1998-03,es,essay_opinion,2951,head_tail_windows,1,CRIT_01,4
chat_packet_348,chat_annotation_packets_candil/packets/chat_packet_348.md,chat_annotation_packets_candil/packets/chat_packet_348.json,1739,1998-03-21-right-breve-aproximaci-n-a-la-figura-d,Breve aproximación a la figura de la escritora sevillana finisecular Gloria de la Prada,candil,1998-03,es,signed_piece,4641,head_tail_windows,2,"COMM_03, PED_02",5
chat_packet_349,chat_annotation_packets_candil/packets/chat_packet_349.md,chat_annotation_packets_candil/packets/chat_packet_349.json,1740,1998-03-24-left-carmen-linares-como-siempre-sobe,"Carmen Linares, como siempre, soberbia",candil,1998-03,es,essay_opinion,3542,full,0,,1
chat_packet_349,chat_annotation_packets_candil/packets/chat_packet_349.md,chat_annotation_packets_candil/packets/chat_packet_349.json,1741,1998-03-24-right-fernanda-y-bernarda-giraldillas-,"Fernanda y Bernarda, «Giraldillas Flamencas»",candil,1998-03,es,essay_opinion,3120,head_tail_windows,1,AUTH_04,2
chat_packet_349,chat_annotation_packets_candil/packets/chat_packet_349.md,chat_annotation_packets_candil/packets/chat_packet_349.json,1742,1998-03-26-right-el-cante-por-verdiales,El cante por verdiales,candil,1998-03,es,essay_opinion,2570,head_tail_windows,1,CRIT_03,3
chat_packet_349,chat_annotation_packets_candil/packets/chat_packet_349.md,chat_annotation_packets_candil/packets/chat_packet_349.json,1743,1998-03-27-right-flamenca,Discografía flamenca,candil,1998-03,es,article,3249,full,0,,4
chat_packet_349,chat_annotation_packets_candil/packets/chat_packet_349.md,chat_annotation_packets_candil/packets/chat_packet_349.json,1744,1998-03-28-left-discograf-a-flamenca,Discografía flamenca,candil,1998-03,es,article,2676,head_tail_windows,1,COMM_02,5
chat_packet_350,chat_annotation_packets_candil/packets/chat_packet_350.md,chat_annotation_packets_candil/packets/chat_packet_350.json,1745,1998-03-29-right-premio-de-ensayo-gonz-lez-climen,Premio de Ensayo «González Climent»,candil,1998-03,es,essay_opinion,2726,head_tail_windows,1,COMM_03,1
chat_packet_350,chat_annotation_packets_candil/packets/chat_packet_350.md,chat_annotation_packets_candil/packets/chat_packet_350.json,1746,1998-05-3-right-editorial,Editorial,candil,1998-05,es,article,2834,full,0,,2
chat_packet_350,chat_annotation_packets_candil/packets/chat_packet_350.md,chat_annotation_packets_candil/packets/chat_packet_350.json,1747,1998-05-4-left-una-existencia-intensa,Una existencia intensa $ ^{*} $,candil,1998-05,es,article,3725,head_tail_windows,1,HERIT_02,3
chat_packet_350,chat_annotation_packets_candil/packets/chat_packet_350.md,chat_annotation_packets_candil/packets/chat_packet_350.json,1748,1998-05-14-left-canci-n-de-jinete-poema,Canción de jinete (poema),candil,1998-05,es,article,409,full,0,,4
chat_packet_350,chat_annotation_packets_candil/packets/chat_packet_350.md,chat_annotation_packets_candil/packets/chat_packet_350.json,1749,1998-05-14-right-garc-a-lorca-y-el-flamenco-un-am,"García Lorca y el flamenco, un amor correspondido",candil,1998-05,es,essay_opinion,2975,head_tail_windows,1,AUTH_03,5
chat_packet_351,chat_annotation_packets_candil/packets/chat_packet_351.md,chat_annotation_packets_candil/packets/chat_packet_351.json,1750,1998-05-19-left-caf-cantante-poema,Café cantante (poema),candil,1998-05,es,article,282,full,0,,1
chat_packet_351,chat_annotation_packets_candil/packets/chat_packet_351.md,chat_annotation_packets_candil/packets/chat_packet_351.json,1751,1998-05-19-right-jondo-es-federico,Jondo es Federico,candil,1998-05,es,article,4476,head_tail_windows,1,PED_02,2
chat_packet_351,chat_annotation_packets_candil/packets/chat_packet_351.md,chat_annotation_packets_candil/packets/chat_packet_351.json,1752,1998-05-24-left-saeta-poema,Saeta (poema),candil,1998-05,es,article,311,full,0,,3
chat_packet_351,chat_annotation_packets_candil/packets/chat_packet_351.md,chat_annotation_packets_candil/packets/chat_packet_351.json,1753,1998-05-26-right-lorca-y-gasch-apasionados-por-el,"Lorca y Gach, apasionados por el Flamenco",candil,1998-05,es,editorial,2990,head_tail_windows,1,COMM_04,4
chat_packet_351,chat_annotation_packets_candil/packets/chat_packet_351.md,chat_annotation_packets_candil/packets/chat_packet_351.json,1754,1998-05-39-left-el-romancero-otra-vez,"El Romancero, otra vez",candil,1998-05,es,essay_opinion,5289,head_tail_windows,1,PED_02,5
chat_packet_352,chat_annotation_packets_candil/packets/chat_packet_352.md,chat_annotation_packets_candil/packets/chat_packet_352.json,1755,1998-05-43-left-retrato-de-silverio-franconetti,Retrato de Silverio Franconetti,candil,1998-05,es,article,493,full,0,,1
chat_packet_352,chat_annotation_packets_candil/packets/chat_packet_352.md,chat_annotation_packets_candil/packets/chat_packet_352.json,1756,1998-05-43-right-importancia-hist-rica-y-art-stic,Importancia histórica y artística del Primitivo Canto Andaluz llamado «Cante Jondo»,candil,1998-05,es,article,4028,head_tail_windows,1,PED_02,2
chat_packet_352,chat_annotation_packets_candil/packets/chat_packet_352.md,chat_annotation_packets_candil/packets/chat_packet_352.json,1757,1998-05-50-left-teor-a-y-juego-del-duende,Teoría y juego del Duende,candil,1998-05,es,article,3411,head_tail_windows,1,CRIT_02,3
chat_packet_352,chat_annotation_packets_candil/packets/chat_packet_352.md,chat_annotation_packets_candil/packets/chat_packet_352.json,1758,1998-05-54-left-el-poeta-de-granada,El poeta de Granada (poema),candil,1998-05,es,article,4112,full,0,,4
chat_packet_352,chat_annotation_packets_candil/packets/chat_packet_352.md,chat_annotation_packets_candil/packets/chat_packet_352.json,1759,1998-09-3-left-editorial,Editorial,candil,1998-09,es,editorial,4146,full,0,,5
chat_packet_353,chat_annotation_packets_candil/packets/chat_packet_353.md,chat_annotation_packets_candil/packets/chat_packet_353.json,1760,1998-09-3-right-el-sitio-de-lucena-en-el-arte-fl,El sitio de Lucena en el Arte Flamenco,candil,1998-09,es,article,4625,head_tail_windows,2,"CRIT_03, HERIT_03",1
chat_packet_353,chat_annotation_packets_candil/packets/chat_packet_353.md,chat_annotation_packets_candil/packets/chat_packet_353.json,1761,1998-09-9-right-los-fandangos-de-lucena-un-libro,"“Los fandangos de Lucena”, un libro de Paco Calzado",candil,1998-09,es,article,3417,head_tail_windows,1,CRIT_01,2
chat_packet_353,chat_annotation_packets_candil/packets/chat_packet_353.md,chat_annotation_packets_candil/packets/chat_packet_353.json,1762,1998-09-12-right-cr-nica-del-xxvi-congreso-de-art,Crónica del XXVI Congreso de Arte Flamenco,candil,1998-09,es,article,3747,head_tail_windows,2,"CRIT_01, COMM_01",3
chat_packet_353,chat_annotation_packets_candil/packets/chat_packet_353.md,chat_annotation_packets_candil/packets/chat_packet_353.json,1763,1998-09-16-right-manolo-de-caracol-a-prop-sito-de,"Manolo Caracol, a propósito del “Niño Caracol”",candil,1998-09,es,essay_opinion,4103,full,0,,4
chat_packet_353,chat_annotation_packets_candil/packets/chat_packet_353.md,chat_annotation_packets_candil/packets/chat_packet_353.json,1764,1998-09-17-right-rafael-do-a-fern-ndez,Rafael Doña Fernández (Entrevista),candil,1998-09,es,article,4153,head_tail_windows,1,CRIT_02,5
chat_packet_354,chat_annotation_packets_candil/packets/chat_packet_354.md,chat_annotation_packets_candil/packets/chat_packet_354.json,1765,1998-09-25-left-cr-nica-del-xv-concurso-de-arte-,Crónica del XV Concurso de Arte Flamenco de Córdoba,candil,1998-09,es,essay_opinion,2946,head_tail_windows,1,AUTH_03,1
chat_packet_354,chat_annotation_packets_candil/packets/chat_packet_354.md,chat_annotation_packets_candil/packets/chat_packet_354.json,1766,1998-09-28-right-flamenca,Discografia Flamenca,candil,1998-09,es,article,3350,head_tail_windows,1,CRIT_04,2
chat_packet_354,chat_annotation_packets_candil/packets/chat_packet_354.md,chat_annotation_packets_candil/packets/chat_packet_354.json,1767,1998-11-11-right-origen-y-proyecci-n-flamenca-del,Origen y proyección flamenca del Fandango de Lucena,candil,1998-11,es,article,3723,head_tail_windows,1,CRIT_03,3
chat_packet_354,chat_annotation_packets_candil/packets/chat_packet_354.md,chat_annotation_packets_candil/packets/chat_packet_354.json,1768,1998-11-17-left-b-el-fandango-de-lucena,El Fandango de Lucena,candil,1998-11,es,article,4529,head_tail_windows,1,HERIT_03,4
chat_packet_354,chat_annotation_packets_candil/packets/chat_packet_354.md,chat_annotation_packets_candil/packets/chat_packet_354.json,1769,1998-11-24-right-manuel-vila-el-gran-olvidado-del,"Manuel Ávila, el gran olvidado del Congreso de Lucena",candil,1998-11,es,essay_opinion,3247,full,0,,5
chat_packet_355,chat_annotation_packets_candil/packets/chat_packet_355.md,chat_annotation_packets_candil/packets/chat_packet_355.json,1770,1998-11-25-left-letras-flamencas,Letras flamencas,candil,1998-11,es,article,163,full,0,,1
chat_packet_355,chat_annotation_packets_candil/packets/chat_packet_355.md,chat_annotation_packets_candil/packets/chat_packet_355.json,1771,1998-11-25-right-fernando-el-de-la-morena,Fernando “el de la Morena”,candil,1998-11,es,essay_opinion,3402,head_tail_windows,1,HERIT_03,2
