article_id,periodical,periodical_label,issue_id,year,basis,polarity
1979-09-3-right-editorial,candil,Candil,1979-09,1979,authenticity,mixed
1979-09-3-right-editorial,candil,Candil,1979-09,1979,community,mixed
1979-09-4-right-de-los-caf-s-cantantes-al-festiv,candil,Candil,1979-09,1979,authenticity,mixed
1979-09-4-right-de-los-caf-s-cantantes-al-festiv,candil,Candil,1979-09,1979,community,mixed
1979-09-5-right-para-una-sociolog-a-de-las-taran,candil,Candil,1979-09,1979,criticism,mixed
1979-09-5-right-para-una-sociolog-a-de-las-taran,candil,Candil,1979-09,1979,community,mixed
1979-09-12-right-haciendo-memoria-antonio-mairena,candil,Candil,1979-09,1979,criticism,legitimating
1979-09-13-right-quienes-fueron-los-maestros,candil,Candil,1979-09,1979,criticism,legitimating
1979-09-13-right-quienes-fueron-los-maestros,candil,Candil,1979-09,1979,pedagogy,legitimating
1979-09-13-right-quienes-fueron-los-maestros,candil,Candil,1979-09,1979,tradition,legitimating
1979-09-14-right-notanda-sobre-el-viii-certamen-d,candil,Candil,1979-09,1979,criticism,mixed
1979-09-14-right-notanda-sobre-el-viii-certamen-d,candil,Candil,1979-09,1979,community,mixed
1979-09-15-right-apuntes-flamencos-a-la-feria-de-,candil,Candil,1979-09,1979,criticism,mixed
1979-09-15-right-apuntes-flamencos-a-la-feria-de-,candil,Candil,1979-09,1979,authenticity,mixed
1979-11-3-right-editorial,candil,Candil,1979-11,1979,authenticity,legitimating
1979-11-3-right-editorial,candil,Candil,1979-11,1979,tradition,legitimating
1979-11-3-right-editorial,candil,Candil,1979-11,1979,community,legitimating
1979-11-4-right-el-cante-jondo-en-la-recuperacio,candil,Candil,1979-11,1979,community,mixed
1979-11-4-right-el-cante-jondo-en-la-recuperacio,candil,Candil,1979-11,1979,authenticity,mixed
1979-11-4-right-el-cante-jondo-en-la-recuperacio,candil,Candil,1979-11,1979,heritage,mixed
1979-11-6-right-la-inmensa-memoria-flamenca-de-f,candil,Candil,1979-11,1979,criticism,legitimating
1979-11-6-right-la-inmensa-memoria-flamenca-de-f,candil,Candil,1979-11,1979,pedagogy,legitimating
1979-11-6-right-la-inmensa-memoria-flamenca-de-f,candil,Candil,1979-11,1979,authenticity,legitimating
1979-11-8-right-cantar-y-pensar,candil,Candil,1979-11,1979,pedagogy,mixed
1979-11-8-right-cantar-y-pensar,candil,Candil,1979-11,1979,community,mixed
1979-11-8-right-cantar-y-pensar,candil,Candil,1979-11,1979,tradition,mixed
1979-11-11-right-elegia-para-el-descomp-s-y-otros,candil,Candil,1979-11,1979,authenticity,delegitimating
1979-11-12-right-unas-viejas-habaneras-sevillanas,candil,Candil,1979-11,1979,criticism,mixed
1979-11-12-right-unas-viejas-habaneras-sevillanas,candil,Candil,1979-11,1979,authenticity,mixed
1979-11-12-right-unas-viejas-habaneras-sevillanas,candil,Candil,1979-11,1979,heritage,mixed
1979-11-13-right-canalejas-de-puerto-real,candil,Candil,1979-11,1979,criticism,legitimating
1979-11-13-right-canalejas-de-puerto-real,candil,Candil,1979-11,1979,heritage,legitimating
1979-11-14-right-quienes-fueron-los-maestros-fran,candil,Candil,1979-11,1979,tradition,legitimating
1979-11-14-right-quienes-fueron-los-maestros-fran,candil,Candil,1979-11,1979,pedagogy,legitimating
1979-11-14-right-quienes-fueron-los-maestros-fran,candil,Candil,1979-11,1979,criticism,legitimating
1979-11-15-right-discograf-a-flamenca,candil,Candil,1979-11,1979,criticism,mixed
1979-11-15-right-discograf-a-flamenca,candil,Candil,1979-11,1979,tradition,mixed
1979-11-15-right-discograf-a-flamenca,candil,Candil,1979-11,1979,pedagogy,mixed
1980-01-3-right-editorial,candil,Candil,1980-01,1980,heritage,legitimating
1980-01-3-right-editorial,candil,Candil,1980-01,1980,authenticity,legitimating
1980-01-3-right-editorial,candil,Candil,1980-01,1980,tradition,legitimating
1980-01-4-right-a-nadie-se-le-puede-sustraer-lo-,candil,Candil,1980-01,1980,criticism,contested
1980-01-4-right-a-nadie-se-le-puede-sustraer-lo-,candil,Candil,1980-01,1980,pedagogy,contested
1980-01-6-right-martos-en-la-geografia-de-los-ca,candil,Candil,1980-01,1980,pedagogy,legitimating
1980-01-6-right-martos-en-la-geografia-de-los-ca,candil,Candil,1980-01,1980,heritage,legitimating
1980-01-6-right-martos-en-la-geografia-de-los-ca,candil,Candil,1980-01,1980,criticism,legitimating
1980-01-9-right-a-antonio-cuevas-el-piki-devorad,candil,Candil,1980-01,1980,criticism,legitimating
1980-01-9-right-a-antonio-cuevas-el-piki-devorad,candil,Candil,1980-01,1980,community,legitimating
1980-01-12-right-la-saeta-de-ja-n,candil,Candil,1980-01,1980,criticism,mixed
1980-01-12-right-la-saeta-de-ja-n,candil,Candil,1980-01,1980,heritage,mixed
1980-01-12-right-la-saeta-de-ja-n,candil,Candil,1980-01,1980,authenticity,mixed
1980-01-13-left-alfredo-arrebola-embajador-flame,candil,Candil,1980-01,1980,criticism,legitimating
1980-01-13-left-alfredo-arrebola-embajador-flame,candil,Candil,1980-01,1980,pedagogy,legitimating
1980-01-13-left-alfredo-arrebola-embajador-flame,candil,Candil,1980-01,1980,heritage,legitimating
1980-01-13-right-quienes-fueron-los-maestros,candil,Candil,1980-01,1980,criticism,legitimating
1980-01-13-right-quienes-fueron-los-maestros,candil,Candil,1980-01,1980,tradition,legitimating
1980-01-14-right-flamenca,candil,Candil,1980-01,1980,authenticity,delegitimating
1980-01-14-right-flamenca,candil,Candil,1980-01,1980,criticism,delegitimating
1980-01-15-right-juan-a-ib-nez-miembro-de-la-c-te,candil,Candil,1980-01,1980,heritage,legitimating
1980-01-15-right-juan-a-ib-nez-miembro-de-la-c-te,candil,Candil,1980-01,1980,criticism,legitimating
1980-01-16-left-fernando-montoro-en-el-club-cult,candil,Candil,1980-01,1980,criticism,mixed
1980-03-4-right-donde-dios-era-undeb,candil,Candil,1980-03,1980,authenticity,contested
1980-03-4-right-donde-dios-era-undeb,candil,Candil,1980-03,1980,tradition,contested
1980-03-4-right-donde-dios-era-undeb,candil,Candil,1980-03,1980,community,contested
1980-03-4-right-donde-dios-era-undeb,candil,Candil,1980-03,1980,criticism,contested
1980-03-7-right-una-teoria-regeneracionista-y-ar,candil,Candil,1980-03,1980,criticism,legitimating
1980-03-7-right-una-teoria-regeneracionista-y-ar,candil,Candil,1980-03,1980,heritage,legitimating
1980-03-11-right-di-logos-con-manuel-oliv,candil,Candil,1980-03,1980,criticism,mixed
1980-03-11-right-di-logos-con-manuel-oliv,candil,Candil,1980-03,1980,community,mixed
1980-03-12-right-la-verdad-sobre-rita-la-cantaora,candil,Candil,1980-03,1980,criticism,contested
1980-03-12-right-la-verdad-sobre-rita-la-cantaora,candil,Candil,1980-03,1980,community,contested
1980-03-13-right-pueblo-y-pol-tica-en-el-cante-jo,candil,Candil,1980-03,1980,community,legitimating
1980-03-13-right-pueblo-y-pol-tica-en-el-cante-jo,candil,Candil,1980-03,1980,authenticity,legitimating
1980-03-13-right-pueblo-y-pol-tica-en-el-cante-jo,candil,Candil,1980-03,1980,criticism,legitimating
1980-03-14-left-una-revista-flamenca-sevilla-fla,candil,Candil,1980-03,1980,criticism,mixed
1980-03-14-left-una-revista-flamenca-sevilla-fla,candil,Candil,1980-03,1980,pedagogy,mixed
1980-03-14-left-una-revista-flamenca-sevilla-fla,candil,Candil,1980-03,1980,community,mixed
1980-03-15-left-pepe-de-la-matrona-ya-en-la-memo,candil,Candil,1980-03,1980,authenticity,legitimating
1980-03-15-left-pepe-de-la-matrona-ya-en-la-memo,candil,Candil,1980-03,1980,criticism,legitimating
1980-03-15-left-pepe-de-la-matrona-ya-en-la-memo,candil,Candil,1980-03,1980,tradition,legitimating
1980-03-15-right-quienes-fueron-los-maestros,candil,Candil,1980-03,1980,criticism,legitimating
1980-03-15-right-quienes-fueron-los-maestros,candil,Candil,1980-03,1980,tradition,legitimating
1980-03-16-left-enrique-el-mellizo,candil,Candil,1980-03,1980,criticism,legitimating
1980-03-16-left-enrique-el-mellizo,candil,Candil,1980-03,1980,pedagogy,legitimating
1980-03-16-left-enrique-el-mellizo,candil,Candil,1980-03,1980,tradition,legitimating
1980-05-4-right-los-festivales-flamencos,candil,Candil,1980-05,1980,authenticity,delegitimating
1980-05-4-right-los-festivales-flamencos,candil,Candil,1980-05,1980,criticism,delegitimating
1980-05-6-right-viejas-p-ginas-flamencas,candil,Candil,1980-05,1980,heritage,legitimating
1980-05-6-right-viejas-p-ginas-flamencas,candil,Candil,1980-05,1980,tradition,legitimating
1980-05-6-right-viejas-p-ginas-flamencas,candil,Candil,1980-05,1980,criticism,legitimating
1980-05-8-right-los-cafes-cantantes-de-madrid,candil,Candil,1980-05,1980,criticism,legitimating
1980-05-9-left-tres-instantes-flamencos,candil,Candil,1980-05,1980,criticism,legitimating
1980-05-9-left-tres-instantes-flamencos,candil,Candil,1980-05,1980,community,legitimating
1980-05-10-right-joselero,candil,Candil,1980-05,1980,authenticity,mixed
1980-05-10-right-joselero,candil,Candil,1980-05,1980,community,mixed
1980-05-12-right-aunque-no-quepa-en-el-papel-a-pr,candil,Candil,1980-05,1980,criticism,contested
1980-05-15-left-flamenca,candil,Candil,1980-05,1980,criticism,mixed
1980-05-15-right-quienes-fueron-los-maestros,candil,Candil,1980-05,1980,criticism,legitimating
1980-05-15-right-quienes-fueron-los-maestros,candil,Candil,1980-05,1980,pedagogy,legitimating
1980-07-3-right-editorial,candil,Candil,1980-07,1980,authenticity,legitimating
1980-07-3-right-editorial,candil,Candil,1980-07,1980,tradition,legitimating
1980-07-3-right-editorial,candil,Candil,1980-07,1980,heritage,legitimating
1980-07-4-right-el-sentido-intrascendental-de-la,candil,Candil,1980-07,1980,criticism,contested
1980-07-4-right-el-sentido-intrascendental-de-la,candil,Candil,1980-07,1980,community,contested
1980-07-6-right-ante-la-situaci-n-de-los-flamenc,candil,Candil,1980-07,1980,heritage,legitimating
1980-07-6-right-ante-la-situaci-n-de-los-flamenc,candil,Candil,1980-07,1980,criticism,legitimating
1980-07-8-right-a-prop-sito-del-viii-congreso-de,candil,Candil,1980-07,1980,authenticity,mixed
1980-07-8-right-a-prop-sito-del-viii-congreso-de,candil,Candil,1980-07,1980,community,mixed
1980-07-8-right-a-prop-sito-del-viii-congreso-de,candil,Candil,1980-07,1980,criticism,mixed
1980-07-9-left-las-letras-flamencas-de,candil,Candil,1980-07,1980,criticism,legitimating
1980-07-10-right-aunque-no-quepa-en-el-papel,candil,Candil,1980-07,1980,criticism,delegitimating
1980-07-12-right-manuel-vallejo-o-el-ruise-or-fla,candil,Candil,1980-07,1980,criticism,legitimating
1980-07-12-right-manuel-vallejo-o-el-ruise-or-fla,candil,Candil,1980-07,1980,community,legitimating
1980-07-13-right-noticia-de-los-caf-s-cantantes-c,candil,Candil,1980-07,1980,criticism,legitimating
1980-07-13-right-noticia-de-los-caf-s-cantantes-c,candil,Candil,1980-07,1980,community,legitimating
1980-07-14-right-carta-a-pastora-pav-n-i-ina-de-l,candil,Candil,1980-07,1980,authenticity,mixed
1980-07-14-right-carta-a-pastora-pav-n-i-ina-de-l,candil,Candil,1980-07,1980,tradition,mixed
1980-07-14-right-carta-a-pastora-pav-n-i-ina-de-l,candil,Candil,1980-07,1980,criticism,mixed
1980-07-15-left-quienes-fueron-los-maestros,candil,Candil,1980-07,1980,tradition,legitimating
1980-07-15-left-quienes-fueron-los-maestros,candil,Candil,1980-07,1980,pedagogy,legitimating
1980-07-15-left-quienes-fueron-los-maestros,candil,Candil,1980-07,1980,criticism,legitimating
1980-07-16-left-flamenca,candil,Candil,1980-07,1980,criticism,mixed
1980-07-16-left-flamenca,candil,Candil,1980-07,1980,authenticity,mixed
1980-07-16-left-flamenca,candil,Candil,1980-07,1980,community,mixed
1980-09-3-right-editorial,candil,Candil,1980-09,1980,heritage,mixed
1980-09-3-right-editorial,candil,Candil,1980-09,1980,community,mixed
1980-09-3-right-editorial,candil,Candil,1980-09,1980,criticism,mixed
1980-09-4-right-seguridad-social-para-los-artist,candil,Candil,1980-09,1980,criticism,delegitimating
1980-09-6-right-a-prop-sito-de-un-juicio-progre-,candil,Candil,1980-09,1980,authenticity,contested
1980-09-6-right-a-prop-sito-de-un-juicio-progre-,candil,Candil,1980-09,1980,community,contested
1980-09-6-right-a-prop-sito-de-un-juicio-progre-,candil,Candil,1980-09,1980,criticism,contested
1980-09-7-right-las-letras-flamencas-de-joaquin-,candil,Candil,1980-09,1980,authenticity,legitimating
1980-09-7-right-las-letras-flamencas-de-joaquin-,candil,Candil,1980-09,1980,criticism,legitimating
1980-09-8-right-antonio-n-ez-el-chocolate,candil,Candil,1980-09,1980,pedagogy,legitimating
1980-09-8-right-antonio-n-ez-el-chocolate,candil,Candil,1980-09,1980,community,legitimating
1980-09-8-right-antonio-n-ez-el-chocolate,candil,Candil,1980-09,1980,criticism,legitimating
1980-09-10-left-algo-m-s-sobre-los-cantes-de-lev,candil,Candil,1980-09,1980,pedagogy,legitimating
1980-09-10-left-algo-m-s-sobre-los-cantes-de-lev,candil,Candil,1980-09,1980,authenticity,legitimating
1980-09-10-left-algo-m-s-sobre-los-cantes-de-lev,candil,Candil,1980-09,1980,tradition,legitimating
1980-09-10-right-taranta-cl-sica-taranto-y-tarant,candil,Candil,1980-09,1980,heritage,legitimating
1980-09-10-right-taranta-cl-sica-taranto-y-tarant,candil,Candil,1980-09,1980,pedagogy,legitimating
1980-09-12-right-la-garganta-en-el-cante-es-un-ri,candil,Candil,1980-09,1980,criticism,legitimating
1980-09-13-left-los-viejos-conservadores-y-las-b,candil,Candil,1980-09,1980,authenticity,contested
1980-09-13-left-los-viejos-conservadores-y-las-b,candil,Candil,1980-09,1980,tradition,contested
1980-09-13-left-los-viejos-conservadores-y-las-b,candil,Candil,1980-09,1980,community,contested
1980-09-14-right-aunque-no-quepa-en-el-papel,candil,Candil,1980-09,1980,criticism,contested
1980-09-14-right-aunque-no-quepa-en-el-papel,candil,Candil,1980-09,1980,community,contested
1980-09-15-right-julio-romero-de-torres-y-la-copl,candil,Candil,1980-09,1980,criticism,legitimating
1980-09-16-right-quienes-fueron-los-maestros,candil,Candil,1980-09,1980,pedagogy,mixed
1980-09-16-right-quienes-fueron-los-maestros,candil,Candil,1980-09,1980,criticism,mixed
1980-09-17-right-flamenca,candil,Candil,1980-09,1980,criticism,mixed
1980-09-17-right-flamenca,candil,Candil,1980-09,1980,tradition,mixed
1980-09-18-left-apuntes-flamencos-a-la-feria-de-,candil,Candil,1980-09,1980,criticism,mixed
1980-09-18-left-apuntes-flamencos-a-la-feria-de-,candil,Candil,1980-09,1980,community,mixed
1980-11-3-right-editorial,candil,Candil,1980-11,1980,authenticity,delegitimating
1980-11-3-right-editorial,candil,Candil,1980-11,1980,tradition,delegitimating
1980-11-3-right-editorial,candil,Candil,1980-11,1980,criticism,delegitimating
1980-11-4-right-el-comp-s-de-la-sole,candil,Candil,1980-11,1980,criticism,legitimating
1980-11-6-right-lo-jondo-en-salvador-rueda,candil,Candil,1980-11,1980,criticism,contested
1980-11-6-right-lo-jondo-en-salvador-rueda,candil,Candil,1980-11,1980,heritage,contested
1980-11-8-right-una-broma-de-mal-gusto-dada-en-1,candil,Candil,1980-11,1980,criticism,contested
1980-11-8-right-una-broma-de-mal-gusto-dada-en-1,candil,Candil,1980-11,1980,community,contested
1980-11-9-right-mi-encuentro-con-aurelio-en-c-di,candil,Candil,1980-11,1980,criticism,legitimating
1980-11-9-right-mi-encuentro-con-aurelio-en-c-di,candil,Candil,1980-11,1980,pedagogy,legitimating
1980-11-11-left-guitarra,candil,Candil,1980-11,1980,criticism,legitimating
1980-11-13-right-marcelo-barbero,candil,Candil,1980-11,1980,criticism,legitimating
1980-11-13-right-marcelo-barbero,candil,Candil,1980-11,1980,community,legitimating
1980-11-15-right-el-sentido-de-las-letras-en-el-c,candil,Candil,1980-11,1980,authenticity,mixed
1980-11-15-right-el-sentido-de-las-letras-en-el-c,candil,Candil,1980-11,1980,criticism,mixed
1980-11-17-left-una-mirada-atr-s,candil,Candil,1980-11,1980,criticism,mixed
1980-11-17-left-una-mirada-atr-s,candil,Candil,1980-11,1980,heritage,mixed
1980-11-17-left-una-mirada-atr-s,candil,Candil,1980-11,1980,tradition,mixed
1980-11-17-right-el-muestrario-flamenco-de-jose-l,candil,Candil,1980-11,1980,criticism,legitimating
1980-11-17-right-el-muestrario-flamenco-de-jose-l,candil,Candil,1980-11,1980,tradition,legitimating
1980-11-18-right-dimension-social-del-cante-flame,candil,Candil,1980-11,1980,criticism,contested
1980-11-18-right-dimension-social-del-cante-flame,candil,Candil,1980-11,1980,community,contested
1980-11-18-right-dimension-social-del-cante-flame,candil,Candil,1980-11,1980,authenticity,contested
1980-11-18-right-dimension-social-del-cante-flame,candil,Candil,1980-11,1980,pedagogy,contested
1980-11-18-right-dimension-social-del-cante-flame,candil,Candil,1980-11,1980,heritage,contested
1980-11-19-right-quienes-fueron-los-maestros,candil,Candil,1980-11,1980,criticism,legitimating
1980-11-19-right-quienes-fueron-los-maestros,candil,Candil,1980-11,1980,pedagogy,legitimating
1980-11-19-right-quienes-fueron-los-maestros,candil,Candil,1980-11,1980,tradition,legitimating
1981-02-3-left-revista-de-flamenco-pe-a-flamenc,candil,Candil,1981-02,1981,criticism,contested
1981-02-3-right-editorial,candil,Candil,1981-02,1981,criticism,legitimating
1981-02-3-right-editorial,candil,Candil,1981-02,1981,authenticity,legitimating
1981-02-3-right-editorial,candil,Candil,1981-02,1981,heritage,legitimating
1981-02-4-right-biografia,candil,Candil,1981-02,1981,heritage,legitimating
1981-02-4-right-biografia,candil,Candil,1981-02,1981,criticism,legitimating
1981-02-5-right-el-matrona-en-su-sitio,candil,Candil,1981-02,1981,criticism,legitimating
1981-02-5-right-el-matrona-en-su-sitio,candil,Candil,1981-02,1981,heritage,legitimating
1981-02-5-right-el-matrona-en-su-sitio,candil,Candil,1981-02,1981,community,legitimating
1981-02-6-right-loa-a-mi-inolvidable-maestro,candil,Candil,1981-02,1981,heritage,legitimating
1981-02-6-right-loa-a-mi-inolvidable-maestro,candil,Candil,1981-02,1981,pedagogy,legitimating
1981-02-6-right-loa-a-mi-inolvidable-maestro,candil,Candil,1981-02,1981,criticism,legitimating
1981-02-6-right-loa-a-mi-inolvidable-maestro,candil,Candil,1981-02,1981,community,legitimating
1981-02-8-right-el-caso-de-pepe-el-de-la-matrona,candil,Candil,1981-02,1981,criticism,legitimating
1981-02-8-right-el-caso-de-pepe-el-de-la-matrona,candil,Candil,1981-02,1981,community,legitimating
1981-02-8-right-el-caso-de-pepe-el-de-la-matrona,candil,Candil,1981-02,1981,heritage,legitimating
1981-02-9-right-su-cabellera-de-enhebrado-siglo,candil,Candil,1981-02,1981,pedagogy,legitimating
1981-02-9-right-su-cabellera-de-enhebrado-siglo,candil,Candil,1981-02,1981,heritage,legitimating
1981-02-9-right-su-cabellera-de-enhebrado-siglo,candil,Candil,1981-02,1981,criticism,legitimating
1981-02-11-right-el-viejo-maestro-sevillano,candil,Candil,1981-02,1981,criticism,legitimating
1981-02-11-right-el-viejo-maestro-sevillano,candil,Candil,1981-02,1981,community,legitimating
1981-02-12-left-la-memoria-anida-en-su-garganta,candil,Candil,1981-02,1981,criticism,legitimating
1981-02-12-left-la-memoria-anida-en-su-garganta,candil,Candil,1981-02,1981,tradition,legitimating
1981-02-12-left-la-memoria-anida-en-su-garganta,candil,Candil,1981-02,1981,heritage,legitimating
1981-02-12-right-conversaciones-entre-cante-y-can,candil,Candil,1981-02,1981,criticism,legitimating
1981-02-12-right-conversaciones-entre-cante-y-can,candil,Candil,1981-02,1981,community,legitimating
1981-02-14-right-un-encuentro-sevillano,candil,Candil,1981-02,1981,community,legitimating
1981-02-14-right-un-encuentro-sevillano,candil,Candil,1981-02,1981,pedagogy,legitimating
1981-02-14-right-un-encuentro-sevillano,candil,Candil,1981-02,1981,heritage,legitimating
1981-02-14-right-un-encuentro-sevillano,candil,Candil,1981-02,1981,authenticity,legitimating
1981-02-15-right-pepe-el-de-la-matrona-nos-habla-,candil,Candil,1981-02,1981,criticism,legitimating
1981-02-15-right-pepe-el-de-la-matrona-nos-habla-,candil,Candil,1981-02,1981,tradition,legitimating
1981-02-15-right-pepe-el-de-la-matrona-nos-habla-,candil,Candil,1981-02,1981,pedagogy,legitimating
1981-02-15-right-pepe-el-de-la-matrona-nos-habla-,candil,Candil,1981-02,1981,authenticity,legitimating
1981-02-16-right-persistes-tu,candil,Candil,1981-02,1981,tradition,legitimating
1981-02-16-right-persistes-tu,candil,Candil,1981-02,1981,heritage,legitimating
1981-02-16-right-persistes-tu,candil,Candil,1981-02,1981,criticism,legitimating
1981-02-17-right-glosa-y-recuerdo-de-pepe-el-de-l,candil,Candil,1981-02,1981,criticism,legitimating
1981-02-17-right-glosa-y-recuerdo-de-pepe-el-de-l,candil,Candil,1981-02,1981,authenticity,legitimating
1981-02-17-right-glosa-y-recuerdo-de-pepe-el-de-l,candil,Candil,1981-02,1981,tradition,legitimating
1981-02-17-right-glosa-y-recuerdo-de-pepe-el-de-l,candil,Candil,1981-02,1981,community,legitimating
1981-02-19-right-aunque-no-quepa-en-el-papel-bibl,candil,Candil,1981-02,1981,heritage,legitimating
1981-02-19-right-aunque-no-quepa-en-el-papel-bibl,candil,Candil,1981-02,1981,criticism,legitimating
1981-02-20-right-pepe-el-de-la-matrona-notas-para,candil,Candil,1981-02,1981,authenticity,mixed
1981-02-20-right-pepe-el-de-la-matrona-notas-para,candil,Candil,1981-02,1981,heritage,mixed
1981-02-20-right-pepe-el-de-la-matrona-notas-para,candil,Candil,1981-02,1981,criticism,mixed
1981-03-3-right-editorial,candil,Candil,1981-03,1981,tradition,mixed
1981-03-3-right-editorial,candil,Candil,1981-03,1981,criticism,mixed
1981-03-3-right-editorial,candil,Candil,1981-03,1981,authenticity,mixed
1981-03-4-right-lo-jondo-en-fernando-villal-n,candil,Candil,1981-03,1981,tradition,contested
1981-03-4-right-lo-jondo-en-fernando-villal-n,candil,Candil,1981-03,1981,criticism,contested
1981-03-4-right-lo-jondo-en-fernando-villal-n,candil,Candil,1981-03,1981,authenticity,contested
1981-03-7-right-notas-in-ditas,candil,Candil,1981-03,1981,criticism,legitimating
1981-03-7-right-notas-in-ditas,candil,Candil,1981-03,1981,pedagogy,legitimating
1981-03-7-right-notas-in-ditas,candil,Candil,1981-03,1981,heritage,legitimating
1981-03-8-right-joselero-y-el-quino,candil,Candil,1981-03,1981,criticism,legitimating
1981-03-10-right-algo-sobre-los-cantes-de-la-madr,candil,Candil,1981-03,1981,authenticity,delegitimating
1981-03-10-right-algo-sobre-los-cantes-de-la-madr,candil,Candil,1981-03,1981,criticism,delegitimating
1981-03-11-left-checo-jean,candil,Candil,1981-03,1981,criticism,legitimating
1981-03-11-right-rafael-romero,candil,Candil,1981-03,1981,tradition,legitimating
1981-03-11-right-rafael-romero,candil,Candil,1981-03,1981,pedagogy,legitimating
1981-03-11-right-rafael-romero,candil,Candil,1981-03,1981,criticism,legitimating
1981-03-13-left-las-letras-flamencas-de-antonio-,candil,Candil,1981-03,1981,criticism,legitimating
1981-03-13-right-el-sentimiento-amoroso-en-el-pri,candil,Candil,1981-03,1981,community,legitimating
1981-03-17-right-los-cafes-cantantes-en-una-notic,candil,Candil,1981-03,1981,heritage,contested
1981-03-17-right-los-cafes-cantantes-en-una-notic,candil,Candil,1981-03,1981,authenticity,contested
1981-03-17-right-los-cafes-cantantes-en-una-notic,candil,Candil,1981-03,1981,criticism,contested
1981-03-18-right-honor-y-lecturas-para-un-libro-c,candil,Candil,1981-03,1981,criticism,legitimating
1981-03-18-right-honor-y-lecturas-para-un-libro-c,candil,Candil,1981-03,1981,tradition,legitimating
1981-03-19-right-discograf-a-flamenca-no-es-el-ca,candil,Candil,1981-03,1981,criticism,delegitimating
1981-03-19-right-discograf-a-flamenca-no-es-el-ca,candil,Candil,1981-03,1981,authenticity,delegitimating
1981-03-20-left-quienes-fueron-los-maestros,candil,Candil,1981-03,1981,criticism,legitimating
1981-03-20-left-quienes-fueron-los-maestros,candil,Candil,1981-03,1981,tradition,legitimating
1981-05-3-right-editorial,candil,Candil,1981-05,1981,heritage,mixed
1981-05-3-right-editorial,candil,Candil,1981-05,1981,authenticity,mixed
1981-05-4-right-forman-el-gigantesco-rbol-flamen,candil,Candil,1981-05,1981,tradition,contested
1981-05-4-right-forman-el-gigantesco-rbol-flamen,candil,Candil,1981-05,1981,heritage,contested
1981-05-4-right-forman-el-gigantesco-rbol-flamen,candil,Candil,1981-05,1981,criticism,contested
1981-05-6-right-la-pintura-jonda-de-manuel-angel,candil,Candil,1981-05,1981,authenticity,legitimating
1981-05-6-right-la-pintura-jonda-de-manuel-angel,candil,Candil,1981-05,1981,tradition,legitimating
1981-05-6-right-la-pintura-jonda-de-manuel-angel,candil,Candil,1981-05,1981,pedagogy,legitimating
1981-05-6-right-la-pintura-jonda-de-manuel-angel,candil,Candil,1981-05,1981,criticism,legitimating
1981-05-8-left-por-arcadio-larrea,candil,Candil,1981-05,1981,criticism,contested
1981-05-8-right-chiclanita,candil,Candil,1981-05,1981,tradition,legitimating
1981-05-8-right-chiclanita,candil,Candil,1981-05,1981,criticism,legitimating
1981-05-9-right-datos-para-la-historia-del-arte-,candil,Candil,1981-05,1981,criticism,legitimating
1981-05-9-right-datos-para-la-historia-del-arte-,candil,Candil,1981-05,1981,community,legitimating
1981-05-10-right-las-letras-flamencas-de-mario-lo,candil,Candil,1981-05,1981,authenticity,legitimating
1981-05-10-right-las-letras-flamencas-de-mario-lo,candil,Candil,1981-05,1981,criticism,legitimating
1981-05-11-left-se-cubr-a-la-noche,candil,Candil,1981-05,1981,authenticity,legitimating
1981-05-11-left-se-cubr-a-la-noche,candil,Candil,1981-05,1981,pedagogy,legitimating
1981-05-11-left-se-cubr-a-la-noche,candil,Candil,1981-05,1981,criticism,legitimating
1981-05-11-right-gregorio-el-borrico-de-jerez,candil,Candil,1981-05,1981,pedagogy,legitimating
1981-05-11-right-gregorio-el-borrico-de-jerez,candil,Candil,1981-05,1981,community,legitimating
1981-05-11-right-gregorio-el-borrico-de-jerez,candil,Candil,1981-05,1981,tradition,legitimating
1981-05-13-right-honra-machismo-y-celos-en-el-sen,candil,Candil,1981-05,1981,community,delegitimating
1981-05-13-right-honra-machismo-y-celos-en-el-sen,candil,Candil,1981-05,1981,criticism,delegitimating
1981-05-16-right-las-soleares-de-jose-bergamin,candil,Candil,1981-05,1981,tradition,legitimating
1981-05-16-right-las-soleares-de-jose-bergamin,candil,Candil,1981-05,1981,criticism,legitimating
1981-05-18-right-discograf-a-flamenca,candil,Candil,1981-05,1981,criticism,mixed
1981-05-19-left-bodas-de-sangre-pel-cula-de-carl,candil,Candil,1981-05,1981,criticism,legitimating
1981-05-19-right-quienes-fueron-los-maestros,candil,Candil,1981-05,1981,pedagogy,mixed
1981-05-19-right-quienes-fueron-los-maestros,candil,Candil,1981-05,1981,criticism,mixed
1981-07-3-right-editorial,candil,Candil,1981-07,1981,authenticity,contested
1981-07-3-right-editorial,candil,Candil,1981-07,1981,community,contested
1981-07-4-right-documentos-flamencos-para-una-in,candil,Candil,1981-07,1981,criticism,mixed
1981-07-8-right-pedagogia-de-un-arte,candil,Candil,1981-07,1981,tradition,legitimating
1981-07-8-right-pedagogia-de-un-arte,candil,Candil,1981-07,1981,pedagogy,legitimating
1981-07-9-right-los-extremos-se-tocan,candil,Candil,1981-07,1981,authenticity,mixed
1981-07-9-right-los-extremos-se-tocan,candil,Candil,1981-07,1981,tradition,mixed
1981-07-9-right-los-extremos-se-tocan,candil,Candil,1981-07,1981,criticism,mixed
1981-07-10-right-chuflillas-de-luisa-ortega-por-j,candil,Candil,1981-07,1981,criticism,mixed
1981-07-11-right-miguel-vargas,candil,Candil,1981-07,1981,pedagogy,mixed
1981-07-11-right-miguel-vargas,candil,Candil,1981-07,1981,criticism,mixed
1981-07-11-right-miguel-vargas,candil,Candil,1981-07,1981,authenticity,mixed
1981-07-11-right-miguel-vargas,candil,Candil,1981-07,1981,community,mixed
1981-07-13-left-las-letras-flamencas-de-carlos-m,candil,Candil,1981-07,1981,tradition,legitimating
1981-07-13-left-las-letras-flamencas-de-carlos-m,candil,Candil,1981-07,1981,criticism,legitimating
1981-07-13-right-julio-romero-de-torres-y-el-flam,candil,Candil,1981-07,1981,community,legitimating
1981-07-13-right-julio-romero-de-torres-y-el-flam,candil,Candil,1981-07,1981,authenticity,legitimating
1981-07-13-right-julio-romero-de-torres-y-el-flam,candil,Candil,1981-07,1981,criticism,legitimating
1981-07-15-right-viejas-paginas-flamencas,candil,Candil,1981-07,1981,authenticity,legitimating
1981-07-15-right-viejas-paginas-flamencas,candil,Candil,1981-07,1981,criticism,legitimating
1981-07-16-right-el-flamenco-en-el-arte-espa-ol-d,candil,Candil,1981-07,1981,tradition,legitimating
1981-07-16-right-el-flamenco-en-el-arte-espa-ol-d,candil,Candil,1981-07,1981,community,legitimating
1981-07-16-right-el-flamenco-en-el-arte-espa-ol-d,candil,Candil,1981-07,1981,criticism,legitimating
1981-07-17-right-de-cayetano-muriel-y-una-ltima-g,candil,Candil,1981-07,1981,criticism,mixed
1981-07-18-right-los-escritos-de-demofilo-en-la-r,candil,Candil,1981-07,1981,pedagogy,legitimating
1981-07-18-right-los-escritos-de-demofilo-en-la-r,candil,Candil,1981-07,1981,criticism,legitimating
1981-07-19-left-flamenca,candil,Candil,1981-07,1981,tradition,mixed
1981-07-19-left-flamenca,candil,Candil,1981-07,1981,criticism,mixed
1981-07-19-right-quienes-fueron-los-maestros,candil,Candil,1981-07,1981,criticism,legitimating
1981-07-19-right-quienes-fueron-los-maestros,candil,Candil,1981-07,1981,tradition,legitimating
1981-09-9-right-editorial,candil,Candil,1981-09,1981,pedagogy,mixed
1981-09-9-right-editorial,candil,Candil,1981-09,1981,authenticity,mixed
1981-09-9-right-editorial,candil,Candil,1981-09,1981,criticism,mixed
1981-09-4-right-el-villal-n-que-quisieron-enterr,candil,Candil,1981-09,1981,criticism,legitimating
1981-09-4-right-el-villal-n-que-quisieron-enterr,candil,Candil,1981-09,1981,community,legitimating
1981-09-5-right-antonio-grau-mora-rojo-el-alparg,candil,Candil,1981-09,1981,criticism,delegitimating
1981-09-7-left-en-torno-al-ix-congreso-de-activ,candil,Candil,1981-09,1981,criticism,mixed
1981-09-7-left-en-torno-al-ix-congreso-de-activ,candil,Candil,1981-09,1981,community,mixed
1981-09-7-right-viejas-paginas-flamencas-tres-te,candil,Candil,1981-09,1981,tradition,legitimating
1981-09-7-right-viejas-paginas-flamencas-tres-te,candil,Candil,1981-09,1981,community,legitimating
1981-09-7-right-viejas-paginas-flamencas-tres-te,candil,Candil,1981-09,1981,criticism,legitimating
1981-09-10-right-breve-perfil-biogr-fico,candil,Candil,1981-09,1981,authenticity,legitimating
1981-09-10-right-breve-perfil-biogr-fico,candil,Candil,1981-09,1981,criticism,legitimating
1981-09-11-left-fernando-terremoto-en-siguriyas,candil,Candil,1981-09,1981,authenticity,legitimating
1981-09-11-left-fernando-terremoto-en-siguriyas,candil,Candil,1981-09,1981,criticism,legitimating
1981-09-11-right-un-esplendor-apagado,candil,Candil,1981-09,1981,tradition,legitimating
1981-09-11-right-un-esplendor-apagado,candil,Candil,1981-09,1981,heritage,legitimating
1981-09-11-right-un-esplendor-apagado,candil,Candil,1981-09,1981,community,legitimating
1981-09-11-right-un-esplendor-apagado,candil,Candil,1981-09,1981,criticism,legitimating
1981-09-12-left-el-cantaor-de-los-sonios-negros,candil,Candil,1981-09,1981,criticism,legitimating
1981-09-12-left-el-cantaor-de-los-sonios-negros,candil,Candil,1981-09,1981,community,legitimating
1981-09-12-right-terremoto-voz-de-su-estirpe,candil,Candil,1981-09,1981,authenticity,legitimating
1981-09-12-right-terremoto-voz-de-su-estirpe,candil,Candil,1981-09,1981,community,legitimating
1981-09-12-right-terremoto-voz-de-su-estirpe,candil,Candil,1981-09,1981,criticism,legitimating
1981-09-13-left-terremoto-gloria-y-luto,candil,Candil,1981-09,1981,criticism,legitimating
1981-09-13-left-terremoto-gloria-y-luto,candil,Candil,1981-09,1981,heritage,legitimating
1981-09-13-left-terremoto-gloria-y-luto,candil,Candil,1981-09,1981,community,legitimating
1981-09-13-right-en-la-muerte-de-c-sar,candil,Candil,1981-09,1981,criticism,legitimating
1981-09-13-right-en-la-muerte-de-c-sar,candil,Candil,1981-09,1981,tradition,legitimating
1981-09-13-right-en-la-muerte-de-c-sar,candil,Candil,1981-09,1981,community,legitimating
1981-09-15-right-el-arte-de-terremoto-de-jerez,candil,Candil,1981-09,1981,criticism,legitimating
1981-09-16-right-carta-abierta-a-curro-terremoto-,candil,Candil,1981-09,1981,criticism,legitimating
1981-09-17-left-ante-por-y-sobre-su,candil,Candil,1981-09,1981,pedagogy,legitimating
1981-09-17-left-ante-por-y-sobre-su,candil,Candil,1981-09,1981,authenticity,legitimating
1981-09-17-left-ante-por-y-sobre-su,candil,Candil,1981-09,1981,tradition,legitimating
1981-09-17-left-ante-por-y-sobre-su,candil,Candil,1981-09,1981,criticism,legitimating
1981-09-18-right-ellos-los-protagonistas-luis-de-,candil,Candil,1981-09,1981,pedagogy,legitimating
1981-09-18-right-ellos-los-protagonistas-luis-de-,candil,Candil,1981-09,1981,tradition,legitimating
1981-09-18-right-ellos-los-protagonistas-luis-de-,candil,Candil,1981-09,1981,authenticity,legitimating
1981-09-20-left-el-misterioso-final-del-programa,candil,Candil,1981-09,1981,criticism,mixed
1981-09-20-left-el-misterioso-final-del-programa,candil,Candil,1981-09,1981,pedagogy,mixed
1981-09-20-right-el-centenario-de-george-borrow,candil,Candil,1981-09,1981,criticism,contested
1981-09-21-left-las-letras-flamencas-de-pe-pe-cr,candil,Candil,1981-09,1981,authenticity,legitimating
1981-09-21-left-las-letras-flamencas-de-pe-pe-cr,candil,Candil,1981-09,1981,criticism,legitimating
1981-09-21-left-las-letras-flamencas-de-pe-pe-cr,candil,Candil,1981-09,1981,community,legitimating
1981-09-21-right-algunas-rese-as-de-la-m-s-nueva-,candil,Candil,1981-09,1981,criticism,mixed
1981-09-21-right-algunas-rese-as-de-la-m-s-nueva-,candil,Candil,1981-09,1981,heritage,mixed
1981-09-23-left-flamenca,candil,Candil,1981-09,1981,criticism,mixed
1981-09-23-right-quienes-fueron-los-maestros,candil,Candil,1981-09,1981,criticism,legitimating
1981-09-23-right-quienes-fueron-los-maestros,candil,Candil,1981-09,1981,pedagogy,legitimating
1981-09-23-right-quienes-fueron-los-maestros,candil,Candil,1981-09,1981,authenticity,legitimating
1981-11-3-right-editorial,candil,Candil,1981-11,1981,criticism,mixed
1981-11-3-right-editorial,candil,Candil,1981-11,1981,authenticity,mixed
1981-11-4-right-el-caso-especial-de-los-caracole,candil,Candil,1981-11,1981,tradition,legitimating
1981-11-4-right-el-caso-especial-de-los-caracole,candil,Candil,1981-11,1981,criticism,legitimating
1981-11-7-left-hacia-el-x-congreso-de-actividad,candil,Candil,1981-11,1981,pedagogy,mixed
1981-11-7-left-hacia-el-x-congreso-de-actividad,candil,Candil,1981-11,1981,heritage,mixed
1981-11-7-left-hacia-el-x-congreso-de-actividad,candil,Candil,1981-11,1981,criticism,mixed
1981-11-8-left-flamencolog-a-y-flamenc-logos,candil,Candil,1981-11,1981,criticism,contested
1981-11-8-left-flamencolog-a-y-flamenc-logos,candil,Candil,1981-11,1981,pedagogy,contested
1981-11-8-right-las-letras-flamencas-de-jose-mar,candil,Candil,1981-11,1981,criticism,legitimating
1981-11-10-right-el-centenario-del-primer-cancion,candil,Candil,1981-11,1981,heritage,legitimating
1981-11-10-right-el-centenario-del-primer-cancion,candil,Candil,1981-11,1981,criticism,legitimating
1981-11-11-right-el-festival-nacional-del-cante-d,candil,Candil,1981-11,1981,authenticity,delegitimating
1981-11-11-right-el-festival-nacional-del-cante-d,candil,Candil,1981-11,1981,tradition,delegitimating
1981-11-11-right-el-festival-nacional-del-cante-d,candil,Candil,1981-11,1981,criticism,delegitimating
1981-11-13-left-presencia-jonda-en-pablo-gargall,candil,Candil,1981-11,1981,criticism,legitimating
1981-11-13-left-presencia-jonda-en-pablo-gargall,candil,Candil,1981-11,1981,tradition,legitimating
1981-11-13-left-presencia-jonda-en-pablo-gargall,candil,Candil,1981-11,1981,authenticity,legitimating
1981-11-13-right-diego-clavel,candil,Candil,1981-11,1981,tradition,legitimating
1981-11-13-right-diego-clavel,candil,Candil,1981-11,1981,pedagogy,legitimating
1981-11-13-right-diego-clavel,candil,Candil,1981-11,1981,criticism,legitimating
1981-11-15-right-el-testimonio-jondo-de-j-m-cabal,candil,Candil,1981-11,1981,heritage,legitimating
1981-11-15-right-el-testimonio-jondo-de-j-m-cabal,candil,Candil,1981-11,1981,pedagogy,legitimating
1981-11-15-right-el-testimonio-jondo-de-j-m-cabal,candil,Candil,1981-11,1981,authenticity,legitimating
1981-11-20-left-del-congreso-de-almeria-y-una-gr,candil,Candil,1981-11,1981,criticism,contested
1981-11-20-left-del-congreso-de-almeria-y-una-gr,candil,Candil,1981-11,1981,community,contested
1981-11-20-right-los-gitanos-y-el-flamenco,candil,Candil,1981-11,1981,community,contested
1981-11-20-right-los-gitanos-y-el-flamenco,candil,Candil,1981-11,1981,criticism,contested
1981-11-21-right-algunas-rese-as-de-la-m-s-nueva-,candil,Candil,1981-11,1981,criticism,mixed
1981-11-23-left-flamenca,candil,Candil,1981-11,1981,criticism,mixed
1981-11-23-left-flamenca,candil,Candil,1981-11,1981,authenticity,mixed
1982-01-3-right-editorial,candil,Candil,1982-01,1982,authenticity,legitimating
1982-01-3-right-editorial,candil,Candil,1982-01,1982,community,legitimating
1982-01-3-right-editorial,candil,Candil,1982-01,1982,heritage,legitimating
1982-01-4-right-picasso-y-el-arte-flamenco,candil,Candil,1982-01,1982,authenticity,contested
1982-01-4-right-picasso-y-el-arte-flamenco,candil,Candil,1982-01,1982,tradition,contested
1982-01-4-right-picasso-y-el-arte-flamenco,candil,Candil,1982-01,1982,criticism,contested
1982-01-8-right-cuatro-episodios-ineditos-en-la-,candil,Candil,1982-01,1982,authenticity,legitimating
1982-01-8-right-cuatro-episodios-ineditos-en-la-,candil,Candil,1982-01,1982,criticism,legitimating
1982-01-8-right-cuatro-episodios-ineditos-en-la-,candil,Candil,1982-01,1982,community,legitimating
1982-01-9-right-el-alma-de-la-copla-de-guerrita-,candil,Candil,1982-01,1982,criticism,legitimating
1982-01-9-right-el-alma-de-la-copla-de-guerrita-,candil,Candil,1982-01,1982,authenticity,legitimating
1982-01-11-left-en-torno-al-x-congreso-de-activi,candil,Candil,1982-01,1982,heritage,legitimating
1982-01-11-left-en-torno-al-x-congreso-de-activi,candil,Candil,1982-01,1982,pedagogy,legitimating
1982-01-11-left-en-torno-al-x-congreso-de-activi,candil,Candil,1982-01,1982,authenticity,legitimating
1982-01-11-right-las-letras-flamencas-de-alfonso-,candil,Candil,1982-01,1982,criticism,legitimating
1982-01-11-right-las-letras-flamencas-de-alfonso-,candil,Candil,1982-01,1982,authenticity,legitimating
1982-01-12-right-chano-lobato,candil,Candil,1982-01,1982,criticism,mixed
1982-01-12-right-chano-lobato,candil,Candil,1982-01,1982,pedagogy,mixed
1982-01-14-right-anteo-de-caballero-bonald,candil,Candil,1982-01,1982,authenticity,legitimating
1982-01-14-right-anteo-de-caballero-bonald,candil,Candil,1982-01,1982,heritage,legitimating
1982-01-14-right-anteo-de-caballero-bonald,candil,Candil,1982-01,1982,criticism,legitimating
1982-01-16-left-viejas-p-ginas-flamencas,candil,Candil,1982-01,1982,heritage,legitimating
1982-01-16-right-d-logo-flamenco-con-manuel-angel,candil,Candil,1982-01,1982,heritage,legitimating
1982-01-16-right-d-logo-flamenco-con-manuel-angel,candil,Candil,1982-01,1982,criticism,legitimating
1982-01-18-left-chacon-murio-en-la-indigencia,candil,Candil,1982-01,1982,criticism,contested
1982-01-18-right-reflexiones-en-torno-a-un-homena,candil,Candil,1982-01,1982,community,legitimating
1982-01-18-right-reflexiones-en-torno-a-un-homena,candil,Candil,1982-01,1982,tradition,legitimating
1982-01-18-right-reflexiones-en-torno-a-un-homena,candil,Candil,1982-01,1982,criticism,legitimating
1982-01-19-right-peteneras,candil,Candil,1982-01,1982,tradition,legitimating
1982-01-19-right-peteneras,candil,Candil,1982-01,1982,criticism,legitimating
1982-01-20-left-quienes-fueron-los-maestros,candil,Candil,1982-01,1982,criticism,legitimating
1982-01-20-right-un-inmenso-catalogo-cantaor,candil,Candil,1982-01,1982,criticism,mixed
1982-01-21-right-flamenca,candil,Candil,1982-01,1982,authenticity,mixed
1982-01-21-right-flamenca,candil,Candil,1982-01,1982,criticism,mixed
1982-03-3-right-editorial,candil,Candil,1982-03,1982,community,mixed
1982-03-3-right-editorial,candil,Candil,1982-03,1982,criticism,mixed
1982-03-4-right-las-saetas-de-manuel-vallejo,candil,Candil,1982-03,1982,heritage,legitimating
1982-03-4-right-las-saetas-de-manuel-vallejo,candil,Candil,1982-03,1982,criticism,legitimating
1982-03-6-left-interrogantes-sobre-la-saeta,candil,Candil,1982-03,1982,tradition,legitimating
1982-03-6-left-interrogantes-sobre-la-saeta,candil,Candil,1982-03,1982,criticism,legitimating
1982-03-6-right-una-aportacion-al-estudio-de-la-,candil,Candil,1982-03,1982,criticism,legitimating
1982-03-9-right-copiando-a-los-demas-saeta-del-l,candil,Candil,1982-03,1982,pedagogy,legitimating
1982-03-9-right-copiando-a-los-demas-saeta-del-l,candil,Candil,1982-03,1982,criticism,legitimating
1982-03-11-left-las-saetas-de-miguel-calvo,candil,Candil,1982-03,1982,criticism,legitimating
1982-03-11-right-una-saeta-para-manolo-zapata,candil,Candil,1982-03,1982,criticism,legitimating
1982-03-11-right-una-saeta-para-manolo-zapata,candil,Candil,1982-03,1982,community,legitimating
1982-03-11-right-una-saeta-para-manolo-zapata,candil,Candil,1982-03,1982,heritage,legitimating
1982-03-12-left-una-manera-de-ser-y-entender-el-,candil,Candil,1982-03,1982,authenticity,mixed
1982-03-12-left-una-manera-de-ser-y-entender-el-,candil,Candil,1982-03,1982,community,mixed
1982-03-12-right-noticias-de-algo-mas-que-de-una-,candil,Candil,1982-03,1982,criticism,legitimating
1982-03-13-right-x-congreso-de-actividades-flamen,candil,Candil,1982-03,1982,pedagogy,legitimating
1982-03-13-right-x-congreso-de-actividades-flamen,candil,Candil,1982-03,1982,criticism,legitimating
1982-03-14-left-una-penita-mu-grande,candil,Candil,1982-03,1982,criticism,legitimating
1982-03-16-left-federacion-de-las-pe-as,candil,Candil,1982-03,1982,community,mixed
1982-03-16-left-federacion-de-las-pe-as,candil,Candil,1982-03,1982,authenticity,mixed
1982-03-16-left-federacion-de-las-pe-as,candil,Candil,1982-03,1982,criticism,mixed
1982-03-16-right-ramon-j-sender,candil,Candil,1982-03,1982,criticism,mixed
1982-03-21-right-manuel-torre,candil,Candil,1982-03,1982,pedagogy,legitimating
1982-03-21-right-manuel-torre,candil,Candil,1982-03,1982,criticism,legitimating
1982-03-22-right-flamenca,candil,Candil,1982-03,1982,criticism,mixed
1982-03-22-right-flamenca,candil,Candil,1982-03,1982,authenticity,mixed
1982-03-24-left-un-libro-sobre-la-saeta,candil,Candil,1982-03,1982,criticism,mixed
1982-03-24-right-dos-libros-en-el-centenario-de-d,candil,Candil,1982-03,1982,heritage,legitimating
1982-03-24-right-dos-libros-en-el-centenario-de-d,candil,Candil,1982-03,1982,criticism,legitimating
1982-05-3-right-editorial,candil,Candil,1982-05,1982,heritage,legitimating
1982-05-3-right-editorial,candil,Candil,1982-05,1982,tradition,legitimating
1982-05-3-right-editorial,candil,Candil,1982-05,1982,community,legitimating
1982-05-4-right-las-malague-as-de-juan-breva,candil,Candil,1982-05,1982,criticism,contested
1982-05-4-right-las-malague-as-de-juan-breva,candil,Candil,1982-05,1982,community,contested
1982-05-5-right-el-flamenco-como-medio-de-promoc,candil,Candil,1982-05,1982,criticism,delegitimating
1982-05-6-right-el-popularisimo-gramofono-flamen,candil,Candil,1982-05,1982,authenticity,legitimating
1982-05-6-right-el-popularisimo-gramofono-flamen,candil,Candil,1982-05,1982,criticism,legitimating
1982-05-7-left-una-sensible-perdida-para-el-can,candil,Candil,1982-05,1982,community,legitimating
1982-05-7-left-una-sensible-perdida-para-el-can,candil,Candil,1982-05,1982,pedagogy,legitimating
1982-05-7-left-una-sensible-perdida-para-el-can,candil,Candil,1982-05,1982,heritage,legitimating
1982-05-7-left-una-sensible-perdida-para-el-can,candil,Candil,1982-05,1982,criticism,legitimating
1982-05-7-right-tambien-ellos-fueron-importantes,candil,Candil,1982-05,1982,criticism,legitimating
1982-05-8-right-de-nuevo-sobre-los-cafes-cantant,candil,Candil,1982-05,1982,criticism,legitimating
1982-05-8-right-de-nuevo-sobre-los-cafes-cantant,candil,Candil,1982-05,1982,community,legitimating
1982-05-9-left-un-autografo-de-manuel-escacena,candil,Candil,1982-05,1982,criticism,mixed
1982-05-9-left-un-autografo-de-manuel-escacena,candil,Candil,1982-05,1982,community,mixed
1982-05-9-right-el-canario-de-madrid,candil,Candil,1982-05,1982,criticism,legitimating
1982-05-9-right-el-canario-de-madrid,candil,Candil,1982-05,1982,pedagogy,legitimating
1982-05-9-right-el-canario-de-madrid,candil,Candil,1982-05,1982,community,legitimating
1982-05-10-left-las-letras-flamencas-de-rafael-g,candil,Candil,1982-05,1982,authenticity,legitimating
1982-05-10-left-las-letras-flamencas-de-rafael-g,candil,Candil,1982-05,1982,criticism,legitimating
1982-05-10-right-chiclanita,candil,Candil,1982-05,1982,criticism,contested
1982-05-10-right-chiclanita,candil,Candil,1982-05,1982,pedagogy,contested
1982-05-11-right-viejas-paginas-flamencas,candil,Candil,1982-05,1982,criticism,contested
1982-05-11-right-viejas-paginas-flamencas,candil,Candil,1982-05,1982,tradition,contested
1982-05-11-right-viejas-paginas-flamencas,candil,Candil,1982-05,1982,community,contested
1982-05-12-left-escucha-sobre-lo-gitano-y-su-pol,candil,Candil,1982-05,1982,community,contested
1982-05-12-left-escucha-sobre-lo-gitano-y-su-pol,candil,Candil,1982-05,1982,tradition,contested
1982-05-12-left-escucha-sobre-lo-gitano-y-su-pol,candil,Candil,1982-05,1982,criticism,contested
1982-05-13-right-x-congreso-de-actividades-flamen,candil,Candil,1982-05,1982,heritage,mixed
1982-05-13-right-x-congreso-de-actividades-flamen,candil,Candil,1982-05,1982,community,mixed
1982-05-13-right-x-congreso-de-actividades-flamen,candil,Candil,1982-05,1982,criticism,mixed
1982-05-13-right-x-congreso-de-actividades-flamen,candil,Candil,1982-05,1982,pedagogy,mixed
1982-05-14-left-el-cante-en-la-mirada,candil,Candil,1982-05,1982,criticism,legitimating
1982-05-14-left-el-cante-en-la-mirada,candil,Candil,1982-05,1982,tradition,legitimating
1982-05-14-left-el-cante-en-la-mirada,candil,Candil,1982-05,1982,community,legitimating
1982-05-14-right-manuel-celestino-cobos-cobitos,candil,Candil,1982-05,1982,pedagogy,mixed
1982-05-14-right-manuel-celestino-cobos-cobitos,candil,Candil,1982-05,1982,criticism,mixed
1982-05-14-right-manuel-celestino-cobos-cobitos,candil,Candil,1982-05,1982,community,mixed
1982-05-16-left-cartas-a-candil,candil,Candil,1982-05,1982,criticism,contested
1982-05-16-right-el-romanticismo-flamenco-de-augu,candil,Candil,1982-05,1982,tradition,legitimating
1982-05-16-right-el-romanticismo-flamenco-de-augu,candil,Candil,1982-05,1982,criticism,legitimating
1982-05-20-right-el-flamenco-en-el-arte-actual,candil,Candil,1982-05,1982,criticism,legitimating
1982-05-20-right-el-flamenco-en-el-arte-actual,candil,Candil,1982-05,1982,tradition,legitimating
1982-05-22-left-la-guitarra-y-su-aprendizaje,candil,Candil,1982-05,1982,pedagogy,mixed
1982-05-22-left-la-guitarra-y-su-aprendizaje,candil,Candil,1982-05,1982,criticism,mixed
1982-05-22-right-las-alturas-de-manuel-torre-y-va,candil,Candil,1982-05,1982,criticism,contested
1982-05-23-right-flamenco-y-toros-un-insustituibl,candil,Candil,1982-05,1982,criticism,legitimating
1982-05-23-right-flamenco-y-toros-un-insustituibl,candil,Candil,1982-05,1982,heritage,legitimating
1982-05-25-right-quienes-fueron-los-maestros,candil,Candil,1982-05,1982,criticism,legitimating
1982-05-25-right-quienes-fueron-los-maestros,candil,Candil,1982-05,1982,authenticity,legitimating
1982-05-25-right-quienes-fueron-los-maestros,candil,Candil,1982-05,1982,pedagogy,legitimating
1982-07-3-right-editorial,candil,Candil,1982-07,1982,heritage,delegitimating
1982-07-3-right-editorial,candil,Candil,1982-07,1982,tradition,delegitimating
1982-07-3-right-editorial,candil,Candil,1982-07,1982,criticism,delegitimating
1982-07-4-right-el-tren-y-la-copla,candil,Candil,1982-07,1982,criticism,contested
1982-07-4-right-el-tren-y-la-copla,candil,Candil,1982-07,1982,tradition,contested
1982-07-6-left-viejos-letristas-flamencos,candil,Candil,1982-07,1982,criticism,legitimating
1982-07-6-left-viejos-letristas-flamencos,candil,Candil,1982-07,1982,heritage,legitimating
1982-07-6-right-catalogo-de-libros-librillos-y-c,candil,Candil,1982-07,1982,criticism,mixed
1982-07-16-right-rancapino,candil,Candil,1982-07,1982,pedagogy,mixed
1982-07-16-right-rancapino,candil,Candil,1982-07,1982,community,mixed
1982-07-16-right-rancapino,candil,Candil,1982-07,1982,authenticity,mixed
1982-07-16-right-rancapino,candil,Candil,1982-07,1982,criticism,mixed
1982-07-17-right-cante-jondo-en-el-grito,candil,Candil,1982-07,1982,criticism,legitimating
1982-07-22-right-un-tema-para-estudiar-en-serio,candil,Candil,1982-07,1982,criticism,mixed
1982-07-22-right-un-tema-para-estudiar-en-serio,candil,Candil,1982-07,1982,community,mixed
1982-07-24-right-la-guitarra-entre-el-virtu-sismo,candil,Candil,1982-07,1982,tradition,mixed
1982-07-24-right-la-guitarra-entre-el-virtu-sismo,candil,Candil,1982-07,1982,pedagogy,mixed
1982-07-24-right-la-guitarra-entre-el-virtu-sismo,candil,Candil,1982-07,1982,criticism,mixed
1982-07-25-left-la-plastica-de-un-grito,candil,Candil,1982-07,1982,criticism,legitimating
1982-07-25-left-la-plastica-de-un-grito,candil,Candil,1982-07,1982,community,legitimating
1982-07-26-right-al-filo-del-x-congreso-de-activi,candil,Candil,1982-07,1982,authenticity,mixed
1982-07-26-right-al-filo-del-x-congreso-de-activi,candil,Candil,1982-07,1982,community,mixed
1982-07-26-right-al-filo-del-x-congreso-de-activi,candil,Candil,1982-07,1982,criticism,mixed
1982-07-27-left-dos-modos-distintos-de-acercarse,candil,Candil,1982-07,1982,criticism,mixed
1982-07-27-left-dos-modos-distintos-de-acercarse,candil,Candil,1982-07,1982,tradition,mixed
1982-07-27-right-flamenca,candil,Candil,1982-07,1982,authenticity,mixed
1982-07-27-right-flamenca,candil,Candil,1982-07,1982,criticism,mixed
1982-07-29-left-quienes-fueron-los-maestros,candil,Candil,1982-07,1982,criticism,legitimating
1982-09-3-right-editorial,candil,Candil,1982-09,1982,authenticity,legitimating
1982-09-3-right-editorial,candil,Candil,1982-09,1982,criticism,legitimating
1982-09-4-right-antonio-mairena,candil,Candil,1982-09,1982,pedagogy,legitimating
1982-09-4-right-antonio-mairena,candil,Candil,1982-09,1982,authenticity,legitimating
1982-09-4-right-antonio-mairena,candil,Candil,1982-09,1982,criticism,legitimating
1982-09-5-right-salia-y-remate-para-antonio-mair,candil,Candil,1982-09,1982,criticism,legitimating
1982-09-5-right-salia-y-remate-para-antonio-mair,candil,Candil,1982-09,1982,tradition,legitimating
1982-09-5-right-salia-y-remate-para-antonio-mair,candil,Candil,1982-09,1982,authenticity,legitimating
1982-09-6-right-antonio-mairena-y-el-duende,candil,Candil,1982-09,1982,criticism,contested
1982-09-6-right-antonio-mairena-y-el-duende,candil,Candil,1982-09,1982,community,contested
1982-09-7-right-unos-recuerdos-para-antonio-mair,candil,Candil,1982-09,1982,criticism,legitimating
1982-09-7-right-unos-recuerdos-para-antonio-mair,candil,Candil,1982-09,1982,pedagogy,legitimating
1982-09-7-right-unos-recuerdos-para-antonio-mair,candil,Candil,1982-09,1982,tradition,legitimating
1982-09-8-right-mairena-y-la-guitarra,candil,Candil,1982-09,1982,criticism,legitimating
1982-09-8-right-mairena-y-la-guitarra,candil,Candil,1982-09,1982,pedagogy,legitimating
1982-09-9-right-arte-sentimiento-y-cultura,candil,Candil,1982-09,1982,authenticity,legitimating
1982-09-9-right-arte-sentimiento-y-cultura,candil,Candil,1982-09,1982,tradition,legitimating
1982-09-9-right-arte-sentimiento-y-cultura,candil,Candil,1982-09,1982,pedagogy,legitimating
1982-09-9-right-arte-sentimiento-y-cultura,candil,Candil,1982-09,1982,criticism,legitimating
1982-09-11-left-mediaocena-de-repentizaciones-pa,candil,Candil,1982-09,1982,tradition,legitimating
1982-09-11-left-mediaocena-de-repentizaciones-pa,candil,Candil,1982-09,1982,criticism,legitimating
1982-09-11-left-mediaocena-de-repentizaciones-pa,candil,Candil,1982-09,1982,authenticity,legitimating
1982-09-14-right-ejemplo-a-seguir,candil,Candil,1982-09,1982,criticism,mixed
1982-09-14-right-ejemplo-a-seguir,candil,Candil,1982-09,1982,pedagogy,mixed
1982-09-14-right-ejemplo-a-seguir,candil,Candil,1982-09,1982,authenticity,mixed
1982-09-15-left-maestro,candil,Candil,1982-09,1982,pedagogy,legitimating
1982-09-15-left-maestro,candil,Candil,1982-09,1982,criticism,legitimating
1982-09-15-right-irene-cruz-serrano,candil,Candil,1982-09,1982,tradition,legitimating
1982-09-15-right-irene-cruz-serrano,candil,Candil,1982-09,1982,community,legitimating
1982-09-15-right-irene-cruz-serrano,candil,Candil,1982-09,1982,criticism,legitimating
1982-09-16-right-la-creacion-en-mairena,candil,Candil,1982-09,1982,pedagogy,contested
1982-09-16-right-la-creacion-en-mairena,candil,Candil,1982-09,1982,criticism,contested
1982-09-16-right-la-creacion-en-mairena,candil,Candil,1982-09,1982,authenticity,contested
1982-09-17-right-las-siguriyas-de-manuel-torres,candil,Candil,1982-09,1982,criticism,legitimating
1982-09-17-right-las-siguriyas-de-manuel-torres,candil,Candil,1982-09,1982,pedagogy,legitimating
1982-09-18-right-antonio-mairena-y-ricardo-molina,candil,Candil,1982-09,1982,heritage,legitimating
1982-09-18-right-antonio-mairena-y-ricardo-molina,candil,Candil,1982-09,1982,criticism,legitimating
1982-09-19-right-antonio-mairena-cabal-entre-caba,candil,Candil,1982-09,1982,tradition,legitimating
1982-09-19-right-antonio-mairena-cabal-entre-caba,candil,Candil,1982-09,1982,criticism,legitimating
1982-09-20-left-a-antonio-mairena,candil,Candil,1982-09,1982,criticism,legitimating
1982-09-20-right-escritos-de-a-mairena,candil,Candil,1982-09,1982,tradition,legitimating
1982-09-20-right-escritos-de-a-mairena,candil,Candil,1982-09,1982,pedagogy,legitimating
1982-09-20-right-escritos-de-a-mairena,candil,Candil,1982-09,1982,criticism,legitimating
1982-09-21-right-por-que-flamenco,candil,Candil,1982-09,1982,authenticity,contested
1982-09-21-right-por-que-flamenco,candil,Candil,1982-09,1982,tradition,contested
1982-09-21-right-por-que-flamenco,candil,Candil,1982-09,1982,community,contested
1982-09-21-right-por-que-flamenco,candil,Candil,1982-09,1982,criticism,contested
1982-09-22-right-un-cante-que-nunca-fue-popular,candil,Candil,1982-09,1982,authenticity,contested
1982-09-22-right-un-cante-que-nunca-fue-popular,candil,Candil,1982-09,1982,tradition,contested
1982-09-22-right-un-cante-que-nunca-fue-popular,candil,Candil,1982-09,1982,community,contested
1982-09-22-right-un-cante-que-nunca-fue-popular,candil,Candil,1982-09,1982,criticism,contested
1982-09-23-left-que-es-el-cante-gitano-andaluz,candil,Candil,1982-09,1982,authenticity,mixed
1982-09-23-left-que-es-el-cante-gitano-andaluz,candil,Candil,1982-09,1982,tradition,mixed
1982-09-23-left-que-es-el-cante-gitano-andaluz,candil,Candil,1982-09,1982,community,mixed
1982-09-23-left-que-es-el-cante-gitano-andaluz,candil,Candil,1982-09,1982,pedagogy,mixed
1982-09-23-left-que-es-el-cante-gitano-andaluz,candil,Candil,1982-09,1982,criticism,mixed
1982-09-24-left-significado-y-responsabilidad-de,candil,Candil,1982-09,1982,authenticity,mixed
1982-09-24-left-significado-y-responsabilidad-de,candil,Candil,1982-09,1982,community,mixed
1982-09-24-left-significado-y-responsabilidad-de,candil,Candil,1982-09,1982,criticism,mixed
1982-09-25-right-apuntes-de-mis-vivencias-a-o-192,candil,Candil,1982-09,1982,heritage,legitimating
1982-09-25-right-apuntes-de-mis-vivencias-a-o-192,candil,Candil,1982-09,1982,community,legitimating
1982-09-25-right-apuntes-de-mis-vivencias-a-o-192,candil,Candil,1982-09,1982,criticism,legitimating
1982-09-27-right-cincuenta-a-os-de-luz-y-duendes,candil,Candil,1982-09,1982,heritage,legitimating
1982-09-27-right-cincuenta-a-os-de-luz-y-duendes,candil,Candil,1982-09,1982,community,legitimating
1982-09-27-right-cincuenta-a-os-de-luz-y-duendes,candil,Candil,1982-09,1982,authenticity,legitimating
1982-09-27-right-cincuenta-a-os-de-luz-y-duendes,candil,Candil,1982-09,1982,criticism,legitimating
1982-09-30-right-el-placer-de-la-forja-de-una-ami,candil,Candil,1982-09,1982,pedagogy,legitimating
1982-09-30-right-el-placer-de-la-forja-de-una-ami,candil,Candil,1982-09,1982,criticism,legitimating
1982-09-32-left-la-fragua-de-los-mairena,candil,Candil,1982-09,1982,authenticity,legitimating
1982-09-32-left-la-fragua-de-los-mairena,candil,Candil,1982-09,1982,pedagogy,legitimating
1982-09-32-left-la-fragua-de-los-mairena,candil,Candil,1982-09,1982,criticism,legitimating
1982-09-33-left-en-segovia,candil,Candil,1982-09,1982,pedagogy,legitimating
1982-09-33-left-en-segovia,candil,Candil,1982-09,1982,authenticity,legitimating
1982-09-33-left-en-segovia,candil,Candil,1982-09,1982,tradition,legitimating
1982-09-33-left-en-segovia,candil,Candil,1982-09,1982,heritage,legitimating
1982-09-33-right-apuntes-para-la-historia-y-evolu,candil,Candil,1982-09,1982,pedagogy,legitimating
1982-09-33-right-apuntes-para-la-historia-y-evolu,candil,Candil,1982-09,1982,tradition,legitimating
1982-09-33-right-apuntes-para-la-historia-y-evolu,candil,Candil,1982-09,1982,community,legitimating
1982-09-33-right-apuntes-para-la-historia-y-evolu,candil,Candil,1982-09,1982,criticism,legitimating
1982-09-35-right-notas-referentes-al-cante-por-to,candil,Candil,1982-09,1982,criticism,legitimating
1982-09-35-right-notas-referentes-al-cante-por-to,candil,Candil,1982-09,1982,tradition,legitimating
1982-09-37-left-mis-recuerdos-de-manuel-torre,candil,Candil,1982-09,1982,authenticity,legitimating
1982-09-37-left-mis-recuerdos-de-manuel-torre,candil,Candil,1982-09,1982,tradition,legitimating
1982-09-37-left-mis-recuerdos-de-manuel-torre,candil,Candil,1982-09,1982,pedagogy,legitimating
1982-09-37-left-mis-recuerdos-de-manuel-torre,candil,Candil,1982-09,1982,criticism,legitimating
1982-09-38-right-semblanza-de-manuel-torre-manuel,candil,Candil,1982-09,1982,criticism,legitimating
1982-09-38-right-semblanza-de-manuel-torre-manuel,candil,Candil,1982-09,1982,pedagogy,legitimating
1982-09-38-right-semblanza-de-manuel-torre-manuel,candil,Candil,1982-09,1982,tradition,legitimating
1982-09-39-left-recuerdos-psicol-gicos-de-juan-t,candil,Candil,1982-09,1982,authenticity,contested
1982-09-39-left-recuerdos-psicol-gicos-de-juan-t,candil,Candil,1982-09,1982,community,contested
1982-09-39-left-recuerdos-psicol-gicos-de-juan-t,candil,Candil,1982-09,1982,criticism,contested
1982-09-40-left-antonio-fernandez-diaz-fosforito,candil,Candil,1982-09,1982,criticism,legitimating
1982-09-40-left-antonio-fernandez-diaz-fosforito,candil,Candil,1982-09,1982,heritage,legitimating
1982-09-40-left-antonio-fernandez-diaz-fosforito,candil,Candil,1982-09,1982,tradition,legitimating
1982-09-41-left-sobre-el-futuro-de-la-vida-del-c,candil,Candil,1982-09,1982,community,contested
1982-09-41-left-sobre-el-futuro-de-la-vida-del-c,candil,Candil,1982-09,1982,authenticity,contested
1982-09-41-left-sobre-el-futuro-de-la-vida-del-c,candil,Candil,1982-09,1982,tradition,contested
1982-09-41-left-sobre-el-futuro-de-la-vida-del-c,candil,Candil,1982-09,1982,criticism,contested
1982-09-41-right-mi-profundo-agradecimiento-y-mi-,candil,Candil,1982-09,1982,heritage,legitimating
1982-09-41-right-mi-profundo-agradecimiento-y-mi-,candil,Candil,1982-09,1982,criticism,legitimating
1982-09-41-right-mi-profundo-agradecimiento-y-mi-,candil,Candil,1982-09,1982,pedagogy,legitimating
1982-09-41-right-mi-profundo-agradecimiento-y-mi-,candil,Candil,1982-09,1982,tradition,legitimating
1982-09-46-right-se-acuerda,candil,Candil,1982-09,1982,criticism,legitimating
1982-09-46-right-se-acuerda,candil,Candil,1982-09,1982,community,legitimating
1982-09-47-left-chac-n-y-mairena-en-mi-concepto-,candil,Candil,1982-09,1982,authenticity,legitimating
1982-09-47-left-chac-n-y-mairena-en-mi-concepto-,candil,Candil,1982-09,1982,criticism,legitimating
1982-09-47-left-chac-n-y-mairena-en-mi-concepto-,candil,Candil,1982-09,1982,pedagogy,legitimating
1982-09-48-left-corona-po-tica-para-el-cantor-an,candil,Candil,1982-09,1982,heritage,legitimating
1982-09-48-left-corona-po-tica-para-el-cantor-an,candil,Candil,1982-09,1982,criticism,legitimating
1982-09-51-left-mairena-en-la-uni-n,candil,Candil,1982-09,1982,criticism,legitimating
1982-09-51-left-mairena-en-la-uni-n,candil,Candil,1982-09,1982,community,legitimating
1982-09-51-left-mairena-en-la-uni-n,candil,Candil,1982-09,1982,heritage,legitimating
1982-09-51-right-evocaci-n-de-antonio-mairena,candil,Candil,1982-09,1982,criticism,mixed
1982-09-51-right-evocaci-n-de-antonio-mairena,candil,Candil,1982-09,1982,community,mixed
1982-09-51-right-evocaci-n-de-antonio-mairena,candil,Candil,1982-09,1982,authenticity,mixed
1982-09-53-right-tradici-n-aportaci-n-y-grandeza,candil,Candil,1982-09,1982,tradition,legitimating
1982-09-53-right-tradici-n-aportaci-n-y-grandeza,candil,Candil,1982-09,1982,pedagogy,legitimating
1982-09-53-right-tradici-n-aportaci-n-y-grandeza,candil,Candil,1982-09,1982,criticism,legitimating
1982-09-54-right-s-ntesis-o-creaci-n-del-cante,candil,Candil,1982-09,1982,tradition,legitimating
1982-09-54-right-s-ntesis-o-creaci-n-del-cante,candil,Candil,1982-09,1982,criticism,legitimating
1982-09-55-right-antonio-mairena-y-su-raz-n-incor,candil,Candil,1982-09,1982,authenticity,legitimating
1982-09-55-right-antonio-mairena-y-su-raz-n-incor,candil,Candil,1982-09,1982,tradition,legitimating
1982-09-55-right-antonio-mairena-y-su-raz-n-incor,candil,Candil,1982-09,1982,community,legitimating
1982-09-56-right-discograf-a-de-antonio-mairena,candil,Candil,1982-09,1982,community,legitimating
1982-09-57-left-discograf-a-incunable-de-antonio,candil,Candil,1982-09,1982,criticism,legitimating
1982-09-58-left-fichas-para-una-hemeroteca,candil,Candil,1982-09,1982,heritage,legitimating
1982-09-59-left-de-l-tambi-n-se-ha-dicho,candil,Candil,1982-09,1982,tradition,legitimating
1982-09-59-left-de-l-tambi-n-se-ha-dicho,candil,Candil,1982-09,1982,authenticity,legitimating
1982-09-59-left-de-l-tambi-n-se-ha-dicho,candil,Candil,1982-09,1982,criticism,legitimating
1982-11-3-right-editorial,candil,Candil,1982-11,1982,authenticity,mixed
1982-11-3-right-editorial,candil,Candil,1982-11,1982,community,mixed
1982-11-3-right-editorial,candil,Candil,1982-11,1982,criticism,mixed
1982-11-4-right-el-villancico-y-la-navidad-flame,candil,Candil,1982-11,1982,tradition,legitimating
1982-11-4-right-el-villancico-y-la-navidad-flame,candil,Candil,1982-11,1982,authenticity,legitimating
1982-11-8-left-addenda-et-corrigenda-de-una-rel,candil,Candil,1982-11,1982,community,contested
1982-11-8-left-addenda-et-corrigenda-de-una-rel,candil,Candil,1982-11,1982,pedagogy,contested
1982-11-8-left-addenda-et-corrigenda-de-una-rel,candil,Candil,1982-11,1982,criticism,contested
1982-11-8-right-de-los-gitanos-de-flandes-a-los-,candil,Candil,1982-11,1982,tradition,legitimating
1982-11-11-right-las-letras-flamencas-de-servula-,candil,Candil,1982-11,1982,criticism,legitimating
1982-11-11-right-las-letras-flamencas-de-servula-,candil,Candil,1982-11,1982,community,legitimating
1982-11-12-right-ellos-los-protagonistas-dicen-la,candil,Candil,1982-11,1982,tradition,legitimating
1982-11-12-right-ellos-los-protagonistas-dicen-la,candil,Candil,1982-11,1982,pedagogy,legitimating
1982-11-12-right-ellos-los-protagonistas-dicen-la,candil,Candil,1982-11,1982,criticism,legitimating
1982-11-14-right-carta-abierta-al-cantaor-don-ant,candil,Candil,1982-11,1982,criticism,contested
1982-11-14-right-carta-abierta-al-cantaor-don-ant,candil,Candil,1982-11,1982,tradition,contested
1982-11-14-right-carta-abierta-al-cantaor-don-ant,candil,Candil,1982-11,1982,community,contested
1982-11-15-right-la-gracia-y-la-guasa-de-juan-bel,candil,Candil,1982-11,1982,criticism,mixed
1982-11-16-right-un-cante-que-destruye,candil,Candil,1982-11,1982,criticism,legitimating
1982-11-17-left-algunas-apreciaciones-sobre-los-,candil,Candil,1982-11,1982,authenticity,contested
1982-11-17-left-algunas-apreciaciones-sobre-los-,candil,Candil,1982-11,1982,criticism,contested
1982-11-17-right-dialogo-abierto-sobre-los-cantes,candil,Candil,1982-11,1982,authenticity,contested
1982-11-17-right-dialogo-abierto-sobre-los-cantes,candil,Candil,1982-11,1982,pedagogy,contested
1982-11-17-right-dialogo-abierto-sobre-los-cantes,candil,Candil,1982-11,1982,criticism,contested
1982-11-18-right-quienes-fueron-los-maestros,candil,Candil,1982-11,1982,authenticity,legitimating
1982-11-18-right-quienes-fueron-los-maestros,candil,Candil,1982-11,1982,tradition,legitimating
1982-11-18-right-quienes-fueron-los-maestros,candil,Candil,1982-11,1982,pedagogy,legitimating
1982-11-18-right-quienes-fueron-los-maestros,candil,Candil,1982-11,1982,criticism,legitimating
1982-11-19-right-flamenca,candil,Candil,1982-11,1982,criticism,mixed
1983-01-3-right-editorial,candil,Candil,1983-01,1983,heritage,legitimating
1983-01-3-right-editorial,candil,Candil,1983-01,1983,pedagogy,legitimating
1983-01-4-right-tierra-sobre-la-tierra-aproximac,candil,Candil,1983-01,1983,community,mixed
1983-01-4-right-tierra-sobre-la-tierra-aproximac,candil,Candil,1983-01,1983,authenticity,mixed
1983-01-4-right-tierra-sobre-la-tierra-aproximac,candil,Candil,1983-01,1983,criticism,mixed
1983-01-9-right-el-flamenco-a-los-centros-de-ens,candil,Candil,1983-01,1983,heritage,legitimating
1983-01-9-right-el-flamenco-a-los-centros-de-ens,candil,Candil,1983-01,1983,pedagogy,legitimating
1983-01-10-right-dos-genios-revolucionarios-juan-,candil,Candil,1983-01,1983,pedagogy,mixed
1983-01-10-right-dos-genios-revolucionarios-juan-,candil,Candil,1983-01,1983,criticism,mixed
1983-01-10-right-dos-genios-revolucionarios-juan-,candil,Candil,1983-01,1983,tradition,mixed
1983-01-11-right-ellos-los-protagonistas-dicen-ma,candil,Candil,1983-01,1983,pedagogy,legitimating
1983-01-11-right-ellos-los-protagonistas-dicen-ma,candil,Candil,1983-01,1983,authenticity,legitimating
1983-01-11-right-ellos-los-protagonistas-dicen-ma,candil,Candil,1983-01,1983,criticism,legitimating
1983-01-11-right-ellos-los-protagonistas-dicen-ma,candil,Candil,1983-01,1983,community,legitimating
1983-01-13-right-aunque-no-quepa-en-el-papel-la-s,candil,Candil,1983-01,1983,criticism,contested
1983-01-13-right-aunque-no-quepa-en-el-papel-la-s,candil,Candil,1983-01,1983,criticism,contested
1983-01-14-right-la-etica-en-el-flamenco,candil,Candil,1983-01,1983,criticism,contested
1983-01-14-right-la-etica-en-el-flamenco,candil,Candil,1983-01,1983,heritage,contested
1983-01-15-right-opiniones-de-ayer,candil,Candil,1983-01,1983,criticism,mixed
1983-01-15-right-opiniones-de-ayer,candil,Candil,1983-01,1983,tradition,mixed
1983-01-16-left-las-saetas-de-jose-luis-buendia,candil,Candil,1983-01,1983,tradition,legitimating
1983-01-16-left-las-saetas-de-jose-luis-buendia,candil,Candil,1983-01,1983,community,legitimating
1983-01-16-left-las-saetas-de-jose-luis-buendia,candil,Candil,1983-01,1983,heritage,legitimating
1983-01-16-right-la-saeta-por-miguel-calvo-morill,candil,Candil,1983-01,1983,authenticity,legitimating
1983-01-16-right-la-saeta-por-miguel-calvo-morill,candil,Candil,1983-01,1983,community,legitimating
1983-01-17-left-quienes-fueron-los-maestros,candil,Candil,1983-01,1983,criticism,legitimating
1983-01-18-left-mesa-redonda-sobre-canalejas-de-,candil,Candil,1983-01,1983,community,legitimating
1983-01-18-left-mesa-redonda-sobre-canalejas-de-,candil,Candil,1983-01,1983,pedagogy,legitimating
1983-01-18-left-mesa-redonda-sobre-canalejas-de-,candil,Candil,1983-01,1983,criticism,legitimating
1983-01-18-right-flamenca,candil,Candil,1983-01,1983,criticism,mixed
1983-03-3-right-editorial,candil,Candil,1983-03,1983,authenticity,contested
1983-03-3-right-editorial,candil,Candil,1983-03,1983,criticism,contested
1983-03-4-right-tierra-sobre-la-tierra-aproximac,candil,Candil,1983-03,1983,tradition,legitimating
1983-03-4-right-tierra-sobre-la-tierra-aproximac,candil,Candil,1983-03,1983,community,legitimating
1983-03-4-right-tierra-sobre-la-tierra-aproximac,candil,Candil,1983-03,1983,pedagogy,legitimating
1983-03-4-right-tierra-sobre-la-tierra-aproximac,candil,Candil,1983-03,1983,criticism,legitimating
1983-03-8-left-principios-elementales-de-musico,candil,Candil,1983-03,1983,pedagogy,legitimating
1983-03-8-left-principios-elementales-de-musico,candil,Candil,1983-03,1983,criticism,legitimating
1983-03-10-right-antecedente-teresiano-del-mirabr,candil,Candil,1983-03,1983,tradition,legitimating
1983-03-10-right-antecedente-teresiano-del-mirabr,candil,Candil,1983-03,1983,criticism,legitimating
1983-03-13-right-el-cante-jondo-en-antonio-machad,candil,Candil,1983-03,1983,criticism,delegitimating
1983-03-14-right-ellos-los-protagonistas-dicen-ca,candil,Candil,1983-03,1983,pedagogy,legitimating
1983-03-14-right-ellos-los-protagonistas-dicen-ca,candil,Candil,1983-03,1983,tradition,legitimating
1983-03-16-left-rememorando-a-rafael-de-leon,candil,Candil,1983-03,1983,criticism,legitimating
1983-03-16-right-arbol-del-tango-gitano,candil,Candil,1983-03,1983,tradition,contested
1983-03-16-right-arbol-del-tango-gitano,candil,Candil,1983-03,1983,criticism,contested
1983-03-18-left-el-x-congreso-de-actividades-fla,candil,Candil,1983-03,1983,criticism,contested
1983-03-18-left-el-x-congreso-de-actividades-fla,candil,Candil,1983-03,1983,community,contested
1983-03-18-right-lo-jondo-en-federico-garcia-lorc,candil,Candil,1983-03,1983,criticism,legitimating
1983-03-18-right-lo-jondo-en-federico-garcia-lorc,candil,Candil,1983-03,1983,community,legitimating
1983-03-18-right-lo-jondo-en-federico-garcia-lorc,candil,Candil,1983-03,1983,authenticity,legitimating
1983-03-20-right-viaje-por-la-solea-mesa-redonda-,candil,Candil,1983-03,1983,community,legitimating
1983-03-20-right-viaje-por-la-solea-mesa-redonda-,candil,Candil,1983-03,1983,authenticity,legitimating
1983-03-20-right-viaje-por-la-solea-mesa-redonda-,candil,Candil,1983-03,1983,criticism,legitimating
1983-03-22-left-las-letras-flamencas-de-ramon-po,candil,Candil,1983-03,1983,criticism,legitimating
1983-03-22-left-las-letras-flamencas-de-ramon-po,candil,Candil,1983-03,1983,authenticity,legitimating
1983-03-22-left-las-letras-flamencas-de-ramon-po,candil,Candil,1983-03,1983,pedagogy,legitimating
1983-03-22-right-la-experiencia-que-es-madre-de-l,candil,Candil,1983-03,1983,pedagogy,legitimating
1983-03-22-right-la-experiencia-que-es-madre-de-l,candil,Candil,1983-03,1983,heritage,legitimating
1983-03-22-right-la-experiencia-que-es-madre-de-l,candil,Candil,1983-03,1983,criticism,legitimating
1983-03-23-right-la-epoca-clasica-del-flamenco,candil,Candil,1983-03,1983,authenticity,mixed
1983-03-23-right-la-epoca-clasica-del-flamenco,candil,Candil,1983-03,1983,tradition,mixed
1983-03-23-right-la-epoca-clasica-del-flamenco,candil,Candil,1983-03,1983,pedagogy,mixed
1983-03-23-right-la-epoca-clasica-del-flamenco,candil,Candil,1983-03,1983,criticism,mixed
1983-03-24-left-discografia-flamenca-car-tulas,candil,Candil,1983-03,1983,criticism,mixed
1983-03-25-left-aurelio-selles,candil,Candil,1983-03,1983,criticism,legitimating
1983-05-3-right-editorial,candil,Candil,1983-05,1983,heritage,mixed
1983-05-3-right-editorial,candil,Candil,1983-05,1983,pedagogy,mixed
1983-05-3-right-editorial,candil,Candil,1983-05,1983,tradition,mixed
1983-05-4-left-a-diego,candil,Candil,1983-05,1983,criticism,legitimating
1983-05-4-right-la-experiencia-que-es-la-madre-d,candil,Candil,1983-05,1983,pedagogy,legitimating
1983-05-4-right-la-experiencia-que-es-la-madre-d,candil,Candil,1983-05,1983,heritage,legitimating
1983-05-5-left-tierra-sobre-la-tierra-aproximac,candil,Candil,1983-05,1983,authenticity,legitimating
1983-05-5-left-tierra-sobre-la-tierra-aproximac,candil,Candil,1983-05,1983,criticism,legitimating
1983-05-6-right-las-corridas-o-corridos,candil,Candil,1983-05,1983,criticism,delegitimating
1983-05-10-right-cante-jondo-el-otro-sacramento-d,candil,Candil,1983-05,1983,heritage,contested
1983-05-10-right-cante-jondo-el-otro-sacramento-d,candil,Candil,1983-05,1983,community,contested
1983-05-10-right-cante-jondo-el-otro-sacramento-d,candil,Candil,1983-05,1983,criticism,contested
1983-05-12-right-con-paco-vallecillo,candil,Candil,1983-05,1983,heritage,legitimating
1983-05-12-right-con-paco-vallecillo,candil,Candil,1983-05,1983,community,legitimating
1983-05-12-right-con-paco-vallecillo,candil,Candil,1983-05,1983,pedagogy,legitimating
1983-05-13-right-ellos-los-protagonistas-dicen-ro,candil,Candil,1983-05,1983,tradition,legitimating
1983-05-13-right-ellos-los-protagonistas-dicen-ro,candil,Candil,1983-05,1983,community,legitimating
1983-05-13-right-ellos-los-protagonistas-dicen-ro,candil,Candil,1983-05,1983,pedagogy,legitimating
1983-05-16-left-en-torno-al-x-concurso-nacional-,candil,Candil,1983-05,1983,authenticity,mixed
1983-05-16-left-en-torno-al-x-concurso-nacional-,candil,Candil,1983-05,1983,criticism,mixed
1983-05-16-left-en-torno-al-x-concurso-nacional-,candil,Candil,1983-05,1983,tradition,mixed
1983-05-19-right-el-bizco-amate-mendigo-del-cante,candil,Candil,1983-05,1983,criticism,mixed
1983-05-20-right-a-todas-las-pe-as-flamen-as,candil,Candil,1983-05,1983,community,legitimating
1983-05-20-right-a-todas-las-pe-as-flamen-as,candil,Candil,1983-05,1983,heritage,legitimating
1983-05-21-right-flamenca,candil,Candil,1983-05,1983,criticism,mixed
1983-05-23-left-gabriel-diaz-fernandez-macande,candil,Candil,1983-05,1983,criticism,legitimating
1983-05-23-left-gabriel-diaz-fernandez-macande,candil,Candil,1983-05,1983,authenticity,legitimating
1983-05-23-right-antonio-mairena-galardonado,candil,Candil,1983-05,1983,heritage,legitimating
1983-05-23-right-antonio-mairena-galardonado,candil,Candil,1983-05,1983,criticism,legitimating
1983-05-23-right-antonio-mairena-galardonado,candil,Candil,1983-05,1983,tradition,legitimating
1983-05-23-right-antonio-mairena-galardonado,candil,Candil,1983-05,1983,community,legitimating
1983-07-3-left-editorial,candil,Candil,1983-07,1983,criticism,legitimating
1983-07-3-left-editorial,candil,Candil,1983-07,1983,heritage,legitimating
1983-07-3-left-editorial,candil,Candil,1983-07,1983,tradition,legitimating
1983-07-9-left-como-el-gazpacho-al-cante-flamen,candil,Candil,1983-07,1983,tradition,contested
1983-07-9-left-como-el-gazpacho-al-cante-flamen,candil,Candil,1983-07,1983,criticism,contested
1983-07-10-left-cantes-tradicionales-de-cartagen,candil,Candil,1983-07,1983,tradition,legitimating
1983-07-10-left-cantes-tradicionales-de-cartagen,candil,Candil,1983-07,1983,heritage,legitimating
1983-07-10-left-cantes-tradicionales-de-cartagen,candil,Candil,1983-07,1983,pedagogy,legitimating
1983-07-12-left-taranta-del-arbol-malague-o-por-,candil,Candil,1983-07,1983,tradition,contested
1983-07-12-left-taranta-del-arbol-malague-o-por-,candil,Candil,1983-07,1983,criticism,contested
1983-07-14-left-cincuenta-a-os-de-luz-y-duendes,candil,Candil,1983-07,1983,criticism,legitimating
1983-07-14-left-cincuenta-a-os-de-luz-y-duendes,candil,Candil,1983-07,1983,heritage,legitimating
1983-07-17-right-carmen-linares,candil,Candil,1983-07,1983,pedagogy,legitimating
1983-07-17-right-carmen-linares,candil,Candil,1983-07,1983,criticism,legitimating
1983-07-19-right-a-antonio-mairena,candil,Candil,1983-07,1983,heritage,legitimating
1983-07-19-right-a-antonio-mairena,candil,Candil,1983-07,1983,community,legitimating
1983-07-20-left-un-solo-ritmo,candil,Candil,1983-07,1983,pedagogy,contested
1983-07-20-left-un-solo-ritmo,candil,Candil,1983-07,1983,criticism,contested
1983-07-21-left-jose-cepero,candil,Candil,1983-07,1983,criticism,mixed
1983-07-21-right-hablan-las-pe-as,candil,Candil,1983-07,1983,community,legitimating
1983-07-21-right-hablan-las-pe-as,candil,Candil,1983-07,1983,criticism,legitimating
1983-07-22-right-flamenca,candil,Candil,1983-07,1983,criticism,legitimating
1983-07-22-right-flamenca,candil,Candil,1983-07,1983,tradition,legitimating
1983-09-2-right-editorial,candil,Candil,1983-09,1983,tradition,legitimating
1983-09-2-right-editorial,candil,Candil,1983-09,1983,heritage,legitimating
1983-09-2-right-editorial,candil,Candil,1983-09,1983,criticism,legitimating
1983-09-4-left-imposici-n-de-la-medalla-de-trab,candil,Candil,1983-09,1983,community,contested
1983-09-4-left-imposici-n-de-la-medalla-de-trab,candil,Candil,1983-09,1983,pedagogy,contested
1983-09-4-left-imposici-n-de-la-medalla-de-trab,candil,Candil,1983-09,1983,tradition,contested
1983-09-4-left-imposici-n-de-la-medalla-de-trab,candil,Candil,1983-09,1983,criticism,contested
1983-09-6-right-literatura-rom-ntica-y-cante-fla,candil,Candil,1983-09,1983,criticism,legitimating
1983-09-11-left-responsabilidad-de-figura,candil,Candil,1983-09,1983,authenticity,mixed
1983-09-11-left-responsabilidad-de-figura,candil,Candil,1983-09,1983,tradition,mixed
1983-09-11-left-responsabilidad-de-figura,candil,Candil,1983-09,1983,pedagogy,mixed
1983-09-11-left-responsabilidad-de-figura,candil,Candil,1983-09,1983,criticism,mixed
1983-09-11-right-con-ternura-y-con-gran-valor,candil,Candil,1983-09,1983,heritage,legitimating
1983-09-11-right-con-ternura-y-con-gran-valor,candil,Candil,1983-09,1983,criticism,legitimating
1983-09-13-left-colecci-n-de-guitarras-de-manuel,candil,Candil,1983-09,1983,criticism,legitimating
1983-09-13-left-colecci-n-de-guitarras-de-manuel,candil,Candil,1983-09,1983,heritage,legitimating
1983-09-14-right-algo-sobre-las-tarantillas-de-es,candil,Candil,1983-09,1983,criticism,contested
1983-09-14-right-algo-sobre-las-tarantillas-de-es,candil,Candil,1983-09,1983,tradition,contested
1983-09-14-right-algo-sobre-las-tarantillas-de-es,candil,Candil,1983-09,1983,authenticity,contested
1983-09-19-left-victoria-de-miguel-chequeo-grafo,candil,Candil,1983-09,1983,criticism,mixed
1983-09-19-right-las-letras-flamencas-de-jos-s-nc,candil,Candil,1983-09,1983,tradition,legitimating
1983-09-20-left-de-qu-enfermedad-mueren-nuestros,candil,Candil,1983-09,1983,heritage,neutral
1983-09-21-left-cayetano-muriel-ni-o-de-cabra,candil,Candil,1983-09,1983,criticism,legitimating
1983-09-21-left-cayetano-muriel-ni-o-de-cabra,candil,Candil,1983-09,1983,pedagogy,legitimating
1983-09-23-left-hablan-las-pe-as-buz-n-flamenco-,candil,Candil,1983-09,1983,criticism,mixed
1983-09-23-left-hablan-las-pe-as-buz-n-flamenco-,candil,Candil,1983-09,1983,authenticity,mixed
1983-11-3-right-editorial,candil,Candil,1983-11,1983,authenticity,contested
1983-11-3-right-editorial,candil,Candil,1983-11,1983,criticism,contested
1983-11-4-left-el-honor-de-la-pareja-y-el-mar-o,candil,Candil,1983-11,1983,community,legitimating
1983-11-4-left-el-honor-de-la-pareja-y-el-mar-o,candil,Candil,1983-11,1983,heritage,legitimating
1983-11-7-right-bodas-de-plata-de-la-c-tedra-de-,candil,Candil,1983-11,1983,heritage,legitimating
1983-11-7-right-bodas-de-plata-de-la-c-tedra-de-,candil,Candil,1983-11,1983,tradition,legitimating
1983-11-7-right-bodas-de-plata-de-la-c-tedra-de-,candil,Candil,1983-11,1983,criticism,legitimating
1983-11-9-left-buler-as-de-el-chozas,candil,Candil,1983-11,1983,criticism,legitimating
1983-11-9-right-viva-pepe-guillena,candil,Candil,1983-11,1983,authenticity,mixed
1983-11-9-right-viva-pepe-guillena,candil,Candil,1983-11,1983,criticism,mixed
1983-11-11-left-manuel-yerga-se-qued-corto,candil,Candil,1983-11,1983,criticism,contested
1983-11-11-left-manuel-yerga-se-qued-corto,candil,Candil,1983-11,1983,community,contested
1983-11-12-right-editorial-manuel-torre,candil,Candil,1983-11,1983,criticism,legitimating
1983-11-13-left-manuel-torre-cantaor-largo,candil,Candil,1983-11,1983,criticism,legitimating
1983-11-13-right-manuel-torre-50-a-os-despu-s,candil,Candil,1983-11,1983,heritage,legitimating
1983-11-13-right-manuel-torre-50-a-os-despu-s,candil,Candil,1983-11,1983,criticism,legitimating
1983-11-13-right-manuel-torre-50-a-os-despu-s,candil,Candil,1983-11,1983,community,legitimating
1983-11-14-right-la-expresi-n-jonda-de-manuel-tor,candil,Candil,1983-11,1983,heritage,legitimating
1983-11-14-right-la-expresi-n-jonda-de-manuel-tor,candil,Candil,1983-11,1983,criticism,legitimating
1983-11-14-right-la-expresi-n-jonda-de-manuel-tor,candil,Candil,1983-11,1983,community,legitimating
1983-11-19-right-ellos-los-protagonistas-dicen-tu,candil,Candil,1983-11,1983,pedagogy,legitimating
1983-11-19-right-ellos-los-protagonistas-dicen-tu,candil,Candil,1983-11,1983,community,legitimating
1983-11-19-right-ellos-los-protagonistas-dicen-tu,candil,Candil,1983-11,1983,criticism,legitimating
1983-11-22-right-quienes-fueron-los-maestros,candil,Candil,1983-11,1983,criticism,legitimating
1983-11-22-right-quienes-fueron-los-maestros,candil,Candil,1983-11,1983,pedagogy,legitimating
1983-11-23-left-la-ltima-sole-de-t-o-gregorio-bo,candil,Candil,1983-11,1983,heritage,legitimating
1983-11-23-left-la-ltima-sole-de-t-o-gregorio-bo,candil,Candil,1983-11,1983,pedagogy,legitimating
1983-11-23-left-la-ltima-sole-de-t-o-gregorio-bo,candil,Candil,1983-11,1983,community,legitimating
1983-11-23-right-flamenca,candil,Candil,1983-11,1983,criticism,mixed
1983-11-23-right-flamenca,candil,Candil,1983-11,1983,authenticity,mixed
1983-11-24-right-buz-n-flamenco,candil,Candil,1983-11,1983,criticism,mixed
1983-11-24-right-buz-n-flamenco,candil,Candil,1983-11,1983,authenticity,mixed
1983-11-25-right-hablan-las-pe-as,candil,Candil,1983-11,1983,community,legitimating
1983-11-25-right-hablan-las-pe-as,candil,Candil,1983-11,1983,authenticity,legitimating
1983-11-25-right-hablan-las-pe-as,candil,Candil,1983-11,1983,heritage,legitimating
1983-11-26-right-de-c-mo-fracas-en-mis-investigac,candil,Candil,1983-11,1983,criticism,legitimating
1984-01-3-left-editorial-la-llave,candil,Candil,1984-01,1984,authenticity,contested
1984-01-3-left-editorial-la-llave,candil,Candil,1984-01,1984,tradition,contested
1984-01-3-left-editorial-la-llave,candil,Candil,1984-01,1984,community,contested
1984-01-3-left-editorial-la-llave,candil,Candil,1984-01,1984,criticism,contested
1984-01-9-right-coincidencia-entre-el-cante-negr,candil,Candil,1984-01,1984,heritage,legitimating
1984-01-9-right-coincidencia-entre-el-cante-negr,candil,Candil,1984-01,1984,community,legitimating
1984-01-9-right-coincidencia-entre-el-cante-negr,candil,Candil,1984-01,1984,criticism,legitimating
1984-01-11-right-el-peque-o-mundo-de-laocoonte,candil,Candil,1984-01,1984,criticism,delegitimating
1984-01-12-right-a-prop-sito-de-un-congreso-gitan,candil,Candil,1984-01,1984,heritage,contested
1984-01-12-right-a-prop-sito-de-un-congreso-gitan,candil,Candil,1984-01,1984,community,contested
1984-01-12-right-a-prop-sito-de-un-congreso-gitan,candil,Candil,1984-01,1984,criticism,contested
1984-01-13-right-la-canastera-el-cante-por-invent,candil,Candil,1984-01,1984,tradition,mixed
1984-01-13-right-la-canastera-el-cante-por-invent,candil,Candil,1984-01,1984,criticism,mixed
1984-01-14-right-ellos-los-protagonistas-dicen-pe,candil,Candil,1984-01,1984,authenticity,mixed
1984-01-14-right-ellos-los-protagonistas-dicen-pe,candil,Candil,1984-01,1984,heritage,mixed
1984-01-14-right-ellos-los-protagonistas-dicen-pe,candil,Candil,1984-01,1984,community,mixed
1984-01-16-right-desde-alora-pinceladas-flamencas,candil,Candil,1984-01,1984,community,legitimating
1984-01-16-right-desde-alora-pinceladas-flamencas,candil,Candil,1984-01,1984,pedagogy,legitimating
1984-01-16-right-desde-alora-pinceladas-flamencas,candil,Candil,1984-01,1984,authenticity,legitimating
1984-01-18-right-la-verdad-sobre-el-viejo-medina,candil,Candil,1984-01,1984,tradition,contested
1984-01-18-right-la-verdad-sobre-el-viejo-medina,candil,Candil,1984-01,1984,pedagogy,contested
1984-01-18-right-la-verdad-sobre-el-viejo-medina,candil,Candil,1984-01,1984,criticism,contested
1984-01-19-right-rosario-la-mejorana,candil,Candil,1984-01,1984,criticism,legitimating
1984-01-19-right-rosario-la-mejorana,candil,Candil,1984-01,1984,community,legitimating
1984-01-20-left-hablan-las-pe-as,candil,Candil,1984-01,1984,heritage,legitimating
1984-01-20-left-hablan-las-pe-as,candil,Candil,1984-01,1984,criticism,legitimating
1984-01-21-right-buz-n-flamenco,candil,Candil,1984-01,1984,criticism,contested
1984-01-21-right-buz-n-flamenco,candil,Candil,1984-01,1984,authenticity,contested
1984-01-21-right-buz-n-flamenco,candil,Candil,1984-01,1984,community,contested
1984-01-22-right-discografia-flamenca-discografia,candil,Candil,1984-01,1984,criticism,legitimating
1984-01-22-right-discografia-flamenca-discografia,candil,Candil,1984-01,1984,pedagogy,legitimating
1984-03-3-left-editorial,candil,Candil,1984-03,1984,heritage,mixed
1984-03-3-left-editorial,candil,Candil,1984-03,1984,authenticity,mixed
1984-03-4-left-angeles-ortiz-desde-el-homenaje-,candil,Candil,1984-03,1984,tradition,legitimating
1984-03-4-left-angeles-ortiz-desde-el-homenaje-,candil,Candil,1984-03,1984,criticism,legitimating
1984-03-4-right-manuel-machado-entre-el-modernis,candil,Candil,1984-03,1984,criticism,legitimating
1984-03-4-right-manuel-machado-entre-el-modernis,candil,Candil,1984-03,1984,heritage,legitimating
1984-03-4-right-manuel-machado-entre-el-modernis,candil,Candil,1984-03,1984,tradition,legitimating
1984-03-9-right-homenaje-a-las-artes-plasticas-d,candil,Candil,1984-03,1984,community,legitimating
1984-03-9-right-homenaje-a-las-artes-plasticas-d,candil,Candil,1984-03,1984,criticism,legitimating
1984-03-11-right-aunque-no-quepa-en,candil,Candil,1984-03,1984,heritage,legitimating
1984-03-11-right-aunque-no-quepa-en,candil,Candil,1984-03,1984,criticism,legitimating
1984-03-11-right-aunque-no-quepa-en,candil,Candil,1984-03,1984,pedagogy,legitimating
1984-03-13-right-ellos-los-protagonistas-romerito,candil,Candil,1984-03,1984,authenticity,mixed
1984-03-13-right-ellos-los-protagonistas-romerito,candil,Candil,1984-03,1984,community,mixed
1984-03-15-right-saetas-y-saeteros-de-mairena,candil,Candil,1984-03,1984,tradition,legitimating
1984-03-15-right-saetas-y-saeteros-de-mairena,candil,Candil,1984-03,1984,criticism,legitimating
1984-03-15-right-saetas-y-saeteros-de-mairena,candil,Candil,1984-03,1984,heritage,legitimating
1984-03-17-left-en-torno-a-la-exposicion,candil,Candil,1984-03,1984,criticism,mixed
1984-03-18-right-a-prop-sito-de-charamusco,candil,Candil,1984-03,1984,authenticity,legitimating
1984-03-18-right-a-prop-sito-de-charamusco,candil,Candil,1984-03,1984,tradition,legitimating
1984-03-18-right-a-prop-sito-de-charamusco,candil,Candil,1984-03,1984,pedagogy,legitimating
1984-03-18-right-a-prop-sito-de-charamusco,candil,Candil,1984-03,1984,criticism,legitimating
1984-03-19-right-quienes-fueron-los-maestros,candil,Candil,1984-03,1984,criticism,legitimating
1984-03-19-right-quienes-fueron-los-maestros,candil,Candil,1984-03,1984,community,legitimating
1984-03-20-right-hablan-las-pe-as,candil,Candil,1984-03,1984,pedagogy,legitimating
1984-03-20-right-hablan-las-pe-as,candil,Candil,1984-03,1984,community,legitimating
1984-03-22-left-buz-n-flamenco,candil,Candil,1984-03,1984,criticism,contested
1984-03-22-left-buz-n-flamenco,candil,Candil,1984-03,1984,community,contested
1984-03-22-right-discograf-a-flamenca,candil,Candil,1984-03,1984,authenticity,legitimating
1984-03-22-right-discograf-a-flamenca,candil,Candil,1984-03,1984,tradition,legitimating
1984-03-22-right-discograf-a-flamenca,candil,Candil,1984-03,1984,pedagogy,legitimating
1984-03-22-right-discograf-a-flamenca,candil,Candil,1984-03,1984,criticism,legitimating
1984-05-3-left-editorial,candil,Candil,1984-05,1984,criticism,delegitimating
1984-05-4-right-la-novela-andaluza-de-posguerra-,candil,Candil,1984-05,1984,criticism,legitimating
1984-05-8-right-la-guitarra-flamenca,candil,Candil,1984-05,1984,tradition,legitimating
1984-05-8-right-la-guitarra-flamenca,candil,Candil,1984-05,1984,criticism,legitimating
1984-05-11-left-breve-res-n-e-n-mairena-de-alcor,candil,Candil,1984-05,1984,heritage,legitimating
1984-05-11-left-breve-res-n-e-n-mairena-de-alcor,candil,Candil,1984-05,1984,criticism,legitimating
1984-05-11-right-cumbre-flamenca,candil,Candil,1984-05,1984,criticism,mixed
1984-05-11-right-cumbre-flamenca,candil,Candil,1984-05,1984,community,mixed
1984-05-12-right-en-torno-al-xii-congreso-de-acti,candil,Candil,1984-05,1984,criticism,delegitimating
1984-05-12-right-en-torno-al-xii-congreso-de-acti,candil,Candil,1984-05,1984,community,delegitimating
1984-05-12-right-en-torno-al-xii-congreso-de-acti,candil,Candil,1984-05,1984,pedagogy,delegitimating
1984-05-13-right-ellos-los-protagonistas-dicen-ma,candil,Candil,1984-05,1984,pedagogy,legitimating
1984-05-13-right-ellos-los-protagonistas-dicen-ma,candil,Candil,1984-05,1984,criticism,legitimating
1984-05-15-right-aunque-no-quepa-en-el-papel,candil,Candil,1984-05,1984,criticism,legitimating
1984-05-15-right-aunque-no-quepa-en-el-papel,candil,Candil,1984-05,1984,authenticity,legitimating
1984-05-15-right-aunque-no-quepa-en-el-papel,candil,Candil,1984-05,1984,tradition,legitimating
1984-05-16-right-la-filosof-a-del-cante-de-luis-c,candil,Candil,1984-05,1984,tradition,contested
1984-05-16-right-la-filosof-a-del-cante-de-luis-c,candil,Candil,1984-05,1984,community,contested
1984-05-16-right-la-filosof-a-del-cante-de-luis-c,candil,Candil,1984-05,1984,criticism,contested
1984-05-16-right-la-filosof-a-del-cante-de-luis-c,candil,Candil,1984-05,1984,tradition,contested
1984-05-16-right-la-filosof-a-del-cante-de-luis-c,candil,Candil,1984-05,1984,community,contested
1984-05-16-right-la-filosof-a-del-cante-de-luis-c,candil,Candil,1984-05,1984,criticism,contested
1984-05-23-left-quienes-fueron-los-maestros,candil,Candil,1984-05,1984,tradition,legitimating
1984-05-23-left-quienes-fueron-los-maestros,candil,Candil,1984-05,1984,criticism,legitimating
1984-05-23-right-hablan-las-pe-as,candil,Candil,1984-05,1984,community,legitimating
1984-05-25-left-buz-n-flamenco,candil,Candil,1984-05,1984,community,legitimating
1984-05-25-left-buz-n-flamenco,candil,Candil,1984-05,1984,criticism,legitimating
1984-05-25-left-buz-n-flamenco,candil,Candil,1984-05,1984,tradition,legitimating
1984-05-26-left-discograf-a-flamenca,candil,Candil,1984-05,1984,authenticity,delegitimating
1984-05-26-left-discograf-a-flamenca,candil,Candil,1984-05,1984,criticism,delegitimating
1984-05-27-right-discograf-a-de-artistas-flamenco,candil,Candil,1984-05,1984,criticism,legitimating
1984-07-3-right-editorial-escolarizar-el-flamenc,candil,Candil,1984-07,1984,pedagogy,legitimating
1984-07-3-right-editorial-escolarizar-el-flamenc,candil,Candil,1984-07,1984,heritage,legitimating
1984-07-3-right-editorial-escolarizar-el-flamenc,candil,Candil,1984-07,1984,authenticity,legitimating
1984-07-4-right-noche-flamenca-en-buenos-aires,candil,Candil,1984-07,1984,criticism,legitimating
1984-07-4-right-noche-flamenca-en-buenos-aires,candil,Candil,1984-07,1984,community,legitimating
1984-07-8-left-razones-de-un-ay,candil,Candil,1984-07,1984,pedagogy,mixed
1984-07-8-left-razones-de-un-ay,candil,Candil,1984-07,1984,community,mixed
1984-07-8-left-razones-de-un-ay,candil,Candil,1984-07,1984,authenticity,mixed
1984-07-8-right-los-misterios-de-la-siguiriya-gi,candil,Candil,1984-07,1984,tradition,legitimating
1984-07-8-right-los-misterios-de-la-siguiriya-gi,candil,Candil,1984-07,1984,community,legitimating
1984-07-11-right-la-novela-andaluza,candil,Candil,1984-07,1984,criticism,legitimating
1984-07-11-right-la-novela-andaluza,candil,Candil,1984-07,1984,community,legitimating
1984-07-21-left-enrique-morente,candil,Candil,1984-07,1984,pedagogy,legitimating
1984-07-21-left-enrique-morente,candil,Candil,1984-07,1984,tradition,legitimating
1984-07-21-left-enrique-morente,candil,Candil,1984-07,1984,criticism,legitimating
1984-07-19-left-vocalizar-el-cante,candil,Candil,1984-07,1984,criticism,mixed
1984-07-19-left-vocalizar-el-cante,candil,Candil,1984-07,1984,pedagogy,mixed
1984-07-19-left-vocalizar-el-cante,candil,Candil,1984-07,1984,tradition,mixed
1984-07-19-right-memoria-de-terremoto,candil,Candil,1984-07,1984,heritage,mixed
1984-07-19-right-memoria-de-terremoto,candil,Candil,1984-07,1984,criticism,mixed
1984-07-20-right-iii-bienal-de-arte-flamenco-ciud,candil,Candil,1984-07,1984,heritage,legitimating
1984-07-20-right-iii-bienal-de-arte-flamenco-ciud,candil,Candil,1984-07,1984,criticism,legitimating
1984-07-20-right-iii-bienal-de-arte-flamenco-ciud,candil,Candil,1984-07,1984,community,legitimating
1984-07-22-right-buz-n-flamenco,candil,Candil,1984-07,1984,criticism,delegitimating
1984-07-24-left-discograf-a-flamenca,candil,Candil,1984-07,1984,pedagogy,legitimating
1984-07-24-left-discograf-a-flamenca,candil,Candil,1984-07,1984,criticism,legitimating
1984-09-3-left-editorial,candil,Candil,1984-09,1984,authenticity,mixed
1984-09-3-left-editorial,candil,Candil,1984-09,1984,community,mixed
1984-09-4-left-estudio-historico-literario-del-,candil,Candil,1984-09,1984,tradition,legitimating
1984-09-4-left-estudio-historico-literario-del-,candil,Candil,1984-09,1984,criticism,legitimating
1984-09-11-left-introduccion-a-la-discografia-an,candil,Candil,1984-09,1984,pedagogy,mixed
1984-09-11-left-introduccion-a-la-discografia-an,candil,Candil,1984-09,1984,criticism,mixed
1984-09-12-right-la-llave-de-oro-del-flamenco-y-e,candil,Candil,1984-09,1984,criticism,legitimating
1984-09-12-right-la-llave-de-oro-del-flamenco-y-e,candil,Candil,1984-09,1984,community,legitimating
1984-09-14-right-ellos-los-protagonistas-dicen-jo,candil,Candil,1984-09,1984,pedagogy,legitimating
1984-09-14-right-ellos-los-protagonistas-dicen-jo,candil,Candil,1984-09,1984,criticism,legitimating
1984-09-17-left-ponencias-del-congreso-de-cacere,candil,Candil,1984-09,1984,criticism,mixed
1984-09-17-left-ponencias-del-congreso-de-cacere,candil,Candil,1984-09,1984,tradition,mixed
1984-09-18-left-encuesta-realizada-en-el-congres,candil,Candil,1984-09,1984,criticism,contested
1984-09-18-left-encuesta-realizada-en-el-congres,candil,Candil,1984-09,1984,community,contested
1984-09-18-left-encuesta-realizada-en-el-congres,candil,Candil,1984-09,1984,authenticity,contested
1984-09-20-left-conversaci-n-con-pi-ana-padre-ma,candil,Candil,1984-09,1984,pedagogy,legitimating
1984-09-20-left-conversaci-n-con-pi-ana-padre-ma,candil,Candil,1984-09,1984,criticism,legitimating
1984-09-22-left-la-guitarra-flamenca,candil,Candil,1984-09,1984,criticism,legitimating
1984-09-22-right-buz-n-flamenco,candil,Candil,1984-09,1984,criticism,legitimating
1984-09-23-right-hablan-las-pe-as,candil,Candil,1984-09,1984,community,legitimating
1984-09-24-right-discografia-de-artistas-flamenco,candil,Candil,1984-09,1984,authenticity,legitimating
1984-09-24-right-discografia-de-artistas-flamenco,candil,Candil,1984-09,1984,criticism,legitimating
1984-09-24-right-discografia-de-artistas-flamenco,candil,Candil,1984-09,1984,community,legitimating
1984-11-3-right-editorial,candil,Candil,1984-11,1984,heritage,contested
1984-11-3-right-editorial,candil,Candil,1984-11,1984,authenticity,contested
1984-11-3-right-editorial,candil,Candil,1984-11,1984,criticism,contested
1984-11-4-right-las-canti-as-y-sus-derivaciones,candil,Candil,1984-11,1984,tradition,legitimating
1984-11-4-right-las-canti-as-y-sus-derivaciones,candil,Candil,1984-11,1984,criticism,legitimating
1984-11-10-right-la-ca-a-y-el-polo-por-ejemplo,candil,Candil,1984-11,1984,authenticity,contested
1984-11-10-right-la-ca-a-y-el-polo-por-ejemplo,candil,Candil,1984-11,1984,criticism,contested
1984-11-11-right-cr-nica-de-la-vi-quincena-de-fla,candil,Candil,1984-11,1984,criticism,mixed
1984-11-11-right-cr-nica-de-la-vi-quincena-de-fla,candil,Candil,1984-11,1984,heritage,mixed
1984-11-13-right-la-bienal-ha-terminado-viva-la-b,candil,Candil,1984-11,1984,criticism,legitimating
1984-11-15-left-carta-abierta-y-demasiado-imprec,candil,Candil,1984-11,1984,pedagogy,mixed
1984-11-15-left-carta-abierta-y-demasiado-imprec,candil,Candil,1984-11,1984,criticism,mixed
1984-11-15-left-carta-abierta-y-demasiado-imprec,candil,Candil,1984-11,1984,authenticity,mixed
1984-11-15-right-ellos-los-protagonistas-dicen,candil,Candil,1984-11,1984,pedagogy,legitimating
1984-11-15-right-ellos-los-protagonistas-dicen,candil,Candil,1984-11,1984,tradition,legitimating
1984-11-15-right-ellos-los-protagonistas-dicen,candil,Candil,1984-11,1984,community,legitimating
1984-11-15-right-ellos-los-protagonistas-dicen,candil,Candil,1984-11,1984,criticism,legitimating
1984-11-18-left-buz-n-flamenco-a-juan-p-rez-s-nc,candil,Candil,1984-11,1984,community,contested
1984-11-18-left-buz-n-flamenco-a-juan-p-rez-s-nc,candil,Candil,1984-11,1984,criticism,contested
1984-11-19-left-discograf-a-flamenca,candil,Candil,1984-11,1984,criticism,mixed
1984-11-19-left-discograf-a-flamenca,candil,Candil,1984-11,1984,pedagogy,mixed
1984-11-19-left-discograf-a-flamenca,candil,Candil,1984-11,1984,heritage,mixed
1984-11-20-left-hablan-las-pe-as,candil,Candil,1984-11,1984,community,legitimating
1984-11-20-left-hablan-las-pe-as,candil,Candil,1984-11,1984,criticism,legitimating
1984-11-20-left-hablan-las-pe-as,candil,Candil,1984-11,1984,heritage,legitimating
1985-01-3-right-editorial,candil,Candil,1985-01,1985,criticism,legitimating
1985-01-3-right-editorial,candil,Candil,1985-01,1985,heritage,legitimating
1985-01-3-right-editorial,candil,Candil,1985-01,1985,community,legitimating
1985-01-4-right-aproximaciones-a-la-c-rdoba-flam,candil,Candil,1985-01,1985,heritage,legitimating
1985-01-4-right-aproximaciones-a-la-c-rdoba-flam,candil,Candil,1985-01,1985,community,legitimating
1985-01-4-right-aproximaciones-a-la-c-rdoba-flam,candil,Candil,1985-01,1985,criticism,legitimating
1985-01-7-right-el-cante-inventado,candil,Candil,1985-01,1985,authenticity,delegitimating
1985-01-7-right-el-cante-inventado,candil,Candil,1985-01,1985,tradition,delegitimating
1985-01-7-right-el-cante-inventado,candil,Candil,1985-01,1985,criticism,delegitimating
1985-01-8-right-el-flamenco-oficial,candil,Candil,1985-01,1985,heritage,mixed
1985-01-8-right-el-flamenco-oficial,candil,Candil,1985-01,1985,authenticity,mixed
1985-01-8-right-el-flamenco-oficial,candil,Candil,1985-01,1985,community,mixed
1985-01-8-right-el-flamenco-oficial,candil,Candil,1985-01,1985,criticism,mixed
1985-01-10-right-ellos-los-protagonistas-dicen-ma,candil,Candil,1985-01,1985,pedagogy,legitimating
1985-01-10-right-ellos-los-protagonistas-dicen-ma,candil,Candil,1985-01,1985,community,legitimating
1985-01-10-right-ellos-los-protagonistas-dicen-ma,candil,Candil,1985-01,1985,criticism,legitimating
1985-01-12-right-paco-el-manco,candil,Candil,1985-01,1985,heritage,legitimating
1985-01-12-right-paco-el-manco,candil,Candil,1985-01,1985,community,legitimating
1985-01-12-right-paco-el-manco,candil,Candil,1985-01,1985,criticism,legitimating
1985-01-14-left-la-tradici-n-oral-en-el-cante,candil,Candil,1985-01,1985,tradition,legitimating
1985-01-14-left-la-tradici-n-oral-en-el-cante,candil,Candil,1985-01,1985,pedagogy,legitimating
1985-01-14-left-la-tradici-n-oral-en-el-cante,candil,Candil,1985-01,1985,authenticity,legitimating
1985-01-14-right-palma-del-r-o-rinde-homenaje-a-m,candil,Candil,1985-01,1985,community,legitimating
1985-01-14-right-palma-del-r-o-rinde-homenaje-a-m,candil,Candil,1985-01,1985,heritage,legitimating
1985-01-14-right-palma-del-r-o-rinde-homenaje-a-m,candil,Candil,1985-01,1985,criticism,legitimating
1985-01-16-right-homenaje-de-fosforito-a-un-afici,candil,Candil,1985-01,1985,criticism,legitimating
1985-01-16-right-homenaje-de-fosforito-a-un-afici,candil,Candil,1985-01,1985,community,legitimating
1985-01-17-left-candil-popular-del-a-o,candil,Candil,1985-01,1985,heritage,legitimating
1985-01-17-left-candil-popular-del-a-o,candil,Candil,1985-01,1985,pedagogy,legitimating
1985-01-17-left-candil-popular-del-a-o,candil,Candil,1985-01,1985,criticism,legitimating
1985-01-17-right-constituida-la-fundaci-n-antonio,candil,Candil,1985-01,1985,heritage,legitimating
1985-01-17-right-constituida-la-fundaci-n-antonio,candil,Candil,1985-01,1985,criticism,legitimating
1985-01-18-left-quienes-fueron-los-maestros-migu,candil,Candil,1985-01,1985,pedagogy,legitimating
1985-01-18-left-quienes-fueron-los-maestros-migu,candil,Candil,1985-01,1985,criticism,legitimating
1985-01-18-left-quienes-fueron-los-maestros-migu,candil,Candil,1985-01,1985,heritage,legitimating
1985-01-18-left-quienes-fueron-los-maestros-migu,candil,Candil,1985-01,1985,community,legitimating
1985-01-20-left-hablan-las-pe-as,candil,Candil,1985-01,1985,community,legitimating
1985-01-20-left-hablan-las-pe-as,candil,Candil,1985-01,1985,heritage,legitimating
1985-01-22-left-discograf-a-flamenca,candil,Candil,1985-01,1985,criticism,mixed
1985-01-22-left-discograf-a-flamenca,candil,Candil,1985-01,1985,tradition,mixed
1985-01-22-left-discograf-a-flamenca,candil,Candil,1985-01,1985,heritage,mixed
1985-03-3-right-editorial,candil,Candil,1985-03,1985,community,contested
1985-03-3-right-editorial,candil,Candil,1985-03,1985,heritage,contested
1985-03-3-right-editorial,candil,Candil,1985-03,1985,authenticity,contested
1985-03-3-right-editorial,candil,Candil,1985-03,1985,criticism,contested
1985-03-5-right-la-poes-a-espa-ola-de-la-postgue,candil,Candil,1985-03,1985,pedagogy,neutral
1985-03-5-right-la-poes-a-espa-ola-de-la-postgue,candil,Candil,1985-03,1985,criticism,neutral
1985-03-8-right-sobre-la-palabra-payo-y-otros-ex,candil,Candil,1985-03,1985,criticism,contested
1985-03-8-right-sobre-la-palabra-payo-y-otros-ex,candil,Candil,1985-03,1985,community,contested
1985-03-8-right-sobre-la-palabra-payo-y-otros-ex,candil,Candil,1985-03,1985,authenticity,contested
1985-03-8-right-sobre-la-palabra-payo-y-otros-ex,candil,Candil,1985-03,1985,heritage,contested
1985-03-9-right-ellos-los-protagonistas-dicen-jo,candil,Candil,1985-03,1985,pedagogy,mixed
1985-03-9-right-ellos-los-protagonistas-dicen-jo,candil,Candil,1985-03,1985,community,mixed
1985-03-9-right-ellos-los-protagonistas-dicen-jo,candil,Candil,1985-03,1985,authenticity,mixed
1985-03-9-right-ellos-los-protagonistas-dicen-jo,candil,Candil,1985-03,1985,criticism,mixed
1985-03-13-left-algo-sobre-los-cantes-de-estilos,candil,Candil,1985-03,1985,tradition,legitimating
1985-03-13-left-algo-sobre-los-cantes-de-estilos,candil,Candil,1985-03,1985,pedagogy,legitimating
1985-03-13-left-algo-sobre-los-cantes-de-estilos,candil,Candil,1985-03,1985,criticism,legitimating
1985-03-15-right-manolo-de-huelva,candil,Candil,1985-03,1985,criticism,legitimating
1985-03-15-right-manolo-de-huelva,candil,Candil,1985-03,1985,pedagogy,legitimating
1985-03-17-left-aportaci-n-del-flamenco-a-los-ac,candil,Candil,1985-03,1985,tradition,legitimating
1985-03-17-left-aportaci-n-del-flamenco-a-los-ac,candil,Candil,1985-03,1985,criticism,legitimating
1985-03-17-left-aportaci-n-del-flamenco-a-los-ac,candil,Candil,1985-03,1985,heritage,legitimating
1985-03-18-right-del-aciago-marzo-al-funesto-abri,candil,Candil,1985-03,1985,heritage,mixed
1985-03-18-right-del-aciago-marzo-al-funesto-abri,candil,Candil,1985-03,1985,criticism,mixed
1985-03-18-right-del-aciago-marzo-al-funesto-abri,candil,Candil,1985-03,1985,pedagogy,mixed
1985-03-18-right-del-aciago-marzo-al-funesto-abri,candil,Candil,1985-03,1985,authenticity,mixed
1985-03-19-right-verg-enza-ajena,candil,Candil,1985-03,1985,heritage,contested
1985-03-19-right-verg-enza-ajena,candil,Candil,1985-03,1985,pedagogy,contested
1985-03-19-right-verg-enza-ajena,candil,Candil,1985-03,1985,criticism,contested
1985-03-19-right-verg-enza-ajena,candil,Candil,1985-03,1985,community,contested
1985-03-20-right-buz-n-flamenco,candil,Candil,1985-03,1985,criticism,contested
1985-03-20-right-buz-n-flamenco,candil,Candil,1985-03,1985,pedagogy,contested
1985-03-23-right-discograf-a-flamenca,candil,Candil,1985-03,1985,criticism,mixed
1985-03-23-right-discograf-a-flamenca,candil,Candil,1985-03,1985,community,mixed
1985-05-3-right-editorial,candil,Candil,1985-05,1985,criticism,delegitimating
1985-05-3-right-editorial,candil,Candil,1985-05,1985,authenticity,delegitimating
1985-05-3-right-editorial,candil,Candil,1985-05,1985,heritage,delegitimating
1985-05-3-right-editorial,candil,Candil,1985-05,1985,community,delegitimating
1985-05-4-left-el-tema-flamenco-y-2,candil,Candil,1985-05,1985,criticism,contested
1985-05-4-left-el-tema-flamenco-y-2,candil,Candil,1985-05,1985,community,contested
1985-05-9-right-esteban-sanl-car,candil,Candil,1985-05,1985,heritage,legitimating
1985-05-9-right-esteban-sanl-car,candil,Candil,1985-05,1985,criticism,legitimating
1985-05-9-right-esteban-sanl-car,candil,Candil,1985-05,1985,authenticity,legitimating
1985-05-9-right-esteban-sanl-car,candil,Candil,1985-05,1985,tradition,legitimating
1985-05-12-right-el-dejillo-en-los-fandangos-de-h,candil,Candil,1985-05,1985,tradition,legitimating
1985-05-12-right-el-dejillo-en-los-fandangos-de-h,candil,Candil,1985-05,1985,community,legitimating
1985-05-13-right-curro-malena,candil,Candil,1985-05,1985,community,legitimating
1985-05-13-right-curro-malena,candil,Candil,1985-05,1985,pedagogy,legitimating
1985-05-13-right-curro-malena,candil,Candil,1985-05,1985,tradition,legitimating
1985-05-16-right-la-alborea,candil,Candil,1985-05,1985,authenticity,legitimating
1985-05-16-right-la-alborea,candil,Candil,1985-05,1985,community,legitimating
1985-05-16-right-la-alborea,candil,Candil,1985-05,1985,criticism,legitimating
1985-05-17-right-tambi-n-extremadura-hace-homenaj,candil,Candil,1985-05,1985,heritage,legitimating
1985-05-17-right-tambi-n-extremadura-hace-homenaj,candil,Candil,1985-05,1985,community,legitimating
1985-05-17-right-tambi-n-extremadura-hace-homenaj,candil,Candil,1985-05,1985,pedagogy,legitimating
1985-05-19-left-la-vieja-del-cante,candil,Candil,1985-05,1985,criticism,delegitimating
1985-05-21-left-d-iscografia-flamenca,candil,Candil,1985-05,1985,criticism,mixed
1985-05-21-right-pepe-de-la-matrona,candil,Candil,1985-05,1985,tradition,legitimating
1985-05-21-right-pepe-de-la-matrona,candil,Candil,1985-05,1985,community,legitimating
1985-05-21-right-pepe-de-la-matrona,candil,Candil,1985-05,1985,criticism,legitimating
1985-05-25-right-a-placas,candil,Candil,1985-05,1985,criticism,legitimating
1985-07-3-right-editorial,candil,Candil,1985-07,1985,authenticity,delegitimating
1985-07-3-right-editorial,candil,Candil,1985-07,1985,community,delegitimating
1985-07-3-right-editorial,candil,Candil,1985-07,1985,criticism,delegitimating
1985-07-4-right-metaf-sica-del-dolor-y-la-muerte,candil,Candil,1985-07,1985,authenticity,legitimating
1985-07-4-right-metaf-sica-del-dolor-y-la-muerte,candil,Candil,1985-07,1985,tradition,legitimating
1985-07-4-right-metaf-sica-del-dolor-y-la-muerte,candil,Candil,1985-07,1985,criticism,legitimating
1985-07-7-right-flamenco-de-la-uni-n-y-cartagena,candil,Candil,1985-07,1985,tradition,legitimating
1985-07-7-right-flamenco-de-la-uni-n-y-cartagena,candil,Candil,1985-07,1985,community,legitimating
1985-07-10-right-dialoguillos-flamencos,candil,Candil,1985-07,1985,criticism,contested
1985-07-10-right-dialoguillos-flamencos,candil,Candil,1985-07,1985,tradition,contested
1985-07-11-right-naranjito-de-triana,candil,Candil,1985-07,1985,community,legitimating
1985-07-11-right-naranjito-de-triana,candil,Candil,1985-07,1985,pedagogy,legitimating
1985-07-11-right-naranjito-de-triana,candil,Candil,1985-07,1985,criticism,legitimating
1985-07-14-right-ram-n-montoya-y-manolo-de-huelva,candil,Candil,1985-07,1985,criticism,legitimating
1985-07-14-right-ram-n-montoya-y-manolo-de-huelva,candil,Candil,1985-07,1985,heritage,legitimating
1985-07-16-left-guitarristas-compa-eros-y-amigos,candil,Candil,1985-07,1985,criticism,legitimating
1985-07-17-right-les-gitans-dans,candil,Candil,1985-07,1985,criticism,legitimating
1985-07-17-right-les-gitans-dans,candil,Candil,1985-07,1985,community,legitimating
1985-07-18-right-donde-hay-yeguas-potros-nacen,candil,Candil,1985-07,1985,community,legitimating
1985-07-18-right-donde-hay-yeguas-potros-nacen,candil,Candil,1985-07,1985,heritage,legitimating
1985-07-18-right-donde-hay-yeguas-potros-nacen,candil,Candil,1985-07,1985,criticism,legitimating
1985-07-20-right-cantes-de-ida-y-vuelta,candil,Candil,1985-07,1985,heritage,mixed
1985-07-20-right-cantes-de-ida-y-vuelta,candil,Candil,1985-07,1985,pedagogy,mixed
1985-07-20-right-cantes-de-ida-y-vuelta,candil,Candil,1985-07,1985,criticism,mixed
1985-07-21-right-d-iscografia-flamenca,candil,Candil,1985-07,1985,pedagogy,mixed
1985-07-21-right-d-iscografia-flamenca,candil,Candil,1985-07,1985,criticism,mixed
1985-07-21-right-d-iscografia-flamenca,candil,Candil,1985-07,1985,authenticity,mixed
1985-07-23-left-buz-n-flamenco,candil,Candil,1985-07,1985,community,legitimating
1985-07-23-left-buz-n-flamenco,candil,Candil,1985-07,1985,pedagogy,legitimating
1985-07-23-left-buz-n-flamenco,candil,Candil,1985-07,1985,criticism,legitimating
1985-07-23-right-hablan-las-penas,candil,Candil,1985-07,1985,community,legitimating
1985-09-3-right-editorial,candil,Candil,1985-09,1985,criticism,mixed
1985-09-4-left-hip-rbole-po-tica-en-las-coplas-,candil,Candil,1985-09,1985,criticism,mixed
1985-09-4-right-prop-sito-de-la-palabra-payo-y-d,candil,Candil,1985-09,1985,criticism,contested
1985-09-4-right-prop-sito-de-la-palabra-payo-y-d,candil,Candil,1985-09,1985,community,contested
1985-09-6-left-a-vueltas-con-el-fandango,candil,Candil,1985-09,1985,tradition,mixed
1985-09-6-left-a-vueltas-con-el-fandango,candil,Candil,1985-09,1985,criticism,mixed
1985-09-7-left-versos-de-oto-o-para-macande,candil,Candil,1985-09,1985,criticism,legitimating
1985-09-10-right-la-llave-de-oro,candil,Candil,1985-09,1985,criticism,legitimating
1985-09-10-right-la-llave-de-oro,candil,Candil,1985-09,1985,pedagogy,legitimating
1985-09-11-right-seg-n-un-apasionado-viajero-anda,candil,Candil,1985-09,1985,criticism,delegitimating
1985-09-11-right-seg-n-un-apasionado-viajero-anda,candil,Candil,1985-09,1985,community,delegitimating
1985-09-13-right-ellos-los-aficionados-tambi-n-di,candil,Candil,1985-09,1985,community,legitimating
1985-09-15-left-sociedad-y-cante-flamenco,candil,Candil,1985-09,1985,criticism,mixed
1985-09-15-left-sociedad-y-cante-flamenco,candil,Candil,1985-09,1985,pedagogy,mixed
1985-09-15-right-sim-n-serrano-de-haro,candil,Candil,1985-09,1985,pedagogy,mixed
1985-09-15-right-sim-n-serrano-de-haro,candil,Candil,1985-09,1985,criticism,mixed
1985-09-15-right-sim-n-serrano-de-haro,candil,Candil,1985-09,1985,community,mixed
1985-09-16-right-las-letras-del-flamenco,candil,Candil,1985-09,1985,authenticity,contested
1985-09-16-right-las-letras-del-flamenco,candil,Candil,1985-09,1985,tradition,contested
1985-09-16-right-las-letras-del-flamenco,candil,Candil,1985-09,1985,criticism,contested
1985-09-18-right-guitarristas-conocidos-compa-ero,candil,Candil,1985-09,1985,criticism,legitimating
1985-09-19-right-noticiario-flamenco,candil,Candil,1985-09,1985,criticism,legitimating
1985-09-19-right-noticiario-flamenco,candil,Candil,1985-09,1985,heritage,legitimating
1985-09-21-right-buzon-flamenco,candil,Candil,1985-09,1985,criticism,mixed
1985-09-23-left-discograf-a-flamenca,candil,Candil,1985-09,1985,authenticity,mixed
1985-09-23-left-discograf-a-flamenca,candil,Candil,1985-09,1985,criticism,mixed
1985-11-3-right-editorial,candil,Candil,1985-11,1985,authenticity,legitimating
1985-11-3-right-editorial,candil,Candil,1985-11,1985,community,legitimating
1985-11-3-right-editorial,candil,Candil,1985-11,1985,criticism,legitimating
1985-11-4-right-una-visi-n-del-gitano-andaluz-en,candil,Candil,1985-11,1985,community,contested
1985-11-8-right-un-disco-sobre-los-cantes-de-ida,candil,Candil,1985-11,1985,authenticity,mixed
1985-11-8-right-un-disco-sobre-los-cantes-de-ida,candil,Candil,1985-11,1985,tradition,mixed
1985-11-8-right-un-disco-sobre-los-cantes-de-ida,candil,Candil,1985-11,1985,criticism,mixed
1985-11-10-left-aunque-no-quepa-en-el-papel,candil,Candil,1985-11,1985,criticism,mixed
1985-11-10-left-aunque-no-quepa-en-el-papel,candil,Candil,1985-11,1985,tradition,mixed
1985-11-11-left-acerca-de-la-memoria-una-vez-m-s,candil,Candil,1985-11,1985,heritage,legitimating
1985-11-11-left-acerca-de-la-memoria-una-vez-m-s,candil,Candil,1985-11,1985,pedagogy,legitimating
1985-11-12-left-justificaci-n-de-la-sole,candil,Candil,1985-11,1985,criticism,legitimating
1985-11-12-right-perrate-de-utrera,candil,Candil,1985-11,1985,authenticity,legitimating
1985-11-12-right-perrate-de-utrera,candil,Candil,1985-11,1985,criticism,legitimating
1985-11-16-left-saquemos-a-la-luz-de-la-actualid,candil,Candil,1985-11,1985,heritage,mixed
1985-11-16-left-saquemos-a-la-luz-de-la-actualid,candil,Candil,1985-11,1985,criticism,mixed
1985-11-16-left-saquemos-a-la-luz-de-la-actualid,candil,Candil,1985-11,1985,authenticity,mixed
1985-11-16-right-contrarr-plica-sobre-el-cal-y-lo,candil,Candil,1985-11,1985,criticism,contested
1985-11-16-right-contrarr-plica-sobre-el-cal-y-lo,candil,Candil,1985-11,1985,community,contested
1985-11-18-right-el-sevillanito,candil,Candil,1985-11,1985,criticism,legitimating
1985-11-18-right-el-sevillanito,candil,Candil,1985-11,1985,pedagogy,legitimating
1985-11-18-right-el-sevillanito,candil,Candil,1985-11,1985,heritage,legitimating
1985-11-19-right-a-don-jos-m-rquez-cabello-endere,candil,Candil,1985-11,1985,criticism,contested
1985-11-22-left-noticiario-flamenco,candil,Candil,1985-11,1985,pedagogy,legitimating
1985-11-22-left-noticiario-flamenco,candil,Candil,1985-11,1985,criticism,legitimating
1985-11-23-left-hablan-las-pe-as,candil,Candil,1985-11,1985,criticism,legitimating
1985-11-23-right-palmas-a-comp-s-para-pasarela-po,candil,Candil,1985-11,1985,criticism,legitimating
1985-11-23-right-palmas-a-comp-s-para-pasarela-po,candil,Candil,1985-11,1985,heritage,legitimating
1985-11-23-right-palmas-a-comp-s-para-pasarela-po,candil,Candil,1985-11,1985,authenticity,legitimating
1986-01-3-right-editorial,candil,Candil,1986-01,1986,heritage,mixed
1986-01-3-right-editorial,candil,Candil,1986-01,1986,criticism,mixed
1986-01-4-left-otro-aniversario-est-ril,candil,Candil,1986-01,1986,heritage,legitimating
1986-01-4-left-otro-aniversario-est-ril,candil,Candil,1986-01,1986,criticism,legitimating
1986-01-4-right-fernando-villal-n-0-la-aristocra,candil,Candil,1986-01,1986,tradition,legitimating
1986-01-4-right-fernando-villal-n-0-la-aristocra,candil,Candil,1986-01,1986,criticism,legitimating
1986-01-10-right-carta-a-un-apasionado-viajero-an,candil,Candil,1986-01,1986,criticism,contested
1986-01-10-right-carta-a-un-apasionado-viajero-an,candil,Candil,1986-01,1986,community,contested
1986-01-12-right-guitaristas-conocidos-compa-eros,candil,Candil,1986-01,1986,authenticity,legitimating
1986-01-12-right-guitaristas-conocidos-compa-eros,candil,Candil,1986-01,1986,criticism,legitimating
1986-01-13-right-ellos-los-protagonistas-dicen,candil,Candil,1986-01,1986,community,legitimating
1986-01-13-right-ellos-los-protagonistas-dicen,candil,Candil,1986-01,1986,pedagogy,legitimating
1986-01-15-right-demasiado-f-cil-lo-tuvo-el-jurad,candil,Candil,1986-01,1986,criticism,legitimating
1986-01-15-right-demasiado-f-cil-lo-tuvo-el-jurad,candil,Candil,1986-01,1986,heritage,legitimating
1986-01-17-left-la-sauceda-de-ronda-primer-festi,candil,Candil,1986-01,1986,authenticity,legitimating
1986-01-17-left-la-sauceda-de-ronda-primer-festi,candil,Candil,1986-01,1986,tradition,legitimating
1986-01-17-left-la-sauceda-de-ronda-primer-festi,candil,Candil,1986-01,1986,community,legitimating
1986-01-17-right-luto-en-el-cante-extreme-o,candil,Candil,1986-01,1986,heritage,legitimating
1986-01-17-right-luto-en-el-cante-extreme-o,candil,Candil,1986-01,1986,community,legitimating
1986-01-17-right-luto-en-el-cante-extreme-o,candil,Candil,1986-01,1986,criticism,legitimating
1986-01-19-left-aunque-no-quepa-en-el-papel-agen,candil,Candil,1986-01,1986,criticism,legitimating
1986-01-19-left-aunque-no-quepa-en-el-papel-agen,candil,Candil,1986-01,1986,community,legitimating
1986-01-19-left-aunque-no-quepa-en-el-papel-agen,candil,Candil,1986-01,1986,tradition,legitimating
1986-01-19-right-el-sevillanito,candil,Candil,1986-01,1986,criticism,mixed
1986-01-20-right-pessoa-flamenco,candil,Candil,1986-01,1986,criticism,delegitimating
1986-01-20-right-pessoa-flamenco,candil,Candil,1986-01,1986,authenticity,delegitimating
1986-01-21-left-m-s-sobre-silverio-franconetti-a,candil,Candil,1986-01,1986,criticism,contested
1986-01-21-left-m-s-sobre-silverio-franconetti-a,candil,Candil,1986-01,1986,authenticity,contested
1986-01-21-left-m-s-sobre-silverio-franconetti-a,candil,Candil,1986-01,1986,tradition,contested
1986-01-21-left-m-s-sobre-silverio-franconetti-a,candil,Candil,1986-01,1986,pedagogy,contested
1986-01-22-left-hablan-las-pe-as,candil,Candil,1986-01,1986,community,legitimating
1986-01-22-left-hablan-las-pe-as,candil,Candil,1986-01,1986,pedagogy,legitimating
1986-01-22-left-hablan-las-pe-as,candil,Candil,1986-01,1986,criticism,legitimating
1986-01-23-left-discograf-a-flamenca,candil,Candil,1986-01,1986,criticism,mixed
1986-01-23-right-buz-n-flamenco,candil,Candil,1986-01,1986,authenticity,contested
1986-01-23-right-buz-n-flamenco,candil,Candil,1986-01,1986,community,contested
1986-01-23-right-buz-n-flamenco,candil,Candil,1986-01,1986,criticism,contested
1986-03-3-right-editorial,candil,Candil,1986-03,1986,authenticity,mixed
1986-03-3-right-editorial,candil,Candil,1986-03,1986,pedagogy,mixed
1986-03-3-right-editorial,candil,Candil,1986-03,1986,criticism,mixed
1986-03-4-right-proceso-al-antigitanismo,candil,Candil,1986-03,1986,criticism,contested
1986-03-4-right-proceso-al-antigitanismo,candil,Candil,1986-03,1986,community,contested
1986-03-7-right-aunque-no-quepa-en-el-papel,candil,Candil,1986-03,1986,heritage,legitimating
1986-03-7-right-aunque-no-quepa-en-el-papel,candil,Candil,1986-03,1986,community,legitimating
1986-03-7-right-aunque-no-quepa-en-el-papel,candil,Candil,1986-03,1986,criticism,legitimating
1986-03-12-right-respuesta-a-un-apasionado-racist,candil,Candil,1986-03,1986,authenticity,mixed
1986-03-12-right-respuesta-a-un-apasionado-racist,candil,Candil,1986-03,1986,community,mixed
1986-03-12-right-respuesta-a-un-apasionado-racist,candil,Candil,1986-03,1986,criticism,mixed
1986-03-14-right-cantes-de-ida-y-vuelta,candil,Candil,1986-03,1986,tradition,contested
1986-03-14-right-cantes-de-ida-y-vuelta,candil,Candil,1986-03,1986,pedagogy,contested
1986-03-14-right-cantes-de-ida-y-vuelta,candil,Candil,1986-03,1986,criticism,contested
1986-03-15-right-30-aniversario-del-concurso-naci,candil,Candil,1986-03,1986,criticism,legitimating
1986-03-15-right-30-aniversario-del-concurso-naci,candil,Candil,1986-03,1986,heritage,legitimating
1986-03-25-right-y-va-de-humor-don-cayetano-y-el-,candil,Candil,1986-03,1986,criticism,mixed
1986-03-25-right-y-va-de-humor-don-cayetano-y-el-,candil,Candil,1986-03,1986,tradition,mixed
1986-03-26-right-hablan-las-penas,candil,Candil,1986-03,1986,pedagogy,legitimating
1986-03-26-right-hablan-las-penas,candil,Candil,1986-03,1986,criticism,legitimating
1986-03-27-right-d-iscografia-flamenca,candil,Candil,1986-03,1986,heritage,mixed
1986-03-27-right-d-iscografia-flamenca,candil,Candil,1986-03,1986,tradition,mixed
1986-03-27-right-d-iscografia-flamenca,candil,Candil,1986-03,1986,authenticity,mixed
1986-03-27-right-d-iscografia-flamenca,candil,Candil,1986-03,1986,criticism,mixed
1986-05-3-right-editorial,candil,Candil,1986-05,1986,heritage,legitimating
1986-05-3-right-editorial,candil,Candil,1986-05,1986,community,legitimating
1986-05-4-left-jaleos-para-juana-la-del-revuelo,candil,Candil,1986-05,1986,criticism,legitimating
1986-05-4-right-a-cotaciones-a-un-proceso,candil,Candil,1986-05,1986,criticism,contested
1986-05-4-right-a-cotaciones-a-un-proceso,candil,Candil,1986-05,1986,community,contested
1986-05-6-right-artistas-flamencos-en-ceuta,candil,Candil,1986-05,1986,tradition,legitimating
1986-05-6-right-artistas-flamencos-en-ceuta,candil,Candil,1986-05,1986,community,legitimating
1986-05-6-right-artistas-flamencos-en-ceuta,candil,Candil,1986-05,1986,criticism,legitimating
1986-05-8-left-el-flamenco-afluente-del-r-o-de-,candil,Candil,1986-05,1986,criticism,contested
1986-05-8-left-el-flamenco-afluente-del-r-o-de-,candil,Candil,1986-05,1986,community,contested
1986-05-8-left-el-flamenco-afluente-del-r-o-de-,candil,Candil,1986-05,1986,authenticity,contested
1986-05-9-left-por-fin-flamencolog-a-y-flamenc-,candil,Candil,1986-05,1986,criticism,mixed
1986-05-9-left-por-fin-flamencolog-a-y-flamenc-,candil,Candil,1986-05,1986,authenticity,mixed
1986-05-9-right-paco-de-luc-a-un-guitarrista-de-,candil,Candil,1986-05,1986,pedagogy,legitimating
1986-05-9-right-paco-de-luc-a-un-guitarrista-de-,candil,Candil,1986-05,1986,criticism,legitimating
1986-05-11-left-flamenco-y-tradiciones-musicales,candil,Candil,1986-05,1986,pedagogy,legitimating
1986-05-11-left-flamenco-y-tradiciones-musicales,candil,Candil,1986-05,1986,criticism,legitimating
1986-05-11-right-cr-nica-del-xi-concurso-nacional,candil,Candil,1986-05,1986,criticism,mixed
1986-05-11-right-cr-nica-del-xi-concurso-nacional,candil,Candil,1986-05,1986,authenticity,mixed
1986-05-11-right-cr-nica-del-xi-concurso-nacional,candil,Candil,1986-05,1986,community,mixed
1986-05-13-left-aunque-no-quepa-en-el-papel-poes,candil,Candil,1986-05,1986,criticism,legitimating
1986-05-13-left-aunque-no-quepa-en-el-papel-poes,candil,Candil,1986-05,1986,pedagogy,legitimating
1986-05-13-left-aunque-no-quepa-en-el-papel-poes,candil,Candil,1986-05,1986,heritage,legitimating
1986-05-15-left-cuchillo-un-extra-o-significado-,candil,Candil,1986-05,1986,criticism,legitimating
1986-05-15-right-chismolog-a,candil,Candil,1986-05,1986,community,mixed
1986-05-15-right-chismolog-a,candil,Candil,1986-05,1986,criticism,mixed
1986-05-16-right-el-villancico-y-la-saeta,candil,Candil,1986-05,1986,tradition,legitimating
1986-05-16-right-el-villancico-y-la-saeta,candil,Candil,1986-05,1986,criticism,legitimating
1986-05-17-right-el-peso-de-una-localidad-cantaor,candil,Candil,1986-05,1986,community,legitimating
1986-05-17-right-el-peso-de-una-localidad-cantaor,candil,Candil,1986-05,1986,tradition,legitimating
1986-05-17-right-el-peso-de-una-localidad-cantaor,candil,Candil,1986-05,1986,criticism,legitimating
1986-05-18-left-m-s-sobre-el-ni-o-de-alcal-y-el-,candil,Candil,1986-05,1986,community,contested
1986-05-18-left-m-s-sobre-el-ni-o-de-alcal-y-el-,candil,Candil,1986-05,1986,criticism,contested
1986-05-19-left-un-adi-s-a-manolo-heras,candil,Candil,1986-05,1986,criticism,legitimating
1986-05-19-right-los-fandanguillos-de-huelva,candil,Candil,1986-05,1986,authenticity,mixed
1986-05-19-right-los-fandanguillos-de-huelva,candil,Candil,1986-05,1986,community,mixed
1986-05-19-right-los-fandanguillos-de-huelva,candil,Candil,1986-05,1986,tradition,mixed
1986-05-19-right-los-fandanguillos-de-huelva,candil,Candil,1986-05,1986,criticism,mixed
1986-05-20-left-hablan-las-pe-as-concurso-de-can,candil,Candil,1986-05,1986,pedagogy,legitimating
1986-05-20-left-hablan-las-pe-as-concurso-de-can,candil,Candil,1986-05,1986,criticism,legitimating
1986-05-20-left-hablan-las-pe-as-concurso-de-can,candil,Candil,1986-05,1986,authenticity,legitimating
1986-05-23-right-xiv-congreso-nacional-de-activid,candil,Candil,1986-05,1986,authenticity,legitimating
1986-05-23-right-xiv-congreso-nacional-de-activid,candil,Candil,1986-05,1986,community,legitimating
1986-05-23-right-xiv-congreso-nacional-de-activid,candil,Candil,1986-05,1986,criticism,legitimating
1986-07-3-right-editorial,candil,Candil,1986-07,1986,authenticity,contested
1986-07-3-right-editorial,candil,Candil,1986-07,1986,criticism,contested
1986-07-9-right-vida-y-cante-de-don-antonio-chac,candil,Candil,1986-07,1986,criticism,contested
1986-07-10-right-informe-sobre-el-xiv-congreso-na,candil,Candil,1986-07,1986,pedagogy,legitimating
1986-07-10-right-informe-sobre-el-xiv-congreso-na,candil,Candil,1986-07,1986,criticism,legitimating
1986-07-13-right-juan-carmona-habichuela,candil,Candil,1986-07,1986,pedagogy,mixed
1986-07-13-right-juan-carmona-habichuela,candil,Candil,1986-07,1986,criticism,mixed
1986-07-16-right-un-curso-de-flamenco-para-ense-a,candil,Candil,1986-07,1986,pedagogy,legitimating
1986-07-16-right-un-curso-de-flamenco-para-ense-a,candil,Candil,1986-07,1986,authenticity,legitimating
1986-07-16-right-un-curso-de-flamenco-para-ense-a,candil,Candil,1986-07,1986,criticism,legitimating
1986-07-17-right-carta-abierta-a-cr-ticas-cerrada,candil,Candil,1986-07,1986,criticism,contested
1986-07-17-right-carta-abierta-a-cr-ticas-cerrada,candil,Candil,1986-07,1986,authenticity,contested
1986-07-19-left-porrina-de-badajoz-cantaor-extre,candil,Candil,1986-07,1986,criticism,legitimating
1986-07-19-left-porrina-de-badajoz-cantaor-extre,candil,Candil,1986-07,1986,heritage,legitimating
1986-07-19-left-porrina-de-badajoz-cantaor-extre,candil,Candil,1986-07,1986,community,legitimating
1986-07-21-right-fosforito-o-la-personalidad,candil,Candil,1986-07,1986,criticism,legitimating
1986-07-21-right-fosforito-o-la-personalidad,candil,Candil,1986-07,1986,authenticity,legitimating
1986-07-22-left-hablan-las-penas,candil,Candil,1986-07,1986,authenticity,legitimating
1986-07-22-left-hablan-las-penas,candil,Candil,1986-07,1986,criticism,legitimating
1986-07-22-right-buzon-flamenco,candil,Candil,1986-07,1986,heritage,legitimating
1986-07-22-right-buzon-flamenco,candil,Candil,1986-07,1986,pedagogy,legitimating
1986-07-22-right-buzon-flamenco,candil,Candil,1986-07,1986,criticism,legitimating
1986-07-23-left-d-iscografia-flamenca,candil,Candil,1986-07,1986,criticism,mixed
1986-09-3-right-editorial,candil,Candil,1986-09,1986,authenticity,contested
1986-09-3-right-editorial,candil,Candil,1986-09,1986,criticism,contested
1986-09-4-right-reflexiones-sobre-la-voz-y-la-co,candil,Candil,1986-09,1986,pedagogy,legitimating
1986-09-4-right-reflexiones-sobre-la-voz-y-la-co,candil,Candil,1986-09,1986,criticism,legitimating
1986-09-4-right-reflexiones-sobre-la-voz-y-la-co,candil,Candil,1986-09,1986,authenticity,legitimating
1986-09-6-right-consideraciones-en-torno-al-flam,candil,Candil,1986-09,1986,tradition,legitimating
1986-09-6-right-consideraciones-en-torno-al-flam,candil,Candil,1986-09,1986,community,legitimating
1986-09-6-right-consideraciones-en-torno-al-flam,candil,Candil,1986-09,1986,pedagogy,legitimating
1986-09-8-right-el-concepto-de-justicia-en-el-pr,candil,Candil,1986-09,1986,heritage,contested
1986-09-8-right-el-concepto-de-justicia-en-el-pr,candil,Candil,1986-09,1986,community,contested
1986-09-8-right-el-concepto-de-justicia-en-el-pr,candil,Candil,1986-09,1986,tradition,contested
1986-09-12-right-aunque-no-quepa-en-el-papel,candil,Candil,1986-09,1986,heritage,legitimating
1986-09-12-right-aunque-no-quepa-en-el-papel,candil,Candil,1986-09,1986,community,legitimating
1986-09-12-right-aunque-no-quepa-en-el-papel,candil,Candil,1986-09,1986,criticism,legitimating
1986-09-13-right-artistas-flamencos-en-ceuta,candil,Candil,1986-09,1986,community,mixed
1986-09-13-right-artistas-flamencos-en-ceuta,candil,Candil,1986-09,1986,criticism,mixed
1986-09-14-right-enrique-orozco,candil,Candil,1986-09,1986,pedagogy,mixed
1986-09-14-right-enrique-orozco,candil,Candil,1986-09,1986,criticism,mixed
1986-09-17-right-la-mayor-a-se-pronunci-por-chano,candil,Candil,1986-09,1986,criticism,legitimating
1986-09-18-right-los-de-la-tercera-edad-en-catalu,candil,Candil,1986-09,1986,criticism,legitimating
1986-09-19-right-discograf-a-flamenca,candil,Candil,1986-09,1986,tradition,mixed
1986-09-19-right-discograf-a-flamenca,candil,Candil,1986-09,1986,criticism,mixed
1986-09-19-right-discograf-a-flamenca,candil,Candil,1986-09,1986,authenticity,mixed
1986-09-22-left-buz-n-y-noticiario-flamenco,candil,Candil,1986-09,1986,heritage,mixed
1986-09-22-left-buz-n-y-noticiario-flamenco,candil,Candil,1986-09,1986,criticism,mixed
1986-09-22-right-hablan-las-pe-as,candil,Candil,1986-09,1986,community,legitimating
1986-09-22-right-hablan-las-pe-as,candil,Candil,1986-09,1986,criticism,legitimating
1986-11-3-right-editorial,candil,Candil,1986-11,1986,tradition,legitimating
1986-11-3-right-editorial,candil,Candil,1986-11,1986,heritage,legitimating
1986-11-3-right-editorial,candil,Candil,1986-11,1986,community,legitimating
1986-11-4-right-la-poes-a-popular-de-manuel-balm,candil,Candil,1986-11,1986,heritage,legitimating
1986-11-4-right-la-poes-a-popular-de-manuel-balm,candil,Candil,1986-11,1986,community,legitimating
1986-11-8-right-cantaores-conocidos-compa-eros-y,candil,Candil,1986-11,1986,community,mixed
1986-11-8-right-cantaores-conocidos-compa-eros-y,candil,Candil,1986-11,1986,criticism,mixed
1986-11-11-right-sobre-el-piyayo,candil,Candil,1986-11,1986,heritage,legitimating
1986-11-11-right-sobre-el-piyayo,candil,Candil,1986-11,1986,community,legitimating
1986-11-11-right-sobre-el-piyayo,candil,Candil,1986-11,1986,criticism,legitimating
1986-11-13-left-ellos-los-protagonistas-dicen-cu,candil,Candil,1986-11,1986,criticism,legitimating
1986-11-13-left-ellos-los-protagonistas-dicen-cu,candil,Candil,1986-11,1986,pedagogy,legitimating
1986-11-13-left-ellos-los-protagonistas-dicen-cu,candil,Candil,1986-11,1986,tradition,legitimating
1986-11-18-left-enderezando-entuertos,candil,Candil,1986-11,1986,community,legitimating
1986-11-18-left-enderezando-entuertos,candil,Candil,1986-11,1986,criticism,legitimating
1986-11-18-left-enderezando-entuertos,candil,Candil,1986-11,1986,tradition,legitimating
1986-11-17-right-letras-flamencas,candil,Candil,1986-11,1986,pedagogy,legitimating
1986-11-17-right-letras-flamencas,candil,Candil,1986-11,1986,criticism,legitimating
1986-11-19-right-aunque-no-quepa-en-el-papel,candil,Candil,1986-11,1986,pedagogy,legitimating
1986-11-19-right-aunque-no-quepa-en-el-papel,candil,Candil,1986-11,1986,criticism,legitimating
1986-11-20-right-e-hacian-pensar,candil,Candil,1986-11,1986,community,contested
1986-11-21-left-ablan-las,candil,Candil,1986-11,1986,authenticity,legitimating
1986-11-21-left-ablan-las,candil,Candil,1986-11,1986,community,legitimating
1986-11-21-left-ablan-las,candil,Candil,1986-11,1986,criticism,legitimating
1986-11-22-left-podio,candil,Candil,1986-11,1986,authenticity,mixed
1986-11-22-left-podio,candil,Candil,1986-11,1986,criticism,mixed
1986-11-22-right-iscografia-flamenca,candil,Candil,1986-11,1986,authenticity,legitimating
1986-11-22-right-iscografia-flamenca,candil,Candil,1986-11,1986,criticism,legitimating
1986-11-22-right-iscografia-flamenca,candil,Candil,1986-11,1986,community,legitimating
1986-11-23-left-noticiario-flamenco,candil,Candil,1986-11,1986,heritage,legitimating
1987-01-3-right-flamenco-92,candil,Candil,1987-01,1987,authenticity,mixed
1987-01-3-right-flamenco-92,candil,Candil,1987-01,1987,heritage,mixed
1987-01-3-right-flamenco-92,candil,Candil,1987-01,1987,community,mixed
1987-01-4-right-reflexiones-ante-la-revoluci-n-m,candil,Candil,1987-01,1987,criticism,legitimating
1987-01-4-right-reflexiones-ante-la-revoluci-n-m,candil,Candil,1987-01,1987,tradition,legitimating
1987-01-4-right-reflexiones-ante-la-revoluci-n-m,candil,Candil,1987-01,1987,authenticity,legitimating
1987-01-4-right-reflexiones-ante-la-revoluci-n-m,candil,Candil,1987-01,1987,community,legitimating
1987-01-8-right-cantaores-conocidos-compa-eros-y,candil,Candil,1987-01,1987,tradition,contested
1987-01-8-right-cantaores-conocidos-compa-eros-y,candil,Candil,1987-01,1987,criticism,contested
1987-01-9-right-cantaores-conocidos-compa-eros-y,candil,Candil,1987-01,1987,pedagogy,mixed
1987-01-9-right-cantaores-conocidos-compa-eros-y,candil,Candil,1987-01,1987,community,mixed
1987-01-9-right-cantaores-conocidos-compa-eros-y,candil,Candil,1987-01,1987,criticism,mixed
1987-01-10-right-cantaores-andaluces,candil,Candil,1987-01,1987,criticism,mixed
1987-01-11-left-podio,candil,Candil,1987-01,1987,criticism,delegitimating
1987-01-11-right-lucas-l-pez,candil,Candil,1987-01,1987,community,legitimating
1987-01-11-right-lucas-l-pez,candil,Candil,1987-01,1987,pedagogy,legitimating
1987-01-11-right-lucas-l-pez,candil,Candil,1987-01,1987,criticism,legitimating
1987-01-15-left-precisiones-a-un-comentario-escr,candil,Candil,1987-01,1987,criticism,mixed
1987-01-15-left-precisiones-a-un-comentario-escr,candil,Candil,1987-01,1987,heritage,mixed
1987-01-15-right-forman-el-gigantesco-rbol-flamen,candil,Candil,1987-01,1987,authenticity,contested
1987-01-15-right-forman-el-gigantesco-rbol-flamen,candil,Candil,1987-01,1987,community,contested
1987-01-15-right-forman-el-gigantesco-rbol-flamen,candil,Candil,1987-01,1987,criticism,contested
1987-01-20-left-buzon-flamenco-respuesta-a-enriq,candil,Candil,1987-01,1987,criticism,delegitimating
1987-01-20-left-buzon-flamenco-respuesta-a-enriq,candil,Candil,1987-01,1987,community,delegitimating
1987-01-20-right-la-universidad-de-c-diz-inaugura,candil,Candil,1987-01,1987,pedagogy,legitimating
1987-01-20-right-la-universidad-de-c-diz-inaugura,candil,Candil,1987-01,1987,heritage,legitimating
1987-01-20-right-la-universidad-de-c-diz-inaugura,candil,Candil,1987-01,1987,community,legitimating
1987-01-21-right-iscografia-flamenca,candil,Candil,1987-01,1987,criticism,legitimating
1987-01-21-right-iscografia-flamenca,candil,Candil,1987-01,1987,pedagogy,legitimating
1987-01-21-right-iscografia-flamenca,candil,Candil,1987-01,1987,tradition,legitimating
1987-01-22-right-ablan-las-pe-as,candil,Candil,1987-01,1987,community,legitimating
1987-01-22-right-ablan-las-pe-as,candil,Candil,1987-01,1987,criticism,legitimating
1987-01-23-left-noticiario-flamenco,candil,Candil,1987-01,1987,heritage,legitimating
1987-01-23-left-noticiario-flamenco,candil,Candil,1987-01,1987,tradition,legitimating
1987-03-3-right-editorial,candil,Candil,1987-03,1987,criticism,legitimating
1987-03-3-right-editorial,candil,Candil,1987-03,1987,authenticity,legitimating
1987-03-3-right-editorial,candil,Candil,1987-03,1987,heritage,legitimating
1987-03-3-right-fosforito,candil,Candil,1987-03,1987,heritage,legitimating
1987-03-3-right-fosforito,candil,Candil,1987-03,1987,criticism,legitimating
1987-03-3-right-fosforito,candil,Candil,1987-03,1987,community,legitimating
1987-03-11-left-alto-sentido-y-grado-poetico-en-,candil,Candil,1987-03,1987,criticism,legitimating
1987-03-11-right-antonio-fern-ndez-d-az-ayer-segu,candil,Candil,1987-03,1987,criticism,legitimating
1987-03-11-right-antonio-fern-ndez-d-az-ayer-segu,candil,Candil,1987-03,1987,pedagogy,legitimating
1987-03-11-right-antonio-fern-ndez-d-az-ayer-segu,candil,Candil,1987-03,1987,tradition,legitimating
1987-03-12-left-cuantos-habremos,candil,Candil,1987-03,1987,criticism,contested
1987-03-12-left-cuantos-habremos,candil,Candil,1987-03,1987,pedagogy,contested
1987-03-12-left-cuantos-habremos,candil,Candil,1987-03,1987,tradition,contested
1987-03-13-left-fosforito-el-hombre,candil,Candil,1987-03,1987,criticism,legitimating
1987-03-13-left-fosforito-el-hombre,candil,Candil,1987-03,1987,community,legitimating
1987-03-13-right-fosforito-genio-contempor-neo-de,candil,Candil,1987-03,1987,community,legitimating
1987-03-13-right-fosforito-genio-contempor-neo-de,candil,Candil,1987-03,1987,tradition,legitimating
1987-03-13-right-fosforito-genio-contempor-neo-de,candil,Candil,1987-03,1987,criticism,legitimating
1987-03-14-right-fosforito-el-ultimo-maestro,candil,Candil,1987-03,1987,tradition,legitimating
1987-03-14-right-fosforito-el-ultimo-maestro,candil,Candil,1987-03,1987,criticism,legitimating
1987-03-17-right-fosforito-senor-del-cante,candil,Candil,1987-03,1987,criticism,legitimating
1987-03-19-right-funcion-pedagogica-de-fosforito,candil,Candil,1987-03,1987,pedagogy,legitimating
1987-03-19-right-funcion-pedagogica-de-fosforito,candil,Candil,1987-03,1987,criticism,legitimating
1987-03-19-right-funcion-pedagogica-de-fosforito,candil,Candil,1987-03,1987,tradition,legitimating
1987-03-20-left-antonio-fernandez-diaz-fosforito,candil,Candil,1987-03,1987,criticism,legitimating
1987-03-20-left-antonio-fernandez-diaz-fosforito,candil,Candil,1987-03,1987,heritage,legitimating
1987-03-20-left-antonio-fernandez-diaz-fosforito,candil,Candil,1987-03,1987,tradition,legitimating
1987-03-21-right-p-uente-genil-nombro-a-fosforito,candil,Candil,1987-03,1987,heritage,legitimating
1987-03-21-right-p-uente-genil-nombro-a-fosforito,candil,Candil,1987-03,1987,community,legitimating
1987-03-21-right-p-uente-genil-nombro-a-fosforito,candil,Candil,1987-03,1987,criticism,legitimating
1987-03-23-right-ellos-los-protagonistas-dicen-fo,candil,Candil,1987-03,1987,pedagogy,legitimating
1987-03-23-right-ellos-los-protagonistas-dicen-fo,candil,Candil,1987-03,1987,tradition,legitimating
1987-03-23-right-ellos-los-protagonistas-dicen-fo,candil,Candil,1987-03,1987,criticism,legitimating
1987-03-27-right-fosforito-y-la-guitarra,candil,Candil,1987-03,1987,criticism,legitimating
1987-03-27-right-fosforito-y-la-guitarra,candil,Candil,1987-03,1987,pedagogy,legitimating
1987-03-29-left-unas-lineas-para-antonio-fernand,candil,Candil,1987-03,1987,criticism,legitimating
1987-03-29-left-unas-lineas-para-antonio-fernand,candil,Candil,1987-03,1987,tradition,legitimating
1987-03-29-right-reflexiones-y-notas-sobre-el-fla,candil,Candil,1987-03,1987,heritage,legitimating
1987-03-29-right-reflexiones-y-notas-sobre-el-fla,candil,Candil,1987-03,1987,authenticity,legitimating
1987-03-29-right-reflexiones-y-notas-sobre-el-fla,candil,Candil,1987-03,1987,criticism,legitimating
1987-03-31-left-sangre-entera-volcada-o-el-cante,candil,Candil,1987-03,1987,tradition,legitimating
1987-03-31-right-la-2-distinci-n-compas-del-cante,candil,Candil,1987-03,1987,criticism,legitimating
1987-03-32-left-de-el-tambien-se-ha-dicho,candil,Candil,1987-03,1987,authenticity,legitimating
1987-03-32-left-de-el-tambien-se-ha-dicho,candil,Candil,1987-03,1987,criticism,legitimating
1987-03-33-left-poemas-a-fosforito,candil,Candil,1987-03,1987,authenticity,legitimating
1987-03-33-left-poemas-a-fosforito,candil,Candil,1987-03,1987,criticism,legitimating
1987-03-33-left-poemas-a-fosforito,candil,Candil,1987-03,1987,heritage,legitimating
1987-03-34-right-los-escritos-de-fosforito,candil,Candil,1987-03,1987,criticism,mixed
1987-03-37-right-por-sus-dichos,candil,Candil,1987-03,1987,authenticity,legitimating
1987-03-37-right-por-sus-dichos,candil,Candil,1987-03,1987,pedagogy,legitimating
1987-03-37-right-por-sus-dichos,candil,Candil,1987-03,1987,heritage,legitimating
1987-03-38-left-homenaje-a-un-cabal-cabalisimo,candil,Candil,1987-03,1987,criticism,legitimating
1987-03-38-left-homenaje-a-un-cabal-cabalisimo,candil,Candil,1987-03,1987,heritage,legitimating
1987-03-38-right-agenda-1987,candil,Candil,1987-03,1987,criticism,contested
1987-03-39-left-medalla-al-erito-en-el-trabajo,candil,Candil,1987-03,1987,heritage,legitimating
1987-03-39-left-medalla-al-erito-en-el-trabajo,candil,Candil,1987-03,1987,criticism,legitimating
1987-03-39-left-medalla-al-erito-en-el-trabajo,candil,Candil,1987-03,1987,pedagogy,legitimating
1987-03-45-left-poemas-dedicados-a-perfecto,candil,Candil,1987-03,1987,criticism,legitimating
1987-03-45-right-letras-flamencas,candil,Candil,1987-03,1987,criticism,legitimating
1987-03-47-right-discograf-a-de-fosforito,candil,Candil,1987-03,1987,criticism,legitimating
1987-05-3-right-editorial,candil,Candil,1987-05,1987,criticism,mixed
1987-05-3-right-editorial,candil,Candil,1987-05,1987,community,mixed
1987-05-4-right-otra-versi-n-de-los-tarantos,candil,Candil,1987-05,1987,criticism,legitimating
1987-05-4-right-otra-versi-n-de-los-tarantos,candil,Candil,1987-05,1987,authenticity,legitimating
1987-05-6-right-cumbre-flamenca-en-madrid,candil,Candil,1987-05,1987,criticism,mixed
1987-05-9-left-carmen-amaya-reina-de-los-gitano,candil,Candil,1987-05,1987,criticism,legitimating
1987-05-9-left-carmen-amaya-reina-de-los-gitano,candil,Candil,1987-05,1987,heritage,legitimating
1987-05-9-right-algo-m-s-sobre-los-gitanos,candil,Candil,1987-05,1987,community,contested
1987-05-9-right-algo-m-s-sobre-los-gitanos,candil,Candil,1987-05,1987,criticism,contested
1987-05-11-right-otra-vez-televisi-n,candil,Candil,1987-05,1987,criticism,delegitimating
1987-05-12-left-aunque-no-quepa-en-el-papel,candil,Candil,1987-05,1987,criticism,legitimating
1987-05-12-left-aunque-no-quepa-en-el-papel,candil,Candil,1987-05,1987,heritage,legitimating
1987-05-12-left-aunque-no-quepa-en-el-papel,candil,Candil,1987-05,1987,tradition,legitimating
1987-05-12-right-ullos-uos-protagonistas-dicen-lo,candil,Candil,1987-05,1987,community,mixed
1987-05-12-right-ullos-uos-protagonistas-dicen-lo,candil,Candil,1987-05,1987,criticism,mixed
1987-05-16-right-pepe-aznalc-llar,candil,Candil,1987-05,1987,criticism,legitimating
1987-05-16-right-pepe-aznalc-llar,candil,Candil,1987-05,1987,authenticity,legitimating
1987-05-17-right-in-memoriam-francisco-valls-tori,candil,Candil,1987-05,1987,criticism,mixed
1987-05-17-right-in-memoriam-francisco-valls-tori,candil,Candil,1987-05,1987,heritage,mixed
1987-05-18-left-buz-n-y-noticiario-flamenco,candil,Candil,1987-05,1987,criticism,contested
1987-05-18-left-buz-n-y-noticiario-flamenco,candil,Candil,1987-05,1987,community,contested
1987-05-19-left-podio,candil,Candil,1987-05,1987,criticism,mixed
1987-05-19-left-podio,candil,Candil,1987-05,1987,community,mixed
1987-05-19-right-ablan-las-pe-as,candil,Candil,1987-05,1987,pedagogy,legitimating
1987-05-19-right-ablan-las-pe-as,candil,Candil,1987-05,1987,criticism,legitimating
1987-05-21-right-gu-a-de-festivales-flamencos,candil,Candil,1987-05,1987,community,legitimating
1987-07-3-right-editorial,candil,Candil,1987-07,1987,heritage,contested
1987-07-3-right-editorial,candil,Candil,1987-07,1987,criticism,contested
1987-07-4-right-danzas-de-ida-y-vuelta,candil,Candil,1987-07,1987,tradition,legitimating
1987-07-4-right-danzas-de-ida-y-vuelta,candil,Candil,1987-07,1987,heritage,legitimating
1987-07-4-right-danzas-de-ida-y-vuelta,candil,Candil,1987-07,1987,pedagogy,legitimating
1987-07-7-right-l-evenement-du-jeudi,candil,Candil,1987-07,1987,criticism,mixed
1987-07-7-right-l-evenement-du-jeudi,candil,Candil,1987-07,1987,community,mixed
1987-07-7-right-l-evenement-du-jeudi,candil,Candil,1987-07,1987,heritage,mixed
1987-07-7-right-l-evenement-du-jeudi,candil,Candil,1987-07,1987,authenticity,mixed
1987-07-9-left-pena-padre,candil,Candil,1987-07,1987,pedagogy,legitimating
1987-07-9-left-pena-padre,candil,Candil,1987-07,1987,criticism,legitimating
1987-07-9-left-pena-padre,candil,Candil,1987-07,1987,tradition,legitimating
1987-07-9-right-adios-andr-s-segovia,candil,Candil,1987-07,1987,criticism,legitimating
1987-07-11-right-pierre-loujys-el-flamenco-como-e,candil,Candil,1987-07,1987,criticism,contested
1987-07-11-right-pierre-loujys-el-flamenco-como-e,candil,Candil,1987-07,1987,authenticity,contested
1987-07-13-left-ellos-los-protagonistas-dicen-pa,candil,Candil,1987-07,1987,authenticity,mixed
1987-07-13-left-ellos-los-protagonistas-dicen-pa,candil,Candil,1987-07,1987,tradition,mixed
1987-07-13-left-ellos-los-protagonistas-dicen-pa,candil,Candil,1987-07,1987,community,mixed
1987-07-13-left-ellos-los-protagonistas-dicen-pa,candil,Candil,1987-07,1987,criticism,mixed
1987-07-15-right-algunos-datos-nuevos-para-la-his,candil,Candil,1987-07,1987,criticism,contested
1987-07-15-right-algunos-datos-nuevos-para-la-his,candil,Candil,1987-07,1987,community,contested
1987-07-19-right-aunque-no-quepa-en-el-papel-le-f,candil,Candil,1987-07,1987,criticism,mixed
1987-07-19-right-aunque-no-quepa-en-el-papel-le-f,candil,Candil,1987-07,1987,authenticity,mixed
1987-07-21-right-iscografia-flamenca,candil,Candil,1987-07,1987,pedagogy,legitimating
1987-07-21-right-iscografia-flamenca,candil,Candil,1987-07,1987,criticism,legitimating
1987-07-21-right-iscografia-flamenca,candil,Candil,1987-07,1987,tradition,legitimating
1987-07-22-right-noticiario-flamenco,candil,Candil,1987-07,1987,criticism,legitimating
1987-07-22-right-noticiario-flamenco,candil,Candil,1987-07,1987,pedagogy,legitimating
1987-07-23-left-ablan-las-pe-as,candil,Candil,1987-07,1987,authenticity,mixed
1987-07-23-left-ablan-las-pe-as,candil,Candil,1987-07,1987,criticism,mixed
1987-09-3-right-editorial,candil,Candil,1987-09,1987,authenticity,contested
1987-09-3-right-editorial,candil,Candil,1987-09,1987,criticism,contested
1987-09-3-right-editorial,candil,Candil,1987-09,1987,heritage,contested
1987-09-4-right-el-romancero-tradicional-gitano-,candil,Candil,1987-09,1987,pedagogy,legitimating
1987-09-4-right-el-romancero-tradicional-gitano-,candil,Candil,1987-09,1987,criticism,legitimating
1987-09-4-right-el-romancero-tradicional-gitano-,candil,Candil,1987-09,1987,heritage,legitimating
1987-09-4-right-el-romancero-tradicional-gitano-,candil,Candil,1987-09,1987,authenticity,legitimating
1987-09-8-right-salvador-rueda-y-el-modernismo-a,candil,Candil,1987-09,1987,criticism,legitimating
1987-09-10-right-flamenco-en-estado-primario,candil,Candil,1987-09,1987,community,legitimating
1987-09-10-right-flamenco-en-estado-primario,candil,Candil,1987-09,1987,criticism,legitimating
1987-09-11-right-cr-nica-del-xxvii-festival-nacio,candil,Candil,1987-09,1987,criticism,legitimating
1987-09-14-right-el-fandango-de-huelva-y-su-provi,candil,Candil,1987-09,1987,authenticity,contested
1987-09-14-right-el-fandango-de-huelva-y-su-provi,candil,Candil,1987-09,1987,pedagogy,contested
1987-09-14-right-el-fandango-de-huelva-y-su-provi,candil,Candil,1987-09,1987,criticism,contested
1987-09-17-right-benalm-dena-ha-subido-el-list-n,candil,Candil,1987-09,1987,criticism,legitimating
1987-09-19-right-cantaores-conocidos-compa-eros-y,candil,Candil,1987-09,1987,criticism,legitimating
1987-09-19-right-cantaores-conocidos-compa-eros-y,candil,Candil,1987-09,1987,community,legitimating
1987-09-20-left-las-soleares-de-juaniqu,candil,Candil,1987-09,1987,pedagogy,legitimating
1987-09-20-left-las-soleares-de-juaniqu,candil,Candil,1987-09,1987,heritage,legitimating
1987-09-20-left-las-soleares-de-juaniqu,candil,Candil,1987-09,1987,tradition,legitimating
1987-09-22-left-noticiario-flamenco,candil,Candil,1987-09,1987,heritage,legitimating
1987-09-22-left-noticiario-flamenco,candil,Candil,1987-09,1987,criticism,legitimating
1987-09-22-right-buz-n-flamenco,candil,Candil,1987-09,1987,criticism,contested
1987-09-22-right-buz-n-flamenco,candil,Candil,1987-09,1987,heritage,contested
1987-09-23-left-podio,candil,Candil,1987-09,1987,criticism,legitimating
1987-09-23-right-la-pe-a-una-entidad-apol-tica,candil,Candil,1987-09,1987,community,contested
1987-09-23-right-la-pe-a-una-entidad-apol-tica,candil,Candil,1987-09,1987,criticism,contested
1987-11-3-right-editorial,candil,Candil,1987-11,1987,criticism,contested
1987-11-4-right-importancia-de-las-letras-en-el-,candil,Candil,1987-11,1987,authenticity,mixed
1987-11-4-right-importancia-de-las-letras-en-el-,candil,Candil,1987-11,1987,heritage,mixed
1987-11-4-right-importancia-de-las-letras-en-el-,candil,Candil,1987-11,1987,pedagogy,mixed
1987-11-6-left-poema-para-t-a-anica,candil,Candil,1987-11,1987,criticism,legitimating
1987-11-6-right-el-cante-extreme-o-ponencia,candil,Candil,1987-11,1987,heritage,contested
1987-11-6-right-el-cante-extreme-o-ponencia,candil,Candil,1987-11,1987,tradition,contested
1987-11-6-right-el-cante-extreme-o-ponencia,candil,Candil,1987-11,1987,community,contested
1987-11-9-right-la-fundaci-n-andaluza-de-flamenc,candil,Candil,1987-11,1987,heritage,legitimating
1987-11-9-right-la-fundaci-n-andaluza-de-flamenc,candil,Candil,1987-11,1987,tradition,legitimating
1987-11-9-right-la-fundaci-n-andaluza-de-flamenc,candil,Candil,1987-11,1987,criticism,legitimating
1987-11-10-right-madrid-flamenco-corresponsal,candil,Candil,1987-11,1987,criticism,mixed
1987-11-10-right-madrid-flamenco-corresponsal,candil,Candil,1987-11,1987,pedagogy,mixed
1987-11-11-left-cuando-del-flamenco-se-hace-rito,candil,Candil,1987-11,1987,authenticity,legitimating
1987-11-11-left-cuando-del-flamenco-se-hace-rito,candil,Candil,1987-11,1987,criticism,legitimating
1987-11-11-right-la-familia-fern-ndez-entre-trian,candil,Candil,1987-11,1987,authenticity,legitimating
1987-11-11-right-la-familia-fern-ndez-entre-trian,candil,Candil,1987-11,1987,tradition,legitimating
1987-11-11-right-la-familia-fern-ndez-entre-trian,candil,Candil,1987-11,1987,community,legitimating
1987-11-11-right-la-familia-fern-ndez-entre-trian,candil,Candil,1987-11,1987,pedagogy,legitimating
1987-11-16-left-plagio-de-rdago,candil,Candil,1987-11,1987,criticism,delegitimating
1987-11-16-left-plagio-de-rdago,candil,Candil,1987-11,1987,community,delegitimating
1987-11-16-right-copia-parcial-de-una-carta-ya-hi,candil,Candil,1987-11,1987,authenticity,mixed
1987-11-16-right-copia-parcial-de-una-carta-ya-hi,candil,Candil,1987-11,1987,pedagogy,mixed
1987-11-16-right-copia-parcial-de-una-carta-ya-hi,candil,Candil,1987-11,1987,criticism,mixed
1987-11-18-right-aunque-no-quepa-en-el-papel-leta,candil,Candil,1987-11,1987,authenticity,legitimating
1987-11-18-right-aunque-no-quepa-en-el-papel-leta,candil,Candil,1987-11,1987,pedagogy,legitimating
1987-11-18-right-aunque-no-quepa-en-el-papel-leta,candil,Candil,1987-11,1987,criticism,legitimating
1987-11-19-left-i-encuentro-de-cr-ticos-de-flame,candil,Candil,1987-11,1987,criticism,legitimating
1987-11-19-left-i-encuentro-de-cr-ticos-de-flame,candil,Candil,1987-11,1987,pedagogy,legitimating
1987-11-19-right-loor-a-fosforito,candil,Candil,1987-11,1987,criticism,legitimating
1987-11-19-right-loor-a-fosforito,candil,Candil,1987-11,1987,community,legitimating
1987-11-20-left-cantaores-conocidos-compa-eros-y,candil,Candil,1987-11,1987,tradition,legitimating
1987-11-20-left-cantaores-conocidos-compa-eros-y,candil,Candil,1987-11,1987,criticism,legitimating
1987-11-20-left-cantaores-conocidos-compa-eros-y,candil,Candil,1987-11,1987,community,legitimating
1987-11-21-right-iscografia-flamenca,candil,Candil,1987-11,1987,authenticity,mixed
1987-11-21-right-iscografia-flamenca,candil,Candil,1987-11,1987,criticism,mixed
1987-11-22-right-noticiario-flamenco,candil,Candil,1987-11,1987,heritage,neutral
1987-11-22-right-noticiario-flamenco,candil,Candil,1987-11,1987,pedagogy,neutral
1987-11-23-right-ablan-las-pe-as,candil,Candil,1987-11,1987,pedagogy,legitimating
1988-01-4-right-cumplimos-diez-a-os,candil,Candil,1988-01,1988,authenticity,legitimating
1988-01-4-right-cumplimos-diez-a-os,candil,Candil,1988-01,1988,tradition,legitimating
1988-01-4-right-cumplimos-diez-a-os,candil,Candil,1988-01,1988,heritage,legitimating
1988-01-5-right-del-canto-al-cante-xv-congreso-n,candil,Candil,1988-01,1988,criticism,legitimating
1988-01-11-left-rafael-belmonte-en-el-cante,candil,Candil,1988-01,1988,authenticity,legitimating
1988-01-11-left-rafael-belmonte-en-el-cante,candil,Candil,1988-01,1988,tradition,legitimating
1988-01-11-left-rafael-belmonte-en-el-cante,candil,Candil,1988-01,1988,criticism,legitimating
1988-01-11-right-cadalso-y-don-preciso-dos-activi,candil,Candil,1988-01,1988,tradition,contested
1988-01-11-right-cadalso-y-don-preciso-dos-activi,candil,Candil,1988-01,1988,community,contested
1988-01-11-right-cadalso-y-don-preciso-dos-activi,candil,Candil,1988-01,1988,criticism,contested
1988-01-13-right-pepe-marchena,candil,Candil,1988-01,1988,pedagogy,legitimating
1988-01-13-right-pepe-marchena,candil,Candil,1988-01,1988,community,legitimating
1988-01-13-right-pepe-marchena,candil,Candil,1988-01,1988,criticism,legitimating
1988-01-15-right-carta-a-mi-amigo-onofre-los-fand,candil,Candil,1988-01,1988,pedagogy,legitimating
1988-01-15-right-carta-a-mi-amigo-onofre-los-fand,candil,Candil,1988-01,1988,criticism,legitimating
1988-01-16-right-las-cabales-de-plata,candil,Candil,1988-01,1988,community,legitimating
1988-01-16-right-las-cabales-de-plata,candil,Candil,1988-01,1988,criticism,legitimating
1988-01-17-left-aunque-no-quepa-en-el-papel,candil,Candil,1988-01,1988,tradition,legitimating
1988-01-17-left-aunque-no-quepa-en-el-papel,candil,Candil,1988-01,1988,criticism,legitimating
1988-01-17-right-el-ballet-pre-flamenco,candil,Candil,1988-01,1988,tradition,legitimating
1988-01-17-right-el-ballet-pre-flamenco,candil,Candil,1988-01,1988,heritage,legitimating
1988-01-17-right-el-ballet-pre-flamenco,candil,Candil,1988-01,1988,criticism,legitimating
1988-01-18-right-el-romance-en-el-cancionero-infa,candil,Candil,1988-01,1988,tradition,legitimating
1988-01-18-right-el-romance-en-el-cancionero-infa,candil,Candil,1988-01,1988,heritage,legitimating
1988-01-21-left-discograf-a-flamenca,candil,Candil,1988-01,1988,criticism,legitimating
1988-01-21-left-discograf-a-flamenca,candil,Candil,1988-01,1988,authenticity,legitimating
1988-01-21-left-discograf-a-flamenca,candil,Candil,1988-01,1988,tradition,legitimating
1988-01-21-right-profesionales-de-la-informaci-n-,candil,Candil,1988-01,1988,criticism,contested
1988-01-23-left-podio-y-picota,candil,Candil,1988-01,1988,heritage,mixed
1988-01-23-left-podio-y-picota,candil,Candil,1988-01,1988,criticism,mixed
1988-01-23-left-podio-y-picota,candil,Candil,1988-01,1988,community,mixed
1988-01-23-right-buz-n-y-noticiario-flamenco,candil,Candil,1988-01,1988,community,contested
1988-01-24-right-hablan-los-poetas,candil,Candil,1988-01,1988,authenticity,mixed
1988-01-24-right-hablan-los-poetas,candil,Candil,1988-01,1988,criticism,mixed
1988-03-4-right-editorial,candil,Candil,1988-03,1988,heritage,mixed
1988-03-4-right-editorial,candil,Candil,1988-03,1988,authenticity,mixed
1988-03-5-right-la-religiosidad-en-el-cante-flam,candil,Candil,1988-03,1988,authenticity,legitimating
1988-03-5-right-la-religiosidad-en-el-cante-flam,candil,Candil,1988-03,1988,tradition,legitimating
1988-03-5-right-la-religiosidad-en-el-cante-flam,candil,Candil,1988-03,1988,community,legitimating
1988-03-8-right-lo-dijo-don-ram-n-montoya-y-tamb,candil,Candil,1988-03,1988,criticism,contested
1988-03-8-right-lo-dijo-don-ram-n-montoya-y-tamb,candil,Candil,1988-03,1988,community,contested
1988-03-10-right-antonio-pi-ana-como-se-a-de-iden,candil,Candil,1988-03,1988,authenticity,mixed
1988-03-10-right-antonio-pi-ana-como-se-a-de-iden,candil,Candil,1988-03,1988,tradition,mixed
1988-03-10-right-antonio-pi-ana-como-se-a-de-iden,candil,Candil,1988-03,1988,community,mixed
1988-03-10-right-antonio-pi-ana-como-se-a-de-iden,candil,Candil,1988-03,1988,criticism,mixed
1988-03-11-left-letras-flamencas,candil,Candil,1988-03,1988,community,legitimating
1988-03-11-right-flamenco-en-valencia,candil,Candil,1988-03,1988,criticism,legitimating
1988-03-11-right-flamenco-en-valencia,candil,Candil,1988-03,1988,authenticity,legitimating
1988-03-11-right-flamenco-en-valencia,candil,Candil,1988-03,1988,tradition,legitimating
1988-03-12-left-la-prosa-de-fosforito,candil,Candil,1988-03,1988,criticism,legitimating
1988-03-12-right-madrid-flamenco,candil,Candil,1988-03,1988,criticism,legitimating
1988-03-12-right-madrid-flamenco,candil,Candil,1988-03,1988,community,legitimating
1988-03-13-right-antonio-el-rociero,candil,Candil,1988-03,1988,pedagogy,mixed
1988-03-13-right-antonio-el-rociero,candil,Candil,1988-03,1988,tradition,mixed
1988-03-13-right-antonio-el-rociero,candil,Candil,1988-03,1988,authenticity,mixed
1988-03-16-left-en-recuerdo-de-navarro,candil,Candil,1988-03,1988,community,legitimating
1988-03-16-left-en-recuerdo-de-navarro,candil,Candil,1988-03,1988,pedagogy,legitimating
1988-03-16-left-en-recuerdo-de-navarro,candil,Candil,1988-03,1988,tradition,legitimating
1988-03-16-right-cuando-el-cantaor-hace-cante-de-,candil,Candil,1988-03,1988,authenticity,legitimating
1988-03-16-right-cuando-el-cantaor-hace-cante-de-,candil,Candil,1988-03,1988,tradition,legitimating
1988-03-16-right-cuando-el-cantaor-hace-cante-de-,candil,Candil,1988-03,1988,pedagogy,legitimating
1988-03-17-right-entrega-del-i-premio-de-periodis,candil,Candil,1988-03,1988,heritage,legitimating
1988-03-17-right-entrega-del-i-premio-de-periodis,candil,Candil,1988-03,1988,criticism,legitimating
1988-03-18-right-yerga-se-defiende,candil,Candil,1988-03,1988,tradition,contested
1988-03-18-right-yerga-se-defiende,candil,Candil,1988-03,1988,heritage,contested
1988-03-18-right-yerga-se-defiende,candil,Candil,1988-03,1988,criticism,contested
1988-03-19-right-discograf-a-flamenca,candil,Candil,1988-03,1988,criticism,legitimating
1988-03-20-right-la-fundaci-n-andaluzas-de-flamen,candil,Candil,1988-03,1988,heritage,legitimating
1988-03-20-right-la-fundaci-n-andaluzas-de-flamen,candil,Candil,1988-03,1988,pedagogy,legitimating
1988-03-20-right-la-fundaci-n-andaluzas-de-flamen,candil,Candil,1988-03,1988,criticism,legitimating
1988-05-3-right-editorial,candil,Candil,1988-05,1988,criticism,mixed
1988-05-3-right-editorial,candil,Candil,1988-05,1988,pedagogy,mixed
1988-05-4-right-la-uni-n-catedral-del-cante-mine,candil,Candil,1988-05,1988,tradition,legitimating
1988-05-4-right-la-uni-n-catedral-del-cante-mine,candil,Candil,1988-05,1988,community,legitimating
1988-05-4-right-la-uni-n-catedral-del-cante-mine,candil,Candil,1988-05,1988,criticism,legitimating
1988-05-7-right-g-nesis-garc-a,candil,Candil,1988-05,1988,pedagogy,legitimating
1988-05-7-right-g-nesis-garc-a,candil,Candil,1988-05,1988,tradition,legitimating
1988-05-7-right-g-nesis-garc-a,candil,Candil,1988-05,1988,criticism,legitimating
1988-05-8-left-el-desgarro-minero-de-encarnaci-,candil,Candil,1988-05,1988,pedagogy,legitimating
1988-05-8-left-el-desgarro-minero-de-encarnaci-,candil,Candil,1988-05,1988,criticism,legitimating
1988-05-8-left-el-desgarro-minero-de-encarnaci-,candil,Candil,1988-05,1988,tradition,legitimating
1988-05-9-left-bases-para-los-distintos-concurs,candil,Candil,1988-05,1988,criticism,mixed
1988-05-9-right-mart-n-el-de-la-paula-en-alcal-d,candil,Candil,1988-05,1988,criticism,contested
1988-05-11-right-del-capote-de-la-independencia-a,candil,Candil,1988-05,1988,criticism,legitimating
1988-05-12-right-aunque-no-quepa-en-el-papel,candil,Candil,1988-05,1988,heritage,legitimating
1988-05-12-right-aunque-no-quepa-en-el-papel,candil,Candil,1988-05,1988,criticism,legitimating
1988-05-17-left-la-universidad-de-c-diz-celebr-s,candil,Candil,1988-05,1988,criticism,legitimating
1988-05-17-left-la-universidad-de-c-diz-celebr-s,candil,Candil,1988-05,1988,pedagogy,legitimating
1988-05-18-left-la-an-cdota,candil,Candil,1988-05,1988,criticism,legitimating
1988-05-18-right-el-flamenco-a-la-escuela,candil,Candil,1988-05,1988,authenticity,mixed
1988-05-18-right-el-flamenco-a-la-escuela,candil,Candil,1988-05,1988,pedagogy,mixed
1988-05-19-right-la-fundaci-n-andaluza-de-flamenc,candil,Candil,1988-05,1988,heritage,legitimating
1988-05-19-right-la-fundaci-n-andaluza-de-flamenc,candil,Candil,1988-05,1988,pedagogy,legitimating
1988-07-3-right-editorial,candil,Candil,1988-07,1988,criticism,contested
1988-07-3-right-editorial,candil,Candil,1988-07,1988,community,contested
1988-07-4-right-el-xxviii-festival-nacional-del-,candil,Candil,1988-07,1988,criticism,mixed
1988-07-7-right-conferencia-internacional-dos-si,candil,Candil,1988-07,1988,criticism,legitimating
1988-07-11-left-viejo-carn-flamenco-aurelio-de-c,candil,Candil,1988-07,1988,criticism,legitimating
1988-07-13-right-ellos-los-protagonistas-dicen-la,candil,Candil,1988-07,1988,pedagogy,legitimating
1988-07-13-right-ellos-los-protagonistas-dicen-la,candil,Candil,1988-07,1988,criticism,legitimating
1988-07-15-right-madrid-flamenco,candil,Candil,1988-07,1988,criticism,mixed
1988-07-17-left-voces-del-futuro,candil,Candil,1988-07,1988,heritage,legitimating
1988-07-17-left-voces-del-futuro,candil,Candil,1988-07,1988,authenticity,legitimating
1988-07-17-right-las-grabaciones-de-manolo-de-hue,candil,Candil,1988-07,1988,authenticity,mixed
1988-07-17-right-las-grabaciones-de-manolo-de-hue,candil,Candil,1988-07,1988,criticism,mixed
1988-07-18-right-carta-abierta-al-amigo-arrebola,candil,Candil,1988-07,1988,criticism,contested
1988-07-18-right-carta-abierta-al-amigo-arrebola,candil,Candil,1988-07,1988,community,contested
1988-07-19-left-discograf-a-flamenca,candil,Candil,1988-07,1988,authenticity,legitimating
1988-07-19-left-discograf-a-flamenca,candil,Candil,1988-07,1988,pedagogy,legitimating
1988-07-19-left-discograf-a-flamenca,candil,Candil,1988-07,1988,criticism,legitimating
1988-07-20-left-hablan-las-pe-as,candil,Candil,1988-07,1988,authenticity,mixed
1988-07-20-left-hablan-las-pe-as,candil,Candil,1988-07,1988,pedagogy,mixed
1988-07-20-left-hablan-las-pe-as,candil,Candil,1988-07,1988,criticism,mixed
1988-07-21-right-buz-n-flamenco,candil,Candil,1988-07,1988,heritage,legitimating
1988-09-3-right-editorial,candil,Candil,1988-09,1988,criticism,contested
1988-09-3-right-xvi-congreso-nacional-de-activid,candil,Candil,1988-09,1988,community,delegitimating
1988-09-3-right-xvi-congreso-nacional-de-activid,candil,Candil,1988-09,1988,criticism,delegitimating
1988-09-8-right-el-flamenco-en-la-pintura,candil,Candil,1988-09,1988,criticism,mixed
1988-09-10-right-temas-flamencos,candil,Candil,1988-09,1988,tradition,contested
1988-09-10-right-temas-flamencos,candil,Candil,1988-09,1988,community,contested
1988-09-10-right-temas-flamencos,candil,Candil,1988-09,1988,criticism,contested
1988-09-11-right-la-historia-se-repite,candil,Candil,1988-09,1988,criticism,contested
1988-09-12-right-ellos-los-protagonistas-dicen,candil,Candil,1988-09,1988,heritage,legitimating
1988-09-12-right-ellos-los-protagonistas-dicen,candil,Candil,1988-09,1988,tradition,legitimating
1988-09-12-right-ellos-los-protagonistas-dicen,candil,Candil,1988-09,1988,pedagogy,legitimating
1988-09-14-right-es-el-camino,candil,Candil,1988-09,1988,pedagogy,mixed
1988-09-14-right-es-el-camino,candil,Candil,1988-09,1988,heritage,mixed
1988-09-14-right-es-el-camino,candil,Candil,1988-09,1988,criticism,mixed
1988-09-15-right-utrera-y-su-comp-s,candil,Candil,1988-09,1988,criticism,legitimating
1988-09-15-right-utrera-y-su-comp-s,candil,Candil,1988-09,1988,pedagogy,legitimating
1988-09-16-right-triana-y-sevilla-en-la-andaluc-a,candil,Candil,1988-09,1988,authenticity,legitimating
1988-09-16-right-triana-y-sevilla-en-la-andaluc-a,candil,Candil,1988-09,1988,tradition,legitimating
1988-09-16-right-triana-y-sevilla-en-la-andaluc-a,candil,Candil,1988-09,1988,community,legitimating
1988-09-18-right-del-alma-de-andaluc-a,candil,Candil,1988-09,1988,criticism,legitimating
1988-09-19-left-tiempo-igual-a-evoluci-n,candil,Candil,1988-09,1988,authenticity,contested
1988-09-19-left-tiempo-igual-a-evoluci-n,candil,Candil,1988-09,1988,tradition,contested
1988-09-19-left-tiempo-igual-a-evoluci-n,candil,Candil,1988-09,1988,criticism,contested
1988-09-19-right-sobre-la-nana,candil,Candil,1988-09,1988,criticism,contested
1988-09-19-right-sobre-la-nana,candil,Candil,1988-09,1988,tradition,contested
1988-09-21-left-voces-del-futuro-juan-de-la-male,candil,Candil,1988-09,1988,authenticity,legitimating
1988-09-21-left-voces-del-futuro-juan-de-la-male,candil,Candil,1988-09,1988,tradition,legitimating
1988-09-21-left-voces-del-futuro-juan-de-la-male,candil,Candil,1988-09,1988,community,legitimating
1988-09-21-left-voces-del-futuro-juan-de-la-male,candil,Candil,1988-09,1988,pedagogy,legitimating
1988-09-22-left-podio-y-picota,candil,Candil,1988-09,1988,heritage,mixed
1988-09-22-left-podio-y-picota,candil,Candil,1988-09,1988,criticism,mixed
1988-09-22-left-podio-y-picota,candil,Candil,1988-09,1988,authenticity,mixed
1988-09-23-left-hablan-las-pe-as,candil,Candil,1988-09,1988,criticism,delegitimating
1988-09-23-right-noticiario-flamenco,candil,Candil,1988-09,1988,criticism,legitimating
1988-11-4-left-a-juan-breva-una-voz-con-seis-cu,candil,Candil,1988-11,1988,criticism,legitimating
1988-11-4-right-el-flamenco-en-la-prensa,candil,Candil,1988-11,1988,pedagogy,legitimating
1988-11-4-right-el-flamenco-en-la-prensa,candil,Candil,1988-11,1988,criticism,legitimating
1988-11-4-right-el-flamenco-en-la-prensa,candil,Candil,1988-11,1988,heritage,legitimating
1988-11-7-left-el-flamenco-entendimiento-o-sent,candil,Candil,1988-11,1988,criticism,legitimating
1988-11-9-right-exposici-n-de-antonio-povedano,candil,Candil,1988-11,1988,authenticity,legitimating
1988-11-9-right-exposici-n-de-antonio-povedano,candil,Candil,1988-11,1988,criticism,legitimating
1988-11-10-right-un-apunte-m-s-para-la-peque-a-hi,candil,Candil,1988-11,1988,authenticity,mixed
1988-11-10-right-un-apunte-m-s-para-la-peque-a-hi,candil,Candil,1988-11,1988,heritage,mixed
1988-11-10-right-un-apunte-m-s-para-la-peque-a-hi,candil,Candil,1988-11,1988,criticism,mixed
1988-11-11-right-xvi-congreso-nacional-de-activid,candil,Candil,1988-11,1988,tradition,legitimating
1988-11-11-right-xvi-congreso-nacional-de-activid,candil,Candil,1988-11,1988,criticism,legitimating
1988-11-14-right-carta-abierta-a-pedro-s-nchez-or,candil,Candil,1988-11,1988,criticism,legitimating
1988-11-15-left-viejo-carn-flamenco,candil,Candil,1988-11,1988,criticism,legitimating
1988-11-18-left-cantaor-el-mochuelo,candil,Candil,1988-11,1988,criticism,contested
1988-11-18-left-cantaor-el-mochuelo,candil,Candil,1988-11,1988,authenticity,contested
1988-11-18-right-aunque-no-quepa-en-el-papel,candil,Candil,1988-11,1988,criticism,legitimating
1988-11-18-right-aunque-no-quepa-en-el-papel,candil,Candil,1988-11,1988,authenticity,legitimating
1988-11-19-right-las-alas-del-coraz-n,candil,Candil,1988-11,1988,criticism,legitimating
1988-11-20-right-pilar-l-pez,candil,Candil,1988-11,1988,criticism,legitimating
1988-11-21-right-desaparece-el-aula-de-flamencolo,candil,Candil,1988-11,1988,pedagogy,mixed
1988-11-21-right-desaparece-el-aula-de-flamencolo,candil,Candil,1988-11,1988,heritage,mixed
1988-11-21-right-desaparece-el-aula-de-flamencolo,candil,Candil,1988-11,1988,criticism,mixed
1988-11-22-right-jaima-cultural-andaluza-en-catar,candil,Candil,1988-11,1988,heritage,legitimating
1988-11-22-right-jaima-cultural-andaluza-en-catar,candil,Candil,1988-11,1988,authenticity,legitimating
1988-11-22-right-jaima-cultural-andaluza-en-catar,candil,Candil,1988-11,1988,criticism,legitimating
1989-01-3-right-candil-a-o-12-doce,candil,Candil,1989-01,1989,heritage,mixed
1989-01-3-right-candil-a-o-12-doce,candil,Candil,1989-01,1989,authenticity,mixed
1989-01-3-right-candil-a-o-12-doce,candil,Candil,1989-01,1989,criticism,mixed
1989-01-4-left-reflexiones-sobre-la-etapa-de-re,candil,Candil,1989-01,1989,criticism,contested
1989-01-7-right-el-carbonero-un-fandanguero-exce,candil,Candil,1989-01,1989,criticism,legitimating
1989-01-7-right-el-carbonero-un-fandanguero-exce,candil,Candil,1989-01,1989,pedagogy,legitimating
1989-01-8-right-aurelio-sell-nondedeu,candil,Candil,1989-01,1989,criticism,contested
1989-01-8-right-aurelio-sell-nondedeu,candil,Candil,1989-01,1989,community,contested
1989-01-13-left-por-entre-los-cantes-de-levante-,candil,Candil,1989-01,1989,tradition,legitimating
1989-01-13-left-por-entre-los-cantes-de-levante-,candil,Candil,1989-01,1989,criticism,legitimating
1989-01-14-left-una-voz-con-alma-daniela-pineda,candil,Candil,1989-01,1989,authenticity,legitimating
1989-01-14-left-una-voz-con-alma-daniela-pineda,candil,Candil,1989-01,1989,tradition,legitimating
1989-01-14-left-una-voz-con-alma-daniela-pineda,candil,Candil,1989-01,1989,criticism,legitimating
1989-01-14-right-cinco-a-os-de-la-desaparici-n-de,candil,Candil,1989-01,1989,criticism,legitimating
1989-01-14-right-cinco-a-os-de-la-desaparici-n-de,candil,Candil,1989-01,1989,heritage,legitimating
1989-01-16-left-flamenco-y-musicolog-a,candil,Candil,1989-01,1989,pedagogy,legitimating
1989-01-16-left-flamenco-y-musicolog-a,candil,Candil,1989-01,1989,criticism,legitimating
1989-01-19-left-la-m-sica-andalus,candil,Candil,1989-01,1989,heritage,mixed
1989-01-19-left-la-m-sica-andalus,candil,Candil,1989-01,1989,criticism,mixed
1989-01-19-right-en-torno-a-pilar-l-pez-jos-n-ez-,candil,Candil,1989-01,1989,criticism,legitimating
1989-01-19-right-en-torno-a-pilar-l-pez-jos-n-ez-,candil,Candil,1989-01,1989,community,legitimating
1989-01-22-left-ii-acto-de-presentaci-n-de-publi,candil,Candil,1989-01,1989,heritage,legitimating
1989-01-22-left-ii-acto-de-presentaci-n-de-publi,candil,Candil,1989-01,1989,pedagogy,legitimating
1989-01-22-left-ii-acto-de-presentaci-n-de-publi,candil,Candil,1989-01,1989,community,legitimating
1989-01-23-left-noticiario-flamenco,candil,Candil,1989-01,1989,community,legitimating
1989-03-3-right-editorial,candil,Candil,1989-03,1989,heritage,contested
1989-03-3-right-editorial,candil,Candil,1989-03,1989,criticism,contested
1989-03-5-right-de-la-discriminaci-n-en-el-cante,candil,Candil,1989-03,1989,tradition,legitimating
1989-03-5-right-de-la-discriminaci-n-en-el-cante,candil,Candil,1989-03,1989,community,legitimating
1989-03-5-right-de-la-discriminaci-n-en-el-cante,candil,Candil,1989-03,1989,criticism,legitimating
1989-03-6-left-viejo-carn-flamenco,candil,Candil,1989-03,1989,authenticity,mixed
1989-03-6-left-viejo-carn-flamenco,candil,Candil,1989-03,1989,criticism,mixed
1989-03-8-right-enderezando-entuertos,candil,Candil,1989-03,1989,criticism,delegitimating
1989-03-8-right-enderezando-entuertos,candil,Candil,1989-03,1989,community,delegitimating
1989-03-10-left-ni-o-de-cabra,candil,Candil,1989-03,1989,criticism,legitimating
1989-03-11-left-aurelio-de-c-diz-y-el-mal-gusto,candil,Candil,1989-03,1989,criticism,mixed
1989-03-12-left-reflexiones-y-conclusiones-sobre,candil,Candil,1989-03,1989,tradition,legitimating
1989-03-12-left-reflexiones-y-conclusiones-sobre,candil,Candil,1989-03,1989,heritage,legitimating
1989-03-12-right-sem-foro,candil,Candil,1989-03,1989,community,mixed
1989-03-12-right-sem-foro,candil,Candil,1989-03,1989,heritage,mixed
1989-03-13-right-podio-y-picota-ventolera,candil,Candil,1989-03,1989,heritage,mixed
1989-03-13-right-podio-y-picota-ventolera,candil,Candil,1989-03,1989,criticism,mixed
1989-03-14-left-petenera-de-vida-y-bronce,candil,Candil,1989-03,1989,heritage,legitimating
1989-03-15-left-para-el-recuerdo,candil,Candil,1989-03,1989,criticism,mixed
1989-03-16-right-aunque-no-quepa-en-el-papel,candil,Candil,1989-03,1989,criticism,mixed
1989-03-16-right-aunque-no-quepa-en-el-papel,candil,Candil,1989-03,1989,authenticity,mixed
1989-03-17-right-noticiario,candil,Candil,1989-03,1989,pedagogy,legitimating
1989-03-17-right-noticiario,candil,Candil,1989-03,1989,authenticity,legitimating
1989-03-17-right-noticiario,candil,Candil,1989-03,1989,criticism,legitimating
1989-03-17-right-noticiario,candil,Candil,1989-03,1989,community,legitimating
1989-03-23-left-hablan-las-pe-as,candil,Candil,1989-03,1989,community,legitimating
1989-03-24-right-discografia-flamenca,candil,Candil,1989-03,1989,criticism,mixed
1989-05-3-right-festivales-flamencos,candil,Candil,1989-05,1989,authenticity,mixed
1989-05-3-right-festivales-flamencos,candil,Candil,1989-05,1989,community,mixed
1989-05-3-right-festivales-flamencos,candil,Candil,1989-05,1989,heritage,mixed
1989-05-3-right-festivales-flamencos,candil,Candil,1989-05,1989,criticism,mixed
1989-05-4-left-desde-el-valle-flamenco-lecci-n-,candil,Candil,1989-05,1989,pedagogy,legitimating
1989-05-4-left-desde-el-valle-flamenco-lecci-n-,candil,Candil,1989-05,1989,criticism,legitimating
1989-05-4-left-desde-el-valle-flamenco-lecci-n-,candil,Candil,1989-05,1989,authenticity,legitimating
1989-05-5-left-viejo-carn-flamenco,candil,Candil,1989-05,1989,pedagogy,contested
1989-05-5-left-viejo-carn-flamenco,candil,Candil,1989-05,1989,authenticity,contested
1989-05-5-left-viejo-carn-flamenco,candil,Candil,1989-05,1989,tradition,contested
1989-05-5-left-viejo-carn-flamenco,candil,Candil,1989-05,1989,criticism,contested
1989-05-11-left-la-propaganda-flamenca,candil,Candil,1989-05,1989,criticism,legitimating
1989-05-11-left-la-propaganda-flamenca,candil,Candil,1989-05,1989,community,legitimating
1989-05-13-right-la-osada-ignorancia,candil,Candil,1989-05,1989,criticism,mixed
1989-05-14-left-la-malague-a-es-de-m-laga,candil,Candil,1989-05,1989,tradition,contested
1989-05-14-left-la-malague-a-es-de-m-laga,candil,Candil,1989-05,1989,criticism,contested
1989-05-14-right-sentimiento-y-raz-n,candil,Candil,1989-05,1989,tradition,mixed
1989-05-14-right-sentimiento-y-raz-n,candil,Candil,1989-05,1989,community,mixed
1989-05-14-right-sentimiento-y-raz-n,candil,Candil,1989-05,1989,criticism,mixed
1989-05-16-left-siguiriyas-nombre-de-un-cante-pl,candil,Candil,1989-05,1989,criticism,legitimating
1989-05-16-right-silverio-franconetti,candil,Candil,1989-05,1989,criticism,legitimating
1989-05-16-right-silverio-franconetti,candil,Candil,1989-05,1989,pedagogy,legitimating
1989-05-19-right-a-ana-m-rquez-bailaora-poema,candil,Candil,1989-05,1989,criticism,legitimating
1989-05-20-right-madrid-flamenco,candil,Candil,1989-05,1989,criticism,legitimating
1989-05-20-right-madrid-flamenco,candil,Candil,1989-05,1989,community,legitimating
1989-05-21-left-homenaje-en-francia-a-una-ex-bai,candil,Candil,1989-05,1989,heritage,legitimating
1989-05-21-left-homenaje-en-francia-a-una-ex-bai,candil,Candil,1989-05,1989,pedagogy,legitimating
1989-05-21-left-homenaje-en-francia-a-una-ex-bai,candil,Candil,1989-05,1989,criticism,legitimating
1989-05-21-right-razones-de-una-propuesta,candil,Candil,1989-05,1989,authenticity,mixed
1989-05-21-right-razones-de-una-propuesta,candil,Candil,1989-05,1989,heritage,mixed
1989-05-21-right-razones-de-una-propuesta,candil,Candil,1989-05,1989,community,mixed
1989-05-21-right-razones-de-una-propuesta,candil,Candil,1989-05,1989,pedagogy,mixed
1989-05-21-right-razones-de-una-propuesta,candil,Candil,1989-05,1989,criticism,mixed
1989-05-22-left-podio-y-picota-ventolera,candil,Candil,1989-05,1989,criticism,mixed
1989-05-22-right-discografia-flamenca,candil,Candil,1989-05,1989,authenticity,contested
1989-05-22-right-discografia-flamenca,candil,Candil,1989-05,1989,criticism,contested
1989-05-23-right-aunque-no-quepa-en-el-papel,candil,Candil,1989-05,1989,heritage,legitimating
1989-05-23-right-aunque-no-quepa-en-el-papel,candil,Candil,1989-05,1989,community,legitimating
1989-05-23-right-aunque-no-quepa-en-el-papel,candil,Candil,1989-05,1989,criticism,legitimating
1989-05-24-right-noticiario-flamenco,candil,Candil,1989-05,1989,authenticity,legitimating
1989-05-24-right-noticiario-flamenco,candil,Candil,1989-05,1989,heritage,legitimating
1989-05-24-right-noticiario-flamenco,candil,Candil,1989-05,1989,pedagogy,legitimating
1989-05-25-right-hablan-las-pe-as,candil,Candil,1989-05,1989,criticism,legitimating
1989-07-3-right-sevillanas-show-editorial,candil,Candil,1989-07,1989,authenticity,contested
1989-07-3-right-sevillanas-show-editorial,candil,Candil,1989-07,1989,tradition,contested
1989-07-3-right-sevillanas-show-editorial,candil,Candil,1989-07,1989,criticism,contested
1989-07-5-right-viejo-carn-flamenco-manolo-carac,candil,Candil,1989-07,1989,authenticity,mixed
1989-07-5-right-viejo-carn-flamenco-manolo-carac,candil,Candil,1989-07,1989,tradition,mixed
1989-07-5-right-viejo-carn-flamenco-manolo-carac,candil,Candil,1989-07,1989,pedagogy,mixed
1989-07-5-right-viejo-carn-flamenco-manolo-carac,candil,Candil,1989-07,1989,criticism,mixed
1989-07-8-left-el-tesoro-escondido,candil,Candil,1989-07,1989,authenticity,legitimating
1989-07-8-left-el-tesoro-escondido,candil,Candil,1989-07,1989,tradition,legitimating
1989-07-8-left-el-tesoro-escondido,candil,Candil,1989-07,1989,community,legitimating
1989-07-9-left-juan-friede,candil,Candil,1989-07,1989,criticism,legitimating
1989-07-9-right-opini-n-sobre-flamenco,candil,Candil,1989-07,1989,identity,contested
1989-07-9-right-opini-n-sobre-flamenco,candil,Candil,1989-07,1989,tradition,contested
1989-07-9-right-opini-n-sobre-flamenco,candil,Candil,1989-07,1989,heritage,contested
1989-07-9-right-opini-n-sobre-flamenco,candil,Candil,1989-07,1989,criticism,contested
1989-07-10-left-recuerdo-de,candil,Candil,1989-07,1989,tradition,legitimating
1989-07-10-left-recuerdo-de,candil,Candil,1989-07,1989,community,legitimating
1989-07-11-left-joaqu-n-vargas-soto-el-cojo-de-m,candil,Candil,1989-07,1989,criticism,delegitimating
1989-07-13-left-la-rubia-se-orita,candil,Candil,1989-07,1989,criticism,delegitimating
1989-07-13-left-la-rubia-se-orita,candil,Candil,1989-07,1989,authenticity,delegitimating
1989-07-13-right-paquito-de-la-isla,candil,Candil,1989-07,1989,criticism,legitimating
1989-07-13-right-paquito-de-la-isla,candil,Candil,1989-07,1989,tradition,legitimating
1989-07-15-left-cantaores-de-granada,candil,Candil,1989-07,1989,heritage,legitimating
1989-07-15-left-cantaores-de-granada,candil,Candil,1989-07,1989,criticism,legitimating
1989-07-15-left-cantaores-de-granada,candil,Candil,1989-07,1989,community,legitimating
1989-07-16-left-curiosidades-flamencas,candil,Candil,1989-07,1989,criticism,mixed
1989-07-16-left-curiosidades-flamencas,candil,Candil,1989-07,1989,heritage,mixed
1989-07-17-left-el-flamenco-en-la-poes-a-y-en-la,candil,Candil,1989-07,1989,tradition,legitimating
1989-07-17-left-el-flamenco-en-la-poes-a-y-en-la,candil,Candil,1989-07,1989,criticism,legitimating
1989-07-21-left-poema,candil,Candil,1989-07,1989,criticism,legitimating
1989-07-21-left-poema,candil,Candil,1989-07,1989,tradition,legitimating
1989-07-24-left-noticiario-flamenco,candil,Candil,1989-07,1989,authenticity,legitimating
1989-07-24-left-noticiario-flamenco,candil,Candil,1989-07,1989,criticism,legitimating
1989-07-25-right-buz-n,candil,Candil,1989-07,1989,criticism,mixed
1989-07-25-right-buz-n,candil,Candil,1989-07,1989,authenticity,mixed
1989-07-25-right-buz-n,candil,Candil,1989-07,1989,tradition,mixed
1989-09-3-right-a-pedro-s-nchez,candil,Candil,1989-09,1989,heritage,legitimating
1989-09-3-right-a-pedro-s-nchez,candil,Candil,1989-09,1989,community,legitimating
1989-09-3-right-a-pedro-s-nchez,candil,Candil,1989-09,1989,authenticity,legitimating
1989-09-3-right-a-pedro-s-nchez,candil,Candil,1989-09,1989,criticism,legitimating
1989-09-4-left-carta,candil,Candil,1989-09,1989,criticism,legitimating
1989-09-4-right-miguel-de-linares-y,candil,Candil,1989-09,1989,authenticity,mixed
1989-09-4-right-miguel-de-linares-y,candil,Candil,1989-09,1989,tradition,mixed
1989-09-4-right-miguel-de-linares-y,candil,Candil,1989-09,1989,community,mixed
1989-09-4-right-miguel-de-linares-y,candil,Candil,1989-09,1989,pedagogy,mixed
1989-09-4-right-miguel-de-linares-y,candil,Candil,1989-09,1989,criticism,mixed
1989-09-8-left-el-pr-ximo-monogr-fico-sobre-ans,candil,Candil,1989-09,1989,pedagogy,legitimating
1989-09-8-left-el-pr-ximo-monogr-fico-sobre-ans,candil,Candil,1989-09,1989,criticism,legitimating
1989-09-9-right-manolo-barrios,candil,Candil,1989-09,1989,authenticity,legitimating
1989-09-9-right-manolo-barrios,candil,Candil,1989-09,1989,criticism,legitimating
1989-09-10-right-cantes-nuevos,candil,Candil,1989-09,1989,community,contested
1989-09-10-right-cantes-nuevos,candil,Candil,1989-09,1989,pedagogy,contested
1989-09-10-right-cantes-nuevos,candil,Candil,1989-09,1989,criticism,contested
1989-09-11-right-la-debla,candil,Candil,1989-09,1989,criticism,contested
1989-09-12-left-xvii-congreso-nacional,candil,Candil,1989-09,1989,criticism,mixed
1989-09-12-left-xvii-congreso-nacional,candil,Candil,1989-09,1989,community,mixed
1989-09-17-left-hacia-d-nde-vamos,candil,Candil,1989-09,1989,authenticity,mixed
1989-09-17-left-hacia-d-nde-vamos,candil,Candil,1989-09,1989,tradition,mixed
1989-09-17-left-hacia-d-nde-vamos,candil,Candil,1989-09,1989,community,mixed
1989-09-17-left-hacia-d-nde-vamos,candil,Candil,1989-09,1989,criticism,mixed
1989-09-19-left-el-desprop-sito-estriba-en-m,candil,Candil,1989-09,1989,criticism,contested
1989-09-19-left-el-desprop-sito-estriba-en-m,candil,Candil,1989-09,1989,tradition,contested
1989-09-21-left-la-minor-a-de-los-caballistas-ba,candil,Candil,1989-09,1989,community,mixed
1989-09-21-left-la-minor-a-de-los-caballistas-ba,candil,Candil,1989-09,1989,criticism,mixed
1989-09-22-right-el-mito-de-las-bailarinas-gadita,candil,Candil,1989-09,1989,authenticity,contested
1989-09-22-right-el-mito-de-las-bailarinas-gadita,candil,Candil,1989-09,1989,tradition,contested
1989-09-22-right-el-mito-de-las-bailarinas-gadita,candil,Candil,1989-09,1989,criticism,contested
1989-09-24-left-andaluc-a-siempre-maltratada,candil,Candil,1989-09,1989,authenticity,mixed
1989-09-24-left-andaluc-a-siempre-maltratada,candil,Candil,1989-09,1989,tradition,mixed
1989-09-24-left-andaluc-a-siempre-maltratada,candil,Candil,1989-09,1989,pedagogy,mixed
1989-09-24-left-andaluc-a-siempre-maltratada,candil,Candil,1989-09,1989,community,mixed
1989-09-24-right-podio-y-picota-ventolera,candil,Candil,1989-09,1989,heritage,mixed
1989-09-24-right-podio-y-picota-ventolera,candil,Candil,1989-09,1989,community,mixed
1989-09-24-right-podio-y-picota-ventolera,candil,Candil,1989-09,1989,criticism,mixed
1989-09-26-left-discografia-flamenca,candil,Candil,1989-09,1989,tradition,legitimating
1989-09-26-left-discografia-flamenca,candil,Candil,1989-09,1989,criticism,legitimating
1989-11-3-right-los-impremiables-editorial,candil,Candil,1989-11,1989,criticism,contested
1989-11-4-left-otras-formas-de-avanzar,candil,Candil,1989-11,1989,authenticity,legitimating
1989-11-4-left-otras-formas-de-avanzar,candil,Candil,1989-11,1989,community,legitimating
1989-11-4-left-otras-formas-de-avanzar,candil,Candil,1989-11,1989,pedagogy,legitimating
1989-11-5-left-memorable-preg-n-flamenco-de-nav,candil,Candil,1989-11,1989,criticism,legitimating
1989-11-5-left-memorable-preg-n-flamenco-de-nav,candil,Candil,1989-11,1989,community,legitimating
1989-11-6-left-isabel-fern-ndez,candil,Candil,1989-11,1989,heritage,legitimating
1989-11-6-left-isabel-fern-ndez,candil,Candil,1989-11,1989,pedagogy,legitimating
1989-11-6-right-viejo-carn-flamenco,candil,Candil,1989-11,1989,criticism,legitimating
1989-11-6-right-viejo-carn-flamenco,candil,Candil,1989-11,1989,community,legitimating
1989-11-6-right-viejo-carn-flamenco,candil,Candil,1989-11,1989,pedagogy,legitimating
1989-11-10-right-del-i-concurso-regional-de-cante,candil,Candil,1989-11,1989,criticism,legitimating
1989-11-11-left-belleza-positiva-del-drama-andal,candil,Candil,1989-11,1989,community,mixed
1989-11-11-left-belleza-positiva-del-drama-andal,candil,Candil,1989-11,1989,criticism,mixed
1989-11-11-left-belleza-positiva-del-drama-andal,candil,Candil,1989-11,1989,tradition,mixed
1989-11-12-left-enderezando-entuertos,candil,Candil,1989-11,1989,authenticity,legitimating
1989-11-12-left-enderezando-entuertos,candil,Candil,1989-11,1989,pedagogy,legitimating
1989-11-12-left-enderezando-entuertos,candil,Candil,1989-11,1989,criticism,legitimating
1989-11-13-right-cantar-por-grana-nas-paco,candil,Candil,1989-11,1989,criticism,mixed
1989-11-14-left-vi-distinci-n-comp-s-del-cante,candil,Candil,1989-11,1989,heritage,legitimating
1989-11-14-left-vi-distinci-n-comp-s-del-cante,candil,Candil,1989-11,1989,criticism,legitimating
1989-11-16-left-homenaje-a-juan-carmona-habichue,candil,Candil,1989-11,1989,criticism,legitimating
1989-11-17-right-canal-sur-y-el-flamenco,candil,Candil,1989-11,1989,heritage,legitimating
1989-11-17-right-canal-sur-y-el-flamenco,candil,Candil,1989-11,1989,community,legitimating
1989-11-17-right-canal-sur-y-el-flamenco,candil,Candil,1989-11,1989,authenticity,legitimating
1989-11-19-left-entrevista-con-juan-casillas,candil,Candil,1989-11,1989,pedagogy,legitimating
1989-11-19-left-entrevista-con-juan-casillas,candil,Candil,1989-11,1989,criticism,legitimating
1989-11-21-right-una-revoluci-n-en-el-an-lisis-de,candil,Candil,1989-11,1989,criticism,legitimating
1989-11-22-right-el-flamenco-ha-muerto-viva-el-fl,candil,Candil,1989-11,1989,authenticity,mixed
1989-11-22-right-el-flamenco-ha-muerto-viva-el-fl,candil,Candil,1989-11,1989,heritage,mixed
1989-11-22-right-el-flamenco-ha-muerto-viva-el-fl,candil,Candil,1989-11,1989,criticism,mixed
1989-11-26-left-discografia-flamenca,candil,Candil,1989-11,1989,criticism,legitimating
1989-11-26-left-discografia-flamenca,candil,Candil,1989-11,1989,pedagogy,legitimating
1990-01-3-right-editorial,candil,Candil,1990-01,1990,criticism,contested
1990-01-3-right-editorial,candil,Candil,1990-01,1990,community,contested
1990-01-4-right-paco-vallecillo-in-memoriam,candil,Candil,1990-01,1990,authenticity,mixed
1990-01-4-right-paco-vallecillo-in-memoriam,candil,Candil,1990-01,1990,community,mixed
1990-01-4-right-paco-vallecillo-in-memoriam,candil,Candil,1990-01,1990,criticism,mixed
1990-01-5-left-manuel-cano-in-memoriam-paco-val,candil,Candil,1990-01,1990,criticism,legitimating
1990-01-5-left-manuel-cano-in-memoriam-paco-val,candil,Candil,1990-01,1990,pedagogy,legitimating
1990-01-6-right-a-pepe-polluelas-ram-n-porras,candil,Candil,1990-01,1990,community,mixed
1990-01-6-right-a-pepe-polluelas-ram-n-porras,candil,Candil,1990-01,1990,criticism,mixed
1990-01-7-right-eduardo-de-la-malena-in-memoriam,candil,Candil,1990-01,1990,criticism,legitimating
1990-01-8-right-m-sica-culta-y,candil,Candil,1990-01,1990,community,contested
1990-01-8-right-m-sica-culta-y,candil,Candil,1990-01,1990,criticism,contested
1990-01-12-left-bailar-flamenco,candil,Candil,1990-01,1990,criticism,legitimating
1990-01-12-left-bailar-flamenco,candil,Candil,1990-01,1990,pedagogy,legitimating
1990-01-12-right-cante-y-toque-dos-aires-distinto,candil,Candil,1990-01,1990,authenticity,legitimating
1990-01-12-right-cante-y-toque-dos-aires-distinto,candil,Candil,1990-01,1990,tradition,legitimating
1990-01-12-right-cante-y-toque-dos-aires-distinto,candil,Candil,1990-01,1990,criticism,legitimating
1990-01-13-left-jorge-camacho,candil,Candil,1990-01,1990,authenticity,legitimating
1990-01-13-left-jorge-camacho,candil,Candil,1990-01,1990,criticism,legitimating
1990-01-13-right-antonia-la-negra,candil,Candil,1990-01,1990,pedagogy,legitimating
1990-01-13-right-antonia-la-negra,candil,Candil,1990-01,1990,community,legitimating
1990-01-13-right-antonia-la-negra,candil,Candil,1990-01,1990,criticism,legitimating
1990-01-15-right-de-desp-naperros-p-arriba,candil,Candil,1990-01,1990,tradition,legitimating
1990-01-15-right-de-desp-naperros-p-arriba,candil,Candil,1990-01,1990,community,legitimating
1990-01-16-left-interrogantes-dimes-y-diretes-so,candil,Candil,1990-01,1990,criticism,contested
1990-01-16-left-interrogantes-dimes-y-diretes-so,candil,Candil,1990-01,1990,pedagogy,contested
1990-01-18-right-opini-n-a-las-caba-as-baj-a-los-,candil,Candil,1990-01,1990,authenticity,legitimating
1990-01-18-right-opini-n-a-las-caba-as-baj-a-los-,candil,Candil,1990-01,1990,heritage,legitimating
1990-01-18-right-opini-n-a-las-caba-as-baj-a-los-,candil,Candil,1990-01,1990,criticism,legitimating
1990-01-19-right-el-solitario-int-rprete-sui-g-ne,candil,Candil,1990-01,1990,criticism,contested
1990-01-20-right-bibliograf-a,candil,Candil,1990-01,1990,criticism,delegitimating
1990-01-20-right-bibliograf-a,candil,Candil,1990-01,1990,community,delegitimating
1990-01-21-left-poemas-paco-arana,candil,Candil,1990-01,1990,criticism,legitimating
1990-01-22-left-noticiario,candil,Candil,1990-01,1990,pedagogy,legitimating
1990-01-22-left-noticiario,candil,Candil,1990-01,1990,heritage,legitimating
1990-01-23-left-hablan-las-pe-as,candil,Candil,1990-01,1990,criticism,legitimating
1990-01-24-right-buz-n-flamenco,candil,Candil,1990-01,1990,community,mixed
1990-01-24-right-buz-n-flamenco,candil,Candil,1990-01,1990,criticism,mixed
1990-01-26-left-discografia,candil,Candil,1990-01,1990,authenticity,legitimating
1990-01-26-left-discografia,candil,Candil,1990-01,1990,criticism,legitimating
1990-03-3-right-editorial,candil,Candil,1990-03,1990,authenticity,mixed
1990-03-3-right-editorial,candil,Candil,1990-03,1990,criticism,mixed
1990-03-4-left-eduardo-toldr,candil,Candil,1990-03,1990,criticism,contested
1990-03-10-right-ellos-los-protagonistas-dicen-ch,candil,Candil,1990-03,1990,authenticity,mixed
1990-03-10-right-ellos-los-protagonistas-dicen-ch,candil,Candil,1990-03,1990,community,mixed
1990-03-10-right-ellos-los-protagonistas-dicen-ch,candil,Candil,1990-03,1990,criticism,mixed
1990-03-12-left-aunque-no-quepa-en-el-papel-cant,candil,Candil,1990-03,1990,heritage,mixed
1990-03-12-left-aunque-no-quepa-en-el-papel-cant,candil,Candil,1990-03,1990,tradition,mixed
1990-03-12-left-aunque-no-quepa-en-el-papel-cant,candil,Candil,1990-03,1990,criticism,mixed
1990-03-12-right-opini-n-m-s-luz-sobre-los-hist-r,candil,Candil,1990-03,1990,criticism,contested
1990-03-14-left-pe-a-flamenca-femenina,candil,Candil,1990-03,1990,community,legitimating
1990-03-14-left-pe-a-flamenca-femenina,candil,Candil,1990-03,1990,heritage,legitimating
1990-03-15-right-discografia,candil,Candil,1990-03,1990,criticism,mixed
1990-03-16-left-algunos-aspectos-de-la-represent,candil,Candil,1990-03,1990,authenticity,legitimating
1990-03-16-left-algunos-aspectos-de-la-represent,candil,Candil,1990-03,1990,tradition,legitimating
1990-03-16-left-algunos-aspectos-de-la-represent,candil,Candil,1990-03,1990,community,legitimating
1990-03-18-right-la-di-spora-del-flamenco-pe-a-fl,candil,Candil,1990-03,1990,authenticity,mixed
1990-03-18-right-la-di-spora-del-flamenco-pe-a-fl,candil,Candil,1990-03,1990,pedagogy,mixed
1990-03-18-right-la-di-spora-del-flamenco-pe-a-fl,candil,Candil,1990-03,1990,criticism,mixed
1990-03-20-left-cantes-nuevos,candil,Candil,1990-03,1990,pedagogy,legitimating
1990-03-20-left-cantes-nuevos,candil,Candil,1990-03,1990,criticism,legitimating
1990-03-20-right-cr-nica-de-la-final-del-i-concur,candil,Candil,1990-03,1990,criticism,delegitimating
1990-03-21-right-de-la-ra-z-y-la-evoluci-n-del-ca,candil,Candil,1990-03,1990,authenticity,legitimating
1990-03-21-right-de-la-ra-z-y-la-evoluci-n-del-ca,candil,Candil,1990-03,1990,tradition,legitimating
1990-03-21-right-de-la-ra-z-y-la-evoluci-n-del-ca,candil,Candil,1990-03,1990,pedagogy,legitimating
1990-03-24-left-noticiario-flamenco,candil,Candil,1990-03,1990,authenticity,legitimating
1990-03-24-left-noticiario-flamenco,candil,Candil,1990-03,1990,heritage,legitimating
1990-03-24-left-noticiario-flamenco,candil,Candil,1990-03,1990,criticism,legitimating
1990-05-3-right-editorial,candil,Candil,1990-05,1990,heritage,legitimating
1990-05-3-right-editorial,candil,Candil,1990-05,1990,criticism,legitimating
1990-05-4-left-la-lealtad-y-la-amistad-en-paco-,candil,Candil,1990-05,1990,criticism,contested
1990-05-4-right-jos-n-ez-de-castro-g-mez,candil,Candil,1990-05,1990,criticism,legitimating
1990-05-4-right-jos-n-ez-de-castro-g-mez,candil,Candil,1990-05,1990,pedagogy,legitimating
1990-05-4-right-jos-n-ez-de-castro-g-mez,candil,Candil,1990-05,1990,heritage,legitimating
1990-05-6-left-viejo-carn-flamenco,candil,Candil,1990-05,1990,criticism,mixed
1990-05-6-left-viejo-carn-flamenco,candil,Candil,1990-05,1990,community,mixed
1990-05-13-left-garc-a-lorca-y-el-flamenco,candil,Candil,1990-05,1990,criticism,legitimating
1990-05-18-left-v-semana-de-estudios-flamencos,candil,Candil,1990-05,1990,criticism,legitimating
1990-05-18-left-v-semana-de-estudios-flamencos,candil,Candil,1990-05,1990,heritage,legitimating
1990-05-19-right-juan-moreno-maya-el-pele-y-vicen,candil,Candil,1990-05,1990,pedagogy,legitimating
1990-05-19-right-juan-moreno-maya-el-pele-y-vicen,candil,Candil,1990-05,1990,criticism,legitimating
1990-05-22-left-vii-trofeo-lucas-l-pez,candil,Candil,1990-05,1990,criticism,legitimating
1990-05-22-left-vii-trofeo-lucas-l-pez,candil,Candil,1990-05,1990,tradition,legitimating
1990-05-23-right-de-juan-breva,candil,Candil,1990-05,1990,criticism,legitimating
1990-05-24-left-jugando-al-despiste,candil,Candil,1990-05,1990,authenticity,contested
1990-05-24-left-jugando-al-despiste,candil,Candil,1990-05,1990,tradition,contested
1990-05-24-left-jugando-al-despiste,candil,Candil,1990-05,1990,criticism,contested
1990-05-25-left-buz-n-flamenco,candil,Candil,1990-05,1990,heritage,legitimating
1990-05-25-left-buz-n-flamenco,candil,Candil,1990-05,1990,pedagogy,legitimating
1990-05-25-left-buz-n-flamenco,candil,Candil,1990-05,1990,community,legitimating
1990-05-26-left-discografia,candil,Candil,1990-05,1990,criticism,legitimating
1990-07-3-right-editorial,candil,Candil,1990-07,1990,heritage,contested
1990-07-3-right-editorial,candil,Candil,1990-07,1990,pedagogy,contested
1990-07-3-right-editorial,candil,Candil,1990-07,1990,criticism,contested
1990-07-4-left-viejo-carn-flamenco,candil,Candil,1990-07,1990,community,delegitimating
1990-07-4-left-viejo-carn-flamenco,candil,Candil,1990-07,1990,criticism,delegitimating
1990-07-8-left-xxvi-concurso-nacional-de,candil,Candil,1990-07,1990,criticism,mixed
1990-07-9-left-flamenco-en-la-universidad,candil,Candil,1990-07,1990,pedagogy,legitimating
1990-07-9-left-flamenco-en-la-universidad,candil,Candil,1990-07,1990,heritage,legitimating
1990-07-9-left-flamenco-en-la-universidad,candil,Candil,1990-07,1990,criticism,legitimating
1990-07-9-right-esa-m-sica-viene-de-la-tierra,candil,Candil,1990-07,1990,pedagogy,legitimating
1990-07-9-right-esa-m-sica-viene-de-la-tierra,candil,Candil,1990-07,1990,tradition,legitimating
1990-07-9-right-esa-m-sica-viene-de-la-tierra,candil,Candil,1990-07,1990,criticism,legitimating
1990-07-11-left-pedro-s-nchez-y-ram-n-porras,candil,Candil,1990-07,1990,community,mixed
1990-07-11-left-pedro-s-nchez-y-ram-n-porras,candil,Candil,1990-07,1990,criticism,mixed
1990-07-13-right-bamberas,candil,Candil,1990-07,1990,authenticity,legitimating
1990-07-13-right-bamberas,candil,Candil,1990-07,1990,criticism,legitimating
1990-07-13-right-bamberas,candil,Candil,1990-07,1990,community,legitimating
1990-07-14-left-un-ejemplo-a-seguir,candil,Candil,1990-07,1990,criticism,legitimating
1990-07-14-left-un-ejemplo-a-seguir,candil,Candil,1990-07,1990,community,legitimating
1990-07-14-right-legado-flamenco,candil,Candil,1990-07,1990,heritage,mixed
1990-07-14-right-legado-flamenco,candil,Candil,1990-07,1990,criticism,mixed
1990-07-15-right-una-evidencia-ignorada-durante-c,candil,Candil,1990-07,1990,criticism,contested
1990-07-17-left-poes-a-y-letras-flamencas-paco-a,candil,Candil,1990-07,1990,tradition,legitimating
1990-07-17-left-poes-a-y-letras-flamencas-paco-a,candil,Candil,1990-07,1990,criticism,legitimating
1990-07-18-left-camilo-salinas-y-rafael-e-bejara,candil,Candil,1990-07,1990,authenticity,mixed
1990-07-18-left-camilo-salinas-y-rafael-e-bejara,candil,Candil,1990-07,1990,pedagogy,mixed
1990-07-18-left-camilo-salinas-y-rafael-e-bejara,candil,Candil,1990-07,1990,criticism,mixed
1990-07-18-right-buz-n-flamenco,candil,Candil,1990-07,1990,criticism,contested
1990-07-18-right-buz-n-flamenco,candil,Candil,1990-07,1990,pedagogy,contested
1990-07-19-right-evocaci-n-de-pastora-pav-n-ni-a-,candil,Candil,1990-07,1990,pedagogy,contested
1990-07-19-right-evocaci-n-de-pastora-pav-n-ni-a-,candil,Candil,1990-07,1990,criticism,contested
1990-07-21-left-bibliograf-a,candil,Candil,1990-07,1990,heritage,legitimating
1990-07-21-left-bibliograf-a,candil,Candil,1990-07,1990,criticism,legitimating
1990-07-22-left-cantes-nuevos-soleares,candil,Candil,1990-07,1990,tradition,legitimating
1990-07-22-left-cantes-nuevos-soleares,candil,Candil,1990-07,1990,criticism,legitimating
1990-07-26-left-discografia-flamenca,candil,Candil,1990-07,1990,criticism,mixed
1990-07-23-left-hablan-las-pe-as,candil,Candil,1990-07,1990,community,legitimating
1990-07-23-left-hablan-las-pe-as,candil,Candil,1990-07,1990,criticism,legitimating
1990-07-24-left-noticiario-flamenco,candil,Candil,1990-07,1990,criticism,delegitimating
1990-07-24-left-noticiario-flamenco,candil,Candil,1990-07,1990,community,delegitimating
1990-07-24-left-noticiario-flamenco,candil,Candil,1990-07,1990,authenticity,delegitimating
1990-07-25-right-agosto-y-los-flamencos-llamados-,candil,Candil,1990-07,1990,criticism,legitimating
1990-07-25-right-agosto-y-los-flamencos-llamados-,candil,Candil,1990-07,1990,pedagogy,legitimating
1990-07-25-right-agosto-y-los-flamencos-llamados-,candil,Candil,1990-07,1990,community,legitimating
1990-07-27-left-discografia-flamenca,candil,Candil,1990-07,1990,criticism,legitimating
1990-09-4-left-viejo-carn-flamenco-anselmo-gonz,candil,Candil,1990-09,1990,tradition,contested
1990-09-4-left-viejo-carn-flamenco-anselmo-gonz,candil,Candil,1990-09,1990,criticism,contested
1990-09-7-left-el-ni-o-de-la-ribera,candil,Candil,1990-09,1990,pedagogy,legitimating
1990-09-7-left-el-ni-o-de-la-ribera,candil,Candil,1990-09,1990,community,legitimating
1990-09-7-left-el-ni-o-de-la-ribera,candil,Candil,1990-09,1990,criticism,legitimating
1990-09-9-right-xviii-congreso-nacional-de-activ,candil,Candil,1990-09,1990,criticism,legitimating
1990-09-9-right-xviii-congreso-nacional-de-activ,candil,Candil,1990-09,1990,community,legitimating
1990-09-9-right-xviii-congreso-nacional-de-activ,candil,Candil,1990-09,1990,heritage,legitimating
1990-09-12-right-enorme-muestra-de-cante-extreme-,candil,Candil,1990-09,1990,criticism,mixed
1990-09-13-right-el-flamenco-entre-las-m-sicas-or,candil,Candil,1990-09,1990,authenticity,contested
1990-09-13-right-el-flamenco-entre-las-m-sicas-or,candil,Candil,1990-09,1990,criticism,contested
1990-09-14-right-la-importancia-de-granada-en-la-,candil,Candil,1990-09,1990,tradition,legitimating
1990-09-14-right-la-importancia-de-granada-en-la-,candil,Candil,1990-09,1990,criticism,legitimating
1990-09-14-right-la-importancia-de-granada-en-la-,candil,Candil,1990-09,1990,community,legitimating
1990-09-15-right-contribuci-n-a-la-etimolog-a-de-,candil,Candil,1990-09,1990,criticism,contested
1990-09-20-left-musicolog-a-del-flamenco-3-er-ca,candil,Candil,1990-09,1990,pedagogy,legitimating
1990-09-20-left-musicolog-a-del-flamenco-3-er-ca,candil,Candil,1990-09,1990,authenticity,legitimating
1990-09-22-right-hondura-duende-y-gusto,candil,Candil,1990-09,1990,criticism,legitimating
1990-09-22-right-hondura-duende-y-gusto,candil,Candil,1990-09,1990,community,legitimating
1990-09-23-left-cante-hondo,candil,Candil,1990-09,1990,community,legitimating
1990-09-23-left-cante-hondo,candil,Candil,1990-09,1990,authenticity,legitimating
1990-09-24-left-bibliograf-a,candil,Candil,1990-09,1990,criticism,legitimating
1990-09-25-right-que-nadie-se-fie-de-su-memoria,candil,Candil,1990-09,1990,criticism,contested
1990-09-26-left-discografia-flamenca,candil,Candil,1990-09,1990,criticism,legitimating
1990-09-26-left-discografia-flamenca,candil,Candil,1990-09,1990,tradition,legitimating
1990-09-27-left-discografia-flamenca,candil,Candil,1990-09,1990,criticism,legitimating
1990-11-5-left-fernanda-y-bernarda-o-la-reclama,candil,Candil,1990-11,1990,criticism,legitimating
1990-11-5-left-fernanda-y-bernarda-o-la-reclama,candil,Candil,1990-11,1990,tradition,legitimating
1990-11-7-left-fernanda-y-bernarda-de-utrera-el,candil,Candil,1990-11,1990,tradition,mixed
1990-11-7-left-fernanda-y-bernarda-de-utrera-el,candil,Candil,1990-11,1990,criticism,mixed
1990-11-7-left-fernanda-y-bernarda-de-utrera-el,candil,Candil,1990-11,1990,authenticity,mixed
1990-11-10-right-por-cabales,candil,Candil,1990-11,1990,criticism,legitimating
1990-11-11-left-las-ni-as,candil,Candil,1990-11,1990,heritage,legitimating
1990-11-11-left-las-ni-as,candil,Candil,1990-11,1990,criticism,legitimating
1990-11-11-left-las-ni-as,candil,Candil,1990-11,1990,pedagogy,legitimating
1990-11-11-right-a-fernanda-y-bernarda,candil,Candil,1990-11,1990,authenticity,legitimating
1990-11-11-right-a-fernanda-y-bernarda,candil,Candil,1990-11,1990,criticism,legitimating
1990-11-11-right-a-fernanda-y-bernarda,candil,Candil,1990-11,1990,pedagogy,legitimating
1990-11-12-left-expresi-n-vivencial-del-cante-gi,candil,Candil,1990-11,1990,heritage,legitimating
1990-11-12-left-expresi-n-vivencial-del-cante-gi,candil,Candil,1990-11,1990,pedagogy,legitimating
1990-11-12-left-expresi-n-vivencial-del-cante-gi,candil,Candil,1990-11,1990,community,legitimating
1990-11-13-left-de-do-a-bernarda-a-la-ilustr-sim,candil,Candil,1990-11,1990,authenticity,mixed
1990-11-13-left-de-do-a-bernarda-a-la-ilustr-sim,candil,Candil,1990-11,1990,tradition,mixed
1990-11-13-left-de-do-a-bernarda-a-la-ilustr-sim,candil,Candil,1990-11,1990,criticism,mixed
1990-11-14-left-fernanda-y-bernarda-en-mairena-d,candil,Candil,1990-11,1990,tradition,legitimating
1990-11-14-left-fernanda-y-bernarda-en-mairena-d,candil,Candil,1990-11,1990,criticism,legitimating
1990-11-14-left-fernanda-y-bernarda-en-mairena-d,candil,Candil,1990-11,1990,community,legitimating
1990-11-14-right-dos-gitanas-en,candil,Candil,1990-11,1990,criticism,legitimating
1990-11-14-right-dos-gitanas-en,candil,Candil,1990-11,1990,community,legitimating
1990-11-15-right-utrera-y-sus-cantaoras,candil,Candil,1990-11,1990,tradition,legitimating
1990-11-15-right-utrera-y-sus-cantaoras,candil,Candil,1990-11,1990,criticism,legitimating
1990-11-15-right-utrera-y-sus-cantaoras,candil,Candil,1990-11,1990,community,legitimating
1990-11-16-left-ole-viva-utrera,candil,Candil,1990-11,1990,community,legitimating
1990-11-16-left-ole-viva-utrera,candil,Candil,1990-11,1990,tradition,legitimating
1990-11-16-left-ole-viva-utrera,candil,Candil,1990-11,1990,criticism,legitimating
1990-11-17-left-notas-p-stumas,candil,Candil,1990-11,1990,criticism,legitimating
1990-11-17-left-notas-p-stumas,candil,Candil,1990-11,1990,tradition,legitimating
1990-11-17-right-retrato-del-ngel-moreno-a-fernan,candil,Candil,1990-11,1990,authenticity,legitimating
1990-11-17-right-retrato-del-ngel-moreno-a-fernan,candil,Candil,1990-11,1990,tradition,legitimating
1990-11-17-right-retrato-del-ngel-moreno-a-fernan,candil,Candil,1990-11,1990,criticism,legitimating
1990-11-18-right-poes-as-y-cantes-salvador-de-qui,candil,Candil,1990-11,1990,tradition,legitimating
1990-11-18-right-poes-as-y-cantes-salvador-de-qui,candil,Candil,1990-11,1990,criticism,legitimating
1990-11-22-right-fernanda-de-utrera-y-el-cante-po,candil,Candil,1990-11,1990,criticism,legitimating
1990-11-22-right-fernanda-de-utrera-y-el-cante-po,candil,Candil,1990-11,1990,community,legitimating
1990-11-22-right-fernanda-de-utrera-y-el-cante-po,candil,Candil,1990-11,1990,tradition,legitimating
1990-11-25-left-la-sole-de-fernanda,candil,Candil,1990-11,1990,criticism,legitimating
1990-11-25-left-la-sole-de-fernanda,candil,Candil,1990-11,1990,tradition,legitimating
1990-11-25-right-he-o-do-que-canta-fernanda-de-ut,candil,Candil,1990-11,1990,tradition,legitimating
1990-11-25-right-he-o-do-que-canta-fernanda-de-ut,candil,Candil,1990-11,1990,criticism,legitimating
1990-11-26-left-fernanda-de-utrera-un-nuevo-duen,candil,Candil,1990-11,1990,authenticity,legitimating
1990-11-26-left-fernanda-de-utrera-un-nuevo-duen,candil,Candil,1990-11,1990,criticism,legitimating
1990-11-28-right-una-verdad,candil,Candil,1990-11,1990,authenticity,mixed
1990-11-28-right-una-verdad,candil,Candil,1990-11,1990,criticism,mixed
1990-11-29-left-fernanda,candil,Candil,1990-11,1990,criticism,legitimating
1990-11-29-left-fernanda,candil,Candil,1990-11,1990,tradition,legitimating
1991-01-3-right-flamenco-y-marginalidad,candil,Candil,1991-01,1991,tradition,mixed
1991-01-3-right-flamenco-y-marginalidad,candil,Candil,1991-01,1991,heritage,mixed
1991-01-3-right-flamenco-y-marginalidad,candil,Candil,1991-01,1991,community,mixed
1991-01-5-right-viejo-carn-flamenco-pepe-el-de-l,candil,Candil,1991-01,1991,pedagogy,mixed
1991-01-5-right-viejo-carn-flamenco-pepe-el-de-l,candil,Candil,1991-01,1991,criticism,mixed
1991-01-5-right-viejo-carn-flamenco-pepe-el-de-l,candil,Candil,1991-01,1991,tradition,mixed
1991-01-10-left-carta-abierta-a-agust-n-g-mez,candil,Candil,1991-01,1991,criticism,contested
1991-01-11-left-fernanda-y-bernarda-homenaje-nac,candil,Candil,1991-01,1991,criticism,legitimating
1991-01-11-left-fernanda-y-bernarda-homenaje-nac,candil,Candil,1991-01,1991,heritage,legitimating
1991-01-11-left-fernanda-y-bernarda-homenaje-nac,candil,Candil,1991-01,1991,authenticity,legitimating
1991-01-11-left-fernanda-y-bernarda-homenaje-nac,candil,Candil,1991-01,1991,tradition,legitimating
1991-01-13-left-gabriel-moreno,candil,Candil,1991-01,1991,criticism,mixed
1991-01-13-left-gabriel-moreno,candil,Candil,1991-01,1991,pedagogy,mixed
1991-01-13-left-gabriel-moreno,candil,Candil,1991-01,1991,tradition,mixed
1991-01-15-left-pastora-y-la-casa-de-los-pabones,candil,Candil,1991-01,1991,tradition,legitimating
1991-01-15-left-pastora-y-la-casa-de-los-pabones,candil,Candil,1991-01,1991,pedagogy,legitimating
1991-01-15-left-pastora-y-la-casa-de-los-pabones,candil,Candil,1991-01,1991,criticism,legitimating
1991-01-19-right-opini-n-el-flamenco-en-la-pintur,candil,Candil,1991-01,1991,criticism,legitimating
1991-01-21-right-en-defensa-del-cante-jondo-o-el-,candil,Candil,1991-01,1991,authenticity,mixed
1991-01-21-right-en-defensa-del-cante-jondo-o-el-,candil,Candil,1991-01,1991,tradition,mixed
1991-01-21-right-en-defensa-del-cante-jondo-o-el-,candil,Candil,1991-01,1991,criticism,mixed
1991-01-25-right-eleg-a-por-do-a-concha-piquer,candil,Candil,1991-01,1991,criticism,legitimating
1991-01-26-left-aunque-no-quepa-en-el-papel,candil,Candil,1991-01,1991,community,legitimating
1991-01-26-left-aunque-no-quepa-en-el-papel,candil,Candil,1991-01,1991,pedagogy,legitimating
1991-01-26-left-aunque-no-quepa-en-el-papel,candil,Candil,1991-01,1991,criticism,legitimating
1991-01-27-left-flamenca,candil,Candil,1991-01,1991,criticism,legitimating
1991-01-27-left-flamenca,candil,Candil,1991-01,1991,tradition,legitimating
1991-01-27-left-flamenca,candil,Candil,1991-01,1991,authenticity,legitimating
1991-01-27-right-vii-distinci-n-comp-s-del-cante,candil,Candil,1991-01,1991,community,legitimating
1991-01-27-right-vii-distinci-n-comp-s-del-cante,candil,Candil,1991-01,1991,criticism,legitimating
1991-01-28-left-enderezando-entuertos,candil,Candil,1991-01,1991,criticism,contested
1991-01-29-left-noticiario-flamenco,candil,Candil,1991-01,1991,criticism,mixed
1991-01-29-left-noticiario-flamenco,candil,Candil,1991-01,1991,pedagogy,mixed
1991-03-3-left-manuel-vallejo-en-el-centenario-,candil,Candil,1991-03,1991,criticism,legitimating
1991-03-3-left-manuel-vallejo-en-el-centenario-,candil,Candil,1991-03,1991,heritage,legitimating
1991-03-5-left-viejo-carn-flamenco,candil,Candil,1991-03,1991,criticism,mixed
1991-03-5-left-viejo-carn-flamenco,candil,Candil,1991-03,1991,authenticity,mixed
1991-03-8-left-jos-antonio-d-az-fern-ndez-chaqu,candil,Candil,1991-03,1991,pedagogy,legitimating
1991-03-8-left-jos-antonio-d-az-fern-ndez-chaqu,candil,Candil,1991-03,1991,community,legitimating
1991-03-11-left-el-flamenco-descrito-en-1850-por,candil,Candil,1991-03,1991,criticism,legitimating
1991-03-15-left-el-doble-homenaje,candil,Candil,1991-03,1991,criticism,legitimating
1991-03-15-right-memoria-de-rafael-romero,candil,Candil,1991-03,1991,community,legitimating
1991-03-15-right-memoria-de-rafael-romero,candil,Candil,1991-03,1991,authenticity,legitimating
1991-03-15-right-memoria-de-rafael-romero,candil,Candil,1991-03,1991,heritage,legitimating
1991-03-17-right-rafael-romero-romero-el-gallina-,candil,Candil,1991-03,1991,pedagogy,legitimating
1991-03-17-right-rafael-romero-romero-el-gallina-,candil,Candil,1991-03,1991,heritage,legitimating
1991-03-17-right-rafael-romero-romero-el-gallina-,candil,Candil,1991-03,1991,criticism,legitimating
1991-03-18-right-rafael-romero,candil,Candil,1991-03,1991,pedagogy,mixed
1991-03-18-right-rafael-romero,candil,Candil,1991-03,1991,authenticity,mixed
1991-03-18-right-rafael-romero,candil,Candil,1991-03,1991,criticism,mixed
1991-03-19-right-recuerdos-y-reflexiones-en-torno,candil,Candil,1991-03,1991,criticism,legitimating
1991-03-21-left-in-memoriam-rafael-romero-el-gal,candil,Candil,1991-03,1991,authenticity,legitimating
1991-03-21-left-in-memoriam-rafael-romero-el-gal,candil,Candil,1991-03,1991,pedagogy,legitimating
1991-03-21-left-in-memoriam-rafael-romero-el-gal,candil,Candil,1991-03,1991,criticism,legitimating
1991-03-22-left-el-ltimo-de-la-escuela-carta-a-r,candil,Candil,1991-03,1991,community,legitimating
1991-03-22-left-el-ltimo-de-la-escuela-carta-a-r,candil,Candil,1991-03,1991,pedagogy,legitimating
1991-03-22-left-el-ltimo-de-la-escuela-carta-a-r,candil,Candil,1991-03,1991,criticism,legitimating
1991-03-25-left-entrega-de-la-vii-distinci-n-com,candil,Candil,1991-03,1991,criticism,legitimating
1991-03-26-right-el-flamenco-y-la-cultura-popular,candil,Candil,1991-03,1991,authenticity,contested
1991-03-26-right-el-flamenco-y-la-cultura-popular,candil,Candil,1991-03,1991,tradition,contested
1991-03-26-right-el-flamenco-y-la-cultura-popular,candil,Candil,1991-03,1991,heritage,contested
1991-03-26-right-el-flamenco-y-la-cultura-popular,candil,Candil,1991-03,1991,community,contested
1991-03-34-left-discografia-flamenca,candil,Candil,1991-03,1991,authenticity,legitimating
1991-03-34-left-discografia-flamenca,candil,Candil,1991-03,1991,tradition,legitimating
1991-03-34-left-discografia-flamenca,candil,Candil,1991-03,1991,criticism,legitimating
1991-05-3-left-editorial,candil,Candil,1991-05,1991,tradition,legitimating
1991-05-3-left-editorial,candil,Candil,1991-05,1991,pedagogy,legitimating
1991-05-3-left-editorial,candil,Candil,1991-05,1991,criticism,legitimating
1991-05-3-right-manuel-martin-acad-mico,candil,Candil,1991-05,1991,heritage,legitimating
1991-05-3-right-manuel-martin-acad-mico,candil,Candil,1991-05,1991,pedagogy,legitimating
1991-05-3-right-manuel-martin-acad-mico,candil,Candil,1991-05,1991,criticism,legitimating
1991-05-4-left-viejo-carn-flamenco-jarrito-pepe,candil,Candil,1991-05,1991,criticism,mixed
1991-05-4-left-viejo-carn-flamenco-jarrito-pepe,candil,Candil,1991-05,1991,authenticity,mixed
1991-05-4-left-viejo-carn-flamenco-jarrito-pepe,candil,Candil,1991-05,1991,heritage,mixed
1991-05-9-left-francisco-d-az-garc-a-curro-de-u,candil,Candil,1991-05,1991,tradition,mixed
1991-05-9-left-francisco-d-az-garc-a-curro-de-u,candil,Candil,1991-05,1991,pedagogy,mixed
1991-05-9-left-francisco-d-az-garc-a-curro-de-u,candil,Candil,1991-05,1991,criticism,mixed
1991-05-10-right-sucinta-cr-nica-de-unas-jornadas,candil,Candil,1991-05,1991,criticism,mixed
1991-05-13-left-cantes-aut-ctonos-de-ja-n,candil,Candil,1991-05,1991,tradition,legitimating
1991-05-13-left-cantes-aut-ctonos-de-ja-n,candil,Candil,1991-05,1991,heritage,legitimating
1991-05-13-left-cantes-aut-ctonos-de-ja-n,candil,Candil,1991-05,1991,criticism,legitimating
1991-05-16-right-homenaje-a-paco-vallecillo,candil,Candil,1991-05,1991,community,legitimating
1991-05-16-right-homenaje-a-paco-vallecillo,candil,Candil,1991-05,1991,heritage,legitimating
1991-05-16-right-homenaje-a-paco-vallecillo,candil,Candil,1991-05,1991,criticism,legitimating
1991-05-17-right-opini-n-paco-de-luc-a-flamenco-u,candil,Candil,1991-05,1991,criticism,legitimating
1991-05-17-right-opini-n-paco-de-luc-a-flamenco-u,candil,Candil,1991-05,1991,authenticity,legitimating
1991-05-19-right-carlos-cruz,candil,Candil,1991-05,1991,criticism,legitimating
1991-05-21-left-rojo-el-alpargatero-en-la-uni-n-,candil,Candil,1991-05,1991,criticism,legitimating
1991-05-21-right-una-historia-en-coplas-la-traged,candil,Candil,1991-05,1991,tradition,legitimating
1991-05-21-right-una-historia-en-coplas-la-traged,candil,Candil,1991-05,1991,pedagogy,legitimating
1991-05-25-right-ense-ar-a-quien-no-sabe,candil,Candil,1991-05,1991,pedagogy,legitimating
1991-05-25-right-ense-ar-a-quien-no-sabe,candil,Candil,1991-05,1991,criticism,legitimating
1991-05-26-left-aunque-no-quepa-en-el-papel,candil,Candil,1991-05,1991,pedagogy,legitimating
1991-05-26-left-aunque-no-quepa-en-el-papel,candil,Candil,1991-05,1991,criticism,legitimating
1991-05-27-left-enderezando-entuertos,candil,Candil,1991-05,1991,criticism,contested
1991-05-27-left-enderezando-entuertos,candil,Candil,1991-05,1991,community,contested
1991-05-27-right-flamenca,candil,Candil,1991-05,1991,criticism,legitimating
1991-05-27-right-flamenca,candil,Candil,1991-05,1991,heritage,legitimating
1991-05-29-right-hablan-las-pe-as,candil,Candil,1991-05,1991,criticism,legitimating
1991-07-3-left-editorial,candil,Candil,1991-07,1991,heritage,mixed
1991-07-3-left-editorial,candil,Candil,1991-07,1991,criticism,mixed
1991-07-3-right-bendito-seas-t-tulo-de-opera-fla,candil,Candil,1991-07,1991,criticism,contested
1991-07-3-right-bendito-seas-t-tulo-de-opera-fla,candil,Candil,1991-07,1991,tradition,contested
1991-07-4-left-viejo-carn-flamenco,candil,Candil,1991-07,1991,authenticity,mixed
1991-07-4-left-viejo-carn-flamenco,candil,Candil,1991-07,1991,criticism,mixed
1991-07-9-right-de-pregones-y-fandangos-malague-,candil,Candil,1991-07,1991,tradition,legitimating
1991-07-9-right-de-pregones-y-fandangos-malague-,candil,Candil,1991-07,1991,criticism,legitimating
1991-07-12-left-luis-el-de-la-venta-premiado-en-,candil,Candil,1991-07,1991,pedagogy,legitimating
1991-07-12-left-luis-el-de-la-venta-premiado-en-,candil,Candil,1991-07,1991,criticism,legitimating
1991-07-12-left-luis-el-de-la-venta-premiado-en-,candil,Candil,1991-07,1991,community,legitimating
1991-07-12-right-manuel-vallejo-o-el-ruise-or-fla,candil,Candil,1991-07,1991,criticism,legitimating
1991-07-12-right-manuel-vallejo-o-el-ruise-or-fla,candil,Candil,1991-07,1991,community,legitimating
1991-07-14-left-homenaje-al-veterano-cantaor-mad,candil,Candil,1991-07,1991,criticism,legitimating
1991-07-14-left-homenaje-al-veterano-cantaor-mad,candil,Candil,1991-07,1991,pedagogy,legitimating
1991-07-15-left-la-intertextualidad-como-recurso,candil,Candil,1991-07,1991,criticism,mixed
1991-07-15-left-la-intertextualidad-como-recurso,candil,Candil,1991-07,1991,community,mixed
1991-07-17-left-dos-discursos-hom-logos,candil,Candil,1991-07,1991,tradition,legitimating
1991-07-17-left-dos-discursos-hom-logos,candil,Candil,1991-07,1991,heritage,legitimating
1991-07-17-left-dos-discursos-hom-logos,candil,Candil,1991-07,1991,community,legitimating
1991-07-19-right-la-alegr-a-de-la-huerta,candil,Candil,1991-07,1991,tradition,legitimating
1991-07-19-right-la-alegr-a-de-la-huerta,candil,Candil,1991-07,1991,criticism,legitimating
1991-07-23-right-cantaor,candil,Candil,1991-07,1991,criticism,legitimating
1991-07-24-left-aunque-no-quepa-en-el-papel,candil,Candil,1991-07,1991,criticism,legitimating
1991-07-24-left-aunque-no-quepa-en-el-papel,candil,Candil,1991-07,1991,authenticity,legitimating
1991-07-25-left-hablan-las-pe-as,candil,Candil,1991-07,1991,heritage,legitimating
1991-07-26-right-discografia-flamenca,candil,Candil,1991-07,1991,authenticity,legitimating
1991-07-26-right-discografia-flamenca,candil,Candil,1991-07,1991,criticism,legitimating
1991-07-27-left-bailaoras-de-hoy,candil,Candil,1991-07,1991,criticism,legitimating
1991-09-3-left-editorial,candil,Candil,1991-09,1991,tradition,mixed
1991-09-3-left-editorial,candil,Candil,1991-09,1991,community,mixed
1991-09-3-left-editorial,candil,Candil,1991-09,1991,criticism,mixed
1991-09-3-right-los-intelectuales-ante-el-flamen,candil,Candil,1991-09,1991,pedagogy,legitimating
1991-09-3-right-los-intelectuales-ante-el-flamen,candil,Candil,1991-09,1991,criticism,legitimating
1991-07-23-right-cantaor,candil,Candil,1991-07,1991,tradition,legitimating
1991-07-23-right-cantaor,candil,Candil,1991-07,1991,criticism,legitimating
1991-07-24-left-aunque-no-quepa-en-el-papel,candil,Candil,1991-07,1991,criticism,legitimating
1991-07-24-left-aunque-no-quepa-en-el-papel,candil,Candil,1991-07,1991,authenticity,legitimating
1991-09-4-left-viejo-carn-flamenco,candil,Candil,1991-09,1991,authenticity,delegitimating
1991-09-4-left-viejo-carn-flamenco,candil,Candil,1991-09,1991,criticism,delegitimating
1991-09-8-right-francisco-almagro-herrera,candil,Candil,1991-09,1991,community,legitimating
1991-09-8-right-francisco-almagro-herrera,candil,Candil,1991-09,1991,pedagogy,legitimating
1991-09-8-right-francisco-almagro-herrera,candil,Candil,1991-09,1991,criticism,legitimating
1991-09-11-right-existe-una-cultura-andaluza,candil,Candil,1991-09,1991,tradition,mixed
1991-09-11-right-existe-una-cultura-andaluza,candil,Candil,1991-09,1991,heritage,mixed
1991-09-11-right-existe-una-cultura-andaluza,candil,Candil,1991-09,1991,community,mixed
1991-09-11-right-existe-una-cultura-andaluza,candil,Candil,1991-09,1991,authenticity,mixed
1991-09-12-left-acercamiento-a-la-discograf-a-de,candil,Candil,1991-09,1991,criticism,contested
1991-09-12-left-acercamiento-a-la-discograf-a-de,candil,Candil,1991-09,1991,authenticity,contested
1991-09-14-left-el-flamenco-y-el-teatro,candil,Candil,1991-09,1991,authenticity,mixed
1991-09-14-left-el-flamenco-y-el-teatro,candil,Candil,1991-09,1991,tradition,mixed
1991-09-14-left-el-flamenco-y-el-teatro,candil,Candil,1991-09,1991,criticism,mixed
1991-09-15-right-por-carceleras,candil,Candil,1991-09,1991,criticism,legitimating
1991-09-16-right-el-jaleo-fue-madre-de-la-solea,candil,Candil,1991-09,1991,criticism,contested
1991-09-16-right-el-jaleo-fue-madre-de-la-solea,candil,Candil,1991-09,1991,community,contested
1991-09-16-right-el-jaleo-fue-madre-de-la-solea,candil,Candil,1991-09,1991,pedagogy,contested
1991-09-18-left-xxvii-concurso-nacional-de-taran,candil,Candil,1991-09,1991,criticism,mixed
1991-09-19-right-el-cantar-del-arriero,candil,Candil,1991-09,1991,tradition,contested
1991-09-19-right-el-cantar-del-arriero,candil,Candil,1991-09,1991,criticism,contested
1991-09-22-left-madrid-flamenco,candil,Candil,1991-09,1991,authenticity,legitimating
1991-09-22-left-madrid-flamenco,candil,Candil,1991-09,1991,community,legitimating
1991-09-22-left-madrid-flamenco,candil,Candil,1991-09,1991,criticism,legitimating
1991-09-23-left-dos-libros,candil,Candil,1991-09,1991,heritage,legitimating
1991-09-23-left-dos-libros,candil,Candil,1991-09,1991,pedagogy,legitimating
1991-09-23-left-dos-libros,candil,Candil,1991-09,1991,criticism,legitimating
1991-09-24-right-flamenca,candil,Candil,1991-09,1991,criticism,legitimating
1991-09-25-left-noticiario-flamenco,candil,Candil,1991-09,1991,heritage,mixed
1991-09-25-left-noticiario-flamenco,candil,Candil,1991-09,1991,authenticity,mixed
1991-09-25-left-noticiario-flamenco,candil,Candil,1991-09,1991,community,mixed
1991-09-25-left-noticiario-flamenco,candil,Candil,1991-09,1991,criticism,mixed
1991-09-25-right-buz-n-flamenco,candil,Candil,1991-09,1991,tradition,legitimating
1991-09-25-right-buz-n-flamenco,candil,Candil,1991-09,1991,criticism,legitimating
1991-11-3-left-editorial,candil,Candil,1991-11,1991,tradition,legitimating
1991-11-3-left-editorial,candil,Candil,1991-11,1991,pedagogy,legitimating
1991-11-3-left-editorial,candil,Candil,1991-11,1991,criticism,legitimating
1991-11-3-right-algunas-reflexiones-sobre-el-art,candil,Candil,1991-11,1991,authenticity,legitimating
1991-11-3-right-algunas-reflexiones-sobre-el-art,candil,Candil,1991-11,1991,community,legitimating
1991-11-3-right-algunas-reflexiones-sobre-el-art,candil,Candil,1991-11,1991,criticism,legitimating
1991-11-5-left-viejo-carn-flamenco,candil,Candil,1991-11,1991,criticism,legitimating
1991-11-11-right-cr-nica-del-xix-congreso-de-acti,candil,Candil,1991-11,1991,criticism,legitimating
1991-11-11-right-cr-nica-del-xix-congreso-de-acti,candil,Candil,1991-11,1991,community,legitimating
1991-11-14-right-d-nde-moraron-los-duendes,candil,Candil,1991-11,1991,criticism,contested
1991-11-17-left-el-flamenco-evoluci-n-y-tradici-,candil,Candil,1991-11,1991,tradition,contested
1991-11-17-left-el-flamenco-evoluci-n-y-tradici-,candil,Candil,1991-11,1991,criticism,contested
1991-11-19-left-ensayo-de-una-tipolog-a,candil,Candil,1991-11,1991,tradition,contested
1991-11-19-left-ensayo-de-una-tipolog-a,candil,Candil,1991-11,1991,community,contested
1991-11-19-left-ensayo-de-una-tipolog-a,candil,Candil,1991-11,1991,criticism,contested
1991-11-23-left-bendito-seas-t-tulo-de-opera-fla,candil,Candil,1991-11,1991,criticism,contested
1991-11-24-left-los-cantes-flamencos-de-daniel-p,candil,Candil,1991-11,1991,tradition,legitimating
1991-11-24-left-los-cantes-flamencos-de-daniel-p,candil,Candil,1991-11,1991,criticism,legitimating
1991-11-24-right-aunque-no-quepa-en-el-papel,candil,Candil,1991-11,1991,criticism,mixed
1991-11-24-right-aunque-no-quepa-en-el-papel,candil,Candil,1991-11,1991,pedagogy,mixed
1991-11-26-left-discografia-flamenca,candil,Candil,1991-11,1991,pedagogy,legitimating
1991-11-26-left-discografia-flamenca,candil,Candil,1991-11,1991,community,legitimating
1991-11-26-left-discografia-flamenca,candil,Candil,1991-11,1991,criticism,legitimating
1992-01-3-left-editorial,candil,Candil,1992-01,1992,authenticity,contested
1992-01-3-left-editorial,candil,Candil,1992-01,1992,community,contested
1992-01-3-left-editorial,candil,Candil,1992-01,1992,criticism,contested
1992-01-3-right-apuntes-sobre-la-sole-y-la-sigui,candil,Candil,1992-01,1992,criticism,legitimating
1992-01-3-right-apuntes-sobre-la-sole-y-la-sigui,candil,Candil,1992-01,1992,tradition,legitimating
1992-01-6-right-juan-g-mez-belmonte,candil,Candil,1992-01,1992,community,mixed
1992-01-6-right-juan-g-mez-belmonte,candil,Candil,1992-01,1992,pedagogy,mixed
1992-01-6-right-juan-g-mez-belmonte,candil,Candil,1992-01,1992,authenticity,mixed
1992-01-8-left-la-ni-a-de-ecija,candil,Candil,1992-01,1992,criticism,legitimating
1992-01-8-left-la-ni-a-de-ecija,candil,Candil,1992-01,1992,pedagogy,legitimating
1992-01-12-right-viii-distinci-n-comp-s-del-cante,candil,Candil,1992-01,1992,criticism,legitimating
1992-01-12-right-viii-distinci-n-comp-s-del-cante,candil,Candil,1992-01,1992,tradition,legitimating
1992-01-13-right-viii-festival-de-oto-o,candil,Candil,1992-01,1992,criticism,mixed
1992-01-13-right-viii-festival-de-oto-o,candil,Candil,1992-01,1992,authenticity,mixed
1992-01-14-right-alre-de-la-fiesta-gitana,candil,Candil,1992-01,1992,criticism,legitimating
1992-01-14-right-alre-de-la-fiesta-gitana,candil,Candil,1992-01,1992,community,legitimating
1992-01-14-right-alre-de-la-fiesta-gitana,candil,Candil,1992-01,1992,authenticity,legitimating
1992-01-18-right-algo-que-ya-es-historia,candil,Candil,1992-01,1992,community,legitimating
1992-01-18-right-algo-que-ya-es-historia,candil,Candil,1992-01,1992,criticism,legitimating
1992-01-21-right-aunque-no-quepa-en-el-papel,candil,Candil,1992-01,1992,criticism,legitimating
1992-01-23-left-discografia-flamenca,candil,Candil,1992-01,1992,authenticity,mixed
1992-01-23-left-discografia-flamenca,candil,Candil,1992-01,1992,tradition,mixed
1992-01-23-left-discografia-flamenca,candil,Candil,1992-01,1992,criticism,mixed
1992-01-23-right-hablan-las-pe-as,candil,Candil,1992-01,1992,community,legitimating
1992-01-25-left-testimonios-de-la-prensa-andaluz,candil,Candil,1992-01,1992,tradition,contested
1992-01-25-left-testimonios-de-la-prensa-andaluz,candil,Candil,1992-01,1992,community,contested
1992-01-28-left-buz-n-flamenco,candil,Candil,1992-01,1992,criticism,legitimating
1992-01-28-left-buz-n-flamenco,candil,Candil,1992-01,1992,community,legitimating
1992-03-3-left-editorial,candil,Candil,1992-03,1992,authenticity,contested
1992-03-3-left-editorial,candil,Candil,1992-03,1992,heritage,contested
1992-03-3-left-editorial,candil,Candil,1992-03,1992,criticism,contested
1992-03-3-right-apuntes-sobre-la-sole-y-la-sigui,candil,Candil,1992-03,1992,authenticity,mixed
1992-03-3-right-apuntes-sobre-la-sole-y-la-sigui,candil,Candil,1992-03,1992,criticism,mixed
1992-03-6-left-vicente-soto-sordera-la-ra-z-jer,candil,Candil,1992-03,1992,tradition,legitimating
1992-03-6-left-vicente-soto-sordera-la-ra-z-jer,candil,Candil,1992-03,1992,pedagogy,legitimating
1992-03-6-left-vicente-soto-sordera-la-ra-z-jer,candil,Candil,1992-03,1992,criticism,legitimating
1992-03-8-right-gitanos-y-moriscos,candil,Candil,1992-03,1992,tradition,legitimating
1992-03-8-right-gitanos-y-moriscos,candil,Candil,1992-03,1992,criticism,legitimating
1992-03-13-right-enderezando-entuertos-y-ense-and,candil,Candil,1992-03,1992,criticism,mixed
1992-03-13-right-enderezando-entuertos-y-ense-and,candil,Candil,1992-03,1992,heritage,mixed
1992-03-15-left-alre-de-la-fiesta-gitana,candil,Candil,1992-03,1992,criticism,legitimating
1992-03-15-left-alre-de-la-fiesta-gitana,candil,Candil,1992-03,1992,tradition,legitimating
1992-03-18-right-enhorabuena-carmen,candil,Candil,1992-03,1992,criticism,legitimating
1992-03-20-left-hemeroteca-flamenca,candil,Candil,1992-03,1992,authenticity,mixed
1992-03-20-left-hemeroteca-flamenca,candil,Candil,1992-03,1992,heritage,mixed
1992-03-20-left-hemeroteca-flamenca,candil,Candil,1992-03,1992,criticism,mixed
1992-03-24-left-testimonios-de-la-prensa-andaluz,candil,Candil,1992-03,1992,authenticity,legitimating
1992-03-24-left-testimonios-de-la-prensa-andaluz,candil,Candil,1992-03,1992,heritage,legitimating
1992-03-24-left-testimonios-de-la-prensa-andaluz,candil,Candil,1992-03,1992,community,legitimating
1992-03-27-right-aunque-no-quepa-en-el-papel,candil,Candil,1992-03,1992,criticism,legitimating
1992-03-27-right-aunque-no-quepa-en-el-papel,candil,Candil,1992-03,1992,heritage,legitimating
1992-03-28-right-flamenca,candil,Candil,1992-03,1992,criticism,mixed
1992-03-30-left-buz-n-flamenco,candil,Candil,1992-03,1992,criticism,mixed
1992-03-31-left-tocaores-de-hoy,candil,Candil,1992-03,1992,criticism,legitimating
1992-05-3-left-editorial,candil,Candil,1992-05,1992,authenticity,legitimating
1992-05-3-left-editorial,candil,Candil,1992-05,1992,criticism,legitimating
1992-05-3-right-apuntes-sobre-la-sole-y-la-sigui,candil,Candil,1992-05,1992,authenticity,legitimating
1992-05-3-right-apuntes-sobre-la-sole-y-la-sigui,candil,Candil,1992-05,1992,criticism,legitimating
1992-05-3-right-apuntes-sobre-la-sole-y-la-sigui,candil,Candil,1992-05,1992,community,legitimating
1992-05-5-right-leo-aguilar-y-ram-n-porras,candil,Candil,1992-05,1992,tradition,mixed
1992-05-5-right-leo-aguilar-y-ram-n-porras,candil,Candil,1992-05,1992,criticism,mixed
1992-05-5-right-leo-aguilar-y-ram-n-porras,candil,Candil,1992-05,1992,community,mixed
1992-05-7-right-cr-nica-de-la-vii-semana-de-estu,candil,Candil,1992-05,1992,criticism,legitimating
1992-05-7-right-cr-nica-de-la-vii-semana-de-estu,candil,Candil,1992-05,1992,community,legitimating
1992-05-10-left-manuel-cano-andaluz-universal-no,candil,Candil,1992-05,1992,heritage,legitimating
1992-05-10-left-manuel-cano-andaluz-universal-no,candil,Candil,1992-05,1992,criticism,legitimating
1992-05-12-left-el-taranto,candil,Candil,1992-05,1992,tradition,legitimating
1992-05-12-left-el-taranto,candil,Candil,1992-05,1992,criticism,legitimating
1992-05-13-right-los-pasos-del-maestro-silverio-e,candil,Candil,1992-05,1992,community,legitimating
1992-05-13-right-los-pasos-del-maestro-silverio-e,candil,Candil,1992-05,1992,criticism,legitimating
1992-05-13-right-los-pasos-del-maestro-silverio-e,candil,Candil,1992-05,1992,heritage,legitimating
1992-05-15-right-flamenco-en-cornell,candil,Candil,1992-05,1992,community,legitimating
1992-05-15-right-flamenco-en-cornell,candil,Candil,1992-05,1992,criticism,legitimating
1992-05-17-left-alre-de-la-fiesta-gitana,candil,Candil,1992-05,1992,community,legitimating
1992-05-17-left-alre-de-la-fiesta-gitana,candil,Candil,1992-05,1992,pedagogy,legitimating
1992-05-17-left-alre-de-la-fiesta-gitana,candil,Candil,1992-05,1992,criticism,legitimating
1992-05-20-right-angel-de-alora-in-memoriam,candil,Candil,1992-05,1992,community,legitimating
1992-05-20-right-angel-de-alora-in-memoriam,candil,Candil,1992-05,1992,pedagogy,legitimating
1992-05-20-right-angel-de-alora-in-memoriam,candil,Candil,1992-05,1992,heritage,legitimating
1992-05-21-left-coplas-y-poemas,candil,Candil,1992-05,1992,authenticity,legitimating
1992-05-21-left-coplas-y-poemas,candil,Candil,1992-05,1992,criticism,legitimating
1992-05-22-left-vestir-de-limpio-a-la-copla,candil,Candil,1992-05,1992,authenticity,contested
1992-05-22-left-vestir-de-limpio-a-la-copla,candil,Candil,1992-05,1992,heritage,contested
1992-05-22-left-vestir-de-limpio-a-la-copla,candil,Candil,1992-05,1992,tradition,contested
1992-05-22-left-vestir-de-limpio-a-la-copla,candil,Candil,1992-05,1992,pedagogy,contested
1992-05-22-left-vestir-de-limpio-a-la-copla,candil,Candil,1992-05,1992,criticism,contested
1992-05-23-left-prodigio-del-cante,candil,Candil,1992-05,1992,authenticity,legitimating
1992-05-23-left-prodigio-del-cante,candil,Candil,1992-05,1992,criticism,legitimating
1992-05-23-left-prodigio-del-cante,candil,Candil,1992-05,1992,community,legitimating
1992-05-23-right-aportaci-n-a-la-figura-de-luis-m,candil,Candil,1992-05,1992,criticism,legitimating
1992-05-23-right-aportaci-n-a-la-figura-de-luis-m,candil,Candil,1992-05,1992,community,legitimating
1992-05-24-left-aunque-no-quepa-en-el-papel,candil,Candil,1992-05,1992,tradition,legitimating
1992-05-24-left-aunque-no-quepa-en-el-papel,candil,Candil,1992-05,1992,criticism,legitimating
1992-05-25-left-flamenca,candil,Candil,1992-05,1992,criticism,contested
1992-05-25-left-flamenca,candil,Candil,1992-05,1992,authenticity,contested
1992-05-25-left-flamenca,candil,Candil,1992-05,1992,tradition,contested
1992-05-25-right-de-la-teor-a-a-la-pr-ctica,candil,Candil,1992-05,1992,pedagogy,legitimating
1992-05-25-right-de-la-teor-a-a-la-pr-ctica,candil,Candil,1992-05,1992,criticism,legitimating
1992-05-28-left-buz-n-flamenco-r-plicas,candil,Candil,1992-05,1992,criticism,contested
1992-05-28-left-buz-n-flamenco-r-plicas,candil,Candil,1992-05,1992,community,contested
1992-05-28-right-noticiario-flamenco,candil,Candil,1992-05,1992,heritage,legitimating
1992-05-28-right-noticiario-flamenco,candil,Candil,1992-05,1992,pedagogy,legitimating
1992-07-3-left-editorial,candil,Candil,1992-07,1992,criticism,legitimating
1992-07-3-left-editorial,candil,Candil,1992-07,1992,authenticity,legitimating
1992-07-3-left-editorial,candil,Candil,1992-07,1992,tradition,legitimating
1992-07-4-left-aproximaci-n-a-la-figura-de-cama,candil,Candil,1992-07,1992,criticism,mixed
1992-07-4-left-aproximaci-n-a-la-figura-de-cama,candil,Candil,1992-07,1992,tradition,mixed
1992-07-5-right-camar-n-abandon-su-isla,candil,Candil,1992-07,1992,community,mixed
1992-07-5-right-camar-n-abandon-su-isla,candil,Candil,1992-07,1992,criticism,mixed
1992-07-10-right-la-esperanza-de-creer-en-los-due,candil,Candil,1992-07,1992,authenticity,mixed
1992-07-10-right-la-esperanza-de-creer-en-los-due,candil,Candil,1992-07,1992,criticism,mixed
1992-07-13-left-camar-n-el-ltimo-revolucionario-,candil,Candil,1992-07,1992,tradition,legitimating
1992-07-13-left-camar-n-el-ltimo-revolucionario-,candil,Candil,1992-07,1992,criticism,legitimating
1992-07-15-right-a-un-flamenco-inolvidable,candil,Candil,1992-07,1992,tradition,legitimating
1992-07-15-right-a-un-flamenco-inolvidable,candil,Candil,1992-07,1992,heritage,legitimating
1992-07-15-right-a-un-flamenco-inolvidable,candil,Candil,1992-07,1992,criticism,legitimating
1992-07-17-right-camar-n-la-misma-verdad-distinta,candil,Candil,1992-07,1992,criticism,mixed
1992-07-17-right-camar-n-la-misma-verdad-distinta,candil,Candil,1992-07,1992,tradition,mixed
1992-07-17-right-camar-n-la-misma-verdad-distinta,candil,Candil,1992-07,1992,community,mixed
1992-07-18-right-camar-n-de-la-isla-algo-m-s-que-,candil,Candil,1992-07,1992,criticism,mixed
1992-07-18-right-camar-n-de-la-isla-algo-m-s-que-,candil,Candil,1992-07,1992,community,mixed
1992-07-19-right-camar-n-para-siempre-recuerdos-y,candil,Candil,1992-07,1992,criticism,legitimating
1992-07-19-right-camar-n-para-siempre-recuerdos-y,candil,Candil,1992-07,1992,authenticity,legitimating
1992-07-22-right-el-caro-precio-de-la-gloria-la-f,candil,Candil,1992-07,1992,criticism,legitimating
1992-07-23-right-muerte-anunciada,candil,Candil,1992-07,1992,authenticity,legitimating
1992-07-23-right-muerte-anunciada,candil,Candil,1992-07,1992,criticism,legitimating
1992-07-25-left-pasi-n-muerte-y-ascensi-n-a-los-,candil,Candil,1992-07,1992,community,legitimating
1992-07-25-left-pasi-n-muerte-y-ascensi-n-a-los-,candil,Candil,1992-07,1992,criticism,legitimating
1992-07-26-left-gracia-y-hondura-juan,candil,Candil,1992-07,1992,criticism,legitimating
1992-07-27-right-alre-de-la-fiesta-gitana,candil,Candil,1992-07,1992,authenticity,mixed
1992-07-27-right-alre-de-la-fiesta-gitana,candil,Candil,1992-07,1992,criticism,mixed
1992-07-29-left-camar-n-de-la-isla,candil,Candil,1992-07,1992,criticism,legitimating
1992-09-3-right-apuntes-sobre-la-sole-y-la-sigui,candil,Candil,1992-09,1992,community,legitimating
1992-09-3-right-apuntes-sobre-la-sole-y-la-sigui,candil,Candil,1992-09,1992,criticism,legitimating
1992-09-7-left-ocho-im-genes-de-ocasi-n,candil,Candil,1992-09,1992,heritage,legitimating
1992-09-8-right-por-malague-as,candil,Candil,1992-09,1992,criticism,delegitimating
1992-09-8-right-por-malague-as,candil,Candil,1992-09,1992,tradition,delegitimating
1992-09-8-right-por-malague-as,candil,Candil,1992-09,1992,authenticity,delegitimating
1992-09-9-left-loli-la-revoltosa,candil,Candil,1992-09,1992,community,legitimating
1992-09-9-left-loli-la-revoltosa,candil,Candil,1992-09,1992,pedagogy,legitimating
1992-09-9-left-loli-la-revoltosa,candil,Candil,1992-09,1992,authenticity,legitimating
1992-09-12-left-i-congreso-de-cr-ticos-de-arte-f,candil,Candil,1992-09,1992,criticism,legitimating
1992-09-12-left-i-congreso-de-cr-ticos-de-arte-f,candil,Candil,1992-09,1992,pedagogy,legitimating
1992-09-12-right-ja-n-cuna-de-la-asociaci-n-de-cr,candil,Candil,1992-09,1992,criticism,legitimating
1992-09-12-right-ja-n-cuna-de-la-asociaci-n-de-cr,candil,Candil,1992-09,1992,heritage,legitimating
1992-09-13-right-la-bienal-ese-hermoso-disparate-,candil,Candil,1992-09,1992,criticism,delegitimating
1992-09-13-right-la-bienal-ese-hermoso-disparate-,candil,Candil,1992-09,1992,tradition,delegitimating
1992-09-13-right-la-bienal-ese-hermoso-disparate-,candil,Candil,1992-09,1992,heritage,delegitimating
1992-09-14-left-bienal-x27-92-la-consumaci-n-de-,candil,Candil,1992-09,1992,criticism,delegitimating
1992-09-14-left-bienal-x27-92-la-consumaci-n-de-,candil,Candil,1992-09,1992,authenticity,delegitimating
1992-09-16-right-jos-heredia-joselete-figura-cant,candil,Candil,1992-09,1992,criticism,legitimating
1992-09-17-left-sobre-el-gratuito-invento-del-ca,candil,Candil,1992-09,1992,authenticity,delegitimating
1992-09-17-left-sobre-el-gratuito-invento-del-ca,candil,Candil,1992-09,1992,community,delegitimating
1992-09-17-left-sobre-el-gratuito-invento-del-ca,candil,Candil,1992-09,1992,criticism,delegitimating
1992-09-18-right-cr-nica-del-xx-congreso-de-arte-,candil,Candil,1992-09,1992,community,legitimating
1992-09-18-right-cr-nica-del-xx-congreso-de-arte-,candil,Candil,1992-09,1992,criticism,legitimating
1992-09-23-left-el-arte-de-mario-maya-y-el-miste,candil,Candil,1992-09,1992,criticism,mixed
1992-09-24-left-presentado-el-libro-antonio-mair,candil,Candil,1992-09,1992,heritage,legitimating
1992-09-24-left-presentado-el-libro-antonio-mair,candil,Candil,1992-09,1992,pedagogy,legitimating
1992-09-24-left-presentado-el-libro-antonio-mair,candil,Candil,1992-09,1992,criticism,legitimating
1992-09-24-right-aunque-no-quepa-en-el-papel,candil,Candil,1992-09,1992,criticism,contested
1992-09-25-left-enderezando-entuertos,candil,Candil,1992-09,1992,criticism,contested
1992-09-25-left-enderezando-entuertos,candil,Candil,1992-09,1992,pedagogy,contested
1992-09-27-right-alre-de-la-fiesta-gitana,candil,Candil,1992-09,1992,criticism,legitimating
1992-09-27-right-alre-de-la-fiesta-gitana,candil,Candil,1992-09,1992,community,legitimating
1992-09-27-right-alre-de-la-fiesta-gitana,candil,Candil,1992-09,1992,tradition,legitimating
1992-09-30-left-las-poes-as-de-los-gitanos-publi,candil,Candil,1992-09,1992,criticism,contested
1992-09-30-left-las-poes-as-de-los-gitanos-publi,candil,Candil,1992-09,1992,pedagogy,contested
1992-11-3-left-anselmo-gonz-lez-climent,candil,Candil,1992-11,1992,criticism,contested
1992-11-3-left-anselmo-gonz-lez-climent,candil,Candil,1992-11,1992,heritage,contested
1992-11-3-right-anselmo-gonz-lez-climent-o-el-si,candil,Candil,1992-11,1992,criticism,contested
1992-11-9-right-percepciones-epistolares-sobre-l,candil,Candil,1992-11,1992,criticism,contested
1992-11-9-right-percepciones-epistolares-sobre-l,candil,Candil,1992-11,1992,heritage,contested
1992-11-9-right-percepciones-epistolares-sobre-l,candil,Candil,1992-11,1992,pedagogy,contested
1992-11-9-right-percepciones-epistolares-sobre-l,candil,Candil,1992-11,1992,authenticity,contested
1992-11-13-right-en-torno-a-anselmo,candil,Candil,1992-11,1992,criticism,legitimating
1992-11-14-right-homenaje-al-amigo,candil,Candil,1992-11,1992,criticism,legitimating
1992-11-14-right-homenaje-al-amigo,candil,Candil,1992-11,1992,authenticity,legitimating
1992-11-14-right-homenaje-al-amigo,candil,Candil,1992-11,1992,pedagogy,legitimating
1992-11-16-left-derroteros-pedro,candil,Candil,1992-11,1992,authenticity,contested
1992-11-16-left-derroteros-pedro,candil,Candil,1992-11,1992,community,contested
1992-11-16-left-derroteros-pedro,candil,Candil,1992-11,1992,criticism,contested
1992-11-17-left-la-intimidad-flamenca-de-ricardo,candil,Candil,1992-11,1992,criticism,contested
1992-11-17-left-la-intimidad-flamenca-de-ricardo,candil,Candil,1992-11,1992,pedagogy,contested
1992-11-18-right-gonz-lez-climent-y-la-d-cada-pro,candil,Candil,1992-11,1992,tradition,legitimating
1992-11-18-right-gonz-lez-climent-y-la-d-cada-pro,candil,Candil,1992-11,1992,criticism,legitimating
1992-11-20-left-discurso-de-ingreso-en-la-real-a,candil,Candil,1992-11,1992,community,contested
1992-11-20-left-discurso-de-ingreso-en-la-real-a,candil,Candil,1992-11,1992,authenticity,contested
1992-11-20-left-discurso-de-ingreso-en-la-real-a,candil,Candil,1992-11,1992,criticism,contested
1992-11-25-left-segunda-reuni-n-con-fosforito-an,candil,Candil,1992-11,1992,criticism,legitimating
1992-11-25-left-segunda-reuni-n-con-fosforito-an,candil,Candil,1992-11,1992,pedagogy,legitimating
1992-11-25-left-segunda-reuni-n-con-fosforito-an,candil,Candil,1992-11,1992,community,legitimating
1992-11-33-left-o-do-al-cante-pedro,candil,Candil,1992-11,1992,criticism,legitimating
1992-11-33-left-o-do-al-cante-pedro,candil,Candil,1992-11,1992,pedagogy,legitimating
1992-11-37-right-gonz-lez-climent-flamenc-logo-lu,candil,Candil,1992-11,1992,criticism,legitimating
1992-11-37-right-gonz-lez-climent-flamenc-logo-lu,candil,Candil,1992-11,1992,pedagogy,legitimating
1992-11-37-right-gonz-lez-climent-flamenc-logo-lu,candil,Candil,1992-11,1992,community,legitimating
1992-11-41-left-en-memoria-de-anselmo,candil,Candil,1992-11,1992,pedagogy,legitimating
1992-11-41-left-en-memoria-de-anselmo,candil,Candil,1992-11,1992,criticism,legitimating
1992-11-42-left-a-modo-de-homenaje,candil,Candil,1992-11,1992,criticism,mixed
1992-11-42-left-a-modo-de-homenaje,candil,Candil,1992-11,1992,heritage,mixed
1992-11-43-left-aunque-no-quepa-en-el-papel,candil,Candil,1992-11,1992,criticism,legitimating
1992-11-44-left-de-l-tambi-n-se-ha-dicho-selecci,candil,Candil,1992-11,1992,criticism,legitimating
1992-11-47-left-carta-p-stuma-de-paco,candil,Candil,1992-11,1992,criticism,legitimating
1992-11-47-right-anselmo-gonz-lez-climent-cat-log,candil,Candil,1992-11,1992,criticism,legitimating
1993-01-3-left-editorial,candil,Candil,1993-01,1993,criticism,legitimating
1993-01-3-left-editorial,candil,Candil,1993-01,1993,pedagogy,legitimating
1993-01-3-right-castellanos-y-otros-extranjeros,candil,Candil,1993-01,1993,community,contested
1993-01-3-right-castellanos-y-otros-extranjeros,candil,Candil,1993-01,1993,authenticity,contested
1993-01-3-right-castellanos-y-otros-extranjeros,candil,Candil,1993-01,1993,criticism,contested
1993-01-5-left-josefa-bastos-otero,candil,Candil,1993-01,1993,criticism,mixed
1993-01-5-left-josefa-bastos-otero,candil,Candil,1993-01,1993,authenticity,mixed
1993-01-7-left-del-ayer-al-futuro-caracter-stic,candil,Candil,1993-01,1993,criticism,mixed
1993-01-7-left-del-ayer-al-futuro-caracter-stic,candil,Candil,1993-01,1993,community,mixed
1993-01-7-left-del-ayer-al-futuro-caracter-stic,candil,Candil,1993-01,1993,tradition,mixed
1993-01-10-right-ix-distinci-n-comp-s-del-cante,candil,Candil,1993-01,1993,criticism,legitimating
1993-01-10-right-ix-distinci-n-comp-s-del-cante,candil,Candil,1993-01,1993,tradition,legitimating
1993-01-11-left-recordando-al-beni-de-c-diz-jos-,candil,Candil,1993-01,1993,criticism,legitimating
1993-01-11-left-recordando-al-beni-de-c-diz-jos-,candil,Candil,1993-01,1993,pedagogy,legitimating
1993-01-12-left-flamenca,candil,Candil,1993-01,1993,criticism,legitimating
1993-01-12-left-flamenca,candil,Candil,1993-01,1993,tradition,legitimating
1993-01-13-left-a-prop-sito-de-la-conferencia-de,candil,Candil,1993-01,1993,criticism,delegitimating
1993-01-13-left-a-prop-sito-de-la-conferencia-de,candil,Candil,1993-01,1993,pedagogy,delegitimating
1993-01-17-right-noticiario-flamenco-francisco-hi,candil,Candil,1993-01,1993,heritage,legitimating
1993-01-17-right-noticiario-flamenco-francisco-hi,candil,Candil,1993-01,1993,community,legitimating
1993-01-17-right-noticiario-flamenco-francisco-hi,candil,Candil,1993-01,1993,criticism,legitimating
1993-01-18-right-cantos-y-cantes-de-la-saeta,candil,Candil,1993-01,1993,tradition,legitimating
1993-01-18-right-cantos-y-cantes-de-la-saeta,candil,Candil,1993-01,1993,criticism,legitimating
1993-03-3-left-editorial,candil,Candil,1993-03,1993,criticism,legitimating
1993-03-3-left-editorial,candil,Candil,1993-03,1993,authenticity,legitimating
1993-03-4-left-tom-s-pab-n-cien-a-os,candil,Candil,1993-03,1993,criticism,legitimating
1993-03-4-left-tom-s-pab-n-cien-a-os,candil,Candil,1993-03,1993,authenticity,legitimating
1993-03-6-left-sobre-algunas-teor-as-antigitan-,candil,Candil,1993-03,1993,community,contested
1993-03-6-left-sobre-algunas-teor-as-antigitan-,candil,Candil,1993-03,1993,criticism,contested
1993-03-6-left-sobre-algunas-teor-as-antigitan-,candil,Candil,1993-03,1993,tradition,contested
1993-03-9-left-antonio-ranchal-y-alvarez-de-sot,candil,Candil,1993-03,1993,community,legitimating
1993-03-9-left-antonio-ranchal-y-alvarez-de-sot,candil,Candil,1993-03,1993,criticism,legitimating
1993-03-9-left-antonio-ranchal-y-alvarez-de-sot,candil,Candil,1993-03,1993,authenticity,legitimating
1993-03-11-left-viii-semana-de-estudios-flamenco,candil,Candil,1993-03,1993,community,legitimating
1993-03-11-left-viii-semana-de-estudios-flamenco,candil,Candil,1993-03,1993,criticism,legitimating
1993-03-12-right-cantes-de-levante-cantes-mineros,candil,Candil,1993-03,1993,authenticity,contested
1993-03-12-right-cantes-de-levante-cantes-mineros,candil,Candil,1993-03,1993,tradition,contested
1993-03-12-right-cantes-de-levante-cantes-mineros,candil,Candil,1993-03,1993,criticism,contested
1993-03-14-left-cr-tica-y-flamencolog-a-aurelio,candil,Candil,1993-03,1993,criticism,mixed
1993-03-14-left-cr-tica-y-flamencolog-a-aurelio,candil,Candil,1993-03,1993,authenticity,mixed
1993-03-16-left-desdramatizar-la-copla,candil,Candil,1993-03,1993,community,mixed
1993-03-16-left-desdramatizar-la-copla,candil,Candil,1993-03,1993,tradition,mixed
1993-03-16-left-desdramatizar-la-copla,candil,Candil,1993-03,1993,criticism,mixed
1993-03-18-left-ritmos-de-ida-de-vuelta-y-de-vai,candil,Candil,1993-03,1993,authenticity,contested
1993-03-18-left-ritmos-de-ida-de-vuelta-y-de-vai,candil,Candil,1993-03,1993,community,contested
1993-03-18-left-ritmos-de-ida-de-vuelta-y-de-vai,candil,Candil,1993-03,1993,criticism,contested
1993-03-20-right-alre-de-la-fiesta-gitana,candil,Candil,1993-03,1993,authenticity,legitimating
1993-03-20-right-alre-de-la-fiesta-gitana,candil,Candil,1993-03,1993,criticism,legitimating
1993-03-24-left-aunque-no-quepa-en-el-papel-jos-,candil,Candil,1993-03,1993,criticism,legitimating
1993-03-25-left-noticiario-flamenco-congreso-de-,candil,Candil,1993-03,1993,authenticity,mixed
1993-03-25-left-noticiario-flamenco-congreso-de-,candil,Candil,1993-03,1993,pedagogy,mixed
1993-03-25-left-noticiario-flamenco-congreso-de-,candil,Candil,1993-03,1993,criticism,mixed
1993-03-25-right-todos-los-festivales-flamencos,candil,Candil,1993-03,1993,criticism,legitimating
1993-05-3-left-editorial,candil,Candil,1993-05,1993,authenticity,mixed
1993-05-3-left-editorial,candil,Candil,1993-05,1993,community,mixed
1993-05-3-left-editorial,candil,Candil,1993-05,1993,criticism,mixed
1993-05-4-left-silverio-franconetti-aproximaci-,candil,Candil,1993-05,1993,criticism,legitimating
1993-05-4-left-silverio-franconetti-aproximaci-,candil,Candil,1993-05,1993,tradition,legitimating
1993-05-4-left-silverio-franconetti-aproximaci-,candil,Candil,1993-05,1993,pedagogy,legitimating
1993-05-10-left-el-disparate-flamenco,candil,Candil,1993-05,1993,criticism,contested
1993-05-12-left-jos-menese-scott-rafael,candil,Candil,1993-05,1993,criticism,mixed
1993-05-12-left-jos-menese-scott-rafael,candil,Candil,1993-05,1993,pedagogy,mixed
1993-05-14-left-el-lenguaje-de-la-cr-tica-flamen,candil,Candil,1993-05,1993,criticism,contested
1993-05-14-left-el-lenguaje-de-la-cr-tica-flamen,candil,Candil,1993-05,1993,community,contested
1993-05-14-left-el-lenguaje-de-la-cr-tica-flamen,candil,Candil,1993-05,1993,pedagogy,contested
1993-05-18-left-sinopsis-hist-rica-de-los-cantes,candil,Candil,1993-05,1993,tradition,contested
1993-05-18-left-sinopsis-hist-rica-de-los-cantes,candil,Candil,1993-05,1993,pedagogy,contested
1993-05-18-left-sinopsis-hist-rica-de-los-cantes,candil,Candil,1993-05,1993,authenticity,contested
1993-05-18-left-sinopsis-hist-rica-de-los-cantes,candil,Candil,1993-05,1993,criticism,contested
1993-05-21-right-alre-de-la-fiesta-gitana,candil,Candil,1993-05,1993,criticism,legitimating
1993-05-21-right-alre-de-la-fiesta-gitana,candil,Candil,1993-05,1993,community,legitimating
1993-05-21-right-alre-de-la-fiesta-gitana,candil,Candil,1993-05,1993,authenticity,legitimating
1993-05-24-left-el-flamenco-en-la-universidad,candil,Candil,1993-05,1993,pedagogy,mixed
1993-05-24-left-el-flamenco-en-la-universidad,candil,Candil,1993-05,1993,criticism,mixed
1993-05-24-left-el-flamenco-en-la-universidad,candil,Candil,1993-05,1993,heritage,mixed
1993-05-25-right-aunque-no-quepa-en-el-papel,candil,Candil,1993-05,1993,criticism,mixed
1993-07-3-left-editorial,candil,Candil,1993-07,1993,criticism,legitimating
1993-07-3-left-editorial,candil,Candil,1993-07,1993,tradition,legitimating
1993-07-3-left-editorial,candil,Candil,1993-07,1993,community,legitimating
1993-07-4-left-antonio-mairena-la-necesidad-del,candil,Candil,1993-07,1993,criticism,contested
1993-07-4-left-antonio-mairena-la-necesidad-del,candil,Candil,1993-07,1993,tradition,contested
1993-07-5-right-antonio-mairena-ante-los-valores,candil,Candil,1993-07,1993,criticism,legitimating
1993-07-5-right-antonio-mairena-ante-los-valores,candil,Candil,1993-07,1993,authenticity,legitimating
1993-07-12-left-el-recuerdo-de-una-vida-consagra,candil,Candil,1993-07,1993,authenticity,legitimating
1993-07-12-left-el-recuerdo-de-una-vida-consagra,candil,Candil,1993-07,1993,tradition,legitimating
1993-07-12-left-el-recuerdo-de-una-vida-consagra,candil,Candil,1993-07,1993,criticism,legitimating
1993-07-14-left-a-antonio-mirena-poes-a,candil,Candil,1993-07,1993,authenticity,legitimating
1993-07-14-left-a-antonio-mirena-poes-a,candil,Candil,1993-07,1993,tradition,legitimating
1993-07-14-right-oda-a-antonio-mairena,candil,Candil,1993-07,1993,tradition,legitimating
1993-07-15-left-manuel-mairena,candil,Candil,1993-07,1993,community,legitimating
1993-07-15-left-manuel-mairena,candil,Candil,1993-07,1993,pedagogy,legitimating
1993-07-17-right-alre-de-la-fiesta-gitana,candil,Candil,1993-07,1993,criticism,legitimating
1993-07-17-right-alre-de-la-fiesta-gitana,candil,Candil,1993-07,1993,tradition,legitimating
1993-07-17-right-alre-de-la-fiesta-gitana,candil,Candil,1993-07,1993,authenticity,legitimating
1993-07-22-left-flamenca,candil,Candil,1993-07,1993,tradition,legitimating
1993-07-22-left-flamenca,candil,Candil,1993-07,1993,criticism,legitimating
1993-07-22-right-aunque-no-quepa-en-el-papel,candil,Candil,1993-07,1993,criticism,legitimating
1993-07-22-right-aunque-no-quepa-en-el-papel,candil,Candil,1993-07,1993,tradition,legitimating
1993-07-24-left-juan-francisco-reyes-osuna-el-ca,candil,Candil,1993-07,1993,criticism,contested
1993-07-25-right-noticiario-flamenco,candil,Candil,1993-07,1993,community,legitimating
1993-07-25-right-noticiario-flamenco,candil,Candil,1993-07,1993,criticism,legitimating
1993-09-3-left-editorial,candil,Candil,1993-09,1993,heritage,legitimating
1993-09-3-left-editorial,candil,Candil,1993-09,1993,tradition,legitimating
1993-09-3-left-editorial,candil,Candil,1993-09,1993,criticism,legitimating
1993-09-3-right-un-d-a-con-diego,candil,Candil,1993-09,1993,authenticity,mixed
1993-09-3-right-un-d-a-con-diego,candil,Candil,1993-09,1993,community,mixed
1993-09-3-right-un-d-a-con-diego,candil,Candil,1993-09,1993,criticism,mixed
1993-09-4-right-la-guitarra-creadora-de-diego-de,candil,Candil,1993-09,1993,pedagogy,mixed
1993-09-4-right-la-guitarra-creadora-de-diego-de,candil,Candil,1993-09,1993,criticism,mixed
1993-09-4-right-la-guitarra-creadora-de-diego-de,candil,Candil,1993-09,1993,tradition,mixed
1993-09-6-right-glosario-antol-gico-a-diego-del-,candil,Candil,1993-09,1993,criticism,legitimating
1993-09-6-right-glosario-antol-gico-a-diego-del-,candil,Candil,1993-09,1993,pedagogy,legitimating
1993-09-6-right-glosario-antol-gico-a-diego-del-,candil,Candil,1993-09,1993,authenticity,legitimating
1993-09-9-right-junto-al-r-o-espartero,candil,Candil,1993-09,1993,criticism,legitimating
1993-09-10-left-joaqu-n-jim-nez-dom-nguez-el-sal,candil,Candil,1993-09,1993,authenticity,legitimating
1993-09-10-left-joaqu-n-jim-nez-dom-nguez-el-sal,candil,Candil,1993-09,1993,criticism,legitimating
1993-09-12-right-deontolog-a-y-funciones-de-la-cr,candil,Candil,1993-09,1993,criticism,mixed
1993-09-12-right-deontolog-a-y-funciones-de-la-cr,candil,Candil,1993-09,1993,community,mixed
1993-09-16-left-el-coraz-n-manda-rafael,candil,Candil,1993-09,1993,community,mixed
1993-09-16-left-el-coraz-n-manda-rafael,candil,Candil,1993-09,1993,criticism,mixed
1993-09-17-right-aunque-no-quepa-en-el-papel-jos-,candil,Candil,1993-09,1993,authenticity,contested
1993-09-17-right-aunque-no-quepa-en-el-papel-jos-,candil,Candil,1993-09,1993,tradition,contested
1993-09-17-right-aunque-no-quepa-en-el-papel-jos-,candil,Candil,1993-09,1993,criticism,contested
1993-09-18-right-alre-de-la-fiesta-gitana-miguel-,candil,Candil,1993-09,1993,pedagogy,legitimating
1993-09-18-right-alre-de-la-fiesta-gitana-miguel-,candil,Candil,1993-09,1993,community,legitimating
1993-09-18-right-alre-de-la-fiesta-gitana-miguel-,candil,Candil,1993-09,1993,criticism,legitimating
1993-09-22-right-el-xxi-congreso-de-arte-flamenco,candil,Candil,1993-09,1993,heritage,legitimating
1993-09-22-right-el-xxi-congreso-de-arte-flamenco,candil,Candil,1993-09,1993,pedagogy,legitimating
1993-09-23-left-discograf-a-flamenca-rafael,candil,Candil,1993-09,1993,heritage,legitimating
1993-09-23-left-discograf-a-flamenca-rafael,candil,Candil,1993-09,1993,tradition,legitimating
1993-09-23-left-discograf-a-flamenca-rafael,candil,Candil,1993-09,1993,criticism,legitimating
1993-09-23-right-noticiario-flamenco,candil,Candil,1993-09,1993,community,legitimating
1993-09-23-right-noticiario-flamenco,candil,Candil,1993-09,1993,criticism,legitimating
1993-09-26-left-cartas-al-director-agust-n-g-mez,candil,Candil,1993-09,1993,criticism,contested
1993-09-26-left-cartas-al-director-agust-n-g-mez,candil,Candil,1993-09,1993,tradition,contested
1993-09-26-left-cartas-al-director-agust-n-g-mez,candil,Candil,1993-09,1993,community,contested
1993-11-3-left-editorial,candil,Candil,1993-11,1993,heritage,legitimating
1993-11-3-left-editorial,candil,Candil,1993-11,1993,community,legitimating
1993-11-3-left-editorial,candil,Candil,1993-11,1993,tradition,legitimating
1993-11-4-left-los-subrayados-de-anselmo-gonz-l,candil,Candil,1993-11,1993,authenticity,contested
1993-11-4-left-los-subrayados-de-anselmo-gonz-l,candil,Candil,1993-11,1993,community,contested
1993-11-4-left-los-subrayados-de-anselmo-gonz-l,candil,Candil,1993-11,1993,criticism,contested
1993-11-5-right-jos-manuel-rodr-guez-el-mistela-,candil,Candil,1993-11,1993,pedagogy,legitimating
1993-11-5-right-jos-manuel-rodr-guez-el-mistela-,candil,Candil,1993-11,1993,authenticity,legitimating
1993-11-5-right-jos-manuel-rodr-guez-el-mistela-,candil,Candil,1993-11,1993,criticism,legitimating
1993-11-9-left-futuro-de-la-cr-tica-flamenca,candil,Candil,1993-11,1993,criticism,contested
1993-11-9-left-futuro-de-la-cr-tica-flamenca,candil,Candil,1993-11,1993,heritage,contested
1993-11-11-left-estudios-flamencos,candil,Candil,1993-11,1993,criticism,mixed
1993-11-13-right-cante-en-la-bodega-poes-a-manuel,candil,Candil,1993-11,1993,community,legitimating
1993-11-13-right-cante-en-la-bodega-poes-a-manuel,candil,Candil,1993-11,1993,criticism,legitimating
1993-11-13-right-cante-en-la-bodega-poes-a-manuel,candil,Candil,1993-11,1993,tradition,legitimating
1993-11-14-left-ayer-y-hoy-del-flamenco-en-catal,candil,Candil,1993-11,1993,tradition,contested
1993-11-14-left-ayer-y-hoy-del-flamenco-en-catal,candil,Candil,1993-11,1993,criticism,contested
1993-11-17-left-aunque-no-quepa-en-el-papel-jos-,candil,Candil,1993-11,1993,criticism,legitimating
1993-11-17-left-aunque-no-quepa-en-el-papel-jos-,candil,Candil,1993-11,1993,authenticity,legitimating
1993-11-17-left-aunque-no-quepa-en-el-papel-jos-,candil,Candil,1993-11,1993,pedagogy,legitimating
1993-11-17-right-alre-de-la-fiesta-gitana-miguel-,candil,Candil,1993-11,1993,pedagogy,legitimating
1993-11-17-right-alre-de-la-fiesta-gitana-miguel-,candil,Candil,1993-11,1993,tradition,legitimating
1993-11-17-right-alre-de-la-fiesta-gitana-miguel-,candil,Candil,1993-11,1993,criticism,legitimating
1993-11-21-left-m-s-sobre-pedro-mart-n-alonso-el,candil,Candil,1993-11,1993,pedagogy,legitimating
1993-11-21-left-m-s-sobre-pedro-mart-n-alonso-el,candil,Candil,1993-11,1993,criticism,legitimating
1993-11-21-right-cartas-al-director,candil,Candil,1993-11,1993,criticism,contested
1993-11-21-right-cartas-al-director,candil,Candil,1993-11,1993,tradition,contested
1993-11-22-right-opini-n,candil,Candil,1993-11,1993,community,mixed
1993-11-22-right-opini-n,candil,Candil,1993-11,1993,criticism,mixed
1993-11-24-right-que-pena-de-jerez,candil,Candil,1993-11,1993,authenticity,mixed
1993-11-24-right-que-pena-de-jerez,candil,Candil,1993-11,1993,community,mixed
1993-11-24-right-que-pena-de-jerez,candil,Candil,1993-11,1993,criticism,mixed
1993-11-25-left-noticiario-flamenco,candil,Candil,1993-11,1993,heritage,legitimating
1993-11-25-left-noticiario-flamenco,candil,Candil,1993-11,1993,community,legitimating
1993-11-25-left-noticiario-flamenco,candil,Candil,1993-11,1993,criticism,legitimating
1994-01-3-left-editorial,candil,Candil,1994-01,1994,authenticity,legitimating
1994-01-3-left-editorial,candil,Candil,1994-01,1994,criticism,legitimating
1994-01-4-left-homenaje-a-pepe,candil,Candil,1994-01,1994,authenticity,legitimating
1994-01-4-left-homenaje-a-pepe,candil,Candil,1994-01,1994,heritage,legitimating
1994-01-4-left-homenaje-a-pepe,candil,Candil,1994-01,1994,community,legitimating
1994-01-4-left-homenaje-a-pepe,candil,Candil,1994-01,1994,pedagogy,legitimating
1994-01-4-right-juan-pe-a-fern-ndez,candil,Candil,1994-01,1994,pedagogy,contested
1994-01-4-right-juan-pe-a-fern-ndez,candil,Candil,1994-01,1994,community,contested
1994-01-4-right-juan-pe-a-fern-ndez,candil,Candil,1994-01,1994,criticism,contested
1994-01-7-right-proceso-a-manolo-de-huelva,candil,Candil,1994-01,1994,authenticity,legitimating
1994-01-7-right-proceso-a-manolo-de-huelva,candil,Candil,1994-01,1994,criticism,legitimating
1994-01-10-right-los-estudios-flamencos-contempor,candil,Candil,1994-01,1994,authenticity,mixed
1994-01-10-right-los-estudios-flamencos-contempor,candil,Candil,1994-01,1994,criticism,mixed
1994-01-15-left-flamenco-en-la-universidad,candil,Candil,1994-01,1994,pedagogy,legitimating
1994-01-15-left-flamenco-en-la-universidad,candil,Candil,1994-01,1994,tradition,legitimating
1994-01-15-left-flamenco-en-la-universidad,candil,Candil,1994-01,1994,heritage,legitimating
1994-01-16-left-una-encrucijada-de-caminos-rafae,candil,Candil,1994-01,1994,pedagogy,legitimating
1994-01-16-left-una-encrucijada-de-caminos-rafae,candil,Candil,1994-01,1994,criticism,legitimating
1994-01-17-right-entrega-de-la-x-distinci-n-comp-,candil,Candil,1994-01,1994,criticism,legitimating
1994-01-18-left-las-llaves-de-oro-del-cante-la-n,candil,Candil,1994-01,1994,criticism,legitimating
1994-01-18-left-las-llaves-de-oro-del-cante-la-n,candil,Candil,1994-01,1994,heritage,legitimating
1994-01-20-left-los-romances-antiguos,candil,Candil,1994-01,1994,heritage,legitimating
1994-01-20-left-los-romances-antiguos,candil,Candil,1994-01,1994,tradition,legitimating
1994-01-21-left-homenaje-a-f-lix-de-utrera,candil,Candil,1994-01,1994,criticism,legitimating
1994-01-21-left-homenaje-a-f-lix-de-utrera,candil,Candil,1994-01,1994,tradition,legitimating
1994-01-21-left-homenaje-a-f-lix-de-utrera,candil,Candil,1994-01,1994,community,legitimating
1994-01-22-left-avez-vous-vu-dans-barcelone,candil,Candil,1994-01,1994,community,contested
1994-01-22-left-avez-vous-vu-dans-barcelone,candil,Candil,1994-01,1994,heritage,contested
1994-01-23-left-precocidad-con-solera,candil,Candil,1994-01,1994,criticism,legitimating
1994-01-23-left-precocidad-con-solera,candil,Candil,1994-01,1994,pedagogy,legitimating
1994-01-23-left-precocidad-con-solera,candil,Candil,1994-01,1994,tradition,legitimating
1994-01-24-left-flamenca,candil,Candil,1994-01,1994,criticism,mixed
1994-01-24-right-alre-de-la-fiesta-gitana,candil,Candil,1994-01,1994,pedagogy,legitimating
1994-01-24-right-alre-de-la-fiesta-gitana,candil,Candil,1994-01,1994,community,legitimating
1994-01-24-right-alre-de-la-fiesta-gitana,candil,Candil,1994-01,1994,criticism,legitimating
1994-01-27-right-aunque-no-quepa-en-el-papel,candil,Candil,1994-01,1994,heritage,legitimating
1994-01-27-right-aunque-no-quepa-en-el-papel,candil,Candil,1994-01,1994,criticism,legitimating
1994-01-28-right-and-jar-en-paz-con-rafael-romero,candil,Candil,1994-01,1994,criticism,legitimating
1994-01-28-right-and-jar-en-paz-con-rafael-romero,candil,Candil,1994-01,1994,heritage,legitimating
1994-01-29-right-noticiario-flamenco,candil,Candil,1994-01,1994,heritage,legitimating
1994-01-29-right-noticiario-flamenco,candil,Candil,1994-01,1994,criticism,legitimating
1994-01-30-left-hablan-las-pe-as-nuevas-juntas-d,candil,Candil,1994-01,1994,tradition,legitimating
1994-01-30-left-hablan-las-pe-as-nuevas-juntas-d,candil,Candil,1994-01,1994,criticism,legitimating
1994-03-3-left-editorial,candil,Candil,1994-03,1994,heritage,contested
1994-03-3-left-editorial,candil,Candil,1994-03,1994,criticism,contested
1994-03-7-left-si-fu-ramos-catalanes,candil,Candil,1994-03,1994,community,contested
1994-03-7-left-si-fu-ramos-catalanes,candil,Candil,1994-03,1994,criticism,contested
1994-03-8-left-todos-por-el-oro,candil,Candil,1994-03,1994,authenticity,legitimating
1994-03-8-left-todos-por-el-oro,candil,Candil,1994-03,1994,criticism,legitimating
1994-03-8-left-todos-por-el-oro,candil,Candil,1994-03,1994,tradition,legitimating
1994-03-10-left-tertulia-en-torno-a-fernanda-y-b,candil,Candil,1994-03,1994,criticism,mixed
1994-03-10-left-tertulia-en-torno-a-fernanda-y-b,candil,Candil,1994-03,1994,pedagogy,mixed
1994-03-10-left-tertulia-en-torno-a-fernanda-y-b,candil,Candil,1994-03,1994,authenticity,mixed
1994-03-10-left-tertulia-en-torno-a-fernanda-y-b,candil,Candil,1994-03,1994,tradition,mixed
1994-03-16-left-enrique-jim-nez-ram-rez-enrique-,candil,Candil,1994-03,1994,pedagogy,legitimating
1994-03-16-left-enrique-jim-nez-ram-rez-enrique-,candil,Candil,1994-03,1994,criticism,legitimating
1994-03-19-right-flamenca,candil,Candil,1994-03,1994,criticism,mixed
1994-03-19-right-flamenca,candil,Candil,1994-03,1994,tradition,mixed
1994-03-20-left-aunque-no-quepa-en-el-papel,candil,Candil,1994-03,1994,criticism,legitimating
1994-03-20-left-aunque-no-quepa-en-el-papel,candil,Candil,1994-03,1994,pedagogy,legitimating
1994-03-21-left-quejas-por-el-estado-del-centro-,candil,Candil,1994-03,1994,heritage,contested
1994-03-21-left-quejas-por-el-estado-del-centro-,candil,Candil,1994-03,1994,criticism,contested
1994-03-24-left-noticiario-flamenco,candil,Candil,1994-03,1994,criticism,legitimating
1994-03-26-left-hablan-las-pe-as,candil,Candil,1994-03,1994,heritage,mixed
1994-03-26-left-hablan-las-pe-as,candil,Candil,1994-03,1994,pedagogy,mixed
1994-03-26-left-hablan-las-pe-as,candil,Candil,1994-03,1994,criticism,mixed
1994-07-3-left-editorial,candil,Candil,1994-07,1994,heritage,contested
1994-07-3-left-editorial,candil,Candil,1994-07,1994,criticism,contested
1994-07-4-left-la-poca-dorada-diego-del-gastor-,candil,Candil,1994-07,1994,community,legitimating
1994-07-4-left-la-poca-dorada-diego-del-gastor-,candil,Candil,1994-07,1994,criticism,legitimating
1994-07-9-left-aportaci-n-de-los-gitanos-a-la-c,candil,Candil,1994-07,1994,community,legitimating
1994-07-9-left-aportaci-n-de-los-gitanos-a-la-c,candil,Candil,1994-07,1994,tradition,legitimating
1994-07-9-left-aportaci-n-de-los-gitanos-a-la-c,candil,Candil,1994-07,1994,criticism,legitimating
1994-07-12-left-un-manifiesto-sobre-los-cantes-d,candil,Candil,1994-07,1994,tradition,legitimating
1994-07-12-left-un-manifiesto-sobre-los-cantes-d,candil,Candil,1994-07,1994,criticism,legitimating
1994-07-14-left-modernidad-y-flamenco-rafael,candil,Candil,1994-07,1994,authenticity,contested
1994-07-14-left-modernidad-y-flamenco-rafael,candil,Candil,1994-07,1994,community,contested
1994-07-14-left-modernidad-y-flamenco-rafael,candil,Candil,1994-07,1994,criticism,contested
1994-07-17-left-la-poderosa-figura-de,candil,Candil,1994-07,1994,heritage,legitimating
1994-07-17-left-la-poderosa-figura-de,candil,Candil,1994-07,1994,criticism,legitimating
1994-07-19-left-para-los-lectores-de-candil,candil,Candil,1994-07,1994,criticism,legitimating
1994-07-23-right-discograf-a-flamenca-rafael,candil,Candil,1994-07,1994,heritage,legitimating
1994-07-23-right-discograf-a-flamenca-rafael,candil,Candil,1994-07,1994,pedagogy,legitimating
1994-07-23-right-discograf-a-flamenca-rafael,candil,Candil,1994-07,1994,criticism,legitimating
1994-07-24-left-a-manuel-martin-martin-el-de-la-,candil,Candil,1994-07,1994,criticism,contested
1994-07-26-left-pastora-pab-n-cruz-afortunada-en,candil,Candil,1994-07,1994,criticism,legitimating
1994-07-26-left-pastora-pab-n-cruz-afortunada-en,candil,Candil,1994-07,1994,pedagogy,legitimating
1994-09-3-left-editorial,candil,Candil,1994-09,1994,authenticity,mixed
1994-09-3-left-editorial,candil,Candil,1994-09,1994,criticism,mixed
1994-09-4-left-la-poca-dorada-mis-encuentros-co,candil,Candil,1994-09,1994,heritage,legitimating
1994-09-4-left-la-poca-dorada-mis-encuentros-co,candil,Candil,1994-09,1994,community,legitimating
1994-09-11-left-nano-de-jerez-rafael,candil,Candil,1994-09,1994,tradition,legitimating
1994-09-11-left-nano-de-jerez-rafael,candil,Candil,1994-09,1994,community,legitimating
1994-09-11-left-nano-de-jerez-rafael,candil,Candil,1994-09,1994,pedagogy,legitimating
1994-09-11-left-nano-de-jerez-rafael,candil,Candil,1994-09,1994,criticism,legitimating
1994-09-13-left-poes-a-emilio-gonz-lez-de-herv-s,candil,Candil,1994-09,1994,criticism,legitimating
1994-09-14-right-bienal-x27-94-la-desproporci-n-p,candil,Candil,1994-09,1994,criticism,contested
1994-09-14-right-bienal-x27-94-la-desproporci-n-p,candil,Candil,1994-09,1994,authenticity,contested
1994-09-14-right-bienal-x27-94-la-desproporci-n-p,candil,Candil,1994-09,1994,community,contested
1994-09-15-right-cr-nica-del-xxii-congreso-de-art,candil,Candil,1994-09,1994,criticism,legitimating
1994-09-15-right-cr-nica-del-xxii-congreso-de-art,candil,Candil,1994-09,1994,tradition,legitimating
1994-09-15-right-cr-nica-del-xxii-congreso-de-art,candil,Candil,1994-09,1994,heritage,legitimating
1994-09-19-right-alre-de-la-fiesta-gitana-miguel-,candil,Candil,1994-09,1994,criticism,legitimating
1994-09-19-right-alre-de-la-fiesta-gitana-miguel-,candil,Candil,1994-09,1994,authenticity,legitimating
1994-09-23-left-i-congreso-provincial-sobre-los-,candil,Candil,1994-09,1994,community,legitimating
1994-09-23-left-i-congreso-provincial-sobre-los-,candil,Candil,1994-09,1994,heritage,legitimating
1994-09-23-left-i-congreso-provincial-sobre-los-,candil,Candil,1994-09,1994,criticism,legitimating
1994-09-25-left-iii-encuentros-flamencos-de-gran,candil,Candil,1994-09,1994,criticism,mixed
1994-09-26-left-agust-n-g-mez-crispado-tozudo-y-,candil,Candil,1994-09,1994,criticism,delegitimating
1994-09-29-left-adi-s-montoyita,candil,Candil,1994-09,1994,community,legitimating
1994-09-29-left-adi-s-montoyita,candil,Candil,1994-09,1994,pedagogy,legitimating
1994-09-29-left-adi-s-montoyita,candil,Candil,1994-09,1994,criticism,legitimating
1994-09-30-left-aunque-no-quepa-en-el-papel-bibl,candil,Candil,1994-09,1994,criticism,delegitimating
1994-09-30-left-aunque-no-quepa-en-el-papel-bibl,candil,Candil,1994-09,1994,pedagogy,delegitimating
1994-11-3-left-editorial,candil,Candil,1994-11,1994,criticism,contested
1994-11-3-right-paco-de-luc-a,candil,Candil,1994-11,1994,criticism,legitimating
1994-11-3-right-paco-de-luc-a,candil,Candil,1994-11,1994,tradition,legitimating
1994-11-3-right-paco-de-luc-a,candil,Candil,1994-11,1994,pedagogy,legitimating
1994-11-5-right-paco-la-persona-d,candil,Candil,1994-11,1994,criticism,mixed
1994-11-5-right-paco-la-persona-d,candil,Candil,1994-11,1994,pedagogy,mixed
1994-11-5-right-paco-la-persona-d,candil,Candil,1994-11,1994,authenticity,mixed
1994-11-7-right-integrados-apocal-pticos,candil,Candil,1994-11,1994,criticism,legitimating
1994-11-7-right-integrados-apocal-pticos,candil,Candil,1994-11,1994,tradition,legitimating
1994-11-11-left-carta-entre-guitarras-f-lix-de-u,candil,Candil,1994-11,1994,criticism,legitimating
1994-11-11-left-carta-entre-guitarras-f-lix-de-u,candil,Candil,1994-11,1994,authenticity,legitimating
1994-11-12-left-al-l-mite-de-la-propia-superaci-,candil,Candil,1994-11,1994,criticism,legitimating
1994-11-12-left-al-l-mite-de-la-propia-superaci-,candil,Candil,1994-11,1994,pedagogy,legitimating
1994-11-15-left-el-origen-de-su-angustia,candil,Candil,1994-11,1994,tradition,mixed
1994-11-15-left-el-origen-de-su-angustia,candil,Candil,1994-11,1994,community,mixed
1994-11-15-left-el-origen-de-su-angustia,candil,Candil,1994-11,1994,criticism,mixed
1994-11-17-left-di-logos-desde-la-m-sica-cl-sica,candil,Candil,1994-11,1994,criticism,legitimating
1994-11-18-left-a-los-14-a-os,candil,Candil,1994-11,1994,criticism,legitimating
1994-11-19-left-francisco-s-nchez-paco-de-luc-a-,candil,Candil,1994-11,1994,criticism,legitimating
1994-11-20-right-paco-de-luc-a-compositor-y-guita,candil,Candil,1994-11,1994,community,contested
1994-11-20-right-paco-de-luc-a-compositor-y-guita,candil,Candil,1994-11,1994,criticism,contested
1994-11-22-left-paco-de-luc-a-interpreta-a-don-m,candil,Candil,1994-11,1994,criticism,legitimating
1994-11-22-right-paco-de-luc-a-poes-a-daniel,candil,Candil,1994-11,1994,criticism,legitimating
1994-11-23-left-unas-palabras-para-paco,candil,Candil,1994-11,1994,criticism,legitimating
1994-11-24-left-una-nueva-era-de-la-m-sica-flame,candil,Candil,1994-11,1994,criticism,legitimating
1994-11-25-left-paco-de-luc-a-un-genio-jos-n-ez-,candil,Candil,1994-11,1994,criticism,legitimating
1994-11-25-left-paco-de-luc-a-un-genio-jos-n-ez-,candil,Candil,1994-11,1994,pedagogy,legitimating
1994-11-25-right-paco-de-luc-a-artista-y-andaluz-,candil,Candil,1994-11,1994,heritage,legitimating
1994-11-25-right-paco-de-luc-a-artista-y-andaluz-,candil,Candil,1994-11,1994,tradition,legitimating
1994-11-25-right-paco-de-luc-a-artista-y-andaluz-,candil,Candil,1994-11,1994,criticism,legitimating
1994-11-26-left-la-guitarra-de-paco-de-luc-a,candil,Candil,1994-11,1994,criticism,contested
1994-11-26-left-la-guitarra-de-paco-de-luc-a,candil,Candil,1994-11,1994,authenticity,contested
1994-11-27-left-tres-recuerdos-de-paco-de-luc-a-,candil,Candil,1994-11,1994,tradition,legitimating
1994-11-27-left-tres-recuerdos-de-paco-de-luc-a-,candil,Candil,1994-11,1994,criticism,legitimating
1994-11-27-left-tres-recuerdos-de-paco-de-luc-a-,candil,Candil,1994-11,1994,community,legitimating
1994-11-27-right-paco-de-luc-a-c-diz-y-el-flamenc,candil,Candil,1994-11,1994,tradition,legitimating
1994-11-27-right-paco-de-luc-a-c-diz-y-el-flamenc,candil,Candil,1994-11,1994,criticism,legitimating
1994-11-28-left-gloria-de-esta-espa-a-nuestra,candil,Candil,1994-11,1994,tradition,legitimating
1994-11-28-left-gloria-de-esta-espa-a-nuestra,candil,Candil,1994-11,1994,criticism,legitimating
1994-11-30-left-paco-de-luc-a-poes-a-fernando,candil,Candil,1994-11,1994,criticism,legitimating
1994-11-30-right-tu-guitarra,candil,Candil,1994-11,1994,criticism,legitimating
1994-11-31-left-paco-de-luc-a-excelso-creador,candil,Candil,1994-11,1994,criticism,legitimating
1994-11-31-left-paco-de-luc-a-excelso-creador,candil,Candil,1994-11,1994,pedagogy,legitimating
1994-11-32-left-paco-de-luc-a-francisco-del,candil,Candil,1994-11,1994,pedagogy,legitimating
1994-11-32-left-paco-de-luc-a-francisco-del,candil,Candil,1994-11,1994,criticism,legitimating
1994-11-33-left-paco-de-luc-a-es-aparte,candil,Candil,1994-11,1994,criticism,legitimating
1994-11-33-left-paco-de-luc-a-es-aparte,candil,Candil,1994-11,1994,pedagogy,legitimating
1994-11-34-left-jos-luis,candil,Candil,1994-11,1994,criticism,legitimating
1994-11-34-left-jos-luis,candil,Candil,1994-11,1994,community,legitimating
1994-11-34-left-jos-luis,candil,Candil,1994-11,1994,pedagogy,legitimating
1994-11-35-right-glosas,candil,Candil,1994-11,1994,tradition,legitimating
1994-11-35-right-glosas,candil,Candil,1994-11,1994,criticism,legitimating
1995-01-3-left-editorial,candil,Candil,1995-01,1995,criticism,contested
1995-01-3-right-la-poca-dorada-mis-encuentros-co,candil,Candil,1995-01,1995,tradition,legitimating
1995-01-3-right-la-poca-dorada-mis-encuentros-co,candil,Candil,1995-01,1995,community,legitimating
1995-01-3-right-la-poca-dorada-mis-encuentros-co,candil,Candil,1995-01,1995,criticism,legitimating
1995-01-8-left-manuel-de-paula-rafael,candil,Candil,1995-01,1995,pedagogy,mixed
1995-01-8-left-manuel-de-paula-rafael,candil,Candil,1995-01,1995,criticism,mixed
1995-01-11-left-perfil-humano-y-flamenco-de-el-c,candil,Candil,1995-01,1995,tradition,legitimating
1995-01-11-left-perfil-humano-y-flamenco-de-el-c,candil,Candil,1995-01,1995,pedagogy,legitimating
1995-01-11-left-perfil-humano-y-flamenco-de-el-c,candil,Candil,1995-01,1995,criticism,legitimating
1995-01-13-right-sobre-manuel-mart-n-mart-n-ultim,candil,Candil,1995-01,1995,criticism,contested
1995-01-13-right-sobre-manuel-mart-n-mart-n-ultim,candil,Candil,1995-01,1995,community,contested
1995-01-14-left-el-flamenco-dos-est-ticas-manuel,candil,Candil,1995-01,1995,community,contested
1995-01-14-left-el-flamenco-dos-est-ticas-manuel,candil,Candil,1995-01,1995,criticism,contested
1995-01-14-left-el-flamenco-dos-est-ticas-manuel,candil,Candil,1995-01,1995,heritage,contested
1995-01-17-left-al-mundillo-del-arte-flamenco,candil,Candil,1995-01,1995,heritage,legitimating
1995-01-17-left-al-mundillo-del-arte-flamenco,candil,Candil,1995-01,1995,authenticity,legitimating
1995-01-17-left-al-mundillo-del-arte-flamenco,candil,Candil,1995-01,1995,pedagogy,legitimating
1995-01-17-left-al-mundillo-del-arte-flamenco,candil,Candil,1995-01,1995,community,legitimating
1995-01-18-right-por-malague-as-paco,candil,Candil,1995-01,1995,criticism,contested
1995-01-20-left-el-an-lisis-contrastivo-en-la-in,candil,Candil,1995-01,1995,pedagogy,contested
1995-01-20-left-el-an-lisis-contrastivo-en-la-in,candil,Candil,1995-01,1995,authenticity,contested
1995-01-20-left-el-an-lisis-contrastivo-en-la-in,candil,Candil,1995-01,1995,criticism,contested
1995-01-22-right-som-flamencs-o-el-flamenco-triun,candil,Candil,1995-01,1995,community,legitimating
1995-01-22-right-som-flamencs-o-el-flamenco-triun,candil,Candil,1995-01,1995,criticism,legitimating
1995-01-22-right-som-flamencs-o-el-flamenco-triun,candil,Candil,1995-01,1995,tradition,legitimating
1995-01-23-left-som-flamences,candil,Candil,1995-01,1995,criticism,legitimating
1995-01-23-left-som-flamences,candil,Candil,1995-01,1995,community,legitimating
1995-01-24-right-cantes-y-sus-escuelas-o-sus-int-,candil,Candil,1995-01,1995,pedagogy,legitimating
1995-01-24-right-cantes-y-sus-escuelas-o-sus-int-,candil,Candil,1995-01,1995,criticism,legitimating
1995-01-26-left-una-aclaraci-n,candil,Candil,1995-01,1995,criticism,contested
1995-01-26-left-una-aclaraci-n,candil,Candil,1995-01,1995,tradition,contested
1995-03-3-left-enrique-morente-premio-nacional-,candil,Candil,1995-03,1995,heritage,legitimating
1995-03-3-left-enrique-morente-premio-nacional-,candil,Candil,1995-03,1995,tradition,legitimating
1995-03-3-left-enrique-morente-premio-nacional-,candil,Candil,1995-03,1995,criticism,legitimating
1995-03-3-right-la-poca-dorada-finca-espartero,candil,Candil,1995-03,1995,pedagogy,legitimating
1995-03-3-right-la-poca-dorada-finca-espartero,candil,Candil,1995-03,1995,authenticity,legitimating
1995-03-7-left-juan-habichuela-un-espejo-de-vir,candil,Candil,1995-03,1995,criticism,legitimating
1995-03-7-left-juan-habichuela-un-espejo-de-vir,candil,Candil,1995-03,1995,pedagogy,legitimating
1995-03-7-left-juan-habichuela-un-espejo-de-vir,candil,Candil,1995-03,1995,tradition,legitimating
1995-03-11-right-la-saeta-alcalaina,candil,Candil,1995-03,1995,community,legitimating
1995-03-11-right-la-saeta-alcalaina,candil,Candil,1995-03,1995,tradition,legitimating
1995-03-14-left-xi-distinci-n-comp-s-del-cante,candil,Candil,1995-03,1995,criticism,legitimating
1995-03-14-left-xi-distinci-n-comp-s-del-cante,candil,Candil,1995-03,1995,tradition,legitimating
1995-03-14-left-xi-distinci-n-comp-s-del-cante,candil,Candil,1995-03,1995,authenticity,legitimating
1995-03-15-left-iv-itinerario-flamenco-a-la-verd,candil,Candil,1995-03,1995,community,legitimating
1995-03-15-left-iv-itinerario-flamenco-a-la-verd,candil,Candil,1995-03,1995,pedagogy,legitimating
1995-03-15-left-iv-itinerario-flamenco-a-la-verd,candil,Candil,1995-03,1995,authenticity,legitimating
1995-03-15-left-iv-itinerario-flamenco-a-la-verd,candil,Candil,1995-03,1995,criticism,legitimating
1995-03-16-right-una-nueva-llave-de-oro,candil,Candil,1995-03,1995,heritage,contested
1995-03-16-right-una-nueva-llave-de-oro,candil,Candil,1995-03,1995,criticism,contested
1995-03-16-right-una-nueva-llave-de-oro,candil,Candil,1995-03,1995,community,contested
1995-03-20-right-el-fandango-y-o-los-verdiales-ta,candil,Candil,1995-03,1995,authenticity,contested
1995-03-20-right-el-fandango-y-o-los-verdiales-ta,candil,Candil,1995-03,1995,criticism,contested
1995-03-25-right-aunque-no-quepa-en-el-papel,candil,Candil,1995-03,1995,criticism,mixed
1995-05-3-left-editorial,candil,Candil,1995-05,1995,criticism,legitimating
1995-05-3-left-editorial,candil,Candil,1995-05,1995,heritage,legitimating
1995-05-4-left-la-poca-dorada-finca-espartero,candil,Candil,1995-05,1995,pedagogy,legitimating
1995-05-4-left-la-poca-dorada-finca-espartero,candil,Candil,1995-05,1995,community,legitimating
1995-05-4-left-la-poca-dorada-finca-espartero,candil,Candil,1995-05,1995,authenticity,legitimating
1995-05-6-left-roque-montoya-jarrito-otro-flame,candil,Candil,1995-05,1995,criticism,mixed
1995-05-6-right-la-personalidad-flamenca-y-human,candil,Candil,1995-05,1995,community,legitimating
1995-05-6-right-la-personalidad-flamenca-y-human,candil,Candil,1995-05,1995,authenticity,legitimating
1995-05-6-right-la-personalidad-flamenca-y-human,candil,Candil,1995-05,1995,heritage,legitimating
1995-05-8-right-homenaje-a-pepe-cruz-alfonso,candil,Candil,1995-05,1995,community,legitimating
1995-05-8-right-homenaje-a-pepe-cruz-alfonso,candil,Candil,1995-05,1995,pedagogy,legitimating
1995-05-10-left-la-poes-a-y-el-baile-flamenco,candil,Candil,1995-05,1995,criticism,legitimating
1995-05-10-left-la-poes-a-y-el-baile-flamenco,candil,Candil,1995-05,1995,tradition,legitimating
1995-05-13-right-manuel-torre-y-los-artistas-del-,candil,Candil,1995-05,1995,pedagogy,legitimating
1995-05-13-right-manuel-torre-y-los-artistas-del-,candil,Candil,1995-05,1995,tradition,legitimating
1995-05-13-right-manuel-torre-y-los-artistas-del-,candil,Candil,1995-05,1995,community,legitimating
1995-05-17-left-camar-n-el-genio-perdido-domingo,candil,Candil,1995-05,1995,criticism,mixed
1995-05-18-left-jerez-su-cuna-lo-acogi-con-arte-,candil,Candil,1995-05,1995,tradition,legitimating
1995-05-18-left-jerez-su-cuna-lo-acogi-con-arte-,candil,Candil,1995-05,1995,community,legitimating
1995-05-18-left-jerez-su-cuna-lo-acogi-con-arte-,candil,Candil,1995-05,1995,criticism,legitimating
1995-05-19-left-discografia-flamenca-rafael,candil,Candil,1995-05,1995,authenticity,contested
1995-05-19-left-discografia-flamenca-rafael,candil,Candil,1995-05,1995,criticism,contested
1995-05-20-left-presencia-de-c-ntico-en-el-flame,candil,Candil,1995-05,1995,tradition,legitimating
1995-05-20-left-presencia-de-c-ntico-en-el-flame,candil,Candil,1995-05,1995,heritage,legitimating
1995-05-20-left-presencia-de-c-ntico-en-el-flame,candil,Candil,1995-05,1995,criticism,legitimating
1995-05-21-left-antiguos-cantos-de-linares-jos,candil,Candil,1995-05,1995,tradition,contested
1995-05-21-left-antiguos-cantos-de-linares-jos,candil,Candil,1995-05,1995,criticism,contested
1995-07-4-right-2-sobrevivir-en-cada-edici-n,candil,Candil,1995-07,1995,heritage,mixed
1995-07-4-right-2-sobrevivir-en-cada-edici-n,candil,Candil,1995-07,1995,authenticity,mixed
1995-07-4-right-2-sobrevivir-en-cada-edici-n,candil,Candil,1995-07,1995,criticism,mixed
1995-07-5-right-ante-el-n-mero-100-de-candil,candil,Candil,1995-07,1995,heritage,legitimating
1995-07-5-right-ante-el-n-mero-100-de-candil,candil,Candil,1995-07,1995,pedagogy,legitimating
1995-07-5-right-ante-el-n-mero-100-de-candil,candil,Candil,1995-07,1995,tradition,legitimating
1995-07-8-left-el-presidente-de-la,candil,Candil,1995-07,1995,heritage,mixed
1995-07-8-left-el-presidente-de-la,candil,Candil,1995-07,1995,pedagogy,mixed
1995-07-8-left-el-presidente-de-la,candil,Candil,1995-07,1995,authenticity,mixed
1995-07-8-right-junta-de-andalucia,candil,Candil,1995-07,1995,heritage,legitimating
1995-07-8-right-junta-de-andalucia,candil,Candil,1995-07,1995,pedagogy,legitimating
1995-07-8-right-junta-de-andalucia,candil,Candil,1995-07,1995,criticism,legitimating
1995-07-57-right-el-jaleo-fue-madre-de-la-sole,candil,Candil,1995-07,1995,criticism,legitimating
1995-09-3-left-editorial,candil,Candil,1995-09,1995,authenticity,mixed
1995-09-3-left-editorial,candil,Candil,1995-09,1995,criticism,mixed
1995-09-3-right-flamenquismo-y-modernismo,candil,Candil,1995-09,1995,community,contested
1995-09-3-right-flamenquismo-y-modernismo,candil,Candil,1995-09,1995,criticism,contested
1995-09-12-left-cr-nica-del-xxiii-congreso-de-ar,candil,Candil,1995-09,1995,criticism,legitimating
1995-09-14-left-con-el-congreso-como-excusa,candil,Candil,1995-09,1995,criticism,mixed
1995-09-14-left-con-el-congreso-como-excusa,candil,Candil,1995-09,1995,pedagogy,mixed
1995-09-15-left-los-congresos-de-arte-flamenco-e,candil,Candil,1995-09,1995,heritage,legitimating
1995-09-15-left-los-congresos-de-arte-flamenco-e,candil,Candil,1995-09,1995,pedagogy,legitimating
1995-09-15-left-los-congresos-de-arte-flamenco-e,candil,Candil,1995-09,1995,criticism,legitimating
1995-09-15-right-santiago-donday,candil,Candil,1995-09,1995,criticism,legitimating
1995-09-17-left-jos-luis-postigo,candil,Candil,1995-09,1995,authenticity,legitimating
1995-09-17-left-jos-luis-postigo,candil,Candil,1995-09,1995,pedagogy,legitimating
1995-09-17-left-jos-luis-postigo,candil,Candil,1995-09,1995,criticism,legitimating
1995-09-20-left-aunque-no-quepa-en-el-papel,candil,Candil,1995-09,1995,criticism,legitimating
1995-09-20-left-aunque-no-quepa-en-el-papel,candil,Candil,1995-09,1995,pedagogy,legitimating
1995-09-21-left-una-nueva-llave-de-oro,candil,Candil,1995-09,1995,authenticity,contested
1995-09-21-left-una-nueva-llave-de-oro,candil,Candil,1995-09,1995,tradition,contested
1995-09-21-left-una-nueva-llave-de-oro,candil,Candil,1995-09,1995,criticism,contested
1995-09-23-left-tito-ortiz-a-comp-s,candil,Candil,1995-09,1995,criticism,mixed
1995-09-24-right-el-arte-de-pilar-l-pez,candil,Candil,1995-09,1995,pedagogy,legitimating
1995-09-24-right-el-arte-de-pilar-l-pez,candil,Candil,1995-09,1995,criticism,legitimating
1995-09-25-right-i-encuentro-flamenco-y-universid,candil,Candil,1995-09,1995,heritage,legitimating
1995-09-25-right-i-encuentro-flamenco-y-universid,candil,Candil,1995-09,1995,pedagogy,legitimating
1995-09-25-right-i-encuentro-flamenco-y-universid,candil,Candil,1995-09,1995,criticism,legitimating
1995-11-3-left-falla-y-el-cante-jondo,candil,Candil,1995-11,1995,authenticity,legitimating
1995-11-3-left-falla-y-el-cante-jondo,candil,Candil,1995-11,1995,criticism,legitimating
1995-11-3-right-la-escuela-de-antonio-mairena,candil,Candil,1995-11,1995,pedagogy,legitimating
1995-11-3-right-la-escuela-de-antonio-mairena,candil,Candil,1995-11,1995,tradition,legitimating
1995-11-3-right-la-escuela-de-antonio-mairena,candil,Candil,1995-11,1995,authenticity,legitimating
1995-11-3-right-la-escuela-de-antonio-mairena,candil,Candil,1995-11,1995,criticism,legitimating
1995-11-4-right-antonio-bonilla-un-cantaor-en-el,candil,Candil,1995-11,1995,criticism,contested
1995-11-4-right-antonio-bonilla-un-cantaor-en-el,candil,Candil,1995-11,1995,community,contested
1995-11-4-right-antonio-bonilla-un-cantaor-en-el,candil,Candil,1995-11,1995,heritage,contested
1995-11-6-left-paqui-lara-por-las-vereas-del-ar,candil,Candil,1995-11,1995,criticism,mixed
1995-11-6-left-paqui-lara-por-las-vereas-del-ar,candil,Candil,1995-11,1995,pedagogy,mixed
1995-11-6-left-paqui-lara-por-las-vereas-del-ar,candil,Candil,1995-11,1995,authenticity,mixed
1995-11-9-left-rafael-salazar-motos-rafael-fari,candil,Candil,1995-11,1995,criticism,legitimating
1995-11-9-left-rafael-salazar-motos-rafael-fari,candil,Candil,1995-11,1995,authenticity,legitimating
1995-11-9-right-el-adios-a-rafael-farina,candil,Candil,1995-11,1995,criticism,legitimating
1995-11-10-right-ni-de-varea-ni-de-el-ni-o-le-n-d,candil,Candil,1995-11,1995,community,contested
1995-11-10-right-ni-de-varea-ni-de-el-ni-o-le-n-d,candil,Candil,1995-11,1995,criticism,contested
1995-11-10-right-ni-de-varea-ni-de-el-ni-o-le-n-d,candil,Candil,1995-11,1995,tradition,contested
1995-11-11-right-para-antonio-murciano-gonz-lez-a,candil,Candil,1995-11,1995,community,legitimating
1995-11-11-right-para-antonio-murciano-gonz-lez-a,candil,Candil,1995-11,1995,criticism,legitimating
1995-11-12-right-aunque-no-quepa-en-el-papel,candil,Candil,1995-11,1995,criticism,legitimating
1995-11-12-right-aunque-no-quepa-en-el-papel,candil,Candil,1995-11,1995,pedagogy,legitimating
1995-11-12-right-aunque-no-quepa-en-el-papel,candil,Candil,1995-11,1995,community,legitimating
1995-11-14-left-avante-claro,candil,Candil,1995-11,1995,criticism,mixed
1995-11-14-left-avante-claro,candil,Candil,1995-11,1995,authenticity,mixed
1995-11-14-right-noche-flamenca-en-sanl-car,candil,Candil,1995-11,1995,community,legitimating
1995-11-14-right-noche-flamenca-en-sanl-car,candil,Candil,1995-11,1995,authenticity,legitimating
1995-11-14-right-noche-flamenca-en-sanl-car,candil,Candil,1995-11,1995,criticism,legitimating
1995-11-15-left-carta-abierta-a-yerga-lancharro,candil,Candil,1995-11,1995,criticism,contested
1995-11-16-left-enderezando-entuertos,candil,Candil,1995-11,1995,criticism,contested
1995-11-17-right-nostalgias-guitarr-sticas-madril,candil,Candil,1995-11,1995,pedagogy,legitimating
1995-11-17-right-nostalgias-guitarr-sticas-madril,candil,Candil,1995-11,1995,criticism,legitimating
1995-11-19-left-homenaje-a-antonio-murciano,candil,Candil,1995-11,1995,heritage,legitimating
1995-11-19-left-homenaje-a-antonio-murciano,candil,Candil,1995-11,1995,community,legitimating
1995-11-19-left-homenaje-a-antonio-murciano,candil,Candil,1995-11,1995,criticism,legitimating
1995-11-19-right-pre-flamenco-en-barcelona-a-fine,candil,Candil,1995-11,1995,tradition,legitimating
1995-11-19-right-pre-flamenco-en-barcelona-a-fine,candil,Candil,1995-11,1995,criticism,legitimating
1996-01-3-left-la-reno-vaci-n,candil,Candil,1996-01,1996,criticism,legitimating
1996-01-3-left-la-reno-vaci-n,candil,Candil,1996-01,1996,heritage,legitimating
1996-01-11-left-100-n-meros-cien-satisfacciones,candil,Candil,1996-01,1996,criticism,mixed
1996-01-11-left-100-n-meros-cien-satisfacciones,candil,Candil,1996-01,1996,community,mixed
1996-01-12-right-el-futuro-de-las-revistas-de-fla,candil,Candil,1996-01,1996,criticism,legitimating
1996-01-12-right-el-futuro-de-las-revistas-de-fla,candil,Candil,1996-01,1996,heritage,legitimating
1996-01-12-right-el-futuro-de-las-revistas-de-fla,candil,Candil,1996-01,1996,tradition,legitimating
1996-01-14-left-muri-antonio-un-rey-sin-sombra,candil,Candil,1996-01,1996,pedagogy,legitimating
1996-01-14-left-muri-antonio-un-rey-sin-sombra,candil,Candil,1996-01,1996,criticism,legitimating
1996-01-14-left-muri-antonio-un-rey-sin-sombra,candil,Candil,1996-01,1996,heritage,legitimating
1996-01-17-left-multitudinario-homenaje-de-despe,candil,Candil,1996-01,1996,community,mixed
1996-01-17-left-multitudinario-homenaje-de-despe,candil,Candil,1996-01,1996,authenticity,mixed
1996-01-17-left-multitudinario-homenaje-de-despe,candil,Candil,1996-01,1996,criticism,mixed
1996-01-18-left-la-noche-de-enrique,candil,Candil,1996-01,1996,heritage,legitimating
1996-01-18-left-la-noche-de-enrique,candil,Candil,1996-01,1996,criticism,legitimating
1996-01-18-left-la-noche-de-enrique,candil,Candil,1996-01,1996,pedagogy,legitimating
1996-01-19-right-la-rumba-catalana-de-la-habanera,candil,Candil,1996-01,1996,tradition,contested
1996-01-19-right-la-rumba-catalana-de-la-habanera,candil,Candil,1996-01,1996,authenticity,contested
1996-01-19-right-la-rumba-catalana-de-la-habanera,candil,Candil,1996-01,1996,criticism,contested
1996-01-19-right-la-rumba-catalana-de-la-habanera,candil,Candil,1996-01,1996,community,contested
1996-01-24-right-catalu-a-pionera-de-la-did-ctica,candil,Candil,1996-01,1996,pedagogy,legitimating
1996-01-24-right-catalu-a-pionera-de-la-did-ctica,candil,Candil,1996-01,1996,tradition,legitimating
1996-01-24-right-catalu-a-pionera-de-la-did-ctica,candil,Candil,1996-01,1996,criticism,legitimating
1996-03-3-left-juan-talega,candil,Candil,1996-03,1996,pedagogy,mixed
1996-03-3-left-juan-talega,candil,Candil,1996-03,1996,tradition,mixed
1996-03-3-left-juan-talega,candil,Candil,1996-03,1996,criticism,mixed
1996-03-3-left-juan-talega,candil,Candil,1996-03,1996,authenticity,mixed
1996-03-3-right-la-epoca-dorada,candil,Candil,1996-03,1996,authenticity,mixed
1996-03-3-right-la-epoca-dorada,candil,Candil,1996-03,1996,tradition,mixed
1996-03-3-right-la-epoca-dorada,candil,Candil,1996-03,1996,criticism,mixed
1996-03-7-left-qu-pasa-con-el-flamenco-de-hoy,candil,Candil,1996-03,1996,community,contested
1996-03-7-left-qu-pasa-con-el-flamenco-de-hoy,candil,Candil,1996-03,1996,criticism,contested
1996-03-12-left-matilde-coral-sabidur-a-flamenca,candil,Candil,1996-03,1996,community,legitimating
1996-03-12-left-matilde-coral-sabidur-a-flamenca,candil,Candil,1996-03,1996,tradition,legitimating
1996-03-12-left-matilde-coral-sabidur-a-flamenca,candil,Candil,1996-03,1996,pedagogy,legitimating
1996-03-16-left-manuel-yerga-lancharro-en-las-d-,candil,Candil,1996-03,1996,criticism,mixed
1996-03-16-left-manuel-yerga-lancharro-en-las-d-,candil,Candil,1996-03,1996,tradition,mixed
1996-03-17-left-se-nos-fue-am-s-rodr-quez-rey,candil,Candil,1996-03,1996,heritage,legitimating
1996-03-17-left-se-nos-fue-am-s-rodr-quez-rey,candil,Candil,1996-03,1996,community,legitimating
1996-03-17-left-se-nos-fue-am-s-rodr-quez-rey,candil,Candil,1996-03,1996,criticism,legitimating
1996-03-18-right-manuel-yerga-lancharro-enderezan,candil,Candil,1996-03,1996,criticism,delegitimating
1996-03-18-right-manuel-yerga-lancharro-enderezan,candil,Candil,1996-03,1996,pedagogy,delegitimating
1996-03-19-left-la-fascinaci-n-literaria-por-el-,candil,Candil,1996-03,1996,authenticity,legitimating
1996-03-19-left-la-fascinaci-n-literaria-por-el-,candil,Candil,1996-03,1996,tradition,legitimating
1996-03-19-left-la-fascinaci-n-literaria-por-el-,candil,Candil,1996-03,1996,community,legitimating
1996-03-22-right-la-comunicaci-n-catalu-a-pionera,candil,Candil,1996-03,1996,criticism,legitimating
1996-03-24-right-el-flamenco-ante-la-juventud,candil,Candil,1996-03,1996,pedagogy,mixed
1996-03-24-right-el-flamenco-ante-la-juventud,candil,Candil,1996-03,1996,tradition,mixed
1996-03-24-right-el-flamenco-ante-la-juventud,candil,Candil,1996-03,1996,authenticity,mixed
1996-05-3-left-fausto-el-jondo-mensaje-pl-stico,candil,Candil,1996-05,1996,criticism,legitimating
1996-05-3-left-fausto-el-jondo-mensaje-pl-stico,candil,Candil,1996-05,1996,community,legitimating
1996-05-4-left-la-epoca-dorada,candil,Candil,1996-05,1996,authenticity,mixed
1996-05-4-left-la-epoca-dorada,candil,Candil,1996-05,1996,community,mixed
1996-05-4-left-la-epoca-dorada,candil,Candil,1996-05,1996,criticism,mixed
1996-05-8-right-veinticinco-a-os-de-historia,candil,Candil,1996-05,1996,criticism,legitimating
1996-05-8-right-veinticinco-a-os-de-historia,candil,Candil,1996-05,1996,community,legitimating
1996-05-14-left-no-deb-a-de-quererte-suplicaba-r,candil,Candil,1996-05,1996,criticism,legitimating
1996-05-14-left-no-deb-a-de-quererte-suplicaba-r,candil,Candil,1996-05,1996,authenticity,legitimating
1996-05-15-right-recuerdos-de-gabriela-ortega,candil,Candil,1996-05,1996,pedagogy,legitimating
1996-05-15-right-recuerdos-de-gabriela-ortega,candil,Candil,1996-05,1996,community,legitimating
1996-05-15-right-recuerdos-de-gabriela-ortega,candil,Candil,1996-05,1996,criticism,legitimating
1996-05-15-right-recuerdos-de-gabriela-ortega,candil,Candil,1996-05,1996,tradition,legitimating
1996-05-17-left-manuel-balmaseda-gonz-lez,candil,Candil,1996-05,1996,criticism,legitimating
1996-05-23-right-salgan-por-esas-ventanas-los-tra,candil,Candil,1996-05,1996,tradition,legitimating
1996-05-23-right-salgan-por-esas-ventanas-los-tra,candil,Candil,1996-05,1996,criticism,legitimating
1996-05-25-right-que-ya-no-estaba-pero-est,candil,Candil,1996-05,1996,criticism,legitimating
1996-05-26-right-fausto-olivares,candil,Candil,1996-05,1996,authenticity,mixed
1996-05-26-right-fausto-olivares,candil,Candil,1996-05,1996,criticism,mixed
1996-05-29-right-acotaciones-al-mundo-de-fausto-o,candil,Candil,1996-05,1996,community,legitimating
1996-05-29-right-acotaciones-al-mundo-de-fausto-o,candil,Candil,1996-05,1996,tradition,legitimating
1996-05-29-right-acotaciones-al-mundo-de-fausto-o,candil,Candil,1996-05,1996,criticism,legitimating
1996-05-31-right-el-arte-de-fausto-olivares,candil,Candil,1996-05,1996,criticism,legitimating
1996-05-31-right-el-arte-de-fausto-olivares,candil,Candil,1996-05,1996,tradition,legitimating
1996-05-33-right-poema-a-fausto-olivares,candil,Candil,1996-05,1996,criticism,legitimating
1996-05-35-left-fausto-eterno-candil,candil,Candil,1996-05,1996,criticism,legitimating
1996-05-36-left-fausto-y-su-b-squeda-pict-rica,candil,Candil,1996-05,1996,criticism,legitimating
1996-05-38-left-fausto-olivares-en-las-ra-ces-de,candil,Candil,1996-05,1996,criticism,legitimating
1996-05-39-right-fausto-en-su-duraci-n,candil,Candil,1996-05,1996,tradition,legitimating
1996-05-39-right-fausto-en-su-duraci-n,candil,Candil,1996-05,1996,criticism,legitimating
1996-05-41-left-los-colores-jondos-de-fausto-oli,candil,Candil,1996-05,1996,criticism,legitimating
1996-05-42-right-descr-dito-de-los-c-nones,candil,Candil,1996-05,1996,criticism,mixed
1996-05-43-right-fausto-olivares-en-las-cuevas-ce,candil,Candil,1996-05,1996,authenticity,legitimating
1996-05-43-right-fausto-olivares-en-las-cuevas-ce,candil,Candil,1996-05,1996,tradition,legitimating
1996-05-43-right-fausto-olivares-en-las-cuevas-ce,candil,Candil,1996-05,1996,criticism,legitimating
1996-05-46-right-el-mundo-en-sus-ojos,candil,Candil,1996-05,1996,authenticity,legitimating
1996-05-46-right-el-mundo-en-sus-ojos,candil,Candil,1996-05,1996,criticism,legitimating
1996-09-3-left-a-ram-n-porras,candil,Candil,1996-09,1996,criticism,legitimating
1996-09-3-left-a-ram-n-porras,candil,Candil,1996-09,1996,pedagogy,legitimating
1996-09-3-left-a-ram-n-porras,candil,Candil,1996-09,1996,heritage,legitimating
1996-09-3-right-creador-y-recreador,candil,Candil,1996-09,1996,tradition,legitimating
1996-09-3-right-creador-y-recreador,candil,Candil,1996-09,1996,pedagogy,legitimating
1996-09-5-left-lorca-en-la-memoria-propuesta-fl,candil,Candil,1996-09,1996,heritage,legitimating
1996-09-5-left-lorca-en-la-memoria-propuesta-fl,candil,Candil,1996-09,1996,community,legitimating
1996-09-6-left-el-flamenco-y-el-pueblo-bases-pa,candil,Candil,1996-09,1996,heritage,mixed
1996-09-6-left-el-flamenco-y-el-pueblo-bases-pa,candil,Candil,1996-09,1996,authenticity,mixed
1996-09-6-left-el-flamenco-y-el-pueblo-bases-pa,candil,Candil,1996-09,1996,community,mixed
1996-09-6-left-el-flamenco-y-el-pueblo-bases-pa,candil,Candil,1996-09,1996,pedagogy,mixed
1996-09-13-left-don-manuel-de-falla-y-el-cante-j,candil,Candil,1996-09,1996,criticism,legitimating
1996-09-23-left-flamenco-en-la-universidad-compl,candil,Candil,1996-09,1996,pedagogy,legitimating
1996-09-23-left-flamenco-en-la-universidad-compl,candil,Candil,1996-09,1996,community,legitimating
1996-09-23-left-flamenco-en-la-universidad-compl,candil,Candil,1996-09,1996,criticism,legitimating
1996-09-24-left-un-centenario-el-personaje,candil,Candil,1996-09,1996,criticism,legitimating
1996-09-26-left-manuel-yerga-lancharro-ni-quito-,candil,Candil,1996-09,1996,tradition,contested
1996-09-26-left-manuel-yerga-lancharro-ni-quito-,candil,Candil,1996-09,1996,pedagogy,contested
1996-11-3-left-que-tu-voz-no-se-pierda,candil,Candil,1996-11,1996,heritage,legitimating
1996-11-3-left-que-tu-voz-no-se-pierda,candil,Candil,1996-11,1996,pedagogy,legitimating
1996-11-3-left-que-tu-voz-no-se-pierda,candil,Candil,1996-11,1996,criticism,legitimating
1996-11-3-right-celebraci-n-del-xxiv-congreso-de,candil,Candil,1996-11,1996,tradition,mixed
1996-11-3-right-celebraci-n-del-xxiv-congreso-de,candil,Candil,1996-11,1996,authenticity,mixed
1996-11-3-right-celebraci-n-del-xxiv-congreso-de,candil,Candil,1996-11,1996,criticism,mixed
1996-11-8-left-xxiv-congreso-de-flamenco,candil,Candil,1996-11,1996,heritage,legitimating
1996-11-8-left-xxiv-congreso-de-flamenco,candil,Candil,1996-11,1996,pedagogy,legitimating
1996-11-8-left-xxiv-congreso-de-flamenco,candil,Candil,1996-11,1996,criticism,legitimating
1996-11-10-left-la-est-tica-del-flamenco,candil,Candil,1996-11,1996,criticism,contested
1996-11-13-right-la-cultura-de-la-sangre,candil,Candil,1996-11,1996,authenticity,contested
1996-11-13-right-la-cultura-de-la-sangre,candil,Candil,1996-11,1996,criticism,contested
1996-11-17-left-ideas-generales-para-un-debate-s,candil,Candil,1996-11,1996,authenticity,delegitimating
1996-11-17-left-ideas-generales-para-un-debate-s,candil,Candil,1996-11,1996,criticism,delegitimating
1996-11-17-right-sobre-la-poes-a-del-cante,candil,Candil,1996-11,1996,criticism,legitimating
1996-11-17-right-sobre-la-poes-a-del-cante,candil,Candil,1996-11,1996,tradition,legitimating
1996-11-18-right-la-est-tica-plural-del-baile-fla,candil,Candil,1996-11,1996,criticism,contested
1996-11-18-right-la-est-tica-plural-del-baile-fla,candil,Candil,1996-11,1996,community,contested
1996-11-20-left-la-est-tica-y-el-braceo,candil,Candil,1996-11,1996,authenticity,contested
1996-11-20-left-la-est-tica-y-el-braceo,candil,Candil,1996-11,1996,tradition,contested
1996-11-20-left-la-est-tica-y-el-braceo,candil,Candil,1996-11,1996,criticism,contested
1996-11-20-left-la-est-tica-y-el-braceo,candil,Candil,1996-11,1996,community,contested
1996-11-21-right-y-se-despertaron-los-duendes-en-,candil,Candil,1996-11,1996,criticism,mixed
1996-11-22-right-el-flamenco-en-asturias,candil,Candil,1996-11,1996,criticism,legitimating
1996-11-23-right-ix-semana-cultural-la-gaviota,candil,Candil,1996-11,1996,criticism,legitimating
1996-11-23-right-ix-semana-cultural-la-gaviota,candil,Candil,1996-11,1996,community,legitimating
1996-11-24-right-escuela-de-arte-flamenco-de-este,candil,Candil,1996-11,1996,pedagogy,legitimating
1996-11-24-right-escuela-de-arte-flamenco-de-este,candil,Candil,1996-11,1996,tradition,legitimating
1996-11-26-left-noticiario-flamenco,candil,Candil,1996-11,1996,pedagogy,legitimating
1996-11-26-left-noticiario-flamenco,candil,Candil,1996-11,1996,community,legitimating
1997-01-3-left-pepe-marchena,candil,Candil,1997-01,1997,criticism,contested
1997-01-3-left-pepe-marchena,candil,Candil,1997-01,1997,pedagogy,contested
1997-01-3-right-el-cante-ante-la-melancol-a-y-el,candil,Candil,1997-01,1997,criticism,contested
1997-01-3-right-el-cante-ante-la-melancol-a-y-el,candil,Candil,1997-01,1997,community,contested
1997-01-11-right-las-fronteras-del-arte,candil,Candil,1997-01,1997,criticism,contested
1997-01-11-right-las-fronteras-del-arte,candil,Candil,1997-01,1997,community,contested
1997-01-13-left-jos-merc-paradigma-de-lo-jondo,candil,Candil,1997-01,1997,criticism,legitimating
1997-01-13-left-jos-merc-paradigma-de-lo-jondo,candil,Candil,1997-01,1997,authenticity,legitimating
1997-01-17-right-poema,candil,Candil,1997-01,1997,criticism,legitimating
1997-01-18-left-la-est-tica-del-toque,candil,Candil,1997-01,1997,pedagogy,contested
1997-01-18-left-la-est-tica-del-toque,candil,Candil,1997-01,1997,criticism,contested
1997-01-21-left-forman-el-gigantesco-rbol-flamen,candil,Candil,1997-01,1997,authenticity,contested
1997-01-21-left-forman-el-gigantesco-rbol-flamen,candil,Candil,1997-01,1997,criticism,contested
1997-01-25-right-flamenca,candil,Candil,1997-01,1997,criticism,mixed
1997-01-25-right-flamenca,candil,Candil,1997-01,1997,tradition,mixed
1997-01-25-right-flamenca,candil,Candil,1997-01,1997,authenticity,mixed
1997-01-26-right-el-cante-de-la-petenera,candil,Candil,1997-01,1997,authenticity,contested
1997-01-26-right-el-cante-de-la-petenera,candil,Candil,1997-01,1997,tradition,contested
1997-01-26-right-el-cante-de-la-petenera,candil,Candil,1997-01,1997,pedagogy,contested
1997-01-26-right-el-cante-de-la-petenera,candil,Candil,1997-01,1997,criticism,contested
1997-01-27-right-recordando-a-carmen-amaya,candil,Candil,1997-01,1997,heritage,legitimating
1997-01-27-right-recordando-a-carmen-amaya,candil,Candil,1997-01,1997,criticism,legitimating
1997-01-28-right-festival-flamenco-homenaje-a-man,candil,Candil,1997-01,1997,heritage,legitimating
1997-01-28-right-festival-flamenco-homenaje-a-man,candil,Candil,1997-01,1997,criticism,legitimating
1997-01-29-right-aunque-no-quepa-en-el-papel,candil,Candil,1997-01,1997,criticism,contested
1997-01-29-right-aunque-no-quepa-en-el-papel,candil,Candil,1997-01,1997,community,contested
1997-01-29-right-aunque-no-quepa-en-el-papel,candil,Candil,1997-01,1997,authenticity,contested
1997-01-30-left-luto-y-llanto-por-la-muerte-de-e,candil,Candil,1997-01,1997,heritage,legitimating
1997-01-30-left-luto-y-llanto-por-la-muerte-de-e,candil,Candil,1997-01,1997,criticism,legitimating
1997-01-30-left-luto-y-llanto-por-la-muerte-de-e,candil,Candil,1997-01,1997,community,legitimating
1997-03-3-left-chano-lobato,candil,Candil,1997-03,1997,criticism,legitimating
1997-03-3-left-chano-lobato,candil,Candil,1997-03,1997,tradition,legitimating
1997-03-3-left-chano-lobato,candil,Candil,1997-03,1997,authenticity,legitimating
1997-03-3-left-chano-lobato,candil,Candil,1997-03,1997,criticism,legitimating
1997-03-3-left-chano-lobato,candil,Candil,1997-03,1997,community,legitimating
1997-03-4-left-chano-lobato-y-las-canti-as-de-c,candil,Candil,1997-03,1997,authenticity,legitimating
1997-03-4-left-chano-lobato-y-las-canti-as-de-c,candil,Candil,1997-03,1997,tradition,legitimating
1997-03-4-left-chano-lobato-y-las-canti-as-de-c,candil,Candil,1997-03,1997,criticism,legitimating
1997-03-11-right-radiografia-de-chano-lobato,candil,Candil,1997-03,1997,criticism,legitimating
1997-03-11-right-radiografia-de-chano-lobato,candil,Candil,1997-03,1997,pedagogy,legitimating
1997-03-11-right-radiografia-de-chano-lobato,candil,Candil,1997-03,1997,tradition,legitimating
1997-03-11-right-radiografia-de-chano-lobato,candil,Candil,1997-03,1997,heritage,legitimating
1997-03-13-left-chano,candil,Candil,1997-03,1997,criticism,legitimating
1997-03-13-left-chano,candil,Candil,1997-03,1997,tradition,legitimating
1997-03-13-right-a-chano-lobato-en-apasionado-hom,candil,Candil,1997-03,1997,criticism,legitimating
1997-03-13-right-a-chano-lobato-en-apasionado-hom,candil,Candil,1997-03,1997,tradition,legitimating
1997-03-13-right-a-chano-lobato-en-apasionado-hom,candil,Candil,1997-03,1997,community,legitimating
1997-03-17-left-chano-lobato-un-eslab-n-perdido,candil,Candil,1997-03,1997,tradition,mixed
1997-03-17-left-chano-lobato-un-eslab-n-perdido,candil,Candil,1997-03,1997,pedagogy,mixed
1997-03-17-left-chano-lobato-un-eslab-n-perdido,candil,Candil,1997-03,1997,criticism,mixed
1997-03-17-right-de-macaca-a-chano,candil,Candil,1997-03,1997,tradition,legitimating
1997-03-17-right-de-macaca-a-chano,candil,Candil,1997-03,1997,community,legitimating
1997-03-17-right-de-macaca-a-chano,candil,Candil,1997-03,1997,criticism,legitimating
1997-03-18-right-chano-un-lujo-del-sur,candil,Candil,1997-03,1997,authenticity,mixed
1997-03-18-right-chano-un-lujo-del-sur,candil,Candil,1997-03,1997,criticism,mixed
1997-03-19-right-una-entre-mil-cr-nicas-chano-lob,candil,Candil,1997-03,1997,tradition,legitimating
1997-03-19-right-una-entre-mil-cr-nicas-chano-lob,candil,Candil,1997-03,1997,authenticity,legitimating
1997-03-19-right-una-entre-mil-cr-nicas-chano-lob,candil,Candil,1997-03,1997,criticism,legitimating
1997-03-20-right-del-baile-al-cante-y-del-cante-a,candil,Candil,1997-03,1997,tradition,legitimating
1997-03-20-right-del-baile-al-cante-y-del-cante-a,candil,Candil,1997-03,1997,pedagogy,legitimating
1997-03-24-right-retrato-de-cantaor-con-sal,candil,Candil,1997-03,1997,pedagogy,legitimating
1997-03-24-right-retrato-de-cantaor-con-sal,candil,Candil,1997-03,1997,heritage,legitimating
1997-03-24-right-retrato-de-cantaor-con-sal,candil,Candil,1997-03,1997,criticism,legitimating
1997-03-30-left-jos-n-ez-de-castro-g-mez-la-aleg,candil,Candil,1997-03,1997,heritage,legitimating
1997-03-30-left-jos-n-ez-de-castro-g-mez-la-aleg,candil,Candil,1997-03,1997,criticism,legitimating
1997-03-30-left-jos-n-ez-de-castro-g-mez-la-aleg,candil,Candil,1997-03,1997,authenticity,legitimating
1997-03-30-right-una-sencilla-manera-de-ser-impor,candil,Candil,1997-03,1997,community,legitimating
1997-03-30-right-una-sencilla-manera-de-ser-impor,candil,Candil,1997-03,1997,criticism,legitimating
1997-03-33-right-carta-a-chano-lobato,candil,Candil,1997-03,1997,criticism,legitimating
1997-03-33-right-carta-a-chano-lobato,candil,Candil,1997-03,1997,tradition,legitimating
1997-03-33-right-carta-a-chano-lobato,candil,Candil,1997-03,1997,authenticity,legitimating
1997-03-34-right-chano-lobato-un-cantaor-gaditano,candil,Candil,1997-03,1997,tradition,legitimating
1997-03-34-right-chano-lobato-un-cantaor-gaditano,candil,Candil,1997-03,1997,criticism,legitimating
1997-03-34-right-chano-lobato-un-cantaor-gaditano,candil,Candil,1997-03,1997,pedagogy,legitimating
1997-03-35-left-mis-diversiones-con-chano,candil,Candil,1997-03,1997,criticism,legitimating
1997-03-35-left-mis-diversiones-con-chano,candil,Candil,1997-03,1997,community,legitimating
1997-03-36-left-el-comp-s-brujo,candil,Candil,1997-03,1997,criticism,mixed
1997-03-36-left-el-comp-s-brujo,candil,Candil,1997-03,1997,pedagogy,mixed
1997-03-37-left-chano-labato-cantaor-singular,candil,Candil,1997-03,1997,criticism,legitimating
1997-03-37-left-chano-labato-cantaor-singular,candil,Candil,1997-03,1997,authenticity,legitimating
1997-05-3-left-camar-n-a-los-cinco-a-os-de-su-m,candil,Candil,1997-05,1997,authenticity,mixed
1997-05-3-left-camar-n-a-los-cinco-a-os-de-su-m,candil,Candil,1997-05,1997,heritage,mixed
1997-05-3-left-camar-n-a-los-cinco-a-os-de-su-m,candil,Candil,1997-05,1997,criticism,mixed
1997-05-3-right-con-el-g-ito-asom-el-duende,candil,Candil,1997-05,1997,authenticity,mixed
1997-05-3-right-con-el-g-ito-asom-el-duende,candil,Candil,1997-05,1997,community,mixed
1997-05-3-right-con-el-g-ito-asom-el-duende,candil,Candil,1997-05,1997,criticism,mixed
1997-05-6-right-un-joven-cantaor-de-70-a-os,candil,Candil,1997-05,1997,authenticity,legitimating
1997-05-6-right-un-joven-cantaor-de-70-a-os,candil,Candil,1997-05,1997,criticism,legitimating
1997-05-8-right-el-inmenso-caudal-cantaor-de-cha,candil,Candil,1997-05,1997,heritage,legitimating
1997-05-8-right-el-inmenso-caudal-cantaor-de-cha,candil,Candil,1997-05,1997,criticism,legitimating
1997-05-8-right-el-inmenso-caudal-cantaor-de-cha,candil,Candil,1997-05,1997,pedagogy,legitimating
1997-05-12-left-tardar-en-nacer-si-es-que-nace,candil,Candil,1997-05,1997,authenticity,mixed
1997-05-12-left-tardar-en-nacer-si-es-que-nace,candil,Candil,1997-05,1997,criticism,mixed
1997-05-14-left-fernando-fern-ndez-pantoja,candil,Candil,1997-05,1997,authenticity,mixed
1997-05-14-left-fernando-fern-ndez-pantoja,candil,Candil,1997-05,1997,pedagogy,mixed
1997-05-14-left-fernando-fern-ndez-pantoja,candil,Candil,1997-05,1997,criticism,mixed
1997-05-16-left-un-cantaor-en-el-olvido,candil,Candil,1997-05,1997,tradition,legitimating
1997-05-16-left-un-cantaor-en-el-olvido,candil,Candil,1997-05,1997,pedagogy,legitimating
1997-05-16-left-un-cantaor-en-el-olvido,candil,Candil,1997-05,1997,criticism,legitimating
1997-05-19-left-el-nov-simo-cancionero-er-tico-s,candil,Candil,1997-05,1997,authenticity,legitimating
1997-05-19-left-el-nov-simo-cancionero-er-tico-s,candil,Candil,1997-05,1997,tradition,legitimating
1997-05-19-left-el-nov-simo-cancionero-er-tico-s,candil,Candil,1997-05,1997,pedagogy,legitimating
1997-05-22-right-la-verdad-sobre-las-mutilaciones,candil,Candil,1997-05,1997,criticism,delegitimating
1997-05-24-right-la-ltima-lecci-n-del-curso,candil,Candil,1997-05,1997,pedagogy,legitimating
1997-05-24-right-la-ltima-lecci-n-del-curso,candil,Candil,1997-05,1997,community,legitimating
1997-05-24-right-la-ltima-lecci-n-del-curso,candil,Candil,1997-05,1997,criticism,legitimating
1997-05-25-right-beato-ceferino,candil,Candil,1997-05,1997,community,legitimating
1997-05-26-right-cante-de-mujer-cante-de-siempre,candil,Candil,1997-05,1997,criticism,legitimating
1997-05-26-right-cante-de-mujer-cante-de-siempre,candil,Candil,1997-05,1997,community,legitimating
1997-05-26-right-cante-de-mujer-cante-de-siempre,candil,Candil,1997-05,1997,authenticity,legitimating
1997-05-27-right-flamenca,candil,Candil,1997-05,1997,tradition,contested
1997-05-27-right-flamenca,candil,Candil,1997-05,1997,criticism,contested
1997-05-29-left-el-arte-flamenco-maltratado-cons,candil,Candil,1997-05,1997,authenticity,mixed
1997-05-29-left-el-arte-flamenco-maltratado-cons,candil,Candil,1997-05,1997,pedagogy,mixed
1997-05-29-left-el-arte-flamenco-maltratado-cons,candil,Candil,1997-05,1997,criticism,mixed
1997-05-29-right-premio-comp-s-del-cante,candil,Candil,1997-05,1997,community,legitimating
1997-05-29-right-premio-comp-s-del-cante,candil,Candil,1997-05,1997,tradition,legitimating
1997-05-29-right-premio-comp-s-del-cante,candil,Candil,1997-05,1997,criticism,legitimating
1997-05-30-left-bases-ii-concurso-de-guitarra-pa,candil,Candil,1997-05,1997,pedagogy,legitimating
1997-05-30-left-bases-ii-concurso-de-guitarra-pa,candil,Candil,1997-05,1997,criticism,legitimating
1997-07-17-left-jos-cenizo-jim-nez-a-miguel-varg,candil,Candil,1997-07,1997,authenticity,legitimating
1997-07-17-left-jos-cenizo-jim-nez-a-miguel-varg,candil,Candil,1997-07,1997,community,legitimating
1997-07-17-left-jos-cenizo-jim-nez-a-miguel-varg,candil,Candil,1997-07,1997,criticism,legitimating
1997-07-3-left-a-miguel-vargas,candil,Candil,1997-07,1997,criticism,legitimating
1997-07-3-left-a-miguel-vargas,candil,Candil,1997-07,1997,community,legitimating
1997-07-3-right-fin-de-la-epoca-dorada,candil,Candil,1997-07,1997,authenticity,delegitimating
1997-07-3-right-fin-de-la-epoca-dorada,candil,Candil,1997-07,1997,community,delegitimating
1997-07-3-right-fin-de-la-epoca-dorada,candil,Candil,1997-07,1997,criticism,delegitimating
1997-07-8-right-manuel-p-rez-narv-ez-la-serneta,candil,Candil,1997-07,1997,heritage,legitimating
1997-07-8-right-manuel-p-rez-narv-ez-la-serneta,candil,Candil,1997-07,1997,pedagogy,legitimating
1997-07-8-right-manuel-p-rez-narv-ez-la-serneta,candil,Candil,1997-07,1997,criticism,legitimating
1997-07-10-left-a-prop-sito-de-unas-quejas-de-ga,candil,Candil,1997-07,1997,tradition,legitimating
1997-07-10-left-a-prop-sito-de-unas-quejas-de-ga,candil,Candil,1997-07,1997,criticism,legitimating
1997-07-10-left-a-prop-sito-de-unas-quejas-de-ga,candil,Candil,1997-07,1997,community,legitimating
1997-07-13-right-t-o-evaristo-entrevista,candil,Candil,1997-07,1997,community,contested
1997-07-13-right-t-o-evaristo-entrevista,candil,Candil,1997-07,1997,pedagogy,contested
1997-07-13-right-t-o-evaristo-entrevista,candil,Candil,1997-07,1997,criticism,contested
1997-07-13-right-t-o-evaristo-entrevista,candil,Candil,1997-07,1997,authenticity,contested
1997-07-15-right-y-por-fin-el-t-tulo-universitari,candil,Candil,1997-07,1997,pedagogy,legitimating
1997-07-15-right-y-por-fin-el-t-tulo-universitari,candil,Candil,1997-07,1997,heritage,legitimating
1997-07-18-right-la-fascinaci-n-por-el-flamenco-e,candil,Candil,1997-07,1997,tradition,legitimating
1997-07-18-right-la-fascinaci-n-por-el-flamenco-e,candil,Candil,1997-07,1997,criticism,legitimating
1997-07-18-right-la-fascinaci-n-por-el-flamenco-e,candil,Candil,1997-07,1997,community,legitimating
1997-07-20-left-ziryaby-mugaddan-al-qabri,candil,Candil,1997-07,1997,tradition,contested
1997-07-20-left-ziryaby-mugaddan-al-qabri,candil,Candil,1997-07,1997,criticism,contested
1997-07-22-right-flamenco-en-el-xlvi-festival-int,candil,Candil,1997-07,1997,criticism,mixed
1997-07-22-right-flamenco-en-el-xlvi-festival-int,candil,Candil,1997-07,1997,community,mixed
1997-07-25-left-xxxiii-concurso-nacional-de-tara,candil,Candil,1997-07,1997,heritage,mixed
1997-07-25-left-xxxiii-concurso-nacional-de-tara,candil,Candil,1997-07,1997,criticism,mixed
1997-07-26-right-catalu-a-flamenca-una-exposici-n,candil,Candil,1997-07,1997,tradition,legitimating
1997-07-26-right-catalu-a-flamenca-una-exposici-n,candil,Candil,1997-07,1997,heritage,legitimating
1997-09-3-left-el-centenario-de-la-argentinita,candil,Candil,1997-09,1997,heritage,legitimating
1997-09-3-left-el-centenario-de-la-argentinita,candil,Candil,1997-09,1997,criticism,legitimating
1997-09-3-right-antecedentes-y-consecuentes-cord,candil,Candil,1997-09,1997,authenticity,mixed
1997-09-3-right-antecedentes-y-consecuentes-cord,candil,Candil,1997-09,1997,tradition,mixed
1997-09-3-right-antecedentes-y-consecuentes-cord,candil,Candil,1997-09,1997,criticism,mixed
1997-09-9-right-una-utop-a-est-tica-y-reivindica,candil,Candil,1997-09,1997,heritage,legitimating
1997-09-9-right-una-utop-a-est-tica-y-reivindica,candil,Candil,1997-09,1997,authenticity,legitimating
1997-09-9-right-una-utop-a-est-tica-y-reivindica,candil,Candil,1997-09,1997,criticism,legitimating
1997-09-14-left-entrega-de-premios-de-la-c-tedra,candil,Candil,1997-09,1997,criticism,legitimating
1997-09-16-right-cr-nica-del-xxv-congreso-de-acti,candil,Candil,1997-09,1997,community,legitimating
1997-09-16-right-cr-nica-del-xxv-congreso-de-acti,candil,Candil,1997-09,1997,criticism,legitimating
1997-09-20-right-las-bodas-de-plata-del-congreso-,candil,Candil,1997-09,1997,community,mixed
1997-09-20-right-las-bodas-de-plata-del-congreso-,candil,Candil,1997-09,1997,criticism,mixed
1997-09-22-right-juan-manuel-vill-n-y-su-cancione,candil,Candil,1997-09,1997,criticism,mixed
1997-09-30-right-noticiario-flamenco,candil,Candil,1997-09,1997,criticism,legitimating
1997-09-29-right-discografia,candil,Candil,1997-09,1997,authenticity,mixed
1997-09-29-right-discografia,candil,Candil,1997-09,1997,tradition,mixed
1997-09-29-right-discografia,candil,Candil,1997-09,1997,criticism,mixed
1997-11-3-left-el-baile-flamenco,candil,Candil,1997-11,1997,pedagogy,legitimating
1997-11-3-left-el-baile-flamenco,candil,Candil,1997-11,1997,criticism,legitimating
1997-11-3-left-el-baile-flamenco,candil,Candil,1997-11,1997,community,legitimating
1997-11-4-left-en-el-centenario-de-la-argentini,candil,Candil,1997-11,1997,criticism,legitimating
1997-11-4-left-en-el-centenario-de-la-argentini,candil,Candil,1997-11,1997,authenticity,legitimating
1997-11-5-left-recordando-a-mi-hermana-encarnac,candil,Candil,1997-11,1997,criticism,legitimating
1997-11-5-left-recordando-a-mi-hermana-encarnac,candil,Candil,1997-11,1997,authenticity,legitimating
1997-11-5-left-recordando-a-mi-hermana-encarnac,candil,Candil,1997-11,1997,heritage,legitimating
1997-11-7-right-vida-y-obra,candil,Candil,1997-11,1997,criticism,legitimating
1997-11-7-right-vida-y-obra,candil,Candil,1997-11,1997,tradition,legitimating
1997-11-7-right-vida-y-obra,candil,Candil,1997-11,1997,authenticity,legitimating
1997-11-12-left-musa-del-baile,candil,Candil,1997-11,1997,community,legitimating
1997-11-12-left-musa-del-baile,candil,Candil,1997-11,1997,tradition,legitimating
1997-11-12-left-musa-del-baile,candil,Candil,1997-11,1997,criticism,legitimating
1997-11-13-right-imperio-argentina-entrevista,candil,Candil,1997-11,1997,authenticity,legitimating
1997-11-13-right-imperio-argentina-entrevista,candil,Candil,1997-11,1997,criticism,legitimating
1997-11-17-left-poema,candil,Candil,1997-11,1997,authenticity,legitimating
1997-11-17-left-poema,candil,Candil,1997-11,1997,criticism,legitimating
1997-11-17-right-domingo-ramos-pic-n-pormenorizac,candil,Candil,1997-11,1997,tradition,legitimating
1997-11-17-right-domingo-ramos-pic-n-pormenorizac,candil,Candil,1997-11,1997,criticism,legitimating
1997-11-19-right-las-fronteras-del-arte-flamenco,candil,Candil,1997-11,1997,criticism,legitimating
1997-11-19-right-las-fronteras-del-arte-flamenco,candil,Candil,1997-11,1997,tradition,legitimating
1997-11-19-right-las-fronteras-del-arte-flamenco,candil,Candil,1997-11,1997,heritage,legitimating
1997-11-20-right-juan-de-loxa-me-presta-dos-poema,candil,Candil,1997-11,1997,criticism,mixed
1997-11-20-right-juan-de-loxa-me-presta-dos-poema,candil,Candil,1997-11,1997,authenticity,mixed
1997-11-21-left-gloria-y-honores-a-t-o-evaristo,candil,Candil,1997-11,1997,authenticity,legitimating
1997-11-21-left-gloria-y-honores-a-t-o-evaristo,candil,Candil,1997-11,1997,community,legitimating
1997-11-21-left-gloria-y-honores-a-t-o-evaristo,candil,Candil,1997-11,1997,criticism,legitimating
1997-11-21-right-t-o-mollino-tras-un-a-o-de-su-mu,candil,Candil,1997-11,1997,heritage,mixed
1997-11-21-right-t-o-mollino-tras-un-a-o-de-su-mu,candil,Candil,1997-11,1997,tradition,mixed
1997-11-21-right-t-o-mollino-tras-un-a-o-de-su-mu,candil,Candil,1997-11,1997,community,mixed
1997-11-23-left-paul-villmoare-cante-puro,candil,Candil,1997-11,1997,authenticity,contested
1997-11-23-left-paul-villmoare-cante-puro,candil,Candil,1997-11,1997,tradition,contested
1997-11-23-left-paul-villmoare-cante-puro,candil,Candil,1997-11,1997,criticism,contested
1997-11-23-right-dos-genios-cruzan-sus-corazones,candil,Candil,1997-11,1997,criticism,legitimating
1997-11-24-right-abrir-las-puertas-flamencas,candil,Candil,1997-11,1997,authenticity,contested
1997-11-24-right-abrir-las-puertas-flamencas,candil,Candil,1997-11,1997,tradition,contested
1997-11-24-right-abrir-las-puertas-flamencas,candil,Candil,1997-11,1997,criticism,contested
1997-11-25-right-del-and-valo-hasta-gata-por-los-,candil,Candil,1997-11,1997,heritage,legitimating
1997-11-25-right-del-and-valo-hasta-gata-por-los-,candil,Candil,1997-11,1997,tradition,legitimating
1997-11-25-right-del-and-valo-hasta-gata-por-los-,candil,Candil,1997-11,1997,community,legitimating
1997-11-27-left-discografia-flamenca,candil,Candil,1997-11,1997,pedagogy,legitimating
1997-11-27-left-discografia-flamenca,candil,Candil,1997-11,1997,criticism,legitimating
1997-11-27-left-discografia-flamenca,candil,Candil,1997-11,1997,heritage,legitimating
1997-11-28-right-aunque-no-quepa-en-el-papel,candil,Candil,1997-11,1997,criticism,legitimating
1997-11-28-right-aunque-no-quepa-en-el-papel,candil,Candil,1997-11,1997,heritage,legitimating
1997-11-28-right-aunque-no-quepa-en-el-papel,candil,Candil,1997-11,1997,pedagogy,legitimating
1997-11-30-right-noticiario-flamenco,candil,Candil,1997-11,1997,tradition,legitimating
1997-11-30-right-noticiario-flamenco,candil,Candil,1997-11,1997,pedagogy,legitimating
1998-01-3-left-nuevos-aires-y-renovada-ilusi-n,candil,Candil,1998-01,1998,criticism,legitimating
1998-01-4-left-la-investigaci-n-del-flamenco-he,candil,Candil,1998-01,1998,heritage,contested
1998-01-4-left-la-investigaci-n-del-flamenco-he,candil,Candil,1998-01,1998,criticism,contested
1998-01-4-left-la-investigaci-n-del-flamenco-he,candil,Candil,1998-01,1998,tradition,contested
1998-01-4-left-la-investigaci-n-del-flamenco-he,candil,Candil,1998-01,1998,community,contested
1998-01-21-left-ellos-los-protagonistas-dicen-ma,candil,Candil,1998-01,1998,criticism,legitimating
1998-01-21-left-ellos-los-protagonistas-dicen-ma,candil,Candil,1998-01,1998,community,legitimating
1998-01-23-right-una-vida-llena-de-seis-figuras-d,candil,Candil,1998-01,1998,tradition,legitimating
1998-01-23-right-una-vida-llena-de-seis-figuras-d,candil,Candil,1998-01,1998,pedagogy,legitimating
1998-01-23-right-una-vida-llena-de-seis-figuras-d,candil,Candil,1998-01,1998,criticism,legitimating
1998-01-27-left-una-iniciativa-valiosa,candil,Candil,1998-01,1998,heritage,mixed
1998-01-27-left-una-iniciativa-valiosa,candil,Candil,1998-01,1998,authenticity,mixed
1998-01-27-left-una-iniciativa-valiosa,candil,Candil,1998-01,1998,criticism,mixed
1998-01-29-right-tientos-tangos-y-tanguillos,candil,Candil,1998-01,1998,criticism,legitimating
1998-01-29-right-tientos-tangos-y-tanguillos,candil,Candil,1998-01,1998,tradition,legitimating
1998-01-32-left-la-microtonalidad-del-flamenco,candil,Candil,1998-01,1998,criticism,legitimating
1998-03-3-left-grabaciones-antiguas-y-selectas-,candil,Candil,1998-03,1998,heritage,legitimating
1998-03-3-left-grabaciones-antiguas-y-selectas-,candil,Candil,1998-03,1998,criticism,legitimating
1998-03-3-right-reflexiones-en-voz-baja,candil,Candil,1998-03,1998,authenticity,mixed
1998-03-3-right-reflexiones-en-voz-baja,candil,Candil,1998-03,1998,heritage,mixed
1998-03-3-right-reflexiones-en-voz-baja,candil,Candil,1998-03,1998,criticism,mixed
1998-03-11-right-el-flamenco-en-los-poetas-sevill,candil,Candil,1998-03,1998,criticism,legitimating
1998-03-11-right-el-flamenco-en-los-poetas-sevill,candil,Candil,1998-03,1998,tradition,legitimating
1998-03-18-left-aurora-vargas-entrevista,candil,Candil,1998-03,1998,tradition,legitimating
1998-03-18-left-aurora-vargas-entrevista,candil,Candil,1998-03,1998,criticism,legitimating
1998-03-19-right-un-poco-de-formalidad-flamenca,candil,Candil,1998-03,1998,authenticity,mixed
1998-03-19-right-un-poco-de-formalidad-flamenca,candil,Candil,1998-03,1998,tradition,mixed
1998-03-19-right-un-poco-de-formalidad-flamenca,candil,Candil,1998-03,1998,criticism,mixed
1998-03-21-right-breve-aproximaci-n-a-la-figura-d,candil,Candil,1998-03,1998,community,contested
1998-03-21-right-breve-aproximaci-n-a-la-figura-d,candil,Candil,1998-03,1998,tradition,contested
1998-03-24-left-carmen-linares-como-siempre-sobe,candil,Candil,1998-03,1998,criticism,legitimating
1998-03-24-left-carmen-linares-como-siempre-sobe,candil,Candil,1998-03,1998,tradition,legitimating
1998-03-24-right-fernanda-y-bernarda-giraldillas-,candil,Candil,1998-03,1998,community,legitimating
1998-03-24-right-fernanda-y-bernarda-giraldillas-,candil,Candil,1998-03,1998,pedagogy,legitimating
1998-03-24-right-fernanda-y-bernarda-giraldillas-,candil,Candil,1998-03,1998,tradition,legitimating
1998-03-24-right-fernanda-y-bernarda-giraldillas-,candil,Candil,1998-03,1998,criticism,legitimating
1998-03-26-right-el-cante-por-verdiales,candil,Candil,1998-03,1998,tradition,legitimating
1998-03-26-right-el-cante-por-verdiales,candil,Candil,1998-03,1998,heritage,legitimating
1998-03-26-right-el-cante-por-verdiales,candil,Candil,1998-03,1998,criticism,legitimating
1998-03-27-right-flamenca,candil,Candil,1998-03,1998,criticism,legitimating
1998-03-27-right-flamenca,candil,Candil,1998-03,1998,pedagogy,legitimating
1998-03-28-left-discograf-a-flamenca,candil,Candil,1998-03,1998,criticism,legitimating
1998-03-28-left-discograf-a-flamenca,candil,Candil,1998-03,1998,authenticity,legitimating
1998-03-28-left-discograf-a-flamenca,candil,Candil,1998-03,1998,community,legitimating
1998-03-29-right-premio-de-ensayo-gonz-lez-climen,candil,Candil,1998-03,1998,pedagogy,legitimating
1998-03-29-right-premio-de-ensayo-gonz-lez-climen,candil,Candil,1998-03,1998,criticism,legitimating
1998-05-3-right-editorial,candil,Candil,1998-05,1998,criticism,legitimating
1998-05-3-right-editorial,candil,Candil,1998-05,1998,authenticity,legitimating
1998-05-14-right-garc-a-lorca-y-el-flamenco-un-am,candil,Candil,1998-05,1998,criticism,legitimating
1998-05-14-right-garc-a-lorca-y-el-flamenco-un-am,candil,Candil,1998-05,1998,tradition,legitimating
1998-05-19-right-jondo-es-federico,candil,Candil,1998-05,1998,authenticity,legitimating
1998-05-19-right-jondo-es-federico,candil,Candil,1998-05,1998,tradition,legitimating
1998-05-19-right-jondo-es-federico,candil,Candil,1998-05,1998,criticism,legitimating
1998-05-19-right-jondo-es-federico,candil,Candil,1998-05,1998,community,legitimating
1998-05-26-right-lorca-y-gasch-apasionados-por-el,candil,Candil,1998-05,1998,pedagogy,legitimating
1998-05-26-right-lorca-y-gasch-apasionados-por-el,candil,Candil,1998-05,1998,community,legitimating
1998-05-26-right-lorca-y-gasch-apasionados-por-el,candil,Candil,1998-05,1998,criticism,legitimating
1998-05-43-left-retrato-de-silverio-franconetti,candil,Candil,1998-05,1998,criticism,legitimating
1998-05-43-right-importancia-hist-rica-y-art-stic,candil,Candil,1998-05,1998,heritage,legitimating
1998-05-43-right-importancia-hist-rica-y-art-stic,candil,Candil,1998-05,1998,authenticity,legitimating
1998-05-43-right-importancia-hist-rica-y-art-stic,candil,Candil,1998-05,1998,tradition,legitimating
1998-05-43-right-importancia-hist-rica-y-art-stic,candil,Candil,1998-05,1998,criticism,legitimating
1998-05-50-left-teor-a-y-juego-del-duende,candil,Candil,1998-05,1998,criticism,legitimating
1998-05-54-left-el-poeta-de-granada,candil,Candil,1998-05,1998,criticism,legitimating
1998-09-3-left-editorial,candil,Candil,1998-09,1998,criticism,legitimating
1998-09-3-left-editorial,candil,Candil,1998-09,1998,community,legitimating
1998-09-3-right-el-sitio-de-lucena-en-el-arte-fl,candil,Candil,1998-09,1998,criticism,legitimating
1998-09-3-right-el-sitio-de-lucena-en-el-arte-fl,candil,Candil,1998-09,1998,pedagogy,legitimating
1998-09-9-right-los-fandangos-de-lucena-un-libro,candil,Candil,1998-09,1998,heritage,legitimating
1998-09-12-right-cr-nica-del-xxvi-congreso-de-art,candil,Candil,1998-09,1998,community,legitimating
1998-09-12-right-cr-nica-del-xxvi-congreso-de-art,candil,Candil,1998-09,1998,pedagogy,legitimating
1998-09-12-right-cr-nica-del-xxvi-congreso-de-art,candil,Candil,1998-09,1998,heritage,legitimating
1998-09-16-right-manolo-de-caracol-a-prop-sito-de,candil,Candil,1998-09,1998,criticism,mixed
1998-09-16-right-manolo-de-caracol-a-prop-sito-de,candil,Candil,1998-09,1998,community,mixed
1998-09-17-right-rafael-do-a-fern-ndez,candil,Candil,1998-09,1998,pedagogy,mixed
1998-09-17-right-rafael-do-a-fern-ndez,candil,Candil,1998-09,1998,criticism,mixed
1998-09-25-left-cr-nica-del-xv-concurso-de-arte-,candil,Candil,1998-09,1998,tradition,legitimating
1998-09-25-left-cr-nica-del-xv-concurso-de-arte-,candil,Candil,1998-09,1998,criticism,legitimating
1998-09-28-right-flamenca,candil,Candil,1998-09,1998,criticism,legitimating
1998-09-28-right-flamenca,candil,Candil,1998-09,1998,community,legitimating
1998-11-11-right-origen-y-proyecci-n-flamenca-del,candil,Candil,1998-11,1998,tradition,legitimating
1998-11-11-right-origen-y-proyecci-n-flamenca-del,candil,Candil,1998-11,1998,criticism,legitimating
1998-11-17-left-b-el-fandango-de-lucena,candil,Candil,1998-11,1998,criticism,legitimating
1998-11-24-right-manuel-vila-el-gran-olvidado-del,candil,Candil,1998-11,1998,criticism,mixed
1998-11-24-right-manuel-vila-el-gran-olvidado-del,candil,Candil,1998-11,1998,pedagogy,mixed
1998-11-25-right-fernando-el-de-la-morena,candil,Candil,1998-11,1998,tradition,legitimating
1998-11-25-right-fernando-el-de-la-morena,candil,Candil,1998-11,1998,community,legitimating
1998-11-25-right-fernando-el-de-la-morena,candil,Candil,1998-11,1998,pedagogy,legitimating
1998-11-25-right-fernando-el-de-la-morena,candil,Candil,1998-11,1998,criticism,legitimating
JALEO_1977_08::A1,jaleo,Jaleo,JALEO_1977_08,1977,community,legitimating
JALEO_1977_08::A2,jaleo,Jaleo,JALEO_1977_08,1977,community,legitimating
JALEO_1977_08::A2,jaleo,Jaleo,JALEO_1977_08,1977,pedagogy,legitimating
JALEO_1977_08::A2,jaleo,Jaleo,JALEO_1977_08,1977,criticism,legitimating
JALEO_1977_08::A3,jaleo,Jaleo,JALEO_1977_08,1977,pedagogy,legitimating
JALEO_1977_08::A3,jaleo,Jaleo,JALEO_1977_08,1977,community,legitimating
JALEO_1977_08::A4,jaleo,Jaleo,JALEO_1977_08,1977,pedagogy,legitimating
JALEO_1977_08::A5,jaleo,Jaleo,JALEO_1977_08,1977,pedagogy,legitimating
JALEO_1977_08::A6,jaleo,Jaleo,JALEO_1977_08,1977,pedagogy,legitimating
JALEO_1977_08::A7,jaleo,Jaleo,JALEO_1977_08,1977,pedagogy,legitimating
JALEO_1977_08::A8,jaleo,Jaleo,JALEO_1977_08,1977,pedagogy,legitimating
JALEO_1977_09::A1,jaleo,Jaleo,JALEO_1977_09,1977,pedagogy,legitimating
JALEO_1977_09::A1,jaleo,Jaleo,JALEO_1977_09,1977,criticism,legitimating
JALEO_1977_09::A2,jaleo,Jaleo,JALEO_1977_09,1977,pedagogy,legitimating
JALEO_1977_09::A2,jaleo,Jaleo,JALEO_1977_09,1977,community,legitimating
JALEO_1977_09::A3,jaleo,Jaleo,JALEO_1977_09,1977,pedagogy,legitimating
JALEO_1977_09::A4,jaleo,Jaleo,JALEO_1977_09,1977,criticism,legitimating
JALEO_1977_09::A5,jaleo,Jaleo,JALEO_1977_09,1977,pedagogy,legitimating
JALEO_1977_09::A6,jaleo,Jaleo,JALEO_1977_09,1977,criticism,legitimating
JALEO_1977_09::A6,jaleo,Jaleo,JALEO_1977_09,1977,pedagogy,legitimating
JALEO_1977_09::A6,jaleo,Jaleo,JALEO_1977_09,1977,community,legitimating
JALEO_1977_09::A7,jaleo,Jaleo,JALEO_1977_09,1977,authenticity,legitimating
JALEO_1977_09::A7,jaleo,Jaleo,JALEO_1977_09,1977,community,legitimating
JALEO_1977_09::A7,jaleo,Jaleo,JALEO_1977_09,1977,pedagogy,legitimating
JALEO_1977_09::A8,jaleo,Jaleo,JALEO_1977_09,1977,criticism,legitimating
JALEO_1977_09::A9,jaleo,Jaleo,JALEO_1977_09,1977,criticism,legitimating
JALEO_1977_09::A9,jaleo,Jaleo,JALEO_1977_09,1977,pedagogy,legitimating
JALEO_1977_10::A1,jaleo,Jaleo,JALEO_1977_10,1977,criticism,legitimating
JALEO_1977_10::A2,jaleo,Jaleo,JALEO_1977_10,1977,criticism,mixed
JALEO_1977_10::A3,jaleo,Jaleo,JALEO_1977_10,1977,community,legitimating
JALEO_1977_10::A3,jaleo,Jaleo,JALEO_1977_10,1977,criticism,legitimating
JALEO_1977_10::A4,jaleo,Jaleo,JALEO_1977_10,1977,community,legitimating
JALEO_1977_10::A4,jaleo,Jaleo,JALEO_1977_10,1977,criticism,legitimating
JALEO_1977_10::A5,jaleo,Jaleo,JALEO_1977_10,1977,community,legitimating
JALEO_1977_10::A5,jaleo,Jaleo,JALEO_1977_10,1977,pedagogy,legitimating
JALEO_1977_12::A1,jaleo,Jaleo,JALEO_1977_12,1977,pedagogy,legitimating
JALEO_1977_12::A1,jaleo,Jaleo,JALEO_1977_12,1977,community,legitimating
JALEO_1977_12::A4,jaleo,Jaleo,JALEO_1977_12,1977,criticism,mixed
JALEO_1977_12::A4,jaleo,Jaleo,JALEO_1977_12,1977,community,mixed
JALEO_1977_12::A5,jaleo,Jaleo,JALEO_1977_12,1977,criticism,legitimating
JALEO_1977_12::A5,jaleo,Jaleo,JALEO_1977_12,1977,heritage,legitimating
JALEO_1977_12::A6,jaleo,Jaleo,JALEO_1977_12,1977,pedagogy,neutral
JALEO_1977_12::A7,jaleo,Jaleo,JALEO_1977_12,1977,criticism,mixed
JALEO_1977_12::A8,jaleo,Jaleo,JALEO_1977_12,1977,community,contested
JALEO_1978_01::A1,jaleo,Jaleo,JALEO_1978_01,1978,criticism,legitimating
JALEO_1978_01::A1,jaleo,Jaleo,JALEO_1978_01,1978,community,legitimating
JALEO_1978_01::A1,jaleo,Jaleo,JALEO_1978_01,1978,authenticity,legitimating
JALEO_1978_01::A3,jaleo,Jaleo,JALEO_1978_01,1978,community,contested
JALEO_1978_01::A3,jaleo,Jaleo,JALEO_1978_01,1978,pedagogy,contested
JALEO_1978_01::A3,jaleo,Jaleo,JALEO_1978_01,1978,criticism,contested
JALEO_1978_01::A4,jaleo,Jaleo,JALEO_1978_01,1978,pedagogy,legitimating
JALEO_1978_01::A4,jaleo,Jaleo,JALEO_1978_01,1978,heritage,legitimating
JALEO_1978_01::A5,jaleo,Jaleo,JALEO_1978_01,1978,heritage,legitimating
JALEO_1978_01::A6,jaleo,Jaleo,JALEO_1978_01,1978,community,legitimating
JALEO_1978_01::A8,jaleo,Jaleo,JALEO_1978_01,1978,community,legitimating
JALEO_1978_01::A8,jaleo,Jaleo,JALEO_1978_01,1978,criticism,legitimating
JALEO_1978_02::A1,jaleo,Jaleo,JALEO_1978_02,1978,criticism,legitimating
JALEO_1978_02::A1,jaleo,Jaleo,JALEO_1978_02,1978,community,legitimating
JALEO_1978_02::A3,jaleo,Jaleo,JALEO_1978_02,1978,community,legitimating
JALEO_1978_02::A3,jaleo,Jaleo,JALEO_1978_02,1978,pedagogy,legitimating
JALEO_1978_02::A4,jaleo,Jaleo,JALEO_1978_02,1978,pedagogy,legitimating
JALEO_1978_02::A4,jaleo,Jaleo,JALEO_1978_02,1978,criticism,legitimating
JALEO_1978_02::A5,jaleo,Jaleo,JALEO_1978_02,1978,pedagogy,legitimating
JALEO_1978_02::A5,jaleo,Jaleo,JALEO_1978_02,1978,criticism,legitimating
JALEO_1978_02::A5,jaleo,Jaleo,JALEO_1978_02,1978,tradition,legitimating
JALEO_1978_02::A6,jaleo,Jaleo,JALEO_1978_02,1978,pedagogy,legitimating
JALEO_1978_02::A7,jaleo,Jaleo,JALEO_1978_02,1978,criticism,mixed
JALEO_1978_02::A7,jaleo,Jaleo,JALEO_1978_02,1978,heritage,mixed
JALEO_1978_02::A8,jaleo,Jaleo,JALEO_1978_02,1978,criticism,legitimating
JALEO_1978_02::A9,jaleo,Jaleo,JALEO_1978_02,1978,community,legitimating
JALEO_1978_02::A13,jaleo,Jaleo,JALEO_1978_02,1978,criticism,legitimating
JALEO_1978_02::A13,jaleo,Jaleo,JALEO_1978_02,1978,pedagogy,legitimating
JALEO_1978_02::A14,jaleo,Jaleo,JALEO_1978_02,1978,pedagogy,mixed
JALEO_1978_02::A14,jaleo,Jaleo,JALEO_1978_02,1978,criticism,mixed
JALEO_1978_03::A1,jaleo,Jaleo,JALEO_1978_03,1978,community,legitimating
JALEO_1978_03::A1,jaleo,Jaleo,JALEO_1978_03,1978,criticism,legitimating
JALEO_1978_03::A2,jaleo,Jaleo,JALEO_1978_03,1978,community,legitimating
JALEO_1978_03::A3,jaleo,Jaleo,JALEO_1978_03,1978,community,legitimating
JALEO_1978_03::A3,jaleo,Jaleo,JALEO_1978_03,1978,pedagogy,legitimating
JALEO_1978_03::A4,jaleo,Jaleo,JALEO_1978_03,1978,pedagogy,legitimating
JALEO_1978_03::A5,jaleo,Jaleo,JALEO_1978_03,1978,pedagogy,legitimating
JALEO_1978_03::A5,jaleo,Jaleo,JALEO_1978_03,1978,criticism,legitimating
JALEO_1978_03::A7,jaleo,Jaleo,JALEO_1978_03,1978,criticism,mixed
JALEO_1978_03::A8,jaleo,Jaleo,JALEO_1978_03,1978,criticism,legitimating
JALEO_1978_03::A9,jaleo,Jaleo,JALEO_1978_03,1978,community,legitimating
JALEO_1978_03::A10,jaleo,Jaleo,JALEO_1978_03,1978,pedagogy,legitimating
JALEO_1978_03::A13,jaleo,Jaleo,JALEO_1978_03,1978,criticism,legitimating
JALEO_1978_03::A13,jaleo,Jaleo,JALEO_1978_03,1978,pedagogy,legitimating
JALEO_1978_03::A14,jaleo,Jaleo,JALEO_1978_03,1978,pedagogy,mixed
JALEO_1978_03::A14,jaleo,Jaleo,JALEO_1978_03,1978,criticism,mixed
JALEO_1978_03::A14,jaleo,Jaleo,JALEO_1978_03,1978,community,mixed
JALEO_1978_04::A2,jaleo,Jaleo,JALEO_1978_04,1978,pedagogy,legitimating
JALEO_1978_04::A2,jaleo,Jaleo,JALEO_1978_04,1978,community,legitimating
JALEO_1978_04::A2,jaleo,Jaleo,JALEO_1978_04,1978,criticism,legitimating
JALEO_1978_04::A3,jaleo,Jaleo,JALEO_1978_04,1978,community,contested
JALEO_1978_04::A3,jaleo,Jaleo,JALEO_1978_04,1978,authenticity,contested
JALEO_1978_04::A4,jaleo,Jaleo,JALEO_1978_04,1978,authenticity,legitimating
JALEO_1978_04::A4,jaleo,Jaleo,JALEO_1978_04,1978,community,legitimating
JALEO_1978_04::A4,jaleo,Jaleo,JALEO_1978_04,1978,criticism,legitimating
JALEO_1978_04::A5,jaleo,Jaleo,JALEO_1978_04,1978,tradition,legitimating
JALEO_1978_04::A5,jaleo,Jaleo,JALEO_1978_04,1978,pedagogy,legitimating
JALEO_1978_04::A5,jaleo,Jaleo,JALEO_1978_04,1978,criticism,legitimating
JALEO_1978_04::A6,jaleo,Jaleo,JALEO_1978_04,1978,pedagogy,mixed
JALEO_1978_04::A6,jaleo,Jaleo,JALEO_1978_04,1978,heritage,mixed
JALEO_1978_04::A6,jaleo,Jaleo,JALEO_1978_04,1978,criticism,mixed
JALEO_1978_04::A7,jaleo,Jaleo,JALEO_1978_04,1978,criticism,mixed
JALEO_1978_04::A8,jaleo,Jaleo,JALEO_1978_04,1978,criticism,legitimating
JALEO_1978_04::A9,jaleo,Jaleo,JALEO_1978_04,1978,tradition,legitimating
JALEO_1978_04::A9,jaleo,Jaleo,JALEO_1978_04,1978,pedagogy,legitimating
JALEO_1978_04::A9,jaleo,Jaleo,JALEO_1978_04,1978,criticism,legitimating
JALEO_1978_04::A10,jaleo,Jaleo,JALEO_1978_04,1978,pedagogy,legitimating
JALEO_1978_04::A11,jaleo,Jaleo,JALEO_1978_04,1978,pedagogy,legitimating
JALEO_1978_04::A12,jaleo,Jaleo,JALEO_1978_04,1978,pedagogy,legitimating
JALEO_1978_04::A13,jaleo,Jaleo,JALEO_1978_04,1978,pedagogy,legitimating
JALEO_1978_04::A14,jaleo,Jaleo,JALEO_1978_04,1978,pedagogy,mixed
JALEO_1978_04::A14,jaleo,Jaleo,JALEO_1978_04,1978,criticism,mixed
JALEO_1978_04::A16,jaleo,Jaleo,JALEO_1978_04,1978,criticism,mixed
JALEO_1978_04::A17,jaleo,Jaleo,JALEO_1978_04,1978,community,mixed
JALEO_1978_04::A17,jaleo,Jaleo,JALEO_1978_04,1978,pedagogy,mixed
JALEO_1978_04::A17,jaleo,Jaleo,JALEO_1978_04,1978,criticism,mixed
JALEO_1978_04::A18,jaleo,Jaleo,JALEO_1978_04,1978,community,contested
JALEO_1978_04::A18,jaleo,Jaleo,JALEO_1978_04,1978,criticism,contested
JALEO_1978_05::A1,jaleo,Jaleo,JALEO_1978_05,1978,criticism,legitimating
JALEO_1978_05::A1,jaleo,Jaleo,JALEO_1978_05,1978,pedagogy,legitimating
JALEO_1978_05::A2,jaleo,Jaleo,JALEO_1978_05,1978,pedagogy,legitimating
JALEO_1978_05::A3,jaleo,Jaleo,JALEO_1978_05,1978,community,legitimating
JALEO_1978_05::A3,jaleo,Jaleo,JALEO_1978_05,1978,pedagogy,legitimating
JALEO_1978_05::A3,jaleo,Jaleo,JALEO_1978_05,1978,criticism,legitimating
JALEO_1978_05::A4,jaleo,Jaleo,JALEO_1978_05,1978,authenticity,mixed
JALEO_1978_05::A4,jaleo,Jaleo,JALEO_1978_05,1978,criticism,mixed
JALEO_1978_05::A5,jaleo,Jaleo,JALEO_1978_05,1978,criticism,mixed
JALEO_1978_05::A6,jaleo,Jaleo,JALEO_1978_05,1978,tradition,legitimating
JALEO_1978_05::A6,jaleo,Jaleo,JALEO_1978_05,1978,criticism,legitimating
JALEO_1978_05::A6,jaleo,Jaleo,JALEO_1978_05,1978,pedagogy,legitimating
JALEO_1978_05::A7,jaleo,Jaleo,JALEO_1978_05,1978,pedagogy,legitimating
JALEO_1978_05::A7,jaleo,Jaleo,JALEO_1978_05,1978,criticism,legitimating
JALEO_1978_05::A8,jaleo,Jaleo,JALEO_1978_05,1978,criticism,legitimating
JALEO_1978_05::A9,jaleo,Jaleo,JALEO_1978_05,1978,criticism,mixed
JALEO_1978_05::A9,jaleo,Jaleo,JALEO_1978_05,1978,pedagogy,mixed
JALEO_1978_05::A10,jaleo,Jaleo,JALEO_1978_05,1978,pedagogy,legitimating
JALEO_1978_05::A11,jaleo,Jaleo,JALEO_1978_05,1978,criticism,legitimating
JALEO_1978_05::A12,jaleo,Jaleo,JALEO_1978_05,1978,criticism,mixed
JALEO_1978_05::A12,jaleo,Jaleo,JALEO_1978_05,1978,community,mixed
JALEO_1978_05::A13,jaleo,Jaleo,JALEO_1978_05,1978,pedagogy,neutral
JALEO_1978_05::A15,jaleo,Jaleo,JALEO_1978_05,1978,pedagogy,legitimating
JALEO_1978_05::A15,jaleo,Jaleo,JALEO_1978_05,1978,community,legitimating
JALEO_1978_06::A1,jaleo,Jaleo,JALEO_1978_06,1978,authenticity,legitimating
JALEO_1978_06::A1,jaleo,Jaleo,JALEO_1978_06,1978,community,legitimating
JALEO_1978_06::A2,jaleo,Jaleo,JALEO_1978_06,1978,criticism,legitimating
JALEO_1978_06::A2,jaleo,Jaleo,JALEO_1978_06,1978,tradition,legitimating
JALEO_1978_06::A3,jaleo,Jaleo,JALEO_1978_06,1978,pedagogy,legitimating
JALEO_1978_06::A3,jaleo,Jaleo,JALEO_1978_06,1978,criticism,legitimating
JALEO_1978_06::A4,jaleo,Jaleo,JALEO_1978_06,1978,criticism,contested
JALEO_1978_06::A5,jaleo,Jaleo,JALEO_1978_06,1978,criticism,mixed
JALEO_1978_06::A5,jaleo,Jaleo,JALEO_1978_06,1978,tradition,mixed
JALEO_1978_06::A6,jaleo,Jaleo,JALEO_1978_06,1978,criticism,legitimating
JALEO_1978_06::A8,jaleo,Jaleo,JALEO_1978_06,1978,pedagogy,mixed
JALEO_1978_06::A8,jaleo,Jaleo,JALEO_1978_06,1978,tradition,mixed
JALEO_1978_06::A8,jaleo,Jaleo,JALEO_1978_06,1978,criticism,mixed
JALEO_1978_06::A9,jaleo,Jaleo,JALEO_1978_06,1978,criticism,mixed
JALEO_1978_06::A10,jaleo,Jaleo,JALEO_1978_06,1978,criticism,legitimating
JALEO_1978_06::A11,jaleo,Jaleo,JALEO_1978_06,1978,community,contested
JALEO_1978_06::A11,jaleo,Jaleo,JALEO_1978_06,1978,pedagogy,contested
JALEO_1978_06::A12,jaleo,Jaleo,JALEO_1978_06,1978,pedagogy,legitimating
JALEO_1978_06::A12,jaleo,Jaleo,JALEO_1978_06,1978,community,legitimating
JALEO_1978_06::A13,jaleo,Jaleo,JALEO_1978_06,1978,community,legitimating
JALEO_1978_06::A13,jaleo,Jaleo,JALEO_1978_06,1978,criticism,legitimating
JALEO_1978_06::A14,jaleo,Jaleo,JALEO_1978_06,1978,authenticity,legitimating
JALEO_1978_06::A14,jaleo,Jaleo,JALEO_1978_06,1978,community,legitimating
JALEO_1978_07::A1,jaleo,Jaleo,JALEO_1978_07,1978,criticism,mixed
JALEO_1978_07::A1,jaleo,Jaleo,JALEO_1978_07,1978,authenticity,mixed
JALEO_1978_07::A2,jaleo,Jaleo,JALEO_1978_07,1978,community,legitimating
JALEO_1978_07::A2,jaleo,Jaleo,JALEO_1978_07,1978,pedagogy,legitimating
JALEO_1978_07::A3,jaleo,Jaleo,JALEO_1978_07,1978,pedagogy,contested
JALEO_1978_07::A3,jaleo,Jaleo,JALEO_1978_07,1978,criticism,contested
JALEO_1978_07::A4,jaleo,Jaleo,JALEO_1978_07,1978,authenticity,contested
JALEO_1978_07::A4,jaleo,Jaleo,JALEO_1978_07,1978,community,contested
JALEO_1978_07::A4,jaleo,Jaleo,JALEO_1978_07,1978,criticism,contested
JALEO_1978_07::A5,jaleo,Jaleo,JALEO_1978_07,1978,criticism,mixed
JALEO_1978_07::A5,jaleo,Jaleo,JALEO_1978_07,1978,pedagogy,mixed
JALEO_1978_07::A6,jaleo,Jaleo,JALEO_1978_07,1978,community,legitimating
JALEO_1978_07::A6,jaleo,Jaleo,JALEO_1978_07,1978,pedagogy,legitimating
JALEO_1978_07::A6,jaleo,Jaleo,JALEO_1978_07,1978,criticism,legitimating
JALEO_1978_07::A7,jaleo,Jaleo,JALEO_1978_07,1978,criticism,legitimating
JALEO_1978_07::A8,jaleo,Jaleo,JALEO_1978_07,1978,criticism,contested
JALEO_1978_07::A8,jaleo,Jaleo,JALEO_1978_07,1978,authenticity,contested
JALEO_1978_07::A9,jaleo,Jaleo,JALEO_1978_07,1978,criticism,delegitimating
JALEO_1978_07::A9,jaleo,Jaleo,JALEO_1978_07,1978,community,delegitimating
JALEO_1978_07::A10,jaleo,Jaleo,JALEO_1978_07,1978,criticism,mixed
JALEO_1978_07::A10,jaleo,Jaleo,JALEO_1978_07,1978,pedagogy,mixed
JALEO_1978_07::A11,jaleo,Jaleo,JALEO_1978_07,1978,criticism,legitimating
JALEO_1978_07::A12,jaleo,Jaleo,JALEO_1978_07,1978,community,delegitimating
JALEO_1978_07::A13,jaleo,Jaleo,JALEO_1978_07,1978,criticism,mixed
JALEO_1978_07::A14,jaleo,Jaleo,JALEO_1978_07,1978,pedagogy,legitimating
JALEO_1978_07::A14,jaleo,Jaleo,JALEO_1978_07,1978,community,legitimating
JALEO_1978_07::A15,jaleo,Jaleo,JALEO_1978_07,1978,authenticity,mixed
JALEO_1978_07::A15,jaleo,Jaleo,JALEO_1978_07,1978,criticism,mixed
JALEO_1978_08::A1,jaleo,Jaleo,JALEO_1978_08,1978,authenticity,legitimating
JALEO_1978_08::A1,jaleo,Jaleo,JALEO_1978_08,1978,pedagogy,legitimating
JALEO_1978_08::A1,jaleo,Jaleo,JALEO_1978_08,1978,community,legitimating
JALEO_1978_08::A2,jaleo,Jaleo,JALEO_1978_08,1978,pedagogy,legitimating
JALEO_1978_08::A2,jaleo,Jaleo,JALEO_1978_08,1978,community,legitimating
JALEO_1978_08::A2,jaleo,Jaleo,JALEO_1978_08,1978,criticism,legitimating
JALEO_1978_08::A3,jaleo,Jaleo,JALEO_1978_08,1978,pedagogy,legitimating
JALEO_1978_08::A3,jaleo,Jaleo,JALEO_1978_08,1978,community,legitimating
JALEO_1978_08::A4,jaleo,Jaleo,JALEO_1978_08,1978,community,mixed
JALEO_1978_08::A4,jaleo,Jaleo,JALEO_1978_08,1978,criticism,mixed
JALEO_1978_08::A5,jaleo,Jaleo,JALEO_1978_08,1978,pedagogy,mixed
JALEO_1978_08::A5,jaleo,Jaleo,JALEO_1978_08,1978,tradition,mixed
JALEO_1978_08::A5,jaleo,Jaleo,JALEO_1978_08,1978,criticism,mixed
JALEO_1978_08::A5,jaleo,Jaleo,JALEO_1978_08,1978,authenticity,mixed
JALEO_1978_08::A6,jaleo,Jaleo,JALEO_1978_08,1978,criticism,legitimating
JALEO_1978_08::A8,jaleo,Jaleo,JALEO_1978_08,1978,community,legitimating
JALEO_1978_08::A8,jaleo,Jaleo,JALEO_1978_08,1978,pedagogy,legitimating
JALEO_1978_08::A9,jaleo,Jaleo,JALEO_1978_08,1978,criticism,legitimating
JALEO_1978_08::A9,jaleo,Jaleo,JALEO_1978_08,1978,tradition,legitimating
JALEO_1978_08::A10,jaleo,Jaleo,JALEO_1978_08,1978,community,mixed
JALEO_1978_08::A10,jaleo,Jaleo,JALEO_1978_08,1978,pedagogy,mixed
JALEO_1978_08::A10,jaleo,Jaleo,JALEO_1978_08,1978,authenticity,mixed
JALEO_1978_08::A10,jaleo,Jaleo,JALEO_1978_08,1978,criticism,mixed
JALEO_1978_08::A11,jaleo,Jaleo,JALEO_1978_08,1978,pedagogy,mixed
JALEO_1978_08::A11,jaleo,Jaleo,JALEO_1978_08,1978,authenticity,mixed
JALEO_1978_08::A11,jaleo,Jaleo,JALEO_1978_08,1978,criticism,mixed
JALEO_1978_08::A12,jaleo,Jaleo,JALEO_1978_08,1978,community,legitimating
JALEO_1978_08::A12,jaleo,Jaleo,JALEO_1978_08,1978,pedagogy,legitimating
JALEO_1978_08::A12,jaleo,Jaleo,JALEO_1978_08,1978,criticism,legitimating
JALEO_1978_08::A13,jaleo,Jaleo,JALEO_1978_08,1978,community,legitimating
JALEO_1978_09::A1,jaleo,Jaleo,JALEO_1978_09,1978,community,contested
JALEO_1978_09::A1,jaleo,Jaleo,JALEO_1978_09,1978,pedagogy,contested
JALEO_1978_09::A1,jaleo,Jaleo,JALEO_1978_09,1978,criticism,contested
JALEO_1978_09::A2,jaleo,Jaleo,JALEO_1978_09,1978,criticism,mixed
JALEO_1978_09::A2,jaleo,Jaleo,JALEO_1978_09,1978,community,mixed
JALEO_1978_09::A3,jaleo,Jaleo,JALEO_1978_09,1978,criticism,contested
JALEO_1978_09::A3,jaleo,Jaleo,JALEO_1978_09,1978,pedagogy,contested
JALEO_1978_09::A5,jaleo,Jaleo,JALEO_1978_09,1978,authenticity,legitimating
JALEO_1978_09::A5,jaleo,Jaleo,JALEO_1978_09,1978,community,legitimating
JALEO_1978_09::A5,jaleo,Jaleo,JALEO_1978_09,1978,pedagogy,legitimating
JALEO_1978_09::A5,jaleo,Jaleo,JALEO_1978_09,1978,criticism,legitimating
JALEO_1978_09::A6,jaleo,Jaleo,JALEO_1978_09,1978,community,legitimating
JALEO_1978_09::A6,jaleo,Jaleo,JALEO_1978_09,1978,pedagogy,legitimating
JALEO_1978_09::A6,jaleo,Jaleo,JALEO_1978_09,1978,criticism,legitimating
JALEO_1978_09::A7,jaleo,Jaleo,JALEO_1978_09,1978,pedagogy,legitimating
JALEO_1978_09::A7,jaleo,Jaleo,JALEO_1978_09,1978,criticism,legitimating
JALEO_1978_09::A8,jaleo,Jaleo,JALEO_1978_09,1978,criticism,mixed
JALEO_1978_09::A8,jaleo,Jaleo,JALEO_1978_09,1978,authenticity,mixed
JALEO_1978_09::A8,jaleo,Jaleo,JALEO_1978_09,1978,community,mixed
JALEO_1978_09::A9,jaleo,Jaleo,JALEO_1978_09,1978,community,mixed
JALEO_1978_09::A9,jaleo,Jaleo,JALEO_1978_09,1978,criticism,mixed
JALEO_1978_09::A9,jaleo,Jaleo,JALEO_1978_09,1978,pedagogy,mixed
JALEO_1978_09::A10,jaleo,Jaleo,JALEO_1978_09,1978,community,legitimating
JALEO_1978_09::A10,jaleo,Jaleo,JALEO_1978_09,1978,criticism,legitimating
JALEO_1978_09::A11,jaleo,Jaleo,JALEO_1978_09,1978,pedagogy,legitimating
JALEO_1978_09::A11,jaleo,Jaleo,JALEO_1978_09,1978,criticism,legitimating
JALEO_1978_09::A12,jaleo,Jaleo,JALEO_1978_09,1978,pedagogy,legitimating
JALEO_1978_09::A13,jaleo,Jaleo,JALEO_1978_09,1978,community,legitimating
JALEO_1978_09::A13,jaleo,Jaleo,JALEO_1978_09,1978,criticism,legitimating
JALEO_1978_10::A1,jaleo,Jaleo,JALEO_1978_10,1978,pedagogy,legitimating
JALEO_1978_10::A3,jaleo,Jaleo,JALEO_1978_10,1978,tradition,mixed
JALEO_1978_10::A3,jaleo,Jaleo,JALEO_1978_10,1978,community,mixed
JALEO_1978_10::A3,jaleo,Jaleo,JALEO_1978_10,1978,pedagogy,mixed
JALEO_1978_10::A3,jaleo,Jaleo,JALEO_1978_10,1978,criticism,mixed
JALEO_1978_10::A4,jaleo,Jaleo,JALEO_1978_10,1978,pedagogy,legitimating
JALEO_1978_10::A4,jaleo,Jaleo,JALEO_1978_10,1978,criticism,legitimating
JALEO_1978_10::A5,jaleo,Jaleo,JALEO_1978_10,1978,community,legitimating
JALEO_1978_10::A5,jaleo,Jaleo,JALEO_1978_10,1978,pedagogy,legitimating
JALEO_1978_10::A5,jaleo,Jaleo,JALEO_1978_10,1978,criticism,legitimating
JALEO_1978_10::A6,jaleo,Jaleo,JALEO_1978_10,1978,criticism,mixed
JALEO_1978_10::A6,jaleo,Jaleo,JALEO_1978_10,1978,authenticity,mixed
JALEO_1978_10::A7,jaleo,Jaleo,JALEO_1978_10,1978,community,contested
JALEO_1978_10::A7,jaleo,Jaleo,JALEO_1978_10,1978,criticism,contested
JALEO_1978_10::A8,jaleo,Jaleo,JALEO_1978_10,1978,community,legitimating
JALEO_1978_10::A8,jaleo,Jaleo,JALEO_1978_10,1978,criticism,legitimating
JALEO_1978_10::A8,jaleo,Jaleo,JALEO_1978_10,1978,pedagogy,legitimating
JALEO_1978_10::A9,jaleo,Jaleo,JALEO_1978_10,1978,criticism,mixed
JALEO_1978_10::A10,jaleo,Jaleo,JALEO_1978_10,1978,criticism,legitimating
JALEO_1978_10::A10,jaleo,Jaleo,JALEO_1978_10,1978,authenticity,legitimating
JALEO_1978_10::A10,jaleo,Jaleo,JALEO_1978_10,1978,pedagogy,legitimating
JALEO_1978_10::A11,jaleo,Jaleo,JALEO_1978_10,1978,community,legitimating
JALEO_1978_10::A11,jaleo,Jaleo,JALEO_1978_10,1978,pedagogy,legitimating
JALEO_1978_10::A11,jaleo,Jaleo,JALEO_1978_10,1978,criticism,legitimating
JALEO_1978_10::A12,jaleo,Jaleo,JALEO_1978_10,1978,tradition,legitimating
JALEO_1978_10::A12,jaleo,Jaleo,JALEO_1978_10,1978,criticism,legitimating
JALEO_1978_10::A12,jaleo,Jaleo,JALEO_1978_10,1978,pedagogy,legitimating
JALEO_1978_10::A15,jaleo,Jaleo,JALEO_1978_10,1978,pedagogy,neutral
JALEO_1978_10::A16,jaleo,Jaleo,JALEO_1978_10,1978,community,legitimating
JALEO_1978_10::A16,jaleo,Jaleo,JALEO_1978_10,1978,criticism,legitimating
JALEO_1978_11::A1,jaleo,Jaleo,JALEO_1978_11,1978,pedagogy,legitimating
JALEO_1978_11::A1,jaleo,Jaleo,JALEO_1978_11,1978,community,legitimating
JALEO_1978_11::A1,jaleo,Jaleo,JALEO_1978_11,1978,criticism,legitimating
JALEO_1978_11::A2,jaleo,Jaleo,JALEO_1978_11,1978,criticism,mixed
JALEO_1978_11::A2,jaleo,Jaleo,JALEO_1978_11,1978,tradition,mixed
JALEO_1978_11::A3,jaleo,Jaleo,JALEO_1978_11,1978,authenticity,contested
JALEO_1978_11::A3,jaleo,Jaleo,JALEO_1978_11,1978,criticism,contested
JALEO_1978_11::A4,jaleo,Jaleo,JALEO_1978_11,1978,tradition,mixed
JALEO_1978_11::A4,jaleo,Jaleo,JALEO_1978_11,1978,authenticity,mixed
JALEO_1978_11::A4,jaleo,Jaleo,JALEO_1978_11,1978,criticism,mixed
JALEO_1978_11::A6,jaleo,Jaleo,JALEO_1978_11,1978,pedagogy,legitimating
JALEO_1978_11::A6,jaleo,Jaleo,JALEO_1978_11,1978,criticism,legitimating
JALEO_1978_11::A8,jaleo,Jaleo,JALEO_1978_11,1978,authenticity,legitimating
JALEO_1978_11::A8,jaleo,Jaleo,JALEO_1978_11,1978,community,legitimating
JALEO_1978_11::A8,jaleo,Jaleo,JALEO_1978_11,1978,criticism,legitimating
JALEO_1978_11::A9,jaleo,Jaleo,JALEO_1978_11,1978,pedagogy,legitimating
JALEO_1978_11::A9,jaleo,Jaleo,JALEO_1978_11,1978,criticism,legitimating
JALEO_1978_11::A10,jaleo,Jaleo,JALEO_1978_11,1978,criticism,legitimating
JALEO_1978_11::A10,jaleo,Jaleo,JALEO_1978_11,1978,pedagogy,legitimating
JALEO_1978_11::A11,jaleo,Jaleo,JALEO_1978_11,1978,criticism,contested
JALEO_1978_11::A11,jaleo,Jaleo,JALEO_1978_11,1978,community,contested
JALEO_1978_11::A11,jaleo,Jaleo,JALEO_1978_11,1978,authenticity,contested
JALEO_1978_11::A13,jaleo,Jaleo,JALEO_1978_11,1978,criticism,legitimating
JALEO_1978_11::A14,jaleo,Jaleo,JALEO_1978_11,1978,pedagogy,legitimating
JALEO_1978_11::A15,jaleo,Jaleo,JALEO_1978_11,1978,community,legitimating
JALEO_1978_11::A15,jaleo,Jaleo,JALEO_1978_11,1978,pedagogy,legitimating
JALEO_1978_11::A15,jaleo,Jaleo,JALEO_1978_11,1978,criticism,legitimating
JALEO_1978_11::A16,jaleo,Jaleo,JALEO_1978_11,1978,community,legitimating
JALEO_1979_05::A1,jaleo,Jaleo,JALEO_1979_05,1979,pedagogy,mixed
JALEO_1979_05::A1,jaleo,Jaleo,JALEO_1979_05,1979,criticism,mixed
JALEO_1979_05::A1,jaleo,Jaleo,JALEO_1979_05,1979,community,mixed
JALEO_1979_05::A2,jaleo,Jaleo,JALEO_1979_05,1979,pedagogy,mixed
JALEO_1979_05::A2,jaleo,Jaleo,JALEO_1979_05,1979,criticism,mixed
JALEO_1979_05::A3,jaleo,Jaleo,JALEO_1979_05,1979,criticism,legitimating
JALEO_1979_05::A4,jaleo,Jaleo,JALEO_1979_05,1979,criticism,legitimating
JALEO_1979_05::A4,jaleo,Jaleo,JALEO_1979_05,1979,pedagogy,legitimating
JALEO_1979_05::A5,jaleo,Jaleo,JALEO_1979_05,1979,pedagogy,legitimating
JALEO_1979_05::A5,jaleo,Jaleo,JALEO_1979_05,1979,criticism,legitimating
JALEO_1979_05::A6,jaleo,Jaleo,JALEO_1979_05,1979,criticism,legitimating
JALEO_1979_05::A7,jaleo,Jaleo,JALEO_1979_05,1979,authenticity,mixed
JALEO_1979_05::A7,jaleo,Jaleo,JALEO_1979_05,1979,criticism,mixed
JALEO_1979_05::A10,jaleo,Jaleo,JALEO_1979_05,1979,pedagogy,legitimating
JALEO_1979_05::A11,jaleo,Jaleo,JALEO_1979_05,1979,criticism,legitimating
JALEO_1979_05::A11,jaleo,Jaleo,JALEO_1979_05,1979,pedagogy,legitimating
JALEO_1979_05::A12,jaleo,Jaleo,JALEO_1979_05,1979,pedagogy,mixed
JALEO_1979_05::A12,jaleo,Jaleo,JALEO_1979_05,1979,criticism,mixed
JALEO_1979_05::A12,jaleo,Jaleo,JALEO_1979_05,1979,authenticity,mixed
JALEO_1979_05::A13,jaleo,Jaleo,JALEO_1979_05,1979,criticism,legitimating
JALEO_1979_06::A1,jaleo,Jaleo,JALEO_1979_06,1979,authenticity,legitimating
JALEO_1979_06::A1,jaleo,Jaleo,JALEO_1979_06,1979,tradition,legitimating
JALEO_1979_06::A1,jaleo,Jaleo,JALEO_1979_06,1979,pedagogy,legitimating
JALEO_1979_06::A2,jaleo,Jaleo,JALEO_1979_06,1979,criticism,mixed
JALEO_1979_06::A3,jaleo,Jaleo,JALEO_1979_06,1979,community,legitimating
JALEO_1979_06::A3,jaleo,Jaleo,JALEO_1979_06,1979,pedagogy,legitimating
JALEO_1979_06::A4,jaleo,Jaleo,JALEO_1979_06,1979,pedagogy,legitimating
JALEO_1979_06::A5,jaleo,Jaleo,JALEO_1979_06,1979,criticism,legitimating
JALEO_1979_06::A6,jaleo,Jaleo,JALEO_1979_06,1979,criticism,legitimating
JALEO_1979_06::A7,jaleo,Jaleo,JALEO_1979_06,1979,pedagogy,legitimating
JALEO_1979_06::A8,jaleo,Jaleo,JALEO_1979_06,1979,criticism,legitimating
JALEO_1979_06::A8,jaleo,Jaleo,JALEO_1979_06,1979,pedagogy,legitimating
JALEO_1979_06::A10,jaleo,Jaleo,JALEO_1979_06,1979,criticism,legitimating
JALEO_1979_06::A10,jaleo,Jaleo,JALEO_1979_06,1979,pedagogy,legitimating
JALEO_1979_06::A11,jaleo,Jaleo,JALEO_1979_06,1979,pedagogy,legitimating
JALEO_1979_06::A12,jaleo,Jaleo,JALEO_1979_06,1979,criticism,mixed
JALEO_1979_06::A13,jaleo,Jaleo,JALEO_1979_06,1979,pedagogy,mixed
JALEO_1979_06::A13,jaleo,Jaleo,JALEO_1979_06,1979,criticism,mixed
JALEO_1979_06::A14,jaleo,Jaleo,JALEO_1979_06,1979,pedagogy,mixed
JALEO_1979_06::A14,jaleo,Jaleo,JALEO_1979_06,1979,criticism,mixed
JALEO_1979_06::A14,jaleo,Jaleo,JALEO_1979_06,1979,authenticity,mixed
JALEO_1979_07::A1,jaleo,Jaleo,JALEO_1979_07,1979,criticism,mixed
JALEO_1979_07::A1,jaleo,Jaleo,JALEO_1979_07,1979,community,mixed
JALEO_1979_07::A2,jaleo,Jaleo,JALEO_1979_07,1979,criticism,legitimating
JALEO_1979_07::A2,jaleo,Jaleo,JALEO_1979_07,1979,community,legitimating
JALEO_1979_07::A3,jaleo,Jaleo,JALEO_1979_07,1979,heritage,contested
JALEO_1979_07::A3,jaleo,Jaleo,JALEO_1979_07,1979,community,contested
JALEO_1979_07::A5,jaleo,Jaleo,JALEO_1979_07,1979,authenticity,contested
JALEO_1979_07::A5,jaleo,Jaleo,JALEO_1979_07,1979,tradition,contested
JALEO_1979_07::A5,jaleo,Jaleo,JALEO_1979_07,1979,pedagogy,contested
JALEO_1979_07::A5,jaleo,Jaleo,JALEO_1979_07,1979,community,contested
JALEO_1979_07::A6,jaleo,Jaleo,JALEO_1979_07,1979,tradition,contested
JALEO_1979_07::A6,jaleo,Jaleo,JALEO_1979_07,1979,community,contested
JALEO_1979_07::A7,jaleo,Jaleo,JALEO_1979_07,1979,criticism,legitimating
JALEO_1979_07::A9,jaleo,Jaleo,JALEO_1979_07,1979,pedagogy,neutral
JALEO_1979_07::A9,jaleo,Jaleo,JALEO_1979_07,1979,criticism,neutral
JALEO_1979_07::A10,jaleo,Jaleo,JALEO_1979_07,1979,criticism,legitimating
JALEO_1979_07::A11,jaleo,Jaleo,JALEO_1979_07,1979,pedagogy,legitimating
JALEO_1979_07::A12,jaleo,Jaleo,JALEO_1979_07,1979,pedagogy,legitimating
JALEO_1979_07::A12,jaleo,Jaleo,JALEO_1979_07,1979,criticism,legitimating
JALEO_1979_07::A13,jaleo,Jaleo,JALEO_1979_07,1979,authenticity,contested
JALEO_1979_07::A13,jaleo,Jaleo,JALEO_1979_07,1979,tradition,contested
JALEO_1979_07::A13,jaleo,Jaleo,JALEO_1979_07,1979,criticism,contested
JALEO_1979_07::A14,jaleo,Jaleo,JALEO_1979_07,1979,authenticity,mixed
JALEO_1979_07::A14,jaleo,Jaleo,JALEO_1979_07,1979,criticism,mixed
JALEO_1979_07::A15,jaleo,Jaleo,JALEO_1979_07,1979,community,mixed
JALEO_1979_07::A15,jaleo,Jaleo,JALEO_1979_07,1979,criticism,mixed
JALEO_1979_07::A16,jaleo,Jaleo,JALEO_1979_07,1979,community,legitimating
JALEO_1979_07::A16,jaleo,Jaleo,JALEO_1979_07,1979,criticism,legitimating
JALEO_1979_08::A1,jaleo,Jaleo,JALEO_1979_08,1979,community,legitimating
JALEO_1979_08::A1,jaleo,Jaleo,JALEO_1979_08,1979,criticism,legitimating
JALEO_1979_08::A2,jaleo,Jaleo,JALEO_1979_08,1979,community,legitimating
JALEO_1979_08::A3,jaleo,Jaleo,JALEO_1979_08,1979,pedagogy,mixed
JALEO_1979_08::A3,jaleo,Jaleo,JALEO_1979_08,1979,criticism,mixed
JALEO_1979_08::A4,jaleo,Jaleo,JALEO_1979_08,1979,criticism,mixed
JALEO_1979_08::A6,jaleo,Jaleo,JALEO_1979_08,1979,authenticity,contested
JALEO_1979_08::A6,jaleo,Jaleo,JALEO_1979_08,1979,criticism,contested
JALEO_1979_08::A7,jaleo,Jaleo,JALEO_1979_08,1979,authenticity,mixed
JALEO_1979_08::A7,jaleo,Jaleo,JALEO_1979_08,1979,pedagogy,mixed
JALEO_1979_08::A7,jaleo,Jaleo,JALEO_1979_08,1979,criticism,mixed
JALEO_1979_08::A8,jaleo,Jaleo,JALEO_1979_08,1979,pedagogy,legitimating
JALEO_1979_08::A8,jaleo,Jaleo,JALEO_1979_08,1979,community,legitimating
JALEO_1979_08::A9,jaleo,Jaleo,JALEO_1979_08,1979,pedagogy,legitimating
JALEO_1979_08::A10,jaleo,Jaleo,JALEO_1979_08,1979,criticism,legitimating
JALEO_1979_08::A11,jaleo,Jaleo,JALEO_1979_08,1979,community,legitimating
JALEO_1979_08::A11,jaleo,Jaleo,JALEO_1979_08,1979,criticism,legitimating
JALEO_1979_08::A12,jaleo,Jaleo,JALEO_1979_08,1979,community,legitimating
JALEO_1979_08::A12,jaleo,Jaleo,JALEO_1979_08,1979,pedagogy,legitimating
JALEO_1979_08::A13,jaleo,Jaleo,JALEO_1979_08,1979,pedagogy,legitimating
JALEO_1979_08::A13,jaleo,Jaleo,JALEO_1979_08,1979,community,legitimating
JALEO_1979_08::A15,jaleo,Jaleo,JALEO_1979_08,1979,community,legitimating
JALEO_1979_08::A15,jaleo,Jaleo,JALEO_1979_08,1979,criticism,legitimating
JALEO_1979_09::A1,jaleo,Jaleo,JALEO_1979_09,1979,community,mixed
JALEO_1979_09::A1,jaleo,Jaleo,JALEO_1979_09,1979,tradition,mixed
JALEO_1979_09::A1,jaleo,Jaleo,JALEO_1979_09,1979,criticism,mixed
JALEO_1979_09::A2,jaleo,Jaleo,JALEO_1979_09,1979,community,contested
JALEO_1979_09::A2,jaleo,Jaleo,JALEO_1979_09,1979,criticism,contested
JALEO_1979_09::A3,jaleo,Jaleo,JALEO_1979_09,1979,criticism,mixed
JALEO_1979_09::A3,jaleo,Jaleo,JALEO_1979_09,1979,authenticity,mixed
JALEO_1979_09::A4,jaleo,Jaleo,JALEO_1979_09,1979,tradition,legitimating
JALEO_1979_09::A4,jaleo,Jaleo,JALEO_1979_09,1979,criticism,legitimating
JALEO_1979_09::A5,jaleo,Jaleo,JALEO_1979_09,1979,community,legitimating
JALEO_1979_09::A5,jaleo,Jaleo,JALEO_1979_09,1979,pedagogy,legitimating
JALEO_1979_09::A5,jaleo,Jaleo,JALEO_1979_09,1979,criticism,legitimating
JALEO_1979_09::A7,jaleo,Jaleo,JALEO_1979_09,1979,pedagogy,legitimating
JALEO_1979_09::A8,jaleo,Jaleo,JALEO_1979_09,1979,pedagogy,mixed
JALEO_1979_09::A8,jaleo,Jaleo,JALEO_1979_09,1979,criticism,mixed
JALEO_1979_09::A9,jaleo,Jaleo,JALEO_1979_09,1979,pedagogy,neutral
JALEO_1979_09::A11,jaleo,Jaleo,JALEO_1979_09,1979,community,legitimating
JALEO_1979_09::A11,jaleo,Jaleo,JALEO_1979_09,1979,criticism,legitimating
JALEO_1979_10::A1,jaleo,Jaleo,JALEO_1979_10,1979,authenticity,mixed
JALEO_1979_10::A1,jaleo,Jaleo,JALEO_1979_10,1979,pedagogy,mixed
JALEO_1979_10::A2,jaleo,Jaleo,JALEO_1979_10,1979,authenticity,contested
JALEO_1979_10::A2,jaleo,Jaleo,JALEO_1979_10,1979,community,contested
JALEO_1979_10::A2,jaleo,Jaleo,JALEO_1979_10,1979,criticism,contested
JALEO_1979_10::A3,jaleo,Jaleo,JALEO_1979_10,1979,authenticity,legitimating
JALEO_1979_10::A3,jaleo,Jaleo,JALEO_1979_10,1979,community,legitimating
JALEO_1979_10::A5,jaleo,Jaleo,JALEO_1979_10,1979,pedagogy,legitimating
JALEO_1979_10::A5,jaleo,Jaleo,JALEO_1979_10,1979,community,legitimating
JALEO_1979_10::A6,jaleo,Jaleo,JALEO_1979_10,1979,criticism,legitimating
JALEO_1979_10::A6,jaleo,Jaleo,JALEO_1979_10,1979,community,legitimating
JALEO_1979_10::A7,jaleo,Jaleo,JALEO_1979_10,1979,criticism,legitimating
JALEO_1979_10::A10,jaleo,Jaleo,JALEO_1979_10,1979,pedagogy,legitimating
JALEO_1979_10::A10,jaleo,Jaleo,JALEO_1979_10,1979,criticism,legitimating
JALEO_1979_10::A11,jaleo,Jaleo,JALEO_1979_10,1979,criticism,legitimating
JALEO_1979_10::A12,jaleo,Jaleo,JALEO_1979_10,1979,tradition,legitimating
JALEO_1979_10::A12,jaleo,Jaleo,JALEO_1979_10,1979,heritage,legitimating
JALEO_1979_10::A12,jaleo,Jaleo,JALEO_1979_10,1979,community,legitimating
JALEO_1979_10::A12,jaleo,Jaleo,JALEO_1979_10,1979,authenticity,legitimating
JALEO_1979_10::A13,jaleo,Jaleo,JALEO_1979_10,1979,criticism,legitimating
JALEO_1979_10::A15,jaleo,Jaleo,JALEO_1979_10,1979,criticism,legitimating
JALEO_1979_10::A17,jaleo,Jaleo,JALEO_1979_10,1979,community,legitimating
JALEO_1979_10::A17,jaleo,Jaleo,JALEO_1979_10,1979,criticism,legitimating
JALEO_1979_11::A2,jaleo,Jaleo,JALEO_1979_11,1979,criticism,legitimating
JALEO_1979_11::A2,jaleo,Jaleo,JALEO_1979_11,1979,tradition,legitimating
JALEO_1979_11::A3,jaleo,Jaleo,JALEO_1979_11,1979,criticism,mixed
JALEO_1979_11::A4,jaleo,Jaleo,JALEO_1979_11,1979,criticism,legitimating
JALEO_1979_11::A4,jaleo,Jaleo,JALEO_1979_11,1979,tradition,legitimating
JALEO_1979_11::A7,jaleo,Jaleo,JALEO_1979_11,1979,criticism,contested
JALEO_1979_11::A8,jaleo,Jaleo,JALEO_1979_11,1979,criticism,legitimating
JALEO_1979_11::A9,jaleo,Jaleo,JALEO_1979_11,1979,authenticity,legitimating
JALEO_1979_11::A9,jaleo,Jaleo,JALEO_1979_11,1979,criticism,legitimating
JALEO_1979_11::A9,jaleo,Jaleo,JALEO_1979_11,1979,community,legitimating
JALEO_1979_11::A10,jaleo,Jaleo,JALEO_1979_11,1979,heritage,legitimating
JALEO_1979_11::A10,jaleo,Jaleo,JALEO_1979_11,1979,tradition,legitimating
JALEO_1979_11::A11,jaleo,Jaleo,JALEO_1979_11,1979,community,contested
JALEO_1979_11::A11,jaleo,Jaleo,JALEO_1979_11,1979,criticism,contested
JALEO_1979_11::A15,jaleo,Jaleo,JALEO_1979_11,1979,criticism,legitimating
JALEO_1979_11::A16,jaleo,Jaleo,JALEO_1979_11,1979,community,legitimating
JALEO_1979_12::A1,jaleo,Jaleo,JALEO_1979_12,1979,criticism,legitimating
JALEO_1979_12::A2,jaleo,Jaleo,JALEO_1979_12,1979,pedagogy,mixed
JALEO_1979_12::A2,jaleo,Jaleo,JALEO_1979_12,1979,criticism,mixed
JALEO_1979_12::A3,jaleo,Jaleo,JALEO_1979_12,1979,pedagogy,mixed
JALEO_1979_12::A3,jaleo,Jaleo,JALEO_1979_12,1979,criticism,mixed
JALEO_1979_12::A5,jaleo,Jaleo,JALEO_1979_12,1979,tradition,legitimating
JALEO_1979_12::A5,jaleo,Jaleo,JALEO_1979_12,1979,criticism,legitimating
JALEO_1979_12::A6,jaleo,Jaleo,JALEO_1979_12,1979,authenticity,legitimating
JALEO_1979_12::A6,jaleo,Jaleo,JALEO_1979_12,1979,tradition,legitimating
JALEO_1979_12::A6,jaleo,Jaleo,JALEO_1979_12,1979,criticism,legitimating
JALEO_1979_12::A8,jaleo,Jaleo,JALEO_1979_12,1979,tradition,legitimating
JALEO_1979_12::A8,jaleo,Jaleo,JALEO_1979_12,1979,pedagogy,legitimating
JALEO_1979_12::A8,jaleo,Jaleo,JALEO_1979_12,1979,criticism,legitimating
JALEO_1979_12::A9,jaleo,Jaleo,JALEO_1979_12,1979,criticism,mixed
JALEO_1979_12::A9,jaleo,Jaleo,JALEO_1979_12,1979,tradition,mixed
JALEO_1979_12::A9,jaleo,Jaleo,JALEO_1979_12,1979,authenticity,mixed
JALEO_1979_12::A10,jaleo,Jaleo,JALEO_1979_12,1979,criticism,legitimating
JALEO_1979_12::A11,jaleo,Jaleo,JALEO_1979_12,1979,criticism,legitimating
JALEO_1979_12::A12,jaleo,Jaleo,JALEO_1979_12,1979,heritage,legitimating
JALEO_1979_12::A12,jaleo,Jaleo,JALEO_1979_12,1979,pedagogy,legitimating
JALEO_1979_12::A12,jaleo,Jaleo,JALEO_1979_12,1979,community,legitimating
JALEO_1980_01::A1,jaleo,Jaleo,JALEO_1980_01,1980,pedagogy,mixed
JALEO_1980_01::A1,jaleo,Jaleo,JALEO_1980_01,1980,community,mixed
JALEO_1980_01::A1,jaleo,Jaleo,JALEO_1980_01,1980,criticism,mixed
JALEO_1980_01::A2,jaleo,Jaleo,JALEO_1980_01,1980,criticism,mixed
JALEO_1980_01::A2,jaleo,Jaleo,JALEO_1980_01,1980,community,mixed
JALEO_1980_01::A3,jaleo,Jaleo,JALEO_1980_01,1980,pedagogy,legitimating
JALEO_1980_01::A3,jaleo,Jaleo,JALEO_1980_01,1980,criticism,legitimating
JALEO_1980_01::A4,jaleo,Jaleo,JALEO_1980_01,1980,community,mixed
JALEO_1980_01::A4,jaleo,Jaleo,JALEO_1980_01,1980,pedagogy,mixed
JALEO_1980_01::A4,jaleo,Jaleo,JALEO_1980_01,1980,criticism,mixed
JALEO_1980_01::A6,jaleo,Jaleo,JALEO_1980_01,1980,pedagogy,legitimating
JALEO_1980_01::A8,jaleo,Jaleo,JALEO_1980_01,1980,pedagogy,legitimating
JALEO_1980_01::A8,jaleo,Jaleo,JALEO_1980_01,1980,criticism,legitimating
JALEO_1980_01::A9,jaleo,Jaleo,JALEO_1980_01,1980,criticism,legitimating
JALEO_1980_01::A10,jaleo,Jaleo,JALEO_1980_01,1980,pedagogy,legitimating
JALEO_1980_01::A10,jaleo,Jaleo,JALEO_1980_01,1980,criticism,legitimating
JALEO_1980_01::A11,jaleo,Jaleo,JALEO_1980_01,1980,pedagogy,legitimating
JALEO_1980_01::A12,jaleo,Jaleo,JALEO_1980_01,1980,pedagogy,legitimating
JALEO_1980_01::A12,jaleo,Jaleo,JALEO_1980_01,1980,criticism,legitimating
JALEO_1980_01::A13,jaleo,Jaleo,JALEO_1980_01,1980,pedagogy,legitimating
JALEO_1980_01::A14,jaleo,Jaleo,JALEO_1980_01,1980,pedagogy,legitimating
JALEO_1980_01::A15,jaleo,Jaleo,JALEO_1980_01,1980,pedagogy,legitimating
JALEO_1980_01::A15,jaleo,Jaleo,JALEO_1980_01,1980,criticism,legitimating
JALEO_1980_01::A16,jaleo,Jaleo,JALEO_1980_01,1980,pedagogy,legitimating
JALEO_1980_01::A16,jaleo,Jaleo,JALEO_1980_01,1980,criticism,legitimating
JALEO_1980_01::A17,jaleo,Jaleo,JALEO_1980_01,1980,criticism,legitimating
JALEO_1980_01::A17,jaleo,Jaleo,JALEO_1980_01,1980,heritage,legitimating
JALEO_1980_01::A18,jaleo,Jaleo,JALEO_1980_01,1980,pedagogy,legitimating
JALEO_1980_01::A18,jaleo,Jaleo,JALEO_1980_01,1980,criticism,legitimating
JALEO_1980_01::A20,jaleo,Jaleo,JALEO_1980_01,1980,tradition,legitimating
JALEO_1980_01::A20,jaleo,Jaleo,JALEO_1980_01,1980,pedagogy,legitimating
JALEO_1980_01::A22,jaleo,Jaleo,JALEO_1980_01,1980,community,legitimating
JALEO_1980_01::A23,jaleo,Jaleo,JALEO_1980_01,1980,community,legitimating
JALEO_1980_01::A23,jaleo,Jaleo,JALEO_1980_01,1980,pedagogy,legitimating
JALEO_1980_01::A24,jaleo,Jaleo,JALEO_1980_01,1980,community,legitimating
JALEO_1980_01::A24,jaleo,Jaleo,JALEO_1980_01,1980,pedagogy,legitimating
JALEO_1980_02::A1,jaleo,Jaleo,JALEO_1980_02,1980,criticism,mixed
JALEO_1980_02::A2,jaleo,Jaleo,JALEO_1980_02,1980,criticism,legitimating
JALEO_1980_02::A3,jaleo,Jaleo,JALEO_1980_02,1980,pedagogy,legitimating
JALEO_1980_02::A3,jaleo,Jaleo,JALEO_1980_02,1980,community,legitimating
JALEO_1980_02::A4,jaleo,Jaleo,JALEO_1980_02,1980,pedagogy,legitimating
JALEO_1980_02::A4,jaleo,Jaleo,JALEO_1980_02,1980,tradition,legitimating
JALEO_1980_02::A5,jaleo,Jaleo,JALEO_1980_02,1980,tradition,legitimating
JALEO_1980_02::A5,jaleo,Jaleo,JALEO_1980_02,1980,community,legitimating
JALEO_1980_02::A6,jaleo,Jaleo,JALEO_1980_02,1980,criticism,legitimating
JALEO_1980_02::A7,jaleo,Jaleo,JALEO_1980_02,1980,criticism,legitimating
JALEO_1980_02::A7,jaleo,Jaleo,JALEO_1980_02,1980,community,legitimating
JALEO_1980_02::A8,jaleo,Jaleo,JALEO_1980_02,1980,pedagogy,legitimating
JALEO_1980_02::A8,jaleo,Jaleo,JALEO_1980_02,1980,criticism,legitimating
JALEO_1980_02::A10,jaleo,Jaleo,JALEO_1980_02,1980,criticism,legitimating
JALEO_1980_02::A10,jaleo,Jaleo,JALEO_1980_02,1980,heritage,legitimating
JALEO_1980_02::A11,jaleo,Jaleo,JALEO_1980_02,1980,community,legitimating
JALEO_1980_02::A11,jaleo,Jaleo,JALEO_1980_02,1980,criticism,legitimating
JALEO_1980_02::A11,jaleo,Jaleo,JALEO_1980_02,1980,tradition,legitimating
JALEO_1980_02::A13,jaleo,Jaleo,JALEO_1980_02,1980,authenticity,mixed
JALEO_1980_02::A13,jaleo,Jaleo,JALEO_1980_02,1980,pedagogy,mixed
JALEO_1980_02::A13,jaleo,Jaleo,JALEO_1980_02,1980,criticism,mixed
JALEO_1980_03::A1,jaleo,Jaleo,JALEO_1980_03,1980,criticism,legitimating
JALEO_1980_03::A2,jaleo,Jaleo,JALEO_1980_03,1980,criticism,legitimating
JALEO_1980_03::A3,jaleo,Jaleo,JALEO_1980_03,1980,criticism,legitimating
JALEO_1980_03::A3,jaleo,Jaleo,JALEO_1980_03,1980,tradition,legitimating
JALEO_1980_03::A3,jaleo,Jaleo,JALEO_1980_03,1980,authenticity,legitimating
JALEO_1980_03::A3,jaleo,Jaleo,JALEO_1980_03,1980,pedagogy,legitimating
JALEO_1980_03::A4,jaleo,Jaleo,JALEO_1980_03,1980,criticism,legitimating
JALEO_1980_03::A4,jaleo,Jaleo,JALEO_1980_03,1980,pedagogy,legitimating
JALEO_1980_03::A4,jaleo,Jaleo,JALEO_1980_03,1980,tradition,legitimating
JALEO_1980_03::A5,jaleo,Jaleo,JALEO_1980_03,1980,criticism,legitimating
JALEO_1980_03::A5,jaleo,Jaleo,JALEO_1980_03,1980,tradition,legitimating
JALEO_1980_03::A5,jaleo,Jaleo,JALEO_1980_03,1980,pedagogy,legitimating
JALEO_1980_03::A6,jaleo,Jaleo,JALEO_1980_03,1980,criticism,legitimating
JALEO_1980_03::A6,jaleo,Jaleo,JALEO_1980_03,1980,tradition,legitimating
JALEO_1980_03::A6,jaleo,Jaleo,JALEO_1980_03,1980,heritage,legitimating
JALEO_1980_03::A7,jaleo,Jaleo,JALEO_1980_03,1980,heritage,legitimating
JALEO_1980_03::A7,jaleo,Jaleo,JALEO_1980_03,1980,tradition,legitimating
JALEO_1980_03::A7,jaleo,Jaleo,JALEO_1980_03,1980,pedagogy,legitimating
JALEO_1980_03::A8,jaleo,Jaleo,JALEO_1980_03,1980,criticism,mixed
JALEO_1980_03::A9,jaleo,Jaleo,JALEO_1980_03,1980,criticism,contested
JALEO_1980_03::A10,jaleo,Jaleo,JALEO_1980_03,1980,pedagogy,mixed
JALEO_1980_03::A10,jaleo,Jaleo,JALEO_1980_03,1980,criticism,mixed
JALEO_1980_03::A11,jaleo,Jaleo,JALEO_1980_03,1980,pedagogy,legitimating
JALEO_1980_03::A11,jaleo,Jaleo,JALEO_1980_03,1980,tradition,legitimating
JALEO_1980_03::A12,jaleo,Jaleo,JALEO_1980_03,1980,criticism,mixed
JALEO_1980_03::A12,jaleo,Jaleo,JALEO_1980_03,1980,authenticity,mixed
JALEO_1980_03::A14,jaleo,Jaleo,JALEO_1980_03,1980,criticism,legitimating
JALEO_1980_03::A15,jaleo,Jaleo,JALEO_1980_03,1980,pedagogy,legitimating
JALEO_1980_03::A16,jaleo,Jaleo,JALEO_1980_03,1980,community,delegitimating
JALEO_1980_03::A16,jaleo,Jaleo,JALEO_1980_03,1980,criticism,delegitimating
JALEO_1980_03::A17,jaleo,Jaleo,JALEO_1980_03,1980,criticism,legitimating
JALEO_1980_04::A1,jaleo,Jaleo,JALEO_1980_04,1980,authenticity,legitimating
JALEO_1980_04::A1,jaleo,Jaleo,JALEO_1980_04,1980,pedagogy,legitimating
JALEO_1980_04::A1,jaleo,Jaleo,JALEO_1980_04,1980,criticism,legitimating
JALEO_1980_04::A2,jaleo,Jaleo,JALEO_1980_04,1980,heritage,legitimating
JALEO_1980_04::A3,jaleo,Jaleo,JALEO_1980_04,1980,pedagogy,legitimating
JALEO_1980_04::A4,jaleo,Jaleo,JALEO_1980_04,1980,criticism,mixed
JALEO_1980_04::A5,jaleo,Jaleo,JALEO_1980_04,1980,pedagogy,legitimating
JALEO_1980_04::A5,jaleo,Jaleo,JALEO_1980_04,1980,heritage,legitimating
JALEO_1980_04::A7,jaleo,Jaleo,JALEO_1980_04,1980,authenticity,mixed
JALEO_1980_04::A7,jaleo,Jaleo,JALEO_1980_04,1980,pedagogy,mixed
JALEO_1980_04::A8,jaleo,Jaleo,JALEO_1980_04,1980,authenticity,legitimating
JALEO_1980_04::A8,jaleo,Jaleo,JALEO_1980_04,1980,pedagogy,legitimating
JALEO_1980_04::A8,jaleo,Jaleo,JALEO_1980_04,1980,criticism,legitimating
JALEO_1980_05::A1,jaleo,Jaleo,JALEO_1980_05,1980,pedagogy,legitimating
JALEO_1980_05::A2,jaleo,Jaleo,JALEO_1980_05,1980,heritage,legitimating
JALEO_1980_05::A2,jaleo,Jaleo,JALEO_1980_05,1980,community,legitimating
JALEO_1980_05::A2,jaleo,Jaleo,JALEO_1980_05,1980,criticism,legitimating
JALEO_1980_05::A3,jaleo,Jaleo,JALEO_1980_05,1980,pedagogy,legitimating
JALEO_1980_05::A3,jaleo,Jaleo,JALEO_1980_05,1980,community,legitimating
JALEO_1980_05::A4,jaleo,Jaleo,JALEO_1980_05,1980,criticism,mixed
JALEO_1980_05::A6,jaleo,Jaleo,JALEO_1980_05,1980,authenticity,legitimating
JALEO_1980_05::A6,jaleo,Jaleo,JALEO_1980_05,1980,criticism,legitimating
JALEO_1980_05::A7,jaleo,Jaleo,JALEO_1980_05,1980,pedagogy,legitimating
JALEO_1980_05::A8,jaleo,Jaleo,JALEO_1980_05,1980,pedagogy,legitimating
JALEO_1980_05::A8,jaleo,Jaleo,JALEO_1980_05,1980,community,legitimating
JALEO_1980_05::A9,jaleo,Jaleo,JALEO_1980_05,1980,criticism,neutral
JALEO_1980_05::A10,jaleo,Jaleo,JALEO_1980_05,1980,criticism,legitimating
JALEO_1980_05::A11,jaleo,Jaleo,JALEO_1980_05,1980,criticism,mixed
JALEO_1980_05::A11,jaleo,Jaleo,JALEO_1980_05,1980,authenticity,mixed
JALEO_1980_05::A12,jaleo,Jaleo,JALEO_1980_05,1980,community,legitimating
JALEO_1980_05::A12,jaleo,Jaleo,JALEO_1980_05,1980,criticism,legitimating
JALEO_1980_05::A13,jaleo,Jaleo,JALEO_1980_05,1980,criticism,legitimating
JALEO_1980_05::A14,jaleo,Jaleo,JALEO_1980_05,1980,community,legitimating
JALEO_1980_05::A14,jaleo,Jaleo,JALEO_1980_05,1980,pedagogy,legitimating
JALEO_1980_05::A14,jaleo,Jaleo,JALEO_1980_05,1980,criticism,legitimating
JALEO_1980_07::A1,jaleo,Jaleo,JALEO_1980_07,1980,pedagogy,contested
JALEO_1980_07::A1,jaleo,Jaleo,JALEO_1980_07,1980,community,contested
JALEO_1980_07::A2,jaleo,Jaleo,JALEO_1980_07,1980,criticism,legitimating
JALEO_1980_07::A3,jaleo,Jaleo,JALEO_1980_07,1980,heritage,legitimating
JALEO_1980_07::A3,jaleo,Jaleo,JALEO_1980_07,1980,community,legitimating
JALEO_1980_07::A3,jaleo,Jaleo,JALEO_1980_07,1980,criticism,legitimating
JALEO_1980_07::A4,jaleo,Jaleo,JALEO_1980_07,1980,heritage,legitimating
JALEO_1980_07::A4,jaleo,Jaleo,JALEO_1980_07,1980,community,legitimating
JALEO_1980_07::A5,jaleo,Jaleo,JALEO_1980_07,1980,authenticity,mixed
JALEO_1980_07::A5,jaleo,Jaleo,JALEO_1980_07,1980,tradition,mixed
JALEO_1980_07::A5,jaleo,Jaleo,JALEO_1980_07,1980,community,mixed
JALEO_1980_07::A5,jaleo,Jaleo,JALEO_1980_07,1980,criticism,mixed
JALEO_1980_07::A6,jaleo,Jaleo,JALEO_1980_07,1980,heritage,legitimating
JALEO_1980_07::A6,jaleo,Jaleo,JALEO_1980_07,1980,pedagogy,legitimating
JALEO_1980_07::A6,jaleo,Jaleo,JALEO_1980_07,1980,criticism,legitimating
JALEO_1980_07::A7,jaleo,Jaleo,JALEO_1980_07,1980,community,mixed
JALEO_1980_07::A7,jaleo,Jaleo,JALEO_1980_07,1980,criticism,mixed
JALEO_1980_07::A8,jaleo,Jaleo,JALEO_1980_07,1980,authenticity,legitimating
JALEO_1980_07::A8,jaleo,Jaleo,JALEO_1980_07,1980,community,legitimating
JALEO_1980_07::A9,jaleo,Jaleo,JALEO_1980_07,1980,criticism,legitimating
JALEO_1980_07::A9,jaleo,Jaleo,JALEO_1980_07,1980,tradition,legitimating
JALEO_1980_07::A10,jaleo,Jaleo,JALEO_1980_07,1980,heritage,legitimating
JALEO_1980_07::A12,jaleo,Jaleo,JALEO_1980_07,1980,pedagogy,legitimating
JALEO_1980_07::A12,jaleo,Jaleo,JALEO_1980_07,1980,criticism,legitimating
JALEO_1980_07::A12,jaleo,Jaleo,JALEO_1980_07,1980,community,legitimating
JALEO_1980_07::A13,jaleo,Jaleo,JALEO_1980_07,1980,community,mixed
JALEO_1980_07::A13,jaleo,Jaleo,JALEO_1980_07,1980,criticism,mixed
JALEO_1980_08::A1,jaleo,Jaleo,JALEO_1980_08,1980,authenticity,legitimating
JALEO_1980_08::A1,jaleo,Jaleo,JALEO_1980_08,1980,community,legitimating
JALEO_1980_08::A1,jaleo,Jaleo,JALEO_1980_08,1980,pedagogy,legitimating
JALEO_1980_08::A3,jaleo,Jaleo,JALEO_1980_08,1980,pedagogy,legitimating
JALEO_1980_08::A3,jaleo,Jaleo,JALEO_1980_08,1980,authenticity,legitimating
JALEO_1980_08::A4,jaleo,Jaleo,JALEO_1980_08,1980,criticism,legitimating
JALEO_1980_08::A4,jaleo,Jaleo,JALEO_1980_08,1980,community,legitimating
JALEO_1980_08::A5,jaleo,Jaleo,JALEO_1980_08,1980,authenticity,legitimating
JALEO_1980_08::A5,jaleo,Jaleo,JALEO_1980_08,1980,criticism,legitimating
JALEO_1980_08::A6,jaleo,Jaleo,JALEO_1980_08,1980,criticism,delegitimating
JALEO_1980_08::A7,jaleo,Jaleo,JALEO_1980_08,1980,criticism,legitimating
JALEO_1980_08::A8,jaleo,Jaleo,JALEO_1980_08,1980,criticism,legitimating
JALEO_1980_08::A9,jaleo,Jaleo,JALEO_1980_08,1980,authenticity,legitimating
JALEO_1980_08::A9,jaleo,Jaleo,JALEO_1980_08,1980,community,legitimating
JALEO_1980_08::A10,jaleo,Jaleo,JALEO_1980_08,1980,heritage,legitimating
JALEO_1980_08::A10,jaleo,Jaleo,JALEO_1980_08,1980,community,legitimating
JALEO_1980_08::A11,jaleo,Jaleo,JALEO_1980_08,1980,criticism,legitimating
JALEO_1980_08::A12,jaleo,Jaleo,JALEO_1980_08,1980,authenticity,legitimating
JALEO_1980_08::A12,jaleo,Jaleo,JALEO_1980_08,1980,criticism,legitimating
JALEO_1980_08::A13,jaleo,Jaleo,JALEO_1980_08,1980,criticism,legitimating
JALEO_1980_08::A13,jaleo,Jaleo,JALEO_1980_08,1980,pedagogy,legitimating
JALEO_1980_08::A16,jaleo,Jaleo,JALEO_1980_08,1980,authenticity,legitimating
JALEO_1980_08::A16,jaleo,Jaleo,JALEO_1980_08,1980,community,legitimating
JALEO_1980_08::A16,jaleo,Jaleo,JALEO_1980_08,1980,pedagogy,legitimating
JALEO_1980_08::A17,jaleo,Jaleo,JALEO_1980_08,1980,authenticity,mixed
JALEO_1980_08::A17,jaleo,Jaleo,JALEO_1980_08,1980,pedagogy,mixed
JALEO_1980_08::A17,jaleo,Jaleo,JALEO_1980_08,1980,criticism,mixed
JALEO_1980_08::A18,jaleo,Jaleo,JALEO_1980_08,1980,tradition,mixed
JALEO_1980_08::A18,jaleo,Jaleo,JALEO_1980_08,1980,authenticity,mixed
JALEO_1980_08::A18,jaleo,Jaleo,JALEO_1980_08,1980,community,mixed
JALEO_1980_08::A18,jaleo,Jaleo,JALEO_1980_08,1980,criticism,mixed
JALEO_1980_09::A1,jaleo,Jaleo,JALEO_1980_09,1980,pedagogy,legitimating
JALEO_1980_09::A1,jaleo,Jaleo,JALEO_1980_09,1980,tradition,legitimating
JALEO_1980_09::A1,jaleo,Jaleo,JALEO_1980_09,1980,heritage,legitimating
JALEO_1980_09::A1,jaleo,Jaleo,JALEO_1980_09,1980,criticism,legitimating
JALEO_1980_09::A2,jaleo,Jaleo,JALEO_1980_09,1980,community,mixed
JALEO_1980_09::A2,jaleo,Jaleo,JALEO_1980_09,1980,authenticity,mixed
JALEO_1980_09::A2,jaleo,Jaleo,JALEO_1980_09,1980,criticism,mixed
JALEO_1980_09::A3,jaleo,Jaleo,JALEO_1980_09,1980,pedagogy,legitimating
JALEO_1980_09::A3,jaleo,Jaleo,JALEO_1980_09,1980,tradition,legitimating
JALEO_1980_09::A3,jaleo,Jaleo,JALEO_1980_09,1980,criticism,legitimating
JALEO_1980_09::A4,jaleo,Jaleo,JALEO_1980_09,1980,criticism,legitimating
JALEO_1980_09::A5,jaleo,Jaleo,JALEO_1980_09,1980,community,legitimating
JALEO_1980_09::A5,jaleo,Jaleo,JALEO_1980_09,1980,pedagogy,legitimating
JALEO_1980_09::A5,jaleo,Jaleo,JALEO_1980_09,1980,heritage,legitimating
JALEO_1980_09::A7,jaleo,Jaleo,JALEO_1980_09,1980,criticism,contested
JALEO_1980_09::A7,jaleo,Jaleo,JALEO_1980_09,1980,pedagogy,contested
JALEO_1980_09::A8,jaleo,Jaleo,JALEO_1980_09,1980,heritage,legitimating
JALEO_1980_09::A8,jaleo,Jaleo,JALEO_1980_09,1980,pedagogy,legitimating
JALEO_1980_09::A8,jaleo,Jaleo,JALEO_1980_09,1980,tradition,legitimating
JALEO_1980_09::A9,jaleo,Jaleo,JALEO_1980_09,1980,criticism,legitimating
JALEO_1980_09::A9,jaleo,Jaleo,JALEO_1980_09,1980,pedagogy,legitimating
JALEO_1980_09::A10,jaleo,Jaleo,JALEO_1980_09,1980,criticism,legitimating
JALEO_1980_09::A11,jaleo,Jaleo,JALEO_1980_09,1980,criticism,legitimating
JALEO_1980_09::A11,jaleo,Jaleo,JALEO_1980_09,1980,pedagogy,legitimating
JALEO_1980_09::A13,jaleo,Jaleo,JALEO_1980_09,1980,criticism,legitimating
JALEO_1980_09::A13,jaleo,Jaleo,JALEO_1980_09,1980,tradition,legitimating
JALEO_1980_09::A14,jaleo,Jaleo,JALEO_1980_09,1980,authenticity,legitimating
JALEO_1980_09::A14,jaleo,Jaleo,JALEO_1980_09,1980,pedagogy,legitimating
JALEO_1980_09::A14,jaleo,Jaleo,JALEO_1980_09,1980,criticism,legitimating
JALEO_1980_09::A15,jaleo,Jaleo,JALEO_1980_09,1980,criticism,legitimating
JALEO_1980_09::A15,jaleo,Jaleo,JALEO_1980_09,1980,community,legitimating
JALEO_1980_09::A16,jaleo,Jaleo,JALEO_1980_09,1980,authenticity,mixed
JALEO_1980_09::A16,jaleo,Jaleo,JALEO_1980_09,1980,criticism,mixed
JALEO_1980_09::A16,jaleo,Jaleo,JALEO_1980_09,1980,community,mixed
JALEO_1980_09::A17,jaleo,Jaleo,JALEO_1980_09,1980,pedagogy,legitimating
JALEO_1980_09::A17,jaleo,Jaleo,JALEO_1980_09,1980,community,legitimating
JALEO_1980_09::A17,jaleo,Jaleo,JALEO_1980_09,1980,criticism,legitimating
JALEO_1980_09::A18,jaleo,Jaleo,JALEO_1980_09,1980,community,legitimating
JALEO_1980_09::A18,jaleo,Jaleo,JALEO_1980_09,1980,criticism,legitimating
JALEO_1980_09::A19,jaleo,Jaleo,JALEO_1980_09,1980,community,legitimating
JALEO_1980_09::A21,jaleo,Jaleo,JALEO_1980_09,1980,community,legitimating
JALEO_1980_09::A23,jaleo,Jaleo,JALEO_1980_09,1980,pedagogy,legitimating
JALEO_1980_09::A23,jaleo,Jaleo,JALEO_1980_09,1980,criticism,legitimating
JALEO_1980_10::A1,jaleo,Jaleo,JALEO_1980_10,1980,authenticity,mixed
JALEO_1980_10::A1,jaleo,Jaleo,JALEO_1980_10,1980,community,mixed
JALEO_1980_10::A1,jaleo,Jaleo,JALEO_1980_10,1980,criticism,mixed
JALEO_1980_10::A2,jaleo,Jaleo,JALEO_1980_10,1980,pedagogy,legitimating
JALEO_1980_10::A3,jaleo,Jaleo,JALEO_1980_10,1980,pedagogy,legitimating
JALEO_1980_10::A3,jaleo,Jaleo,JALEO_1980_10,1980,criticism,legitimating
JALEO_1980_10::A4,jaleo,Jaleo,JALEO_1980_10,1980,pedagogy,legitimating
JALEO_1980_10::A4,jaleo,Jaleo,JALEO_1980_10,1980,criticism,legitimating
JALEO_1980_10::A5,jaleo,Jaleo,JALEO_1980_10,1980,criticism,legitimating
JALEO_1980_10::A7,jaleo,Jaleo,JALEO_1980_10,1980,tradition,mixed
JALEO_1980_10::A7,jaleo,Jaleo,JALEO_1980_10,1980,authenticity,mixed
JALEO_1980_10::A7,jaleo,Jaleo,JALEO_1980_10,1980,criticism,mixed
JALEO_1980_10::A8,jaleo,Jaleo,JALEO_1980_10,1980,authenticity,contested
JALEO_1980_10::A8,jaleo,Jaleo,JALEO_1980_10,1980,community,contested
JALEO_1980_10::A8,jaleo,Jaleo,JALEO_1980_10,1980,criticism,contested
JALEO_1980_10::A9,jaleo,Jaleo,JALEO_1980_10,1980,community,contested
JALEO_1980_10::A10,jaleo,Jaleo,JALEO_1980_10,1980,criticism,legitimating
JALEO_1980_10::A11,jaleo,Jaleo,JALEO_1980_10,1980,pedagogy,legitimating
JALEO_1980_10::A12,jaleo,Jaleo,JALEO_1980_10,1980,criticism,legitimating
JALEO_1980_10::A12,jaleo,Jaleo,JALEO_1980_10,1980,heritage,legitimating
JALEO_1980_10::A15,jaleo,Jaleo,JALEO_1980_10,1980,pedagogy,mixed
JALEO_1980_10::A15,jaleo,Jaleo,JALEO_1980_10,1980,community,mixed
JALEO_1980_10::A15,jaleo,Jaleo,JALEO_1980_10,1980,criticism,mixed
JALEO_1980_11::A1,jaleo,Jaleo,JALEO_1980_11,1980,criticism,legitimating
JALEO_1980_11::A1,jaleo,Jaleo,JALEO_1980_11,1980,community,legitimating
JALEO_1980_11::A2,jaleo,Jaleo,JALEO_1980_11,1980,criticism,legitimating
JALEO_1980_11::A2,jaleo,Jaleo,JALEO_1980_11,1980,tradition,legitimating
JALEO_1980_11::A3,jaleo,Jaleo,JALEO_1980_11,1980,community,legitimating
JALEO_1980_11::A3,jaleo,Jaleo,JALEO_1980_11,1980,tradition,legitimating
JALEO_1980_11::A4,jaleo,Jaleo,JALEO_1980_11,1980,criticism,mixed
JALEO_1980_11::A5,jaleo,Jaleo,JALEO_1980_11,1980,pedagogy,legitimating
JALEO_1980_11::A5,jaleo,Jaleo,JALEO_1980_11,1980,criticism,legitimating
JALEO_1980_11::A6,jaleo,Jaleo,JALEO_1980_11,1980,criticism,mixed
JALEO_1980_11::A6,jaleo,Jaleo,JALEO_1980_11,1980,community,mixed
JALEO_1980_11::A7,jaleo,Jaleo,JALEO_1980_11,1980,pedagogy,legitimating
JALEO_1980_11::A8,jaleo,Jaleo,JALEO_1980_11,1980,community,legitimating
JALEO_1980_11::A9,jaleo,Jaleo,JALEO_1980_11,1980,pedagogy,legitimating
JALEO_1980_11::A10,jaleo,Jaleo,JALEO_1980_11,1980,criticism,contested
JALEO_1980_11::A12,jaleo,Jaleo,JALEO_1980_11,1980,pedagogy,legitimating
JALEO_1981_01::A1,jaleo,Jaleo,JALEO_1981_01,1981,criticism,legitimating
JALEO_1981_01::A2,jaleo,Jaleo,JALEO_1981_01,1981,pedagogy,legitimating
JALEO_1981_01::A3,jaleo,Jaleo,JALEO_1981_01,1981,criticism,legitimating
JALEO_1981_01::A4,jaleo,Jaleo,JALEO_1981_01,1981,criticism,legitimating
JALEO_1981_01::A4,jaleo,Jaleo,JALEO_1981_01,1981,authenticity,legitimating
JALEO_1981_01::A4,jaleo,Jaleo,JALEO_1981_01,1981,community,legitimating
JALEO_1981_01::A5,jaleo,Jaleo,JALEO_1981_01,1981,heritage,legitimating
JALEO_1981_01::A5,jaleo,Jaleo,JALEO_1981_01,1981,tradition,legitimating
JALEO_1981_01::A5,jaleo,Jaleo,JALEO_1981_01,1981,pedagogy,legitimating
JALEO_1981_01::A6,jaleo,Jaleo,JALEO_1981_01,1981,authenticity,legitimating
JALEO_1981_01::A6,jaleo,Jaleo,JALEO_1981_01,1981,tradition,legitimating
JALEO_1981_01::A6,jaleo,Jaleo,JALEO_1981_01,1981,heritage,legitimating
JALEO_1981_01::A7,jaleo,Jaleo,JALEO_1981_01,1981,criticism,mixed
JALEO_1981_01::A8,jaleo,Jaleo,JALEO_1981_01,1981,criticism,mixed
JALEO_1981_01::A9,jaleo,Jaleo,JALEO_1981_01,1981,pedagogy,contested
JALEO_1981_01::A10,jaleo,Jaleo,JALEO_1981_01,1981,criticism,legitimating
JALEO_1981_01::A11,jaleo,Jaleo,JALEO_1981_01,1981,criticism,mixed
JALEO_1981_01::A12,jaleo,Jaleo,JALEO_1981_01,1981,criticism,mixed
JALEO_1981_01::A13,jaleo,Jaleo,JALEO_1981_01,1981,criticism,legitimating
JALEO_1981_01::A14,jaleo,Jaleo,JALEO_1981_01,1981,authenticity,mixed
JALEO_1981_01::A14,jaleo,Jaleo,JALEO_1981_01,1981,tradition,mixed
JALEO_1981_01::A14,jaleo,Jaleo,JALEO_1981_01,1981,community,mixed
JALEO_1981_01::A14,jaleo,Jaleo,JALEO_1981_01,1981,criticism,mixed
JALEO_1981_01::A15,jaleo,Jaleo,JALEO_1981_01,1981,heritage,legitimating
JALEO_1981_01::A16,jaleo,Jaleo,JALEO_1981_01,1981,criticism,legitimating
JALEO_1981_01::A17,jaleo,Jaleo,JALEO_1981_01,1981,community,legitimating
JALEO_1981_01::A17,jaleo,Jaleo,JALEO_1981_01,1981,criticism,legitimating
JALEO_1981_01::A21,jaleo,Jaleo,JALEO_1981_01,1981,pedagogy,mixed
JALEO_1981_01::A21,jaleo,Jaleo,JALEO_1981_01,1981,tradition,mixed
JALEO_1981_01::A21,jaleo,Jaleo,JALEO_1981_01,1981,criticism,mixed
JALEO_1981_02::A1,jaleo,Jaleo,JALEO_1981_02,1981,criticism,legitimating
JALEO_1981_02::A2,jaleo,Jaleo,JALEO_1981_02,1981,tradition,contested
JALEO_1981_02::A2,jaleo,Jaleo,JALEO_1981_02,1981,community,contested
JALEO_1981_02::A2,jaleo,Jaleo,JALEO_1981_02,1981,criticism,contested
JALEO_1981_02::A3,jaleo,Jaleo,JALEO_1981_02,1981,criticism,legitimating
JALEO_1981_02::A4,jaleo,Jaleo,JALEO_1981_02,1981,pedagogy,legitimating
JALEO_1981_02::A4,jaleo,Jaleo,JALEO_1981_02,1981,criticism,legitimating
JALEO_1981_02::A5,jaleo,Jaleo,JALEO_1981_02,1981,authenticity,mixed
JALEO_1981_02::A5,jaleo,Jaleo,JALEO_1981_02,1981,criticism,mixed
JALEO_1981_02::A6,jaleo,Jaleo,JALEO_1981_02,1981,community,legitimating
JALEO_1981_02::A6,jaleo,Jaleo,JALEO_1981_02,1981,criticism,legitimating
JALEO_1981_02::A7,jaleo,Jaleo,JALEO_1981_02,1981,criticism,legitimating
JALEO_1981_02::A9,jaleo,Jaleo,JALEO_1981_02,1981,criticism,mixed
JALEO_1981_02::A10,jaleo,Jaleo,JALEO_1981_02,1981,authenticity,mixed
JALEO_1981_02::A10,jaleo,Jaleo,JALEO_1981_02,1981,tradition,mixed
JALEO_1981_02::A10,jaleo,Jaleo,JALEO_1981_02,1981,criticism,mixed
JALEO_1981_02::A15,jaleo,Jaleo,JALEO_1981_02,1981,pedagogy,legitimating
JALEO_1981_02::A15,jaleo,Jaleo,JALEO_1981_02,1981,criticism,legitimating
JALEO_1981_03::A1,jaleo,Jaleo,JALEO_1981_03,1981,community,mixed
JALEO_1981_03::A1,jaleo,Jaleo,JALEO_1981_03,1981,pedagogy,mixed
JALEO_1981_03::A1,jaleo,Jaleo,JALEO_1981_03,1981,criticism,mixed
JALEO_1981_03::A2,jaleo,Jaleo,JALEO_1981_03,1981,criticism,mixed
JALEO_1981_03::A2,jaleo,Jaleo,JALEO_1981_03,1981,tradition,mixed
JALEO_1981_03::A3,jaleo,Jaleo,JALEO_1981_03,1981,community,mixed
JALEO_1981_03::A3,jaleo,Jaleo,JALEO_1981_03,1981,authenticity,mixed
JALEO_1981_03::A3,jaleo,Jaleo,JALEO_1981_03,1981,criticism,mixed
JALEO_1981_03::A5,jaleo,Jaleo,JALEO_1981_03,1981,pedagogy,legitimating
JALEO_1981_03::A5,jaleo,Jaleo,JALEO_1981_03,1981,authenticity,legitimating
JALEO_1981_03::A5,jaleo,Jaleo,JALEO_1981_03,1981,tradition,legitimating
JALEO_1981_03::A6,jaleo,Jaleo,JALEO_1981_03,1981,pedagogy,legitimating
JALEO_1981_03::A7,jaleo,Jaleo,JALEO_1981_03,1981,criticism,legitimating
JALEO_1981_03::A10,jaleo,Jaleo,JALEO_1981_03,1981,pedagogy,legitimating
JALEO_1981_03::A10,jaleo,Jaleo,JALEO_1981_03,1981,authenticity,legitimating
JALEO_1981_03::A10,jaleo,Jaleo,JALEO_1981_03,1981,tradition,legitimating
JALEO_1981_03::A11,jaleo,Jaleo,JALEO_1981_03,1981,community,legitimating
JALEO_1981_03::A11,jaleo,Jaleo,JALEO_1981_03,1981,pedagogy,legitimating
JALEO_1981_03::A11,jaleo,Jaleo,JALEO_1981_03,1981,criticism,legitimating
JALEO_1981_03::A13,jaleo,Jaleo,JALEO_1981_03,1981,pedagogy,legitimating
JALEO_1981_04::A1,jaleo,Jaleo,JALEO_1981_04,1981,criticism,legitimating
JALEO_1981_04::A2,jaleo,Jaleo,JALEO_1981_04,1981,pedagogy,legitimating
JALEO_1981_04::A2,jaleo,Jaleo,JALEO_1981_04,1981,community,legitimating
JALEO_1981_04::A3,jaleo,Jaleo,JALEO_1981_04,1981,criticism,legitimating
JALEO_1981_04::A4,jaleo,Jaleo,JALEO_1981_04,1981,tradition,legitimating
JALEO_1981_04::A4,jaleo,Jaleo,JALEO_1981_04,1981,pedagogy,legitimating
JALEO_1981_04::A5,jaleo,Jaleo,JALEO_1981_04,1981,authenticity,legitimating
JALEO_1981_04::A5,jaleo,Jaleo,JALEO_1981_04,1981,tradition,legitimating
JALEO_1981_04::A5,jaleo,Jaleo,JALEO_1981_04,1981,pedagogy,legitimating
JALEO_1981_04::A6,jaleo,Jaleo,JALEO_1981_04,1981,tradition,legitimating
JALEO_1981_04::A7,jaleo,Jaleo,JALEO_1981_04,1981,criticism,contested
JALEO_1981_04::A7,jaleo,Jaleo,JALEO_1981_04,1981,community,contested
JALEO_1981_04::A8,jaleo,Jaleo,JALEO_1981_04,1981,community,mixed
JALEO_1981_04::A8,jaleo,Jaleo,JALEO_1981_04,1981,authenticity,mixed
JALEO_1981_04::A8,jaleo,Jaleo,JALEO_1981_04,1981,criticism,mixed
JALEO_1981_04::A9,jaleo,Jaleo,JALEO_1981_04,1981,criticism,mixed
JALEO_1981_04::A10,jaleo,Jaleo,JALEO_1981_04,1981,pedagogy,legitimating
JALEO_1981_04::A10,jaleo,Jaleo,JALEO_1981_04,1981,tradition,legitimating
JALEO_1981_04::A12,jaleo,Jaleo,JALEO_1981_04,1981,community,legitimating
JALEO_1981_04::A13,jaleo,Jaleo,JALEO_1981_04,1981,community,legitimating
JALEO_1981_04::A13,jaleo,Jaleo,JALEO_1981_04,1981,pedagogy,legitimating
JALEO_1981_04::A15,jaleo,Jaleo,JALEO_1981_04,1981,pedagogy,legitimating
JALEO_1981_04::A15,jaleo,Jaleo,JALEO_1981_04,1981,tradition,legitimating
JALEO_1981_05::A1,jaleo,Jaleo,JALEO_1981_05,1981,criticism,mixed
JALEO_1981_05::A1,jaleo,Jaleo,JALEO_1981_05,1981,pedagogy,mixed
JALEO_1981_05::A1,jaleo,Jaleo,JALEO_1981_05,1981,community,mixed
JALEO_1981_05::A1,jaleo,Jaleo,JALEO_1981_05,1981,authenticity,mixed
JALEO_1981_05::A2,jaleo,Jaleo,JALEO_1981_05,1981,community,legitimating
JALEO_1981_05::A3,jaleo,Jaleo,JALEO_1981_05,1981,pedagogy,legitimating
JALEO_1981_05::A4,jaleo,Jaleo,JALEO_1981_05,1981,criticism,contested
JALEO_1981_05::A4,jaleo,Jaleo,JALEO_1981_05,1981,pedagogy,contested
JALEO_1981_05::A6,jaleo,Jaleo,JALEO_1981_05,1981,criticism,mixed
JALEO_1981_05::A6,jaleo,Jaleo,JALEO_1981_05,1981,authenticity,mixed
JALEO_1981_05::A6,jaleo,Jaleo,JALEO_1981_05,1981,pedagogy,mixed
JALEO_1981_05::A7,jaleo,Jaleo,JALEO_1981_05,1981,criticism,legitimating
JALEO_1981_05::A8,jaleo,Jaleo,JALEO_1981_05,1981,criticism,mixed
JALEO_1981_05::A8,jaleo,Jaleo,JALEO_1981_05,1981,authenticity,mixed
JALEO_1981_05::A9,jaleo,Jaleo,JALEO_1981_05,1981,criticism,mixed
JALEO_1981_05::A9,jaleo,Jaleo,JALEO_1981_05,1981,pedagogy,mixed
JALEO_1981_05::A10,jaleo,Jaleo,JALEO_1981_05,1981,tradition,legitimating
JALEO_1981_05::A10,jaleo,Jaleo,JALEO_1981_05,1981,criticism,legitimating
JALEO_1981_05::A10,jaleo,Jaleo,JALEO_1981_05,1981,pedagogy,legitimating
JALEO_1981_05::A10,jaleo,Jaleo,JALEO_1981_05,1981,authenticity,legitimating
JALEO_1981_05::A10,jaleo,Jaleo,JALEO_1981_05,1981,heritage,legitimating
JALEO_1981_05::A11,jaleo,Jaleo,JALEO_1981_05,1981,community,legitimating
JALEO_1981_05::A12,jaleo,Jaleo,JALEO_1981_05,1981,criticism,legitimating
JALEO_1981_05::A13,jaleo,Jaleo,JALEO_1981_05,1981,community,mixed
JALEO_1981_05::A13,jaleo,Jaleo,JALEO_1981_05,1981,criticism,mixed
JALEO_1981_05::A14,jaleo,Jaleo,JALEO_1981_05,1981,pedagogy,legitimating
JALEO_1981_05::A14,jaleo,Jaleo,JALEO_1981_05,1981,tradition,legitimating
JALEO_1981_05::A16,jaleo,Jaleo,JALEO_1981_05,1981,pedagogy,mixed
JALEO_1981_05::A16,jaleo,Jaleo,JALEO_1981_05,1981,authenticity,mixed
JALEO_1981_05::A16,jaleo,Jaleo,JALEO_1981_05,1981,criticism,mixed
JALEO_1981_05::A16,jaleo,Jaleo,JALEO_1981_05,1981,community,mixed
JALEO_1981_06::A1,jaleo,Jaleo,JALEO_1981_06,1981,pedagogy,legitimating
JALEO_1981_06::A1,jaleo,Jaleo,JALEO_1981_06,1981,tradition,legitimating
JALEO_1981_06::A1,jaleo,Jaleo,JALEO_1981_06,1981,criticism,legitimating
JALEO_1981_06::A2,jaleo,Jaleo,JALEO_1981_06,1981,community,legitimating
JALEO_1981_06::A4,jaleo,Jaleo,JALEO_1981_06,1981,pedagogy,mixed
JALEO_1981_06::A4,jaleo,Jaleo,JALEO_1981_06,1981,criticism,mixed
JALEO_1981_06::A5,jaleo,Jaleo,JALEO_1981_06,1981,criticism,legitimating
JALEO_1981_06::A5,jaleo,Jaleo,JALEO_1981_06,1981,tradition,legitimating
JALEO_1981_06::A6,jaleo,Jaleo,JALEO_1981_06,1981,criticism,mixed
JALEO_1981_06::A6,jaleo,Jaleo,JALEO_1981_06,1981,community,mixed
JALEO_1981_06::A7,jaleo,Jaleo,JALEO_1981_06,1981,criticism,legitimating
JALEO_1981_06::A8,jaleo,Jaleo,JALEO_1981_06,1981,criticism,legitimating
JALEO_1981_06::A9,jaleo,Jaleo,JALEO_1981_06,1981,tradition,legitimating
JALEO_1981_06::A9,jaleo,Jaleo,JALEO_1981_06,1981,pedagogy,legitimating
JALEO_1981_06::A9,jaleo,Jaleo,JALEO_1981_06,1981,criticism,legitimating
JALEO_1981_06::A10,jaleo,Jaleo,JALEO_1981_06,1981,tradition,legitimating
JALEO_1981_06::A10,jaleo,Jaleo,JALEO_1981_06,1981,criticism,legitimating
JALEO_1981_06::A11,jaleo,Jaleo,JALEO_1981_06,1981,criticism,contested
JALEO_1981_06::A11,jaleo,Jaleo,JALEO_1981_06,1981,authenticity,contested
JALEO_1981_06::A12,jaleo,Jaleo,JALEO_1981_06,1981,criticism,legitimating
JALEO_1981_06::A12,jaleo,Jaleo,JALEO_1981_06,1981,community,legitimating
JALEO_1981_06::A14,jaleo,Jaleo,JALEO_1981_06,1981,pedagogy,mixed
JALEO_1981_06::A14,jaleo,Jaleo,JALEO_1981_06,1981,community,mixed
JALEO_1981_06::A14,jaleo,Jaleo,JALEO_1981_06,1981,authenticity,mixed
JALEO_1981_06::A16,jaleo,Jaleo,JALEO_1981_06,1981,pedagogy,legitimating
JALEO_1981_06::A16,jaleo,Jaleo,JALEO_1981_06,1981,community,legitimating
JALEO_1981_07::A1,jaleo,Jaleo,JALEO_1981_07,1981,tradition,legitimating
JALEO_1981_07::A1,jaleo,Jaleo,JALEO_1981_07,1981,pedagogy,legitimating
JALEO_1981_07::A1,jaleo,Jaleo,JALEO_1981_07,1981,community,legitimating
JALEO_1981_07::A2,jaleo,Jaleo,JALEO_1981_07,1981,criticism,legitimating
JALEO_1981_07::A2,jaleo,Jaleo,JALEO_1981_07,1981,pedagogy,legitimating
JALEO_1981_07::A2,jaleo,Jaleo,JALEO_1981_07,1981,authenticity,legitimating
JALEO_1981_07::A3,jaleo,Jaleo,JALEO_1981_07,1981,tradition,legitimating
JALEO_1981_07::A3,jaleo,Jaleo,JALEO_1981_07,1981,community,legitimating
JALEO_1981_07::A3,jaleo,Jaleo,JALEO_1981_07,1981,criticism,legitimating
JALEO_1981_07::A4,jaleo,Jaleo,JALEO_1981_07,1981,pedagogy,legitimating
JALEO_1981_07::A4,jaleo,Jaleo,JALEO_1981_07,1981,tradition,legitimating
JALEO_1981_07::A5,jaleo,Jaleo,JALEO_1981_07,1981,community,contested
JALEO_1981_07::A5,jaleo,Jaleo,JALEO_1981_07,1981,pedagogy,contested
JALEO_1981_07::A6,jaleo,Jaleo,JALEO_1981_07,1981,tradition,legitimating
JALEO_1981_07::A6,jaleo,Jaleo,JALEO_1981_07,1981,criticism,legitimating
JALEO_1981_07::A6,jaleo,Jaleo,JALEO_1981_07,1981,pedagogy,legitimating
JALEO_1981_07::A8,jaleo,Jaleo,JALEO_1981_07,1981,authenticity,mixed
JALEO_1981_07::A8,jaleo,Jaleo,JALEO_1981_07,1981,community,mixed
JALEO_1981_07::A8,jaleo,Jaleo,JALEO_1981_07,1981,criticism,mixed
JALEO_1981_07::A9,jaleo,Jaleo,JALEO_1981_07,1981,criticism,mixed
JALEO_1981_07::A10,jaleo,Jaleo,JALEO_1981_07,1981,community,legitimating
JALEO_1981_07::A10,jaleo,Jaleo,JALEO_1981_07,1981,criticism,legitimating
JALEO_1981_07::A11,jaleo,Jaleo,JALEO_1981_07,1981,criticism,legitimating
JALEO_1981_07::A13,jaleo,Jaleo,JALEO_1981_07,1981,community,legitimating
JALEO_1981_07::A13,jaleo,Jaleo,JALEO_1981_07,1981,criticism,legitimating
JALEO_1981_07::A14,jaleo,Jaleo,JALEO_1981_07,1981,community,legitimating
JALEO_1981_07::A15,jaleo,Jaleo,JALEO_1981_07,1981,tradition,legitimating
JALEO_1981_07::A15,jaleo,Jaleo,JALEO_1981_07,1981,community,legitimating
JALEO_1981_07::A15,jaleo,Jaleo,JALEO_1981_07,1981,criticism,legitimating
JALEO_1981_08::A1,jaleo,Jaleo,JALEO_1981_08,1981,pedagogy,legitimating
JALEO_1981_08::A1,jaleo,Jaleo,JALEO_1981_08,1981,criticism,legitimating
JALEO_1981_08::A2,jaleo,Jaleo,JALEO_1981_08,1981,pedagogy,legitimating
JALEO_1981_08::A2,jaleo,Jaleo,JALEO_1981_08,1981,community,legitimating
JALEO_1981_08::A3,jaleo,Jaleo,JALEO_1981_08,1981,pedagogy,legitimating
JALEO_1981_08::A4,jaleo,Jaleo,JALEO_1981_08,1981,pedagogy,legitimating
JALEO_1981_08::A4,jaleo,Jaleo,JALEO_1981_08,1981,criticism,legitimating
JALEO_1981_08::A4,jaleo,Jaleo,JALEO_1981_08,1981,community,legitimating
JALEO_1981_08::A5,jaleo,Jaleo,JALEO_1981_08,1981,tradition,legitimating
JALEO_1981_08::A5,jaleo,Jaleo,JALEO_1981_08,1981,pedagogy,legitimating
JALEO_1981_08::A5,jaleo,Jaleo,JALEO_1981_08,1981,criticism,legitimating
JALEO_1981_08::A6,jaleo,Jaleo,JALEO_1981_08,1981,pedagogy,contested
JALEO_1981_08::A6,jaleo,Jaleo,JALEO_1981_08,1981,authenticity,contested
JALEO_1981_08::A7,jaleo,Jaleo,JALEO_1981_08,1981,pedagogy,legitimating
JALEO_1981_08::A7,jaleo,Jaleo,JALEO_1981_08,1981,criticism,legitimating
JALEO_1981_08::A9,jaleo,Jaleo,JALEO_1981_08,1981,tradition,contested
JALEO_1981_08::A9,jaleo,Jaleo,JALEO_1981_08,1981,criticism,contested
JALEO_1981_08::A14,jaleo,Jaleo,JALEO_1981_08,1981,community,legitimating
JALEO_1981_08::A14,jaleo,Jaleo,JALEO_1981_08,1981,pedagogy,legitimating
JALEO_1981_08::A14,jaleo,Jaleo,JALEO_1981_08,1981,criticism,legitimating
JALEO_1981_08::A15,jaleo,Jaleo,JALEO_1981_08,1981,criticism,mixed
JALEO_1981_08::A15,jaleo,Jaleo,JALEO_1981_08,1981,pedagogy,mixed
JALEO_1981_08::A16,jaleo,Jaleo,JALEO_1981_08,1981,criticism,delegitimating
JALEO_1981_08::A17,jaleo,Jaleo,JALEO_1981_08,1981,criticism,mixed
JALEO_1981_08::A17,jaleo,Jaleo,JALEO_1981_08,1981,pedagogy,mixed
JALEO_1981_08::A18,jaleo,Jaleo,JALEO_1981_08,1981,authenticity,mixed
JALEO_1981_08::A18,jaleo,Jaleo,JALEO_1981_08,1981,tradition,mixed
JALEO_1981_08::A18,jaleo,Jaleo,JALEO_1981_08,1981,community,mixed
JALEO_1981_08::A18,jaleo,Jaleo,JALEO_1981_08,1981,pedagogy,mixed
JALEO_1981_09::A1,jaleo,Jaleo,JALEO_1981_09,1981,pedagogy,legitimating
JALEO_1981_09::A1,jaleo,Jaleo,JALEO_1981_09,1981,criticism,legitimating
JALEO_1981_09::A2,jaleo,Jaleo,JALEO_1981_09,1981,community,contested
JALEO_1981_09::A2,jaleo,Jaleo,JALEO_1981_09,1981,criticism,contested
JALEO_1981_09::A3,jaleo,Jaleo,JALEO_1981_09,1981,pedagogy,legitimating
JALEO_1981_09::A4,jaleo,Jaleo,JALEO_1981_09,1981,criticism,legitimating
JALEO_1981_09::A5,jaleo,Jaleo,JALEO_1981_09,1981,pedagogy,legitimating
JALEO_1981_09::A5,jaleo,Jaleo,JALEO_1981_09,1981,criticism,legitimating
JALEO_1981_09::A5,jaleo,Jaleo,JALEO_1981_09,1981,community,legitimating
JALEO_1981_09::A8,jaleo,Jaleo,JALEO_1981_09,1981,criticism,legitimating
JALEO_1981_09::A9,jaleo,Jaleo,JALEO_1981_09,1981,authenticity,delegitimating
JALEO_1981_09::A9,jaleo,Jaleo,JALEO_1981_09,1981,criticism,delegitimating
JALEO_1981_09::A9,jaleo,Jaleo,JALEO_1981_09,1981,tradition,delegitimating
JALEO_1981_09::A10,jaleo,Jaleo,JALEO_1981_09,1981,criticism,legitimating
JALEO_1981_09::A11,jaleo,Jaleo,JALEO_1981_09,1981,criticism,legitimating
JALEO_1981_09::A11,jaleo,Jaleo,JALEO_1981_09,1981,pedagogy,legitimating
JALEO_1981_09::A12,jaleo,Jaleo,JALEO_1981_09,1981,criticism,mixed
JALEO_1981_09::A13,jaleo,Jaleo,JALEO_1981_09,1981,authenticity,legitimating
JALEO_1981_09::A13,jaleo,Jaleo,JALEO_1981_09,1981,community,legitimating
JALEO_1981_09::A13,jaleo,Jaleo,JALEO_1981_09,1981,criticism,legitimating
JALEO_1981_09::A15,jaleo,Jaleo,JALEO_1981_09,1981,criticism,legitimating
JALEO_1981_09::A15,jaleo,Jaleo,JALEO_1981_09,1981,pedagogy,legitimating
JALEO_1981_09::A15,jaleo,Jaleo,JALEO_1981_09,1981,heritage,legitimating
JALEO_1981_09::A16,jaleo,Jaleo,JALEO_1981_09,1981,community,legitimating
JALEO_1981_09::A16,jaleo,Jaleo,JALEO_1981_09,1981,criticism,legitimating
JALEO_1981_09::A17,jaleo,Jaleo,JALEO_1981_09,1981,community,legitimating
JALEO_1981_09::A18,jaleo,Jaleo,JALEO_1981_09,1981,criticism,contested
JALEO_1981_09::A20,jaleo,Jaleo,JALEO_1981_09,1981,pedagogy,legitimating
JALEO_1981_09::A20,jaleo,Jaleo,JALEO_1981_09,1981,criticism,legitimating
JALEO_1981_10::A1,jaleo,Jaleo,JALEO_1981_10,1981,pedagogy,legitimating
JALEO_1981_10::A1,jaleo,Jaleo,JALEO_1981_10,1981,criticism,legitimating
JALEO_1981_10::A2,jaleo,Jaleo,JALEO_1981_10,1981,pedagogy,mixed
JALEO_1981_10::A2,jaleo,Jaleo,JALEO_1981_10,1981,authenticity,mixed
JALEO_1981_10::A2,jaleo,Jaleo,JALEO_1981_10,1981,criticism,mixed
JALEO_1981_10::A3,jaleo,Jaleo,JALEO_1981_10,1981,authenticity,contested
JALEO_1981_10::A3,jaleo,Jaleo,JALEO_1981_10,1981,criticism,contested
JALEO_1981_10::A4,jaleo,Jaleo,JALEO_1981_10,1981,criticism,legitimating
JALEO_1981_10::A4,jaleo,Jaleo,JALEO_1981_10,1981,tradition,legitimating
JALEO_1981_10::A4,jaleo,Jaleo,JALEO_1981_10,1981,authenticity,legitimating
JALEO_1981_10::A5,jaleo,Jaleo,JALEO_1981_10,1981,criticism,mixed
JALEO_1981_10::A5,jaleo,Jaleo,JALEO_1981_10,1981,heritage,mixed
JALEO_1981_10::A6,jaleo,Jaleo,JALEO_1981_10,1981,criticism,legitimating
JALEO_1981_10::A7,jaleo,Jaleo,JALEO_1981_10,1981,criticism,legitimating
JALEO_1981_10::A8,jaleo,Jaleo,JALEO_1981_10,1981,authenticity,contested
JALEO_1981_10::A8,jaleo,Jaleo,JALEO_1981_10,1981,criticism,contested
JALEO_1981_10::A8,jaleo,Jaleo,JALEO_1981_10,1981,community,contested
JALEO_1981_10::A9,jaleo,Jaleo,JALEO_1981_10,1981,community,legitimating
JALEO_1981_10::A10,jaleo,Jaleo,JALEO_1981_10,1981,criticism,mixed
JALEO_1981_10::A11,jaleo,Jaleo,JALEO_1981_10,1981,authenticity,mixed
JALEO_1981_10::A11,jaleo,Jaleo,JALEO_1981_10,1981,tradition,mixed
JALEO_1981_10::A11,jaleo,Jaleo,JALEO_1981_10,1981,pedagogy,mixed
JALEO_1981_10::A11,jaleo,Jaleo,JALEO_1981_10,1981,criticism,mixed
JALEO_1981_11::A1,jaleo,Jaleo,JALEO_1981_11,1981,criticism,mixed
JALEO_1981_11::A1,jaleo,Jaleo,JALEO_1981_11,1981,pedagogy,mixed
JALEO_1981_11::A1,jaleo,Jaleo,JALEO_1981_11,1981,community,mixed
JALEO_1981_11::A2,jaleo,Jaleo,JALEO_1981_11,1981,criticism,legitimating
JALEO_1981_11::A3,jaleo,Jaleo,JALEO_1981_11,1981,criticism,contested
JALEO_1981_11::A4,jaleo,Jaleo,JALEO_1981_11,1981,community,legitimating
JALEO_1981_11::A4,jaleo,Jaleo,JALEO_1981_11,1981,pedagogy,legitimating
JALEO_1981_11::A5,jaleo,Jaleo,JALEO_1981_11,1981,criticism,legitimating
JALEO_1981_11::A5,jaleo,Jaleo,JALEO_1981_11,1981,tradition,legitimating
JALEO_1981_11::A6,jaleo,Jaleo,JALEO_1981_11,1981,community,contested
JALEO_1981_11::A6,jaleo,Jaleo,JALEO_1981_11,1981,criticism,contested
JALEO_1981_11::A7,jaleo,Jaleo,JALEO_1981_11,1981,heritage,legitimating
JALEO_1981_11::A7,jaleo,Jaleo,JALEO_1981_11,1981,criticism,legitimating
JALEO_1981_11::A7,jaleo,Jaleo,JALEO_1981_11,1981,pedagogy,legitimating
JALEO_1981_11::A8,jaleo,Jaleo,JALEO_1981_11,1981,community,legitimating
JALEO_1981_11::A8,jaleo,Jaleo,JALEO_1981_11,1981,criticism,legitimating
JALEO_1981_11::A9,jaleo,Jaleo,JALEO_1981_11,1981,authenticity,legitimating
JALEO_1981_11::A9,jaleo,Jaleo,JALEO_1981_11,1981,criticism,legitimating
JALEO_1981_11::A10,jaleo,Jaleo,JALEO_1981_11,1981,heritage,legitimating
JALEO_1981_11::A10,jaleo,Jaleo,JALEO_1981_11,1981,criticism,legitimating
JALEO_1981_11::A11,jaleo,Jaleo,JALEO_1981_11,1981,community,legitimating
JALEO_1981_11::A11,jaleo,Jaleo,JALEO_1981_11,1981,tradition,legitimating
JALEO_1981_11::A12,jaleo,Jaleo,JALEO_1981_11,1981,community,legitimating
JALEO_1981_11::A14,jaleo,Jaleo,JALEO_1981_11,1981,criticism,legitimating
JALEO_1981_11::A15,jaleo,Jaleo,JALEO_1981_11,1981,authenticity,mixed
JALEO_1981_11::A15,jaleo,Jaleo,JALEO_1981_11,1981,tradition,mixed
JALEO_1981_11::A15,jaleo,Jaleo,JALEO_1981_11,1981,pedagogy,mixed
JALEO_1981_11::A15,jaleo,Jaleo,JALEO_1981_11,1981,criticism,mixed
JALEO_1981_12::A1,jaleo,Jaleo,JALEO_1981_12,1981,authenticity,legitimating
JALEO_1981_12::A1,jaleo,Jaleo,JALEO_1981_12,1981,tradition,legitimating
JALEO_1981_12::A1,jaleo,Jaleo,JALEO_1981_12,1981,criticism,legitimating
JALEO_1981_12::A2,jaleo,Jaleo,JALEO_1981_12,1981,criticism,legitimating
JALEO_1981_12::A2,jaleo,Jaleo,JALEO_1981_12,1981,pedagogy,legitimating
JALEO_1981_12::A4,jaleo,Jaleo,JALEO_1981_12,1981,criticism,legitimating
JALEO_1981_12::A4,jaleo,Jaleo,JALEO_1981_12,1981,pedagogy,legitimating
JALEO_1981_12::A6,jaleo,Jaleo,JALEO_1981_12,1981,criticism,mixed
JALEO_1981_12::A7,jaleo,Jaleo,JALEO_1981_12,1981,pedagogy,legitimating
JALEO_1981_12::A7,jaleo,Jaleo,JALEO_1981_12,1981,authenticity,legitimating
JALEO_1981_12::A8,jaleo,Jaleo,JALEO_1981_12,1981,pedagogy,legitimating
JALEO_1981_12::A9,jaleo,Jaleo,JALEO_1981_12,1981,pedagogy,legitimating
JALEO_1981_12::A9,jaleo,Jaleo,JALEO_1981_12,1981,criticism,legitimating
JALEO_1981_12::A10,jaleo,Jaleo,JALEO_1981_12,1981,criticism,legitimating
JALEO_1981_12::A11,jaleo,Jaleo,JALEO_1981_12,1981,tradition,legitimating
JALEO_1981_12::A11,jaleo,Jaleo,JALEO_1981_12,1981,pedagogy,legitimating
JALEO_1981_12::A11,jaleo,Jaleo,JALEO_1981_12,1981,criticism,legitimating
JALEO_1981_12::A12,jaleo,Jaleo,JALEO_1981_12,1981,community,legitimating
JALEO_1981_12::A12,jaleo,Jaleo,JALEO_1981_12,1981,criticism,legitimating
JALEO_1981_12::A13,jaleo,Jaleo,JALEO_1981_12,1981,pedagogy,mixed
JALEO_1981_12::A13,jaleo,Jaleo,JALEO_1981_12,1981,tradition,mixed
JALEO_1981_12::A13,jaleo,Jaleo,JALEO_1981_12,1981,criticism,mixed
JALEO_1982_01::A1,jaleo,Jaleo,JALEO_1982_01,1982,criticism,contested
JALEO_1982_01::A2,jaleo,Jaleo,JALEO_1982_01,1982,criticism,legitimating
JALEO_1982_01::A2,jaleo,Jaleo,JALEO_1982_01,1982,pedagogy,legitimating
JALEO_1982_01::A3,jaleo,Jaleo,JALEO_1982_01,1982,criticism,neutral
JALEO_1982_01::A5,jaleo,Jaleo,JALEO_1982_01,1982,criticism,legitimating
JALEO_1982_01::A6,jaleo,Jaleo,JALEO_1982_01,1982,pedagogy,mixed
JALEO_1982_01::A6,jaleo,Jaleo,JALEO_1982_01,1982,community,mixed
JALEO_1982_01::A7,jaleo,Jaleo,JALEO_1982_01,1982,criticism,legitimating
JALEO_1982_01::A8,jaleo,Jaleo,JALEO_1982_01,1982,criticism,mixed
JALEO_1982_01::A9,jaleo,Jaleo,JALEO_1982_01,1982,pedagogy,legitimating
JALEO_1982_01::A9,jaleo,Jaleo,JALEO_1982_01,1982,community,legitimating
JALEO_1982_01::A9,jaleo,Jaleo,JALEO_1982_01,1982,criticism,legitimating
JALEO_1982_01::A10,jaleo,Jaleo,JALEO_1982_01,1982,tradition,contested
JALEO_1982_01::A10,jaleo,Jaleo,JALEO_1982_01,1982,community,contested
JALEO_1982_01::A10,jaleo,Jaleo,JALEO_1982_01,1982,criticism,contested
JALEO_1982_01::A14,jaleo,Jaleo,JALEO_1982_01,1982,criticism,mixed
JALEO_1982_01::A15,jaleo,Jaleo,JALEO_1982_01,1982,authenticity,contested
JALEO_1982_01::A15,jaleo,Jaleo,JALEO_1982_01,1982,tradition,contested
JALEO_1982_01::A15,jaleo,Jaleo,JALEO_1982_01,1982,criticism,contested
JALEO_1982_01::A16,jaleo,Jaleo,JALEO_1982_01,1982,community,contested
JALEO_1982_02::A1,jaleo,Jaleo,JALEO_1982_02,1982,authenticity,legitimating
JALEO_1982_02::A1,jaleo,Jaleo,JALEO_1982_02,1982,criticism,legitimating
JALEO_1982_02::A2,jaleo,Jaleo,JALEO_1982_02,1982,community,mixed
JALEO_1982_02::A2,jaleo,Jaleo,JALEO_1982_02,1982,pedagogy,mixed
JALEO_1982_02::A2,jaleo,Jaleo,JALEO_1982_02,1982,criticism,mixed
JALEO_1982_02::A3,jaleo,Jaleo,JALEO_1982_02,1982,pedagogy,mixed
JALEO_1982_02::A3,jaleo,Jaleo,JALEO_1982_02,1982,criticism,mixed
JALEO_1982_02::A4,jaleo,Jaleo,JALEO_1982_02,1982,criticism,legitimating
JALEO_1982_02::A6,jaleo,Jaleo,JALEO_1982_02,1982,authenticity,legitimating
JALEO_1982_02::A6,jaleo,Jaleo,JALEO_1982_02,1982,criticism,legitimating
JALEO_1982_02::A8,jaleo,Jaleo,JALEO_1982_02,1982,criticism,mixed
JALEO_1982_02::A8,jaleo,Jaleo,JALEO_1982_02,1982,pedagogy,mixed
JALEO_1982_02::A10,jaleo,Jaleo,JALEO_1982_02,1982,authenticity,unclear
JALEO_1982_02::A11,jaleo,Jaleo,JALEO_1982_02,1982,criticism,delegitimating
JALEO_1982_02::A12,jaleo,Jaleo,JALEO_1982_02,1982,criticism,legitimating
JALEO_1982_02::A13,jaleo,Jaleo,JALEO_1982_02,1982,community,legitimating
JALEO_1982_02::A13,jaleo,Jaleo,JALEO_1982_02,1982,criticism,legitimating
JALEO_1982_02::A14,jaleo,Jaleo,JALEO_1982_02,1982,community,legitimating
JALEO_1982_02::A14,jaleo,Jaleo,JALEO_1982_02,1982,criticism,legitimating
JALEO_1982_02::A15,jaleo,Jaleo,JALEO_1982_02,1982,community,mixed
JALEO_1982_02::A15,jaleo,Jaleo,JALEO_1982_02,1982,criticism,mixed
JALEO_1982_03::A1,jaleo,Jaleo,JALEO_1982_03,1982,criticism,legitimating
JALEO_1982_03::A2,jaleo,Jaleo,JALEO_1982_03,1982,criticism,legitimating
JALEO_1982_03::A3,jaleo,Jaleo,JALEO_1982_03,1982,community,contested
JALEO_1982_03::A3,jaleo,Jaleo,JALEO_1982_03,1982,pedagogy,contested
JALEO_1982_03::A3,jaleo,Jaleo,JALEO_1982_03,1982,criticism,contested
JALEO_1982_03::A4,jaleo,Jaleo,JALEO_1982_03,1982,authenticity,contested
JALEO_1982_03::A4,jaleo,Jaleo,JALEO_1982_03,1982,community,contested
JALEO_1982_03::A4,jaleo,Jaleo,JALEO_1982_03,1982,pedagogy,contested
JALEO_1982_03::A5,jaleo,Jaleo,JALEO_1982_03,1982,criticism,legitimating
JALEO_1982_03::A5,jaleo,Jaleo,JALEO_1982_03,1982,pedagogy,legitimating
JALEO_1982_03::A6,jaleo,Jaleo,JALEO_1982_03,1982,criticism,legitimating
JALEO_1982_03::A7,jaleo,Jaleo,JALEO_1982_03,1982,criticism,contested
JALEO_1982_03::A8,jaleo,Jaleo,JALEO_1982_03,1982,tradition,mixed
JALEO_1982_03::A8,jaleo,Jaleo,JALEO_1982_03,1982,community,mixed
JALEO_1982_03::A8,jaleo,Jaleo,JALEO_1982_03,1982,criticism,mixed
JALEO_1982_03::A10,jaleo,Jaleo,JALEO_1982_03,1982,pedagogy,legitimating
JALEO_1982_03::A10,jaleo,Jaleo,JALEO_1982_03,1982,criticism,legitimating
JALEO_1982_03::A11,jaleo,Jaleo,JALEO_1982_03,1982,pedagogy,contested
JALEO_1982_03::A11,jaleo,Jaleo,JALEO_1982_03,1982,community,contested
JALEO_1982_03::A11,jaleo,Jaleo,JALEO_1982_03,1982,criticism,contested
JALEO_1982_03::A12,jaleo,Jaleo,JALEO_1982_03,1982,criticism,mixed
JALEO_1982_03::A12,jaleo,Jaleo,JALEO_1982_03,1982,pedagogy,mixed
JALEO_1982_03::A13,jaleo,Jaleo,JALEO_1982_03,1982,pedagogy,legitimating
JALEO_1982_04::A1,jaleo,Jaleo,JALEO_1982_04,1982,criticism,legitimating
JALEO_1982_04::A2,jaleo,Jaleo,JALEO_1982_04,1982,community,contested
JALEO_1982_04::A2,jaleo,Jaleo,JALEO_1982_04,1982,pedagogy,contested
JALEO_1982_04::A3,jaleo,Jaleo,JALEO_1982_04,1982,criticism,contested
JALEO_1982_04::A3,jaleo,Jaleo,JALEO_1982_04,1982,authenticity,contested
JALEO_1982_04::A5,jaleo,Jaleo,JALEO_1982_04,1982,pedagogy,legitimating
JALEO_1982_04::A5,jaleo,Jaleo,JALEO_1982_04,1982,community,legitimating
JALEO_1982_04::A6,jaleo,Jaleo,JALEO_1982_04,1982,authenticity,contested
JALEO_1982_04::A6,jaleo,Jaleo,JALEO_1982_04,1982,community,contested
JALEO_1982_04::A6,jaleo,Jaleo,JALEO_1982_04,1982,pedagogy,contested
JALEO_1982_04::A7,jaleo,Jaleo,JALEO_1982_04,1982,pedagogy,mixed
JALEO_1982_04::A7,jaleo,Jaleo,JALEO_1982_04,1982,criticism,mixed
JALEO_1982_04::A7,jaleo,Jaleo,JALEO_1982_04,1982,community,mixed
JALEO_1982_04::A9,jaleo,Jaleo,JALEO_1982_04,1982,pedagogy,legitimating
JALEO_1982_04::A11,jaleo,Jaleo,JALEO_1982_04,1982,community,legitimating
JALEO_1982_04::A11,jaleo,Jaleo,JALEO_1982_04,1982,criticism,legitimating
JALEO_1982_04::A12,jaleo,Jaleo,JALEO_1982_04,1982,heritage,legitimating
JALEO_1982_04::A12,jaleo,Jaleo,JALEO_1982_04,1982,criticism,legitimating
JALEO_1982_04::A14,jaleo,Jaleo,JALEO_1982_04,1982,pedagogy,legitimating
JALEO_1982_04::A14,jaleo,Jaleo,JALEO_1982_04,1982,authenticity,legitimating
JALEO_1982_04::A14,jaleo,Jaleo,JALEO_1982_04,1982,criticism,legitimating
JALEO_1982_04::A15,jaleo,Jaleo,JALEO_1982_04,1982,authenticity,delegitimating
JALEO_1982_04::A15,jaleo,Jaleo,JALEO_1982_04,1982,criticism,delegitimating
JALEO_1982_04::A16,jaleo,Jaleo,JALEO_1982_04,1982,community,mixed
JALEO_1982_05::A2,jaleo,Jaleo,JALEO_1982_05,1982,criticism,legitimating
JALEO_1982_05::A2,jaleo,Jaleo,JALEO_1982_05,1982,community,legitimating
JALEO_1982_05::A4,jaleo,Jaleo,JALEO_1982_05,1982,criticism,legitimating
JALEO_1982_05::A4,jaleo,Jaleo,JALEO_1982_05,1982,pedagogy,legitimating
JALEO_1982_05::A5,jaleo,Jaleo,JALEO_1982_05,1982,criticism,mixed
JALEO_1982_05::A7,jaleo,Jaleo,JALEO_1982_05,1982,criticism,legitimating
JALEO_1982_05::A7,jaleo,Jaleo,JALEO_1982_05,1982,community,legitimating
JALEO_1982_05::A8,jaleo,Jaleo,JALEO_1982_05,1982,criticism,legitimating
JALEO_1982_05::A8,jaleo,Jaleo,JALEO_1982_05,1982,tradition,legitimating
JALEO_1982_05::A9,jaleo,Jaleo,JALEO_1982_05,1982,criticism,legitimating
JALEO_1982_05::A10,jaleo,Jaleo,JALEO_1982_05,1982,criticism,mixed
JALEO_1982_05::A11,jaleo,Jaleo,JALEO_1982_05,1982,authenticity,delegitimating
JALEO_1982_05::A12,jaleo,Jaleo,JALEO_1982_05,1982,pedagogy,legitimating
JALEO_1982_05::A13,jaleo,Jaleo,JALEO_1982_05,1982,community,legitimating
JALEO_1982_05::A14,jaleo,Jaleo,JALEO_1982_05,1982,community,mixed
JALEO_1982_06::A1,jaleo,Jaleo,JALEO_1982_06,1982,criticism,legitimating
JALEO_1982_06::A2,jaleo,Jaleo,JALEO_1982_06,1982,pedagogy,legitimating
JALEO_1982_06::A3,jaleo,Jaleo,JALEO_1982_06,1982,authenticity,delegitimating
JALEO_1982_06::A3,jaleo,Jaleo,JALEO_1982_06,1982,tradition,delegitimating
JALEO_1982_06::A3,jaleo,Jaleo,JALEO_1982_06,1982,criticism,delegitimating
JALEO_1982_06::A4,jaleo,Jaleo,JALEO_1982_06,1982,pedagogy,legitimating
JALEO_1982_06::A4,jaleo,Jaleo,JALEO_1982_06,1982,criticism,legitimating
JALEO_1982_06::A5,jaleo,Jaleo,JALEO_1982_06,1982,pedagogy,contested
JALEO_1982_06::A5,jaleo,Jaleo,JALEO_1982_06,1982,community,contested
JALEO_1982_06::A5,jaleo,Jaleo,JALEO_1982_06,1982,authenticity,contested
JALEO_1982_06::A6,jaleo,Jaleo,JALEO_1982_06,1982,criticism,legitimating
JALEO_1982_06::A6,jaleo,Jaleo,JALEO_1982_06,1982,community,legitimating
JALEO_1982_06::A7,jaleo,Jaleo,JALEO_1982_06,1982,criticism,contested
JALEO_1982_06::A8,jaleo,Jaleo,JALEO_1982_06,1982,criticism,mixed
JALEO_1982_06::A9,jaleo,Jaleo,JALEO_1982_06,1982,tradition,legitimating
JALEO_1982_06::A9,jaleo,Jaleo,JALEO_1982_06,1982,criticism,legitimating
JALEO_1982_06::A10,jaleo,Jaleo,JALEO_1982_06,1982,criticism,mixed
JALEO_1982_06::A11,jaleo,Jaleo,JALEO_1982_06,1982,criticism,legitimating
JALEO_1982_06::A12,jaleo,Jaleo,JALEO_1982_06,1982,community,legitimating
JALEO_1982_06::A12,jaleo,Jaleo,JALEO_1982_06,1982,pedagogy,legitimating
JALEO_1982_06::A13,jaleo,Jaleo,JALEO_1982_06,1982,community,legitimating
JALEO_1982_06::A13,jaleo,Jaleo,JALEO_1982_06,1982,criticism,legitimating
JALEO_1982_07::A2,jaleo,Jaleo,JALEO_1982_07,1982,criticism,mixed
JALEO_1982_07::A2,jaleo,Jaleo,JALEO_1982_07,1982,pedagogy,mixed
JALEO_1982_07::A3,jaleo,Jaleo,JALEO_1982_07,1982,authenticity,contested
JALEO_1982_07::A3,jaleo,Jaleo,JALEO_1982_07,1982,tradition,contested
JALEO_1982_07::A3,jaleo,Jaleo,JALEO_1982_07,1982,community,contested
JALEO_1982_07::A3,jaleo,Jaleo,JALEO_1982_07,1982,criticism,contested
JALEO_1982_07::A4,jaleo,Jaleo,JALEO_1982_07,1982,pedagogy,legitimating
JALEO_1982_07::A5,jaleo,Jaleo,JALEO_1982_07,1982,criticism,legitimating
JALEO_1982_07::A5,jaleo,Jaleo,JALEO_1982_07,1982,pedagogy,legitimating
JALEO_1982_07::A7,jaleo,Jaleo,JALEO_1982_07,1982,criticism,legitimating
JALEO_1982_07::A7,jaleo,Jaleo,JALEO_1982_07,1982,authenticity,legitimating
JALEO_1982_07::A7,jaleo,Jaleo,JALEO_1982_07,1982,pedagogy,legitimating
JALEO_1982_07::A10,jaleo,Jaleo,JALEO_1982_07,1982,community,legitimating
JALEO_1982_07::A10,jaleo,Jaleo,JALEO_1982_07,1982,criticism,legitimating
JALEO_1982_07::A11,jaleo,Jaleo,JALEO_1982_07,1982,community,legitimating
JALEO_1982_08::A1,jaleo,Jaleo,JALEO_1982_08,1982,pedagogy,legitimating
JALEO_1982_08::A1,jaleo,Jaleo,JALEO_1982_08,1982,criticism,legitimating
JALEO_1982_08::A2,jaleo,Jaleo,JALEO_1982_08,1982,pedagogy,mixed
JALEO_1982_08::A2,jaleo,Jaleo,JALEO_1982_08,1982,criticism,mixed
JALEO_1982_08::A3,jaleo,Jaleo,JALEO_1982_08,1982,authenticity,contested
JALEO_1982_08::A3,jaleo,Jaleo,JALEO_1982_08,1982,tradition,contested
JALEO_1982_08::A3,jaleo,Jaleo,JALEO_1982_08,1982,criticism,contested
JALEO_1982_08::A4,jaleo,Jaleo,JALEO_1982_08,1982,community,mixed
JALEO_1982_08::A5,jaleo,Jaleo,JALEO_1982_08,1982,community,legitimating
JALEO_1982_08::A5,jaleo,Jaleo,JALEO_1982_08,1982,pedagogy,legitimating
JALEO_1982_08::A5,jaleo,Jaleo,JALEO_1982_08,1982,criticism,legitimating
JALEO_1982_08::A7,jaleo,Jaleo,JALEO_1982_08,1982,pedagogy,legitimating
JALEO_1982_08::A7,jaleo,Jaleo,JALEO_1982_08,1982,criticism,legitimating
JALEO_1982_08::A8,jaleo,Jaleo,JALEO_1982_08,1982,pedagogy,legitimating
JALEO_1982_08::A8,jaleo,Jaleo,JALEO_1982_08,1982,criticism,legitimating
JALEO_1982_08::A9,jaleo,Jaleo,JALEO_1982_08,1982,authenticity,delegitimating
JALEO_1982_08::A9,jaleo,Jaleo,JALEO_1982_08,1982,heritage,delegitimating
JALEO_1982_08::A9,jaleo,Jaleo,JALEO_1982_08,1982,criticism,delegitimating
JALEO_1982_08::A10,jaleo,Jaleo,JALEO_1982_08,1982,authenticity,legitimating
JALEO_1982_08::A10,jaleo,Jaleo,JALEO_1982_08,1982,heritage,legitimating
JALEO_1982_08::A10,jaleo,Jaleo,JALEO_1982_08,1982,community,legitimating
JALEO_1982_08::A11,jaleo,Jaleo,JALEO_1982_08,1982,criticism,legitimating
JALEO_1982_08::A11,jaleo,Jaleo,JALEO_1982_08,1982,tradition,legitimating
JALEO_1982_08::A11,jaleo,Jaleo,JALEO_1982_08,1982,authenticity,legitimating
JALEO_1982_08::A13,jaleo,Jaleo,JALEO_1982_08,1982,community,legitimating
JALEO_1982_10::A1,jaleo,Jaleo,JALEO_1982_10,1982,community,legitimating
JALEO_1982_10::A1,jaleo,Jaleo,JALEO_1982_10,1982,tradition,legitimating
JALEO_1982_10::A1,jaleo,Jaleo,JALEO_1982_10,1982,heritage,legitimating
JALEO_1982_10::A3,jaleo,Jaleo,JALEO_1982_10,1982,tradition,legitimating
JALEO_1982_10::A3,jaleo,Jaleo,JALEO_1982_10,1982,community,legitimating
JALEO_1982_10::A3,jaleo,Jaleo,JALEO_1982_10,1982,criticism,legitimating
JALEO_1982_10::A4,jaleo,Jaleo,JALEO_1982_10,1982,tradition,legitimating
JALEO_1982_10::A4,jaleo,Jaleo,JALEO_1982_10,1982,authenticity,legitimating
JALEO_1982_10::A4,jaleo,Jaleo,JALEO_1982_10,1982,community,legitimating
JALEO_1982_10::A5,jaleo,Jaleo,JALEO_1982_10,1982,criticism,legitimating
JALEO_1982_10::A5,jaleo,Jaleo,JALEO_1982_10,1982,pedagogy,legitimating
JALEO_1982_10::A6,jaleo,Jaleo,JALEO_1982_10,1982,tradition,legitimating
JALEO_1982_10::A6,jaleo,Jaleo,JALEO_1982_10,1982,community,legitimating
JALEO_1982_10::A6,jaleo,Jaleo,JALEO_1982_10,1982,pedagogy,legitimating
JALEO_1982_10::A6,jaleo,Jaleo,JALEO_1982_10,1982,criticism,legitimating
JALEO_1982_10::A7,jaleo,Jaleo,JALEO_1982_10,1982,tradition,legitimating
JALEO_1982_10::A7,jaleo,Jaleo,JALEO_1982_10,1982,pedagogy,legitimating
JALEO_1982_10::A7,jaleo,Jaleo,JALEO_1982_10,1982,community,legitimating
JALEO_1982_10::A8,jaleo,Jaleo,JALEO_1982_10,1982,pedagogy,legitimating
JALEO_1982_10::A8,jaleo,Jaleo,JALEO_1982_10,1982,criticism,legitimating
JALEO_1982_10::A10,jaleo,Jaleo,JALEO_1982_10,1982,authenticity,legitimating
JALEO_1982_10::A10,jaleo,Jaleo,JALEO_1982_10,1982,tradition,legitimating
JALEO_1982_10::A10,jaleo,Jaleo,JALEO_1982_10,1982,criticism,legitimating
JALEO_1982_10::A11,jaleo,Jaleo,JALEO_1982_10,1982,criticism,legitimating
JALEO_1982_10::A12,jaleo,Jaleo,JALEO_1982_10,1982,community,legitimating
JALEO_1982_10::A12,jaleo,Jaleo,JALEO_1982_10,1982,criticism,legitimating
JALEO_1982_10::A13,jaleo,Jaleo,JALEO_1982_10,1982,criticism,legitimating
JALEO_1982_10::A14,jaleo,Jaleo,JALEO_1982_10,1982,community,legitimating
JALEO_1982_10::A15,jaleo,Jaleo,JALEO_1982_10,1982,community,legitimating
JALEO_1982_10::A15,jaleo,Jaleo,JALEO_1982_10,1982,authenticity,legitimating
JALEO_1982_10::A15,jaleo,Jaleo,JALEO_1982_10,1982,criticism,legitimating
JALEO_1982_11::A1,jaleo,Jaleo,JALEO_1982_11,1982,pedagogy,legitimating
JALEO_1982_11::A1,jaleo,Jaleo,JALEO_1982_11,1982,community,legitimating
JALEO_1982_11::A2,jaleo,Jaleo,JALEO_1982_11,1982,criticism,legitimating
JALEO_1982_11::A2,jaleo,Jaleo,JALEO_1982_11,1982,pedagogy,legitimating
JALEO_1982_11::A2,jaleo,Jaleo,JALEO_1982_11,1982,community,legitimating
JALEO_1982_11::A3,jaleo,Jaleo,JALEO_1982_11,1982,pedagogy,contested
JALEO_1982_11::A3,jaleo,Jaleo,JALEO_1982_11,1982,tradition,contested
JALEO_1982_11::A3,jaleo,Jaleo,JALEO_1982_11,1982,criticism,contested
JALEO_1982_11::A4,jaleo,Jaleo,JALEO_1982_11,1982,criticism,legitimating
JALEO_1982_11::A4,jaleo,Jaleo,JALEO_1982_11,1982,community,legitimating
JALEO_1982_11::A6,jaleo,Jaleo,JALEO_1982_11,1982,pedagogy,legitimating
JALEO_1982_11::A6,jaleo,Jaleo,JALEO_1982_11,1982,tradition,legitimating
JALEO_1982_11::A8,jaleo,Jaleo,JALEO_1982_11,1982,community,legitimating
JALEO_1982_11::A8,jaleo,Jaleo,JALEO_1982_11,1982,criticism,legitimating
JALEO_1982_11::A9,jaleo,Jaleo,JALEO_1982_11,1982,pedagogy,legitimating
JALEO_1982_11::A10,jaleo,Jaleo,JALEO_1982_11,1982,criticism,legitimating
JALEO_1982_11::A11,jaleo,Jaleo,JALEO_1982_11,1982,authenticity,mixed
JALEO_1982_11::A11,jaleo,Jaleo,JALEO_1982_11,1982,community,mixed
JALEO_1982_11::A11,jaleo,Jaleo,JALEO_1982_11,1982,criticism,mixed
JALEO_1982_11::A12,jaleo,Jaleo,JALEO_1982_11,1982,pedagogy,legitimating
JALEO_1982_11::A12,jaleo,Jaleo,JALEO_1982_11,1982,criticism,legitimating
JALEO_1982_11::A13,jaleo,Jaleo,JALEO_1982_11,1982,community,legitimating
JALEO_1982_11::A13,jaleo,Jaleo,JALEO_1982_11,1982,criticism,legitimating
JALEO_1982_12::A1,jaleo,Jaleo,JALEO_1982_12,1982,tradition,legitimating
JALEO_1982_12::A1,jaleo,Jaleo,JALEO_1982_12,1982,community,legitimating
JALEO_1982_12::A1,jaleo,Jaleo,JALEO_1982_12,1982,criticism,legitimating
JALEO_1982_12::A2,jaleo,Jaleo,JALEO_1982_12,1982,community,legitimating
JALEO_1982_12::A3,jaleo,Jaleo,JALEO_1982_12,1982,pedagogy,legitimating
JALEO_1982_12::A4,jaleo,Jaleo,JALEO_1982_12,1982,criticism,contested
JALEO_1982_12::A4,jaleo,Jaleo,JALEO_1982_12,1982,tradition,contested
JALEO_1982_12::A5,jaleo,Jaleo,JALEO_1982_12,1982,authenticity,legitimating
JALEO_1982_12::A5,jaleo,Jaleo,JALEO_1982_12,1982,criticism,legitimating
JALEO_1982_12::A6,jaleo,Jaleo,JALEO_1982_12,1982,pedagogy,legitimating
JALEO_1982_12::A6,jaleo,Jaleo,JALEO_1982_12,1982,criticism,legitimating
JALEO_1982_12::A7,jaleo,Jaleo,JALEO_1982_12,1982,tradition,legitimating
JALEO_1982_12::A7,jaleo,Jaleo,JALEO_1982_12,1982,community,legitimating
JALEO_1982_12::A7,jaleo,Jaleo,JALEO_1982_12,1982,criticism,legitimating
JALEO_1982_12::A9,jaleo,Jaleo,JALEO_1982_12,1982,criticism,legitimating
JALEO_1982_12::A10,jaleo,Jaleo,JALEO_1982_12,1982,tradition,legitimating
JALEO_1982_12::A10,jaleo,Jaleo,JALEO_1982_12,1982,pedagogy,legitimating
JALEO_1982_12::A10,jaleo,Jaleo,JALEO_1982_12,1982,criticism,legitimating
JALEO_1983_01::A1,jaleo,Jaleo,JALEO_1983_01,1983,authenticity,mixed
JALEO_1983_01::A1,jaleo,Jaleo,JALEO_1983_01,1983,tradition,mixed
JALEO_1983_01::A1,jaleo,Jaleo,JALEO_1983_01,1983,pedagogy,mixed
JALEO_1983_01::A1,jaleo,Jaleo,JALEO_1983_01,1983,criticism,mixed
JALEO_1983_01::A3,jaleo,Jaleo,JALEO_1983_01,1983,pedagogy,legitimating
JALEO_1983_01::A4,jaleo,Jaleo,JALEO_1983_01,1983,community,mixed
JALEO_1983_01::A6,jaleo,Jaleo,JALEO_1983_01,1983,pedagogy,legitimating
JALEO_1983_01::A7,jaleo,Jaleo,JALEO_1983_01,1983,authenticity,legitimating
JALEO_1983_01::A7,jaleo,Jaleo,JALEO_1983_01,1983,community,legitimating
JALEO_1983_01::A7,jaleo,Jaleo,JALEO_1983_01,1983,heritage,legitimating
JALEO_1983_01::A7,jaleo,Jaleo,JALEO_1983_01,1983,criticism,legitimating
JALEO_1983_01::A8,jaleo,Jaleo,JALEO_1983_01,1983,authenticity,mixed
JALEO_1983_01::A8,jaleo,Jaleo,JALEO_1983_01,1983,tradition,mixed
JALEO_1983_01::A8,jaleo,Jaleo,JALEO_1983_01,1983,pedagogy,mixed
JALEO_1983_01::A8,jaleo,Jaleo,JALEO_1983_01,1983,criticism,mixed
JALEO_1983_01::A9,jaleo,Jaleo,JALEO_1983_01,1983,tradition,legitimating
JALEO_1983_01::A9,jaleo,Jaleo,JALEO_1983_01,1983,community,legitimating
JALEO_1983_01::A10,jaleo,Jaleo,JALEO_1983_01,1983,authenticity,mixed
JALEO_1983_01::A10,jaleo,Jaleo,JALEO_1983_01,1983,criticism,mixed
JALEO_1983_01::A11,jaleo,Jaleo,JALEO_1983_01,1983,pedagogy,legitimating
JALEO_1983_01::A12,jaleo,Jaleo,JALEO_1983_01,1983,authenticity,mixed
JALEO_1983_01::A12,jaleo,Jaleo,JALEO_1983_01,1983,pedagogy,mixed
JALEO_1983_01::A12,jaleo,Jaleo,JALEO_1983_01,1983,criticism,mixed
JALEO_1983_01::A13,jaleo,Jaleo,JALEO_1983_01,1983,pedagogy,legitimating
JALEO_1983_01::A13,jaleo,Jaleo,JALEO_1983_01,1983,criticism,legitimating
JALEO_1983_01::A14,jaleo,Jaleo,JALEO_1983_01,1983,criticism,legitimating
JALEO_1983_02::A1,jaleo,Jaleo,JALEO_1983_02,1983,criticism,legitimating
JALEO_1983_02::A1,jaleo,Jaleo,JALEO_1983_02,1983,authenticity,legitimating
JALEO_1983_02::A3,jaleo,Jaleo,JALEO_1983_02,1983,community,legitimating
JALEO_1983_02::A3,jaleo,Jaleo,JALEO_1983_02,1983,pedagogy,legitimating
JALEO_1983_02::A4,jaleo,Jaleo,JALEO_1983_02,1983,tradition,mixed
JALEO_1983_02::A4,jaleo,Jaleo,JALEO_1983_02,1983,criticism,mixed
JALEO_1983_02::A6,jaleo,Jaleo,JALEO_1983_02,1983,pedagogy,mixed
JALEO_1983_02::A6,jaleo,Jaleo,JALEO_1983_02,1983,community,mixed
JALEO_1983_02::A7,jaleo,Jaleo,JALEO_1983_02,1983,criticism,legitimating
JALEO_1983_02::A7,jaleo,Jaleo,JALEO_1983_02,1983,tradition,legitimating
JALEO_1983_02::A7,jaleo,Jaleo,JALEO_1983_02,1983,authenticity,legitimating
JALEO_1983_02::A8,jaleo,Jaleo,JALEO_1983_02,1983,community,legitimating
JALEO_1983_02::A8,jaleo,Jaleo,JALEO_1983_02,1983,criticism,legitimating
JALEO_1983_03::A1,jaleo,Jaleo,JALEO_1983_03,1983,pedagogy,legitimating
JALEO_1983_03::A2,jaleo,Jaleo,JALEO_1983_03,1983,community,legitimating
JALEO_1983_03::A3,jaleo,Jaleo,JALEO_1983_03,1983,pedagogy,legitimating
JALEO_1983_03::A3,jaleo,Jaleo,JALEO_1983_03,1983,criticism,legitimating
JALEO_1983_03::A4,jaleo,Jaleo,JALEO_1983_03,1983,criticism,mixed
JALEO_1983_03::A4,jaleo,Jaleo,JALEO_1983_03,1983,tradition,mixed
JALEO_1983_03::A6,jaleo,Jaleo,JALEO_1983_03,1983,pedagogy,legitimating
JALEO_1983_03::A6,jaleo,Jaleo,JALEO_1983_03,1983,heritage,legitimating
JALEO_1983_03::A6,jaleo,Jaleo,JALEO_1983_03,1983,criticism,legitimating
JALEO_1983_03::A7,jaleo,Jaleo,JALEO_1983_03,1983,pedagogy,legitimating
JALEO_1983_03::A7,jaleo,Jaleo,JALEO_1983_03,1983,criticism,legitimating
JALEO_1983_03::A8,jaleo,Jaleo,JALEO_1983_03,1983,pedagogy,legitimating
JALEO_1983_03::A8,jaleo,Jaleo,JALEO_1983_03,1983,tradition,legitimating
JALEO_1983_03::A10,jaleo,Jaleo,JALEO_1983_03,1983,criticism,legitimating
JALEO_1983_03::A11,jaleo,Jaleo,JALEO_1983_03,1983,criticism,legitimating
JALEO_1983_03::A11,jaleo,Jaleo,JALEO_1983_03,1983,pedagogy,legitimating
JALEO_1983_03::A12,jaleo,Jaleo,JALEO_1983_03,1983,pedagogy,mixed
JALEO_1983_03::A12,jaleo,Jaleo,JALEO_1983_03,1983,authenticity,mixed
JALEO_1983_03::A12,jaleo,Jaleo,JALEO_1983_03,1983,tradition,mixed
JALEO_1983_03::A13,jaleo,Jaleo,JALEO_1983_03,1983,community,legitimating
JALEO_1983_03::A13,jaleo,Jaleo,JALEO_1983_03,1983,pedagogy,legitimating
JALEO_1983_03::A14,jaleo,Jaleo,JALEO_1983_03,1983,criticism,legitimating
JALEO_1983_03::A14,jaleo,Jaleo,JALEO_1983_03,1983,community,legitimating
JALEO_1983_03::A14,jaleo,Jaleo,JALEO_1983_03,1983,pedagogy,legitimating
JALEO_1983_03::A15,jaleo,Jaleo,JALEO_1983_03,1983,community,mixed
JALEO_1983_03::A15,jaleo,Jaleo,JALEO_1983_03,1983,criticism,mixed
JALEO_1983_04::A3,jaleo,Jaleo,JALEO_1983_04,1983,pedagogy,legitimating
JALEO_1983_04::A4,jaleo,Jaleo,JALEO_1983_04,1983,pedagogy,legitimating
JALEO_1983_04::A5,jaleo,Jaleo,JALEO_1983_04,1983,authenticity,mixed
JALEO_1983_04::A5,jaleo,Jaleo,JALEO_1983_04,1983,criticism,mixed
JALEO_1983_04::A6,jaleo,Jaleo,JALEO_1983_04,1983,criticism,legitimating
JALEO_1983_04::A6,jaleo,Jaleo,JALEO_1983_04,1983,tradition,legitimating
JALEO_1983_04::A7,jaleo,Jaleo,JALEO_1983_04,1983,authenticity,contested
JALEO_1983_04::A7,jaleo,Jaleo,JALEO_1983_04,1983,community,contested
JALEO_1983_04::A7,jaleo,Jaleo,JALEO_1983_04,1983,criticism,contested
JALEO_1983_04::A9,jaleo,Jaleo,JALEO_1983_04,1983,authenticity,mixed
JALEO_1983_04::A9,jaleo,Jaleo,JALEO_1983_04,1983,tradition,mixed
JALEO_1983_04::A9,jaleo,Jaleo,JALEO_1983_04,1983,criticism,mixed
JALEO_1983_04::A10,jaleo,Jaleo,JALEO_1983_04,1983,pedagogy,mixed
JALEO_1983_04::A10,jaleo,Jaleo,JALEO_1983_04,1983,tradition,mixed
JALEO_1983_04::A10,jaleo,Jaleo,JALEO_1983_04,1983,criticism,mixed
JALEO_1983_04::A11,jaleo,Jaleo,JALEO_1983_04,1983,pedagogy,legitimating
JALEO_1983_04::A12,jaleo,Jaleo,JALEO_1983_04,1983,pedagogy,legitimating
JALEO_1983_04::A12,jaleo,Jaleo,JALEO_1983_04,1983,community,legitimating
JALEO_1983_06::A1,jaleo,Jaleo,JALEO_1983_06,1983,pedagogy,mixed
JALEO_1983_06::A1,jaleo,Jaleo,JALEO_1983_06,1983,authenticity,mixed
JALEO_1983_06::A1,jaleo,Jaleo,JALEO_1983_06,1983,criticism,mixed
JALEO_1983_06::A3,jaleo,Jaleo,JALEO_1983_06,1983,pedagogy,legitimating
JALEO_1983_06::A3,jaleo,Jaleo,JALEO_1983_06,1983,criticism,legitimating
JALEO_1983_06::A4,jaleo,Jaleo,JALEO_1983_06,1983,pedagogy,legitimating
JALEO_1983_06::A4,jaleo,Jaleo,JALEO_1983_06,1983,authenticity,legitimating
JALEO_1983_06::A4,jaleo,Jaleo,JALEO_1983_06,1983,criticism,legitimating
JALEO_1983_06::A5,jaleo,Jaleo,JALEO_1983_06,1983,heritage,legitimating
JALEO_1983_06::A5,jaleo,Jaleo,JALEO_1983_06,1983,criticism,legitimating
JALEO_1983_06::A6,jaleo,Jaleo,JALEO_1983_06,1983,authenticity,contested
JALEO_1983_06::A6,jaleo,Jaleo,JALEO_1983_06,1983,tradition,contested
JALEO_1983_06::A6,jaleo,Jaleo,JALEO_1983_06,1983,community,contested
JALEO_1983_06::A7,jaleo,Jaleo,JALEO_1983_06,1983,criticism,legitimating
JALEO_1983_06::A7,jaleo,Jaleo,JALEO_1983_06,1983,heritage,legitimating
JALEO_1983_06::A8,jaleo,Jaleo,JALEO_1983_06,1983,criticism,legitimating
JALEO_1983_06::A10,jaleo,Jaleo,JALEO_1983_06,1983,criticism,delegitimating
JALEO_1983_06::A10,jaleo,Jaleo,JALEO_1983_06,1983,pedagogy,delegitimating
JALEO_1983_06::A11,jaleo,Jaleo,JALEO_1983_06,1983,criticism,mixed
JALEO_1983_06::A12,jaleo,Jaleo,JALEO_1983_06,1983,criticism,legitimating
JALEO_1983_06::A12,jaleo,Jaleo,JALEO_1983_06,1983,community,legitimating
JALEO_1983_06::A13,jaleo,Jaleo,JALEO_1983_06,1983,community,mixed
JALEO_1983_06::A13,jaleo,Jaleo,JALEO_1983_06,1983,pedagogy,mixed
JALEO_1983_06::A14,jaleo,Jaleo,JALEO_1983_06,1983,criticism,legitimating
JALEO_1983_06::A15,jaleo,Jaleo,JALEO_1983_06,1983,community,legitimating
JALEO_1983_07::A1,jaleo,Jaleo,JALEO_1983_07,1983,pedagogy,legitimating
JALEO_1983_07::A3,jaleo,Jaleo,JALEO_1983_07,1983,criticism,legitimating
JALEO_1983_07::A4,jaleo,Jaleo,JALEO_1983_07,1983,community,contested
JALEO_1983_07::A4,jaleo,Jaleo,JALEO_1983_07,1983,authenticity,contested
JALEO_1983_07::A5,jaleo,Jaleo,JALEO_1983_07,1983,community,legitimating
JALEO_1983_07::A5,jaleo,Jaleo,JALEO_1983_07,1983,pedagogy,legitimating
JALEO_1983_07::A5,jaleo,Jaleo,JALEO_1983_07,1983,criticism,legitimating
JALEO_1983_07::A6,jaleo,Jaleo,JALEO_1983_07,1983,tradition,legitimating
JALEO_1983_07::A6,jaleo,Jaleo,JALEO_1983_07,1983,criticism,legitimating
JALEO_1983_07::A8,jaleo,Jaleo,JALEO_1983_07,1983,pedagogy,mixed
JALEO_1983_07::A8,jaleo,Jaleo,JALEO_1983_07,1983,authenticity,mixed
JALEO_1983_07::A8,jaleo,Jaleo,JALEO_1983_07,1983,criticism,mixed
JALEO_1983_07::A9,jaleo,Jaleo,JALEO_1983_07,1983,criticism,legitimating
JALEO_1983_07::A9,jaleo,Jaleo,JALEO_1983_07,1983,authenticity,legitimating
JALEO_1983_07::A10,jaleo,Jaleo,JALEO_1983_07,1983,community,contested
JALEO_1983_07::A10,jaleo,Jaleo,JALEO_1983_07,1983,criticism,contested
JALEO_1983_07::A11,jaleo,Jaleo,JALEO_1983_07,1983,tradition,mixed
JALEO_1983_07::A11,jaleo,Jaleo,JALEO_1983_07,1983,criticism,mixed
JALEO_1983_07::A12,jaleo,Jaleo,JALEO_1983_07,1983,pedagogy,legitimating
JALEO_1983_07::A12,jaleo,Jaleo,JALEO_1983_07,1983,heritage,legitimating
JALEO_1983_07::A13,jaleo,Jaleo,JALEO_1983_07,1983,pedagogy,legitimating
JALEO_1983_07::A13,jaleo,Jaleo,JALEO_1983_07,1983,criticism,legitimating
JALEO_1983_07::A14,jaleo,Jaleo,JALEO_1983_07,1983,pedagogy,legitimating
JALEO_1983_07::A16,jaleo,Jaleo,JALEO_1983_07,1983,criticism,mixed
JALEO_1983_07::A18,jaleo,Jaleo,JALEO_1983_07,1983,authenticity,legitimating
JALEO_1983_07::A18,jaleo,Jaleo,JALEO_1983_07,1983,criticism,legitimating
JALEO_1983_07::A19,jaleo,Jaleo,JALEO_1983_07,1983,community,legitimating
JALEO_1983_08::A1,jaleo,Jaleo,JALEO_1983_08,1983,authenticity,legitimating
JALEO_1983_08::A1,jaleo,Jaleo,JALEO_1983_08,1983,tradition,legitimating
JALEO_1983_08::A1,jaleo,Jaleo,JALEO_1983_08,1983,pedagogy,legitimating
JALEO_1983_08::A2,jaleo,Jaleo,JALEO_1983_08,1983,criticism,legitimating
JALEO_1983_08::A3,jaleo,Jaleo,JALEO_1983_08,1983,criticism,mixed
JALEO_1983_08::A5,jaleo,Jaleo,JALEO_1983_08,1983,pedagogy,legitimating
JALEO_1983_08::A5,jaleo,Jaleo,JALEO_1983_08,1983,community,legitimating
JALEO_1983_08::A6,jaleo,Jaleo,JALEO_1983_08,1983,pedagogy,legitimating
JALEO_1983_08::A7,jaleo,Jaleo,JALEO_1983_08,1983,pedagogy,legitimating
JALEO_1983_08::A7,jaleo,Jaleo,JALEO_1983_08,1983,tradition,legitimating
JALEO_1983_08::A8,jaleo,Jaleo,JALEO_1983_08,1983,pedagogy,legitimating
JALEO_1983_08::A8,jaleo,Jaleo,JALEO_1983_08,1983,community,legitimating
JALEO_1983_08::A8,jaleo,Jaleo,JALEO_1983_08,1983,criticism,legitimating
JALEO_1983_08::A10,jaleo,Jaleo,JALEO_1983_08,1983,pedagogy,contested
JALEO_1983_08::A10,jaleo,Jaleo,JALEO_1983_08,1983,criticism,contested
JALEO_1983_08::A12,jaleo,Jaleo,JALEO_1983_08,1983,criticism,legitimating
JALEO_1983_08::A13,jaleo,Jaleo,JALEO_1983_08,1983,criticism,legitimating
JALEO_1983_08::A14,jaleo,Jaleo,JALEO_1983_08,1983,community,legitimating
JALEO_1983_08::A14,jaleo,Jaleo,JALEO_1983_08,1983,pedagogy,legitimating
JALEO_1983_10::A1,jaleo,Jaleo,JALEO_1983_10,1983,criticism,legitimating
JALEO_1983_10::A1,jaleo,Jaleo,JALEO_1983_10,1983,pedagogy,legitimating
JALEO_1983_10::A2,jaleo,Jaleo,JALEO_1983_10,1983,pedagogy,legitimating
JALEO_1983_10::A2,jaleo,Jaleo,JALEO_1983_10,1983,community,legitimating
JALEO_1983_10::A2,jaleo,Jaleo,JALEO_1983_10,1983,criticism,legitimating
JALEO_1983_10::A3,jaleo,Jaleo,JALEO_1983_10,1983,criticism,legitimating
JALEO_1983_10::A4,jaleo,Jaleo,JALEO_1983_10,1983,tradition,legitimating
JALEO_1983_10::A4,jaleo,Jaleo,JALEO_1983_10,1983,pedagogy,legitimating
JALEO_1983_10::A4,jaleo,Jaleo,JALEO_1983_10,1983,authenticity,legitimating
JALEO_1983_10::A5,jaleo,Jaleo,JALEO_1983_10,1983,authenticity,contested
JALEO_1983_10::A5,jaleo,Jaleo,JALEO_1983_10,1983,criticism,contested
JALEO_1983_10::A6,jaleo,Jaleo,JALEO_1983_10,1983,criticism,mixed
JALEO_1983_10::A6,jaleo,Jaleo,JALEO_1983_10,1983,pedagogy,mixed
JALEO_1983_10::A7,jaleo,Jaleo,JALEO_1983_10,1983,criticism,legitimating
JALEO_1983_10::A8,jaleo,Jaleo,JALEO_1983_10,1983,authenticity,legitimating
JALEO_1983_10::A8,jaleo,Jaleo,JALEO_1983_10,1983,pedagogy,legitimating
JALEO_1983_10::A8,jaleo,Jaleo,JALEO_1983_10,1983,criticism,legitimating
JALEO_1983_10::A9,jaleo,Jaleo,JALEO_1983_10,1983,pedagogy,legitimating
JALEO_1983_10::A10,jaleo,Jaleo,JALEO_1983_10,1983,pedagogy,legitimating
JALEO_1983_10::A10,jaleo,Jaleo,JALEO_1983_10,1983,criticism,legitimating
JALEO_1983_10::A13,jaleo,Jaleo,JALEO_1983_10,1983,pedagogy,legitimating
JALEO_1983_10::A14,jaleo,Jaleo,JALEO_1983_10,1983,criticism,legitimating
JALEO_1983_10::A14,jaleo,Jaleo,JALEO_1983_10,1983,tradition,legitimating
JALEO_1983_10::A16,jaleo,Jaleo,JALEO_1983_10,1983,community,legitimating
JALEO_1983_10::A17,jaleo,Jaleo,JALEO_1983_10,1983,community,legitimating
JALEO_1983_12::A1,jaleo,Jaleo,JALEO_1983_12,1983,pedagogy,legitimating
JALEO_1983_12::A1,jaleo,Jaleo,JALEO_1983_12,1983,criticism,legitimating
JALEO_1983_12::A2,jaleo,Jaleo,JALEO_1983_12,1983,pedagogy,legitimating
JALEO_1983_12::A2,jaleo,Jaleo,JALEO_1983_12,1983,criticism,legitimating
JALEO_1983_12::A3,jaleo,Jaleo,JALEO_1983_12,1983,heritage,legitimating
JALEO_1983_12::A3,jaleo,Jaleo,JALEO_1983_12,1983,criticism,legitimating
JALEO_1983_12::A4,jaleo,Jaleo,JALEO_1983_12,1983,criticism,mixed
JALEO_1983_12::A4,jaleo,Jaleo,JALEO_1983_12,1983,heritage,mixed
JALEO_1983_12::A5,jaleo,Jaleo,JALEO_1983_12,1983,tradition,mixed
JALEO_1983_12::A5,jaleo,Jaleo,JALEO_1983_12,1983,criticism,mixed
JALEO_1983_12::A6,jaleo,Jaleo,JALEO_1983_12,1983,authenticity,legitimating
JALEO_1983_12::A6,jaleo,Jaleo,JALEO_1983_12,1983,tradition,legitimating
JALEO_1983_12::A8,jaleo,Jaleo,JALEO_1983_12,1983,criticism,mixed
JALEO_1983_12::A10,jaleo,Jaleo,JALEO_1983_12,1983,criticism,legitimating
JALEO_1983_12::A11,jaleo,Jaleo,JALEO_1983_12,1983,community,legitimating
JALEO_1983_12::A11,jaleo,Jaleo,JALEO_1983_12,1983,pedagogy,legitimating
JALEO_1983_12::A13,jaleo,Jaleo,JALEO_1983_12,1983,pedagogy,legitimating
JALEO_1984_01::A1,jaleo,Jaleo,JALEO_1984_01,1984,pedagogy,legitimating
JALEO_1984_01::A2,jaleo,Jaleo,JALEO_1984_01,1984,criticism,legitimating
JALEO_1984_01::A4,jaleo,Jaleo,JALEO_1984_01,1984,pedagogy,legitimating
JALEO_1984_01::A5,jaleo,Jaleo,JALEO_1984_01,1984,criticism,legitimating
JALEO_1984_01::A5,jaleo,Jaleo,JALEO_1984_01,1984,heritage,legitimating
JALEO_1984_01::A6,jaleo,Jaleo,JALEO_1984_01,1984,authenticity,mixed
JALEO_1984_01::A6,jaleo,Jaleo,JALEO_1984_01,1984,tradition,mixed
JALEO_1984_01::A6,jaleo,Jaleo,JALEO_1984_01,1984,criticism,mixed
JALEO_1984_01::A7,jaleo,Jaleo,JALEO_1984_01,1984,pedagogy,legitimating
JALEO_1984_01::A8,jaleo,Jaleo,JALEO_1984_01,1984,pedagogy,legitimating
JALEO_1984_01::A10,jaleo,Jaleo,JALEO_1984_01,1984,pedagogy,legitimating
JALEO_1984_01::A10,jaleo,Jaleo,JALEO_1984_01,1984,criticism,legitimating
JALEO_1984_01::A11,jaleo,Jaleo,JALEO_1984_01,1984,tradition,legitimating
JALEO_1984_01::A11,jaleo,Jaleo,JALEO_1984_01,1984,pedagogy,legitimating
JALEO_1984_01::A12,jaleo,Jaleo,JALEO_1984_01,1984,criticism,legitimating
JALEO_1984_01::A13,jaleo,Jaleo,JALEO_1984_01,1984,criticism,legitimating
JALEO_1984_01::A13,jaleo,Jaleo,JALEO_1984_01,1984,pedagogy,legitimating
JALEO_1984_01::A14,jaleo,Jaleo,JALEO_1984_01,1984,pedagogy,legitimating
JALEO_1984_01::A15,jaleo,Jaleo,JALEO_1984_01,1984,pedagogy,legitimating
JALEO_1984_01::A16,jaleo,Jaleo,JALEO_1984_01,1984,authenticity,mixed
JALEO_1984_01::A16,jaleo,Jaleo,JALEO_1984_01,1984,criticism,mixed
JALEO_1984_01::A17,jaleo,Jaleo,JALEO_1984_01,1984,criticism,legitimating
JALEO_1984_01::A18,jaleo,Jaleo,JALEO_1984_01,1984,heritage,legitimating
JALEO_1984_01::A18,jaleo,Jaleo,JALEO_1984_01,1984,pedagogy,legitimating
JALEO_1984_01::A19,jaleo,Jaleo,JALEO_1984_01,1984,criticism,legitimating
JALEO_1984_01::A20,jaleo,Jaleo,JALEO_1984_01,1984,pedagogy,legitimating
JALEO_1984_01::A20,jaleo,Jaleo,JALEO_1984_01,1984,community,legitimating
JALEO_1984_01::A21,jaleo,Jaleo,JALEO_1984_01,1984,community,legitimating
JALEO_1984_01::A21,jaleo,Jaleo,JALEO_1984_01,1984,criticism,legitimating
JALEO_1984_01::A23,jaleo,Jaleo,JALEO_1984_01,1984,criticism,legitimating
JALEO_1984_03::A1,jaleo,Jaleo,JALEO_1984_03,1984,community,contested
JALEO_1984_03::A1,jaleo,Jaleo,JALEO_1984_03,1984,criticism,contested
JALEO_1984_03::A1,jaleo,Jaleo,JALEO_1984_03,1984,pedagogy,contested
JALEO_1984_03::A2,jaleo,Jaleo,JALEO_1984_03,1984,criticism,contested
JALEO_1984_03::A2,jaleo,Jaleo,JALEO_1984_03,1984,community,contested
JALEO_1984_03::A2,jaleo,Jaleo,JALEO_1984_03,1984,authenticity,contested
JALEO_1984_03::A5,jaleo,Jaleo,JALEO_1984_03,1984,pedagogy,legitimating
JALEO_1984_03::A5,jaleo,Jaleo,JALEO_1984_03,1984,community,legitimating
JALEO_1984_03::A6,jaleo,Jaleo,JALEO_1984_03,1984,pedagogy,legitimating
JALEO_1984_03::A6,jaleo,Jaleo,JALEO_1984_03,1984,community,legitimating
JALEO_1984_03::A6,jaleo,Jaleo,JALEO_1984_03,1984,criticism,legitimating
JALEO_1984_03::A7,jaleo,Jaleo,JALEO_1984_03,1984,pedagogy,legitimating
JALEO_1984_03::A7,jaleo,Jaleo,JALEO_1984_03,1984,criticism,legitimating
JALEO_1984_03::A8,jaleo,Jaleo,JALEO_1984_03,1984,authenticity,legitimating
JALEO_1984_03::A8,jaleo,Jaleo,JALEO_1984_03,1984,tradition,legitimating
JALEO_1984_03::A8,jaleo,Jaleo,JALEO_1984_03,1984,community,legitimating
JALEO_1984_03::A8,jaleo,Jaleo,JALEO_1984_03,1984,pedagogy,legitimating
JALEO_1984_03::A9,jaleo,Jaleo,JALEO_1984_03,1984,community,legitimating
JALEO_1984_03::A9,jaleo,Jaleo,JALEO_1984_03,1984,criticism,legitimating
JALEO_1984_03::A10,jaleo,Jaleo,JALEO_1984_03,1984,authenticity,legitimating
JALEO_1984_03::A10,jaleo,Jaleo,JALEO_1984_03,1984,pedagogy,legitimating
JALEO_1984_03::A10,jaleo,Jaleo,JALEO_1984_03,1984,criticism,legitimating
JALEO_1984_03::A12,jaleo,Jaleo,JALEO_1984_03,1984,pedagogy,legitimating
JALEO_1984_03::A12,jaleo,Jaleo,JALEO_1984_03,1984,tradition,legitimating
JALEO_1984_03::A12,jaleo,Jaleo,JALEO_1984_03,1984,authenticity,legitimating
JALEO_1984_03::A13,jaleo,Jaleo,JALEO_1984_03,1984,criticism,legitimating
JALEO_1984_03::A14,jaleo,Jaleo,JALEO_1984_03,1984,community,legitimating
JALEO_1984_03::A14,jaleo,Jaleo,JALEO_1984_03,1984,criticism,legitimating
JALEO_1984_03::A14,jaleo,Jaleo,JALEO_1984_03,1984,pedagogy,legitimating
JALEO_1984_03::A15,jaleo,Jaleo,JALEO_1984_03,1984,criticism,legitimating
JALEO_1984_03::A15,jaleo,Jaleo,JALEO_1984_03,1984,pedagogy,legitimating
JALEO_1984_03::A16,jaleo,Jaleo,JALEO_1984_03,1984,criticism,legitimating
JALEO_1984_03::A17,jaleo,Jaleo,JALEO_1984_03,1984,community,legitimating
JALEO_1984_03::A18,jaleo,Jaleo,JALEO_1984_03,1984,pedagogy,legitimating
JALEO_1984_03::A19,jaleo,Jaleo,JALEO_1984_03,1984,community,legitimating
JALEO_1984_05::A1,jaleo,Jaleo,JALEO_1984_05,1984,criticism,legitimating
JALEO_1984_05::A3,jaleo,Jaleo,JALEO_1984_05,1984,pedagogy,legitimating
JALEO_1984_05::A3,jaleo,Jaleo,JALEO_1984_05,1984,community,legitimating
JALEO_1984_05::A4,jaleo,Jaleo,JALEO_1984_05,1984,criticism,legitimating
JALEO_1984_05::A4,jaleo,Jaleo,JALEO_1984_05,1984,pedagogy,legitimating
JALEO_1984_05::A5,jaleo,Jaleo,JALEO_1984_05,1984,criticism,legitimating
JALEO_1984_05::A7,jaleo,Jaleo,JALEO_1984_05,1984,authenticity,contested
JALEO_1984_05::A7,jaleo,Jaleo,JALEO_1984_05,1984,tradition,contested
JALEO_1984_05::A8,jaleo,Jaleo,JALEO_1984_05,1984,criticism,legitimating
JALEO_1984_05::A9,jaleo,Jaleo,JALEO_1984_05,1984,tradition,legitimating
JALEO_1984_05::A9,jaleo,Jaleo,JALEO_1984_05,1984,community,legitimating
JALEO_1984_05::A10,jaleo,Jaleo,JALEO_1984_05,1984,criticism,mixed
JALEO_1984_05::A11,jaleo,Jaleo,JALEO_1984_05,1984,tradition,mixed
JALEO_1984_05::A11,jaleo,Jaleo,JALEO_1984_05,1984,criticism,mixed
JALEO_1984_05::A13,jaleo,Jaleo,JALEO_1984_05,1984,tradition,legitimating
JALEO_1984_05::A13,jaleo,Jaleo,JALEO_1984_05,1984,pedagogy,legitimating
JALEO_1984_05::A13,jaleo,Jaleo,JALEO_1984_05,1984,criticism,legitimating
JALEO_1984_05::A14,jaleo,Jaleo,JALEO_1984_05,1984,authenticity,mixed
JALEO_1984_05::A14,jaleo,Jaleo,JALEO_1984_05,1984,criticism,mixed
JALEO_1984_05::A14,jaleo,Jaleo,JALEO_1984_05,1984,community,mixed
JALEO_1984_05::A15,jaleo,Jaleo,JALEO_1984_05,1984,criticism,legitimating
JALEO_1984_05::A15,jaleo,Jaleo,JALEO_1984_05,1984,community,legitimating
JALEO_1984_05::A16,jaleo,Jaleo,JALEO_1984_05,1984,criticism,legitimating
JALEO_1984_05::A16,jaleo,Jaleo,JALEO_1984_05,1984,pedagogy,legitimating
JALEO_1984_05::A17,jaleo,Jaleo,JALEO_1984_05,1984,criticism,legitimating
JALEO_1984_05::A17,jaleo,Jaleo,JALEO_1984_05,1984,community,legitimating
JALEO_1984_05::A18,jaleo,Jaleo,JALEO_1984_05,1984,criticism,legitimating
JALEO_1984_05::A18,jaleo,Jaleo,JALEO_1984_05,1984,community,legitimating
JALEO_1984_08::A1,jaleo,Jaleo,JALEO_1984_08,1984,criticism,legitimating
JALEO_1984_08::A2,jaleo,Jaleo,JALEO_1984_08,1984,pedagogy,legitimating
JALEO_1984_08::A2,jaleo,Jaleo,JALEO_1984_08,1984,tradition,legitimating
JALEO_1984_08::A3,jaleo,Jaleo,JALEO_1984_08,1984,authenticity,contested
JALEO_1984_08::A5,jaleo,Jaleo,JALEO_1984_08,1984,criticism,legitimating
JALEO_1984_08::A7,jaleo,Jaleo,JALEO_1984_08,1984,authenticity,legitimating
JALEO_1984_08::A7,jaleo,Jaleo,JALEO_1984_08,1984,criticism,legitimating
JALEO_1984_08::A9,jaleo,Jaleo,JALEO_1984_08,1984,authenticity,legitimating
JALEO_1984_08::A9,jaleo,Jaleo,JALEO_1984_08,1984,pedagogy,legitimating
JALEO_1984_08::A10,jaleo,Jaleo,JALEO_1984_08,1984,heritage,legitimating
JALEO_1984_08::A10,jaleo,Jaleo,JALEO_1984_08,1984,pedagogy,legitimating
JALEO_1984_08::A11,jaleo,Jaleo,JALEO_1984_08,1984,criticism,delegitimating
JALEO_1984_08::A12,jaleo,Jaleo,JALEO_1984_08,1984,criticism,mixed
JALEO_1984_08::A13,jaleo,Jaleo,JALEO_1984_08,1984,pedagogy,legitimating
JALEO_1984_08::A13,jaleo,Jaleo,JALEO_1984_08,1984,criticism,legitimating
JALEO_1984_08::A13,jaleo,Jaleo,JALEO_1984_08,1984,authenticity,legitimating
JALEO_1984_08::A14,jaleo,Jaleo,JALEO_1984_08,1984,criticism,legitimating
JALEO_1984_08::A16,jaleo,Jaleo,JALEO_1984_08,1984,pedagogy,legitimating
JALEO_1984_08::A16,jaleo,Jaleo,JALEO_1984_08,1984,criticism,legitimating
JALEO_1984_08::A16,jaleo,Jaleo,JALEO_1984_08,1984,community,legitimating
JALEO_1984_08::A17,jaleo,Jaleo,JALEO_1984_08,1984,criticism,legitimating
JALEO_1984_08::A17,jaleo,Jaleo,JALEO_1984_08,1984,community,legitimating
JALEO_1984_10::A1,jaleo,Jaleo,JALEO_1984_10,1984,authenticity,legitimating
JALEO_1984_10::A1,jaleo,Jaleo,JALEO_1984_10,1984,criticism,legitimating
JALEO_1984_10::A2,jaleo,Jaleo,JALEO_1984_10,1984,authenticity,legitimating
JALEO_1984_10::A2,jaleo,Jaleo,JALEO_1984_10,1984,tradition,legitimating
JALEO_1984_10::A2,jaleo,Jaleo,JALEO_1984_10,1984,community,legitimating
JALEO_1984_10::A3,jaleo,Jaleo,JALEO_1984_10,1984,criticism,delegitimating
JALEO_1984_10::A4,jaleo,Jaleo,JALEO_1984_10,1984,criticism,legitimating
JALEO_1984_10::A4,jaleo,Jaleo,JALEO_1984_10,1984,pedagogy,legitimating
JALEO_1984_10::A5,jaleo,Jaleo,JALEO_1984_10,1984,authenticity,mixed
JALEO_1984_10::A5,jaleo,Jaleo,JALEO_1984_10,1984,criticism,mixed
JALEO_1984_10::A6,jaleo,Jaleo,JALEO_1984_10,1984,criticism,delegitimating
JALEO_1984_10::A7,jaleo,Jaleo,JALEO_1984_10,1984,authenticity,legitimating
JALEO_1984_10::A7,jaleo,Jaleo,JALEO_1984_10,1984,tradition,legitimating
JALEO_1984_10::A7,jaleo,Jaleo,JALEO_1984_10,1984,criticism,legitimating
JALEO_1984_10::A8,jaleo,Jaleo,JALEO_1984_10,1984,tradition,legitimating
JALEO_1984_10::A9,jaleo,Jaleo,JALEO_1984_10,1984,tradition,contested
JALEO_1984_10::A9,jaleo,Jaleo,JALEO_1984_10,1984,authenticity,contested
JALEO_1984_10::A9,jaleo,Jaleo,JALEO_1984_10,1984,criticism,contested
JALEO_1984_10::A10,jaleo,Jaleo,JALEO_1984_10,1984,authenticity,mixed
JALEO_1984_10::A10,jaleo,Jaleo,JALEO_1984_10,1984,community,mixed
JALEO_1984_10::A11,jaleo,Jaleo,JALEO_1984_10,1984,authenticity,contested
JALEO_1984_10::A11,jaleo,Jaleo,JALEO_1984_10,1984,tradition,contested
JALEO_1984_10::A11,jaleo,Jaleo,JALEO_1984_10,1984,criticism,contested
JALEO_1984_10::A12,jaleo,Jaleo,JALEO_1984_10,1984,authenticity,legitimating
JALEO_1984_10::A12,jaleo,Jaleo,JALEO_1984_10,1984,pedagogy,legitimating
JALEO_1984_10::A12,jaleo,Jaleo,JALEO_1984_10,1984,criticism,legitimating
JALEO_1984_10::A13,jaleo,Jaleo,JALEO_1984_10,1984,tradition,contested
JALEO_1984_10::A13,jaleo,Jaleo,JALEO_1984_10,1984,pedagogy,contested
JALEO_1984_10::A13,jaleo,Jaleo,JALEO_1984_10,1984,criticism,contested
JALEO_1984_10::A14,jaleo,Jaleo,JALEO_1984_10,1984,heritage,legitimating
JALEO_1984_10::A15,jaleo,Jaleo,JALEO_1984_10,1984,authenticity,mixed
JALEO_1984_10::A15,jaleo,Jaleo,JALEO_1984_10,1984,tradition,mixed
JALEO_1984_10::A15,jaleo,Jaleo,JALEO_1984_10,1984,criticism,mixed
JALEO_1984_10::A16,jaleo,Jaleo,JALEO_1984_10,1984,criticism,legitimating
JALEO_1984_10::A16,jaleo,Jaleo,JALEO_1984_10,1984,pedagogy,legitimating
JALEO_1984_10::A16,jaleo,Jaleo,JALEO_1984_10,1984,heritage,legitimating
JALEO_1984_10::A17,jaleo,Jaleo,JALEO_1984_10,1984,community,legitimating
JALEO_1984_10::A17,jaleo,Jaleo,JALEO_1984_10,1984,criticism,legitimating
JALEO_1984_10::A18,jaleo,Jaleo,JALEO_1984_10,1984,criticism,legitimating
JALEO_1984_10::A19,jaleo,Jaleo,JALEO_1984_10,1984,criticism,legitimating
JALEO_1985_01::A1,jaleo,Jaleo,JALEO_1985_01,1985,pedagogy,legitimating
JALEO_1985_01::A1,jaleo,Jaleo,JALEO_1985_01,1985,community,legitimating
JALEO_1985_01::A2,jaleo,Jaleo,JALEO_1985_01,1985,pedagogy,legitimating
JALEO_1985_01::A4,jaleo,Jaleo,JALEO_1985_01,1985,criticism,legitimating
JALEO_1985_01::A4,jaleo,Jaleo,JALEO_1985_01,1985,pedagogy,legitimating
JALEO_1985_01::A5,jaleo,Jaleo,JALEO_1985_01,1985,criticism,mixed
JALEO_1985_01::A6,jaleo,Jaleo,JALEO_1985_01,1985,criticism,mixed
JALEO_1985_01::A7,jaleo,Jaleo,JALEO_1985_01,1985,pedagogy,legitimating
JALEO_1985_01::A7,jaleo,Jaleo,JALEO_1985_01,1985,criticism,legitimating
JALEO_1985_01::A8,jaleo,Jaleo,JALEO_1985_01,1985,pedagogy,legitimating
JALEO_1985_01::A8,jaleo,Jaleo,JALEO_1985_01,1985,tradition,legitimating
JALEO_1985_01::A9,jaleo,Jaleo,JALEO_1985_01,1985,pedagogy,legitimating
JALEO_1985_01::A9,jaleo,Jaleo,JALEO_1985_01,1985,criticism,legitimating
JALEO_1985_01::A10,jaleo,Jaleo,JALEO_1985_01,1985,pedagogy,legitimating
JALEO_1985_01::A11,jaleo,Jaleo,JALEO_1985_01,1985,pedagogy,legitimating
JALEO_1985_01::A12,jaleo,Jaleo,JALEO_1985_01,1985,criticism,legitimating
JALEO_1985_01::A12,jaleo,Jaleo,JALEO_1985_01,1985,pedagogy,legitimating
JALEO_1985_01::A13,jaleo,Jaleo,JALEO_1985_01,1985,criticism,mixed
JALEO_1985_01::A14,jaleo,Jaleo,JALEO_1985_01,1985,heritage,legitimating
JALEO_1985_01::A14,jaleo,Jaleo,JALEO_1985_01,1985,pedagogy,legitimating
JALEO_1985_01::A14,jaleo,Jaleo,JALEO_1985_01,1985,criticism,legitimating
JALEO_1985_01::A15,jaleo,Jaleo,JALEO_1985_01,1985,pedagogy,legitimating
JALEO_1985_01::A17,jaleo,Jaleo,JALEO_1985_01,1985,criticism,legitimating
JALEO_1985_01::A18,jaleo,Jaleo,JALEO_1985_01,1985,criticism,mixed
JALEO_1985_01::A18,jaleo,Jaleo,JALEO_1985_01,1985,heritage,mixed
JALEO_1985_01::A18,jaleo,Jaleo,JALEO_1985_01,1985,pedagogy,mixed
JALEO_1985_01::A19,jaleo,Jaleo,JALEO_1985_01,1985,pedagogy,legitimating
JALEO_1985_07::A1,jaleo,Jaleo,JALEO_1985_07,1985,pedagogy,legitimating
JALEO_1985_07::A2,jaleo,Jaleo,JALEO_1985_07,1985,community,legitimating
JALEO_1985_07::A2,jaleo,Jaleo,JALEO_1985_07,1985,pedagogy,legitimating
JALEO_1985_07::A2,jaleo,Jaleo,JALEO_1985_07,1985,criticism,legitimating
JALEO_1985_07::A3,jaleo,Jaleo,JALEO_1985_07,1985,criticism,legitimating
JALEO_1985_07::A4,jaleo,Jaleo,JALEO_1985_07,1985,community,legitimating
JALEO_1985_07::A4,jaleo,Jaleo,JALEO_1985_07,1985,criticism,legitimating
JALEO_1985_07::A5,jaleo,Jaleo,JALEO_1985_07,1985,criticism,mixed
JALEO_1985_07::A6,jaleo,Jaleo,JALEO_1985_07,1985,pedagogy,legitimating
JALEO_1985_07::A6,jaleo,Jaleo,JALEO_1985_07,1985,criticism,legitimating
JALEO_1985_07::A6,jaleo,Jaleo,JALEO_1985_07,1985,heritage,legitimating
JALEO_1985_07::A7,jaleo,Jaleo,JALEO_1985_07,1985,criticism,legitimating
JALEO_1985_07::A7,jaleo,Jaleo,JALEO_1985_07,1985,tradition,legitimating
JALEO_1985_07::A8,jaleo,Jaleo,JALEO_1985_07,1985,pedagogy,legitimating
JALEO_1985_07::A8,jaleo,Jaleo,JALEO_1985_07,1985,criticism,legitimating
JALEO_1985_07::A9,jaleo,Jaleo,JALEO_1985_07,1985,pedagogy,legitimating
JALEO_1985_07::A9,jaleo,Jaleo,JALEO_1985_07,1985,criticism,legitimating
JALEO_1985_07::A9,jaleo,Jaleo,JALEO_1985_07,1985,tradition,legitimating
JALEO_1985_07::A10,jaleo,Jaleo,JALEO_1985_07,1985,criticism,legitimating
JALEO_1985_07::A11,jaleo,Jaleo,JALEO_1985_07,1985,community,legitimating
JALEO_1985_07::A11,jaleo,Jaleo,JALEO_1985_07,1985,criticism,legitimating
JALEO_1985_07::A12,jaleo,Jaleo,JALEO_1985_07,1985,pedagogy,legitimating
JALEO_1985_07::A12,jaleo,Jaleo,JALEO_1985_07,1985,criticism,legitimating
JALEO_1985_07::A13,jaleo,Jaleo,JALEO_1985_07,1985,authenticity,mixed
JALEO_1985_07::A13,jaleo,Jaleo,JALEO_1985_07,1985,criticism,mixed
JALEO_1985_07::A14,jaleo,Jaleo,JALEO_1985_07,1985,tradition,legitimating
JALEO_1985_07::A14,jaleo,Jaleo,JALEO_1985_07,1985,criticism,legitimating
JALEO_1985_07::A14,jaleo,Jaleo,JALEO_1985_07,1985,community,legitimating
JALEO_1985_07::A15,jaleo,Jaleo,JALEO_1985_07,1985,authenticity,legitimating
JALEO_1985_07::A15,jaleo,Jaleo,JALEO_1985_07,1985,pedagogy,legitimating
JALEO_1985_07::A15,jaleo,Jaleo,JALEO_1985_07,1985,criticism,legitimating
JALEO_1985_07::A16,jaleo,Jaleo,JALEO_1985_07,1985,community,legitimating
JALEO_1985_07::A16,jaleo,Jaleo,JALEO_1985_07,1985,pedagogy,legitimating
JALEO_1985_07::A17,jaleo,Jaleo,JALEO_1985_07,1985,pedagogy,legitimating
JALEO_1985_10::A1,jaleo,Jaleo,JALEO_1985_10,1985,pedagogy,legitimating
JALEO_1985_10::A2,jaleo,Jaleo,JALEO_1985_10,1985,criticism,contested
JALEO_1985_10::A3,jaleo,Jaleo,JALEO_1985_10,1985,authenticity,legitimating
JALEO_1985_10::A3,jaleo,Jaleo,JALEO_1985_10,1985,community,legitimating
JALEO_1985_10::A3,jaleo,Jaleo,JALEO_1985_10,1985,pedagogy,legitimating
JALEO_1985_10::A4,jaleo,Jaleo,JALEO_1985_10,1985,authenticity,contested
JALEO_1985_10::A4,jaleo,Jaleo,JALEO_1985_10,1985,community,contested
JALEO_1985_10::A4,jaleo,Jaleo,JALEO_1985_10,1985,criticism,contested
JALEO_1985_10::A5,jaleo,Jaleo,JALEO_1985_10,1985,pedagogy,legitimating
JALEO_1985_10::A6,jaleo,Jaleo,JALEO_1985_10,1985,tradition,legitimating
JALEO_1985_10::A6,jaleo,Jaleo,JALEO_1985_10,1985,community,legitimating
JALEO_1985_10::A7,jaleo,Jaleo,JALEO_1985_10,1985,pedagogy,legitimating
JALEO_1985_10::A8,jaleo,Jaleo,JALEO_1985_10,1985,criticism,legitimating
JALEO_1985_10::A9,jaleo,Jaleo,JALEO_1985_10,1985,criticism,mixed
JALEO_1985_10::A9,jaleo,Jaleo,JALEO_1985_10,1985,community,mixed
JALEO_1985_10::A10,jaleo,Jaleo,JALEO_1985_10,1985,criticism,mixed
JALEO_1985_10::A10,jaleo,Jaleo,JALEO_1985_10,1985,tradition,mixed
JALEO_1985_10::A11,jaleo,Jaleo,JALEO_1985_10,1985,pedagogy,legitimating
JALEO_1985_10::A11,jaleo,Jaleo,JALEO_1985_10,1985,tradition,legitimating
JALEO_1985_10::A11,jaleo,Jaleo,JALEO_1985_10,1985,criticism,legitimating
JALEO_1985_10::A12,jaleo,Jaleo,JALEO_1985_10,1985,criticism,mixed
JALEO_1985_10::A14,jaleo,Jaleo,JALEO_1985_10,1985,criticism,legitimating
JALEO_1985_10::A15,jaleo,Jaleo,JALEO_1985_10,1985,criticism,mixed
JALEO_1985_10::A15,jaleo,Jaleo,JALEO_1985_10,1985,pedagogy,mixed
JALEO_1985_10::A15,jaleo,Jaleo,JALEO_1985_10,1985,tradition,mixed
JALEO_1985_10::A17,jaleo,Jaleo,JALEO_1985_10,1985,pedagogy,legitimating
JALEO_1985_10::A17,jaleo,Jaleo,JALEO_1985_10,1985,criticism,legitimating
JALEO_1985_10::A17,jaleo,Jaleo,JALEO_1985_10,1985,tradition,legitimating
JALEO_1988_09::A1,jaleo,Jaleo,JALEO_1988_09,1988,tradition,contested
JALEO_1988_09::A1,jaleo,Jaleo,JALEO_1988_09,1988,pedagogy,contested
JALEO_1988_09::A1,jaleo,Jaleo,JALEO_1988_09,1988,criticism,contested
JALEO_1988_09::A2,jaleo,Jaleo,JALEO_1988_09,1988,pedagogy,legitimating
JALEO_1988_09::A2,jaleo,Jaleo,JALEO_1988_09,1988,criticism,legitimating
JALEO_1988_09::A3,jaleo,Jaleo,JALEO_1988_09,1988,criticism,legitimating
JALEO_1988_09::A3,jaleo,Jaleo,JALEO_1988_09,1988,pedagogy,legitimating
JALEO_1988_09::A3,jaleo,Jaleo,JALEO_1988_09,1988,tradition,legitimating
JALEO_1988_09::A4,jaleo,Jaleo,JALEO_1988_09,1988,pedagogy,legitimating
JALEO_1988_09::A4,jaleo,Jaleo,JALEO_1988_09,1988,tradition,legitimating
JALEO_1988_09::A4,jaleo,Jaleo,JALEO_1988_09,1988,criticism,legitimating
JALEO_1988_09::A5,jaleo,Jaleo,JALEO_1988_09,1988,criticism,legitimating
JALEO_1988_09::A5,jaleo,Jaleo,JALEO_1988_09,1988,community,legitimating
JALEO_1988_09::A5,jaleo,Jaleo,JALEO_1988_09,1988,pedagogy,legitimating
JALEO_1988_09::A6,jaleo,Jaleo,JALEO_1988_09,1988,criticism,legitimating
JALEO_1988_09::A7,jaleo,Jaleo,JALEO_1988_09,1988,criticism,legitimating
JALEO_1988_09::A7,jaleo,Jaleo,JALEO_1988_09,1988,pedagogy,legitimating
JALEO_1988_09::A8,jaleo,Jaleo,JALEO_1988_09,1988,criticism,legitimating
JALEO_1988_09::A8,jaleo,Jaleo,JALEO_1988_09,1988,pedagogy,legitimating
JALEO_1988_09::A8,jaleo,Jaleo,JALEO_1988_09,1988,authenticity,legitimating
JALEO_1988_09::A8,jaleo,Jaleo,JALEO_1988_09,1988,community,legitimating
JALEO_1988_09::A9,jaleo,Jaleo,JALEO_1988_09,1988,criticism,legitimating
JALEO_1988_09::A10,jaleo,Jaleo,JALEO_1988_09,1988,community,mixed
JALEO_1988_09::A10,jaleo,Jaleo,JALEO_1988_09,1988,criticism,mixed
JALEO_1988_09::A11,jaleo,Jaleo,JALEO_1988_09,1988,criticism,mixed
JALEO_1988_09::A11,jaleo,Jaleo,JALEO_1988_09,1988,community,mixed
JALEO_1988_09::A12,jaleo,Jaleo,JALEO_1988_09,1988,community,legitimating
JALEO_1988_09::A13,jaleo,Jaleo,JALEO_1988_09,1988,criticism,legitimating
JALEO_1988_09::A15,jaleo,Jaleo,JALEO_1988_09,1988,criticism,legitimating
JALEO_1988_09::A15,jaleo,Jaleo,JALEO_1988_09,1988,authenticity,legitimating
JALEO_1989_03::A1,jaleo,Jaleo,JALEO_1989_03,1989,community,legitimating
JALEO_1989_03::A1,jaleo,Jaleo,JALEO_1989_03,1989,criticism,legitimating
JALEO_1989_03::A3,jaleo,Jaleo,JALEO_1989_03,1989,pedagogy,contested
JALEO_1989_03::A3,jaleo,Jaleo,JALEO_1989_03,1989,criticism,contested
JALEO_1989_03::A3,jaleo,Jaleo,JALEO_1989_03,1989,tradition,contested
JALEO_1989_03::A4,jaleo,Jaleo,JALEO_1989_03,1989,tradition,legitimating
JALEO_1989_03::A4,jaleo,Jaleo,JALEO_1989_03,1989,criticism,legitimating
JALEO_1989_03::A5,jaleo,Jaleo,JALEO_1989_03,1989,criticism,legitimating
JALEO_1989_03::A6,jaleo,Jaleo,JALEO_1989_03,1989,tradition,legitimating
JALEO_1989_03::A6,jaleo,Jaleo,JALEO_1989_03,1989,criticism,legitimating
JALEO_1989_03::A7,jaleo,Jaleo,JALEO_1989_03,1989,criticism,legitimating
JALEO_1989_03::A7,jaleo,Jaleo,JALEO_1989_03,1989,pedagogy,legitimating
JALEO_1989_03::A8,jaleo,Jaleo,JALEO_1989_03,1989,pedagogy,legitimating
JALEO_1989_03::A8,jaleo,Jaleo,JALEO_1989_03,1989,tradition,legitimating
JALEO_1989_03::A8,jaleo,Jaleo,JALEO_1989_03,1989,criticism,legitimating
JALEO_1989_03::A9,jaleo,Jaleo,JALEO_1989_03,1989,pedagogy,mixed
JALEO_1989_03::A9,jaleo,Jaleo,JALEO_1989_03,1989,criticism,mixed
JALEO_1989_03::A10,jaleo,Jaleo,JALEO_1989_03,1989,pedagogy,legitimating
JALEO_1989_03::A10,jaleo,Jaleo,JALEO_1989_03,1989,criticism,legitimating
JALEO_1989_03::A11,jaleo,Jaleo,JALEO_1989_03,1989,pedagogy,mixed
JALEO_1989_03::A11,jaleo,Jaleo,JALEO_1989_03,1989,criticism,mixed
JALEO_1989_03::A13,jaleo,Jaleo,JALEO_1989_03,1989,criticism,legitimating
JALEO_1989_03::A14,jaleo,Jaleo,JALEO_1989_03,1989,pedagogy,legitimating
JALEO_1989_03::A14,jaleo,Jaleo,JALEO_1989_03,1989,criticism,legitimating
JALEO_1989_03::A15,jaleo,Jaleo,JALEO_1989_03,1989,criticism,mixed
JALEO_1989_03::A15,jaleo,Jaleo,JALEO_1989_03,1989,heritage,mixed
JALEO_1989_03::A16,jaleo,Jaleo,JALEO_1989_03,1989,tradition,legitimating
JALEO_1989_03::A16,jaleo,Jaleo,JALEO_1989_03,1989,criticism,legitimating
JALEO_1989_03::A17,jaleo,Jaleo,JALEO_1989_03,1989,community,legitimating
JALEO_1989_03::A17,jaleo,Jaleo,JALEO_1989_03,1989,pedagogy,legitimating
JALEO_1990_04::A1,jaleo,Jaleo,JALEO_1990_04,1990,criticism,legitimating
JALEO_1990_04::A1,jaleo,Jaleo,JALEO_1990_04,1990,tradition,legitimating
JALEO_1990_04::A1,jaleo,Jaleo,JALEO_1990_04,1990,community,legitimating
JALEO_1990_04::A2,jaleo,Jaleo,JALEO_1990_04,1990,community,legitimating
JALEO_1990_04::A3,jaleo,Jaleo,JALEO_1990_04,1990,pedagogy,legitimating
JALEO_1990_04::A3,jaleo,Jaleo,JALEO_1990_04,1990,criticism,legitimating
JALEO_1990_04::A4,jaleo,Jaleo,JALEO_1990_04,1990,authenticity,contested
JALEO_1990_04::A4,jaleo,Jaleo,JALEO_1990_04,1990,tradition,contested
JALEO_1990_04::A4,jaleo,Jaleo,JALEO_1990_04,1990,criticism,contested
JALEO_1990_04::A5,jaleo,Jaleo,JALEO_1990_04,1990,authenticity,legitimating
JALEO_1990_04::A5,jaleo,Jaleo,JALEO_1990_04,1990,tradition,legitimating
JALEO_1990_04::A5,jaleo,Jaleo,JALEO_1990_04,1990,criticism,legitimating
JALEO_1990_04::A6,jaleo,Jaleo,JALEO_1990_04,1990,heritage,mixed
JALEO_1990_04::A6,jaleo,Jaleo,JALEO_1990_04,1990,tradition,mixed
JALEO_1990_04::A6,jaleo,Jaleo,JALEO_1990_04,1990,criticism,mixed
JALEO_1990_04::A7,jaleo,Jaleo,JALEO_1990_04,1990,authenticity,contested
JALEO_1990_04::A7,jaleo,Jaleo,JALEO_1990_04,1990,community,contested
JALEO_1990_04::A7,jaleo,Jaleo,JALEO_1990_04,1990,criticism,contested
JALEO_1990_04::A9,jaleo,Jaleo,JALEO_1990_04,1990,pedagogy,legitimating
JALEO_1990_04::A9,jaleo,Jaleo,JALEO_1990_04,1990,criticism,legitimating
JALEO_1990_04::A9,jaleo,Jaleo,JALEO_1990_04,1990,tradition,legitimating
JALEO_1990_04::A10,jaleo,Jaleo,JALEO_1990_04,1990,criticism,mixed
JALEO_1990_04::A10,jaleo,Jaleo,JALEO_1990_04,1990,authenticity,mixed
JALEO_1990_04::A10,jaleo,Jaleo,JALEO_1990_04,1990,community,mixed
JALEO_1990_04::A11,jaleo,Jaleo,JALEO_1990_04,1990,pedagogy,legitimating
JALEO_1990_04::A11,jaleo,Jaleo,JALEO_1990_04,1990,authenticity,legitimating
JALEO_1990_04::A12,jaleo,Jaleo,JALEO_1990_04,1990,pedagogy,legitimating
JALEO_1990_04::A12,jaleo,Jaleo,JALEO_1990_04,1990,community,legitimating
JALEO_1990_04::A12,jaleo,Jaleo,JALEO_1990_04,1990,tradition,legitimating
JALEO_1990_04::A13,jaleo,Jaleo,JALEO_1990_04,1990,community,legitimating
JALEO_1990_04::A13,jaleo,Jaleo,JALEO_1990_04,1990,pedagogy,legitimating
JALEO_1990_04::A13,jaleo,Jaleo,JALEO_1990_04,1990,tradition,legitimating
JALEO_1990_04::A15,jaleo,Jaleo,JALEO_1990_04,1990,heritage,legitimating
JALEO_1990_04::A15,jaleo,Jaleo,JALEO_1990_04,1990,pedagogy,legitimating
JALEO_1990_04::A16,jaleo,Jaleo,JALEO_1990_04,1990,pedagogy,legitimating
JALEO_1990_04::A16,jaleo,Jaleo,JALEO_1990_04,1990,criticism,legitimating
JALEO_1990_04::A17,jaleo,Jaleo,JALEO_1990_04,1990,criticism,mixed
JALEO_1990_04::A17,jaleo,Jaleo,JALEO_1990_04,1990,pedagogy,mixed
JALEO_1990_04::A18,jaleo,Jaleo,JALEO_1990_04,1990,authenticity,legitimating
JALEO_1990_04::A18,jaleo,Jaleo,JALEO_1990_04,1990,pedagogy,legitimating
JALEO_1990_04::A18,jaleo,Jaleo,JALEO_1990_04,1990,community,legitimating
JALEO_1990_04::A18,jaleo,Jaleo,JALEO_1990_04,1990,criticism,legitimating
JALEO_1990_04::A19,jaleo,Jaleo,JALEO_1990_04,1990,heritage,mixed
JALEO_1990_04::A19,jaleo,Jaleo,JALEO_1990_04,1990,community,mixed
JALEO_1990_04::A19,jaleo,Jaleo,JALEO_1990_04,1990,criticism,mixed
JALEO_1990_04::A20,jaleo,Jaleo,JALEO_1990_04,1990,criticism,mixed
JALEO_1990_04::A20,jaleo,Jaleo,JALEO_1990_04,1990,community,mixed
JALEO_1990_04::A20,jaleo,Jaleo,JALEO_1990_04,1990,heritage,mixed
JALEO_1990_04::A21,jaleo,Jaleo,JALEO_1990_04,1990,criticism,legitimating
JALEO_1990_04::A22,jaleo,Jaleo,JALEO_1990_04,1990,criticism,legitimating
JALEO_1990_04::A22,jaleo,Jaleo,JALEO_1990_04,1990,tradition,legitimating
JALEO_1990_04::A23,jaleo,Jaleo,JALEO_1990_04,1990,community,legitimating
JALEO_1990_04::A23,jaleo,Jaleo,JALEO_1990_04,1990,pedagogy,legitimating
JALEO_1991_07::A1,jaleo,Jaleo,JALEO_1991_07,1991,pedagogy,legitimating
JALEO_1991_07::A1,jaleo,Jaleo,JALEO_1991_07,1991,criticism,legitimating
JALEO_1991_07::A2,jaleo,Jaleo,JALEO_1991_07,1991,heritage,legitimating
JALEO_1991_07::A2,jaleo,Jaleo,JALEO_1991_07,1991,community,legitimating
JALEO_1991_07::A2,jaleo,Jaleo,JALEO_1991_07,1991,pedagogy,legitimating
JALEO_1991_07::A3,jaleo,Jaleo,JALEO_1991_07,1991,criticism,mixed
JALEO_1991_07::A3,jaleo,Jaleo,JALEO_1991_07,1991,community,mixed
JALEO_1991_07::A4,jaleo,Jaleo,JALEO_1991_07,1991,criticism,mixed
JALEO_1991_07::A4,jaleo,Jaleo,JALEO_1991_07,1991,pedagogy,mixed
JALEO_1991_07::A4,jaleo,Jaleo,JALEO_1991_07,1991,community,mixed
JALEO_1991_07::A5,jaleo,Jaleo,JALEO_1991_07,1991,pedagogy,legitimating
JALEO_1991_07::A5,jaleo,Jaleo,JALEO_1991_07,1991,heritage,legitimating
JALEO_1991_07::A5,jaleo,Jaleo,JALEO_1991_07,1991,community,legitimating
JALEO_1991_07::A6,jaleo,Jaleo,JALEO_1991_07,1991,community,legitimating
JALEO_1991_07::A6,jaleo,Jaleo,JALEO_1991_07,1991,pedagogy,legitimating
JALEO_1991_07::A6,jaleo,Jaleo,JALEO_1991_07,1991,criticism,legitimating
JALEO_1991_07::A9,jaleo,Jaleo,JALEO_1991_07,1991,criticism,legitimating
JALEO_1991_07::A10,jaleo,Jaleo,JALEO_1991_07,1991,pedagogy,legitimating
JALEO_1991_07::A11,jaleo,Jaleo,JALEO_1991_07,1991,pedagogy,legitimating
JALEO_1991_07::A11,jaleo,Jaleo,JALEO_1991_07,1991,criticism,legitimating
JALEO_1991_10::A2,jaleo,Jaleo,JALEO_1991_10,1991,community,legitimating
JALEO_1991_10::A3,jaleo,Jaleo,JALEO_1991_10,1991,pedagogy,legitimating
JALEO_1991_10::A3,jaleo,Jaleo,JALEO_1991_10,1991,criticism,legitimating
JALEO_1991_10::A4,jaleo,Jaleo,JALEO_1991_10,1991,authenticity,mixed
JALEO_1991_10::A4,jaleo,Jaleo,JALEO_1991_10,1991,criticism,mixed
JALEO_1991_10::A5,jaleo,Jaleo,JALEO_1991_10,1991,criticism,mixed
JALEO_1991_10::A8,jaleo,Jaleo,JALEO_1991_10,1991,criticism,legitimating
JALEO_1991_10::A8,jaleo,Jaleo,JALEO_1991_10,1991,tradition,legitimating
JALEO_1991_10::A8,jaleo,Jaleo,JALEO_1991_10,1991,authenticity,legitimating
JALEO_1991_10::A9,jaleo,Jaleo,JALEO_1991_10,1991,tradition,legitimating
JALEO_1991_10::A9,jaleo,Jaleo,JALEO_1991_10,1991,criticism,legitimating
JALEO_1991_10::A10,jaleo,Jaleo,JALEO_1991_10,1991,criticism,legitimating
JALEO_1991_10::A10,jaleo,Jaleo,JALEO_1991_10,1991,authenticity,legitimating
JALEO_1991_10::A10,jaleo,Jaleo,JALEO_1991_10,1991,community,legitimating
JALEO_1992_01::A2,jaleo,Jaleo,JALEO_1992_01,1992,pedagogy,legitimating
JALEO_1992_01::A2,jaleo,Jaleo,JALEO_1992_01,1992,tradition,legitimating
JALEO_1992_01::A3,jaleo,Jaleo,JALEO_1992_01,1992,pedagogy,legitimating
JALEO_1992_01::A3,jaleo,Jaleo,JALEO_1992_01,1992,community,legitimating
JALEO_1992_01::A4,jaleo,Jaleo,JALEO_1992_01,1992,pedagogy,legitimating
JALEO_1992_01::A4,jaleo,Jaleo,JALEO_1992_01,1992,criticism,legitimating
JALEO_1992_01::A5,jaleo,Jaleo,JALEO_1992_01,1992,criticism,legitimating
JALEO_1992_01::A6,jaleo,Jaleo,JALEO_1992_01,1992,pedagogy,legitimating
JALEO_1992_01::A6,jaleo,Jaleo,JALEO_1992_01,1992,criticism,legitimating
JALEO_1992_01::A7,jaleo,Jaleo,JALEO_1992_01,1992,criticism,contested
JALEO_1992_01::A7,jaleo,Jaleo,JALEO_1992_01,1992,community,contested
JALEO_1992_04::A4,jaleo,Jaleo,JALEO_1992_04,1992,tradition,legitimating
JALEO_1992_04::A4,jaleo,Jaleo,JALEO_1992_04,1992,community,legitimating
JALEO_1992_04::A5,jaleo,Jaleo,JALEO_1992_04,1992,criticism,mixed
JALEO_1992_04::A5,jaleo,Jaleo,JALEO_1992_04,1992,tradition,mixed
JALEO_1992_04::A6,jaleo,Jaleo,JALEO_1992_04,1992,community,contested
JALEO_1992_04::A6,jaleo,Jaleo,JALEO_1992_04,1992,tradition,contested
JALEO_1992_04::A7,jaleo,Jaleo,JALEO_1992_04,1992,criticism,mixed
JALEO_1992_04::A8,jaleo,Jaleo,JALEO_1992_04,1992,pedagogy,legitimating
JALEO_1992_04::A8,jaleo,Jaleo,JALEO_1992_04,1992,criticism,legitimating
JALEO_1986_FALL::A1,jaleo,Jaleo,JALEO_1986_FALL,1986,criticism,contested
JALEO_1986_FALL::A1,jaleo,Jaleo,JALEO_1986_FALL,1986,pedagogy,contested
JALEO_1986_FALL::A2,jaleo,Jaleo,JALEO_1986_FALL,1986,authenticity,delegitimating
JALEO_1986_FALL::A2,jaleo,Jaleo,JALEO_1986_FALL,1986,tradition,delegitimating
JALEO_1986_FALL::A2,jaleo,Jaleo,JALEO_1986_FALL,1986,criticism,delegitimating
JALEO_1986_FALL::A3,jaleo,Jaleo,JALEO_1986_FALL,1986,heritage,mixed
JALEO_1986_FALL::A3,jaleo,Jaleo,JALEO_1986_FALL,1986,pedagogy,mixed
JALEO_1986_FALL::A4,jaleo,Jaleo,JALEO_1986_FALL,1986,pedagogy,legitimating
JALEO_1986_FALL::A4,jaleo,Jaleo,JALEO_1986_FALL,1986,tradition,legitimating
JALEO_1986_FALL::A4,jaleo,Jaleo,JALEO_1986_FALL,1986,criticism,legitimating
JALEO_1986_FALL::A5,jaleo,Jaleo,JALEO_1986_FALL,1986,tradition,mixed
JALEO_1986_FALL::A5,jaleo,Jaleo,JALEO_1986_FALL,1986,heritage,mixed
JALEO_1986_FALL::A5,jaleo,Jaleo,JALEO_1986_FALL,1986,criticism,mixed
JALEO_1986_FALL::A6,jaleo,Jaleo,JALEO_1986_FALL,1986,criticism,mixed
JALEO_1986_FALL::A6,jaleo,Jaleo,JALEO_1986_FALL,1986,heritage,mixed
JALEO_1986_FALL::A9,jaleo,Jaleo,JALEO_1986_FALL,1986,pedagogy,contested
JALEO_1986_FALL::A9,jaleo,Jaleo,JALEO_1986_FALL,1986,authenticity,contested
JALEO_1986_FALL::A10,jaleo,Jaleo,JALEO_1986_FALL,1986,pedagogy,legitimating
JALEO_1986_FALL::A11,jaleo,Jaleo,JALEO_1986_FALL,1986,criticism,mixed
JALEO_1986_FALL::A12,jaleo,Jaleo,JALEO_1986_FALL,1986,tradition,legitimating
JALEO_1986_FALL::A12,jaleo,Jaleo,JALEO_1986_FALL,1986,criticism,legitimating
JALEO_1986_FALL::A13,jaleo,Jaleo,JALEO_1986_FALL,1986,pedagogy,legitimating
JALEO_1986_FALL::A14,jaleo,Jaleo,JALEO_1986_FALL,1986,pedagogy,legitimating
JALEO_1986_FALL::A14,jaleo,Jaleo,JALEO_1986_FALL,1986,criticism,legitimating
JALEO_1986_FALL::A15,jaleo,Jaleo,JALEO_1986_FALL,1986,pedagogy,legitimating
JALEO_1986_FALL::A15,jaleo,Jaleo,JALEO_1986_FALL,1986,community,legitimating
JALEO_1986_FALL::A16,jaleo,Jaleo,JALEO_1986_FALL,1986,criticism,legitimating
JALEO_1986_FALL::A16,jaleo,Jaleo,JALEO_1986_FALL,1986,pedagogy,legitimating
JALEO_1986_FALL::A17,jaleo,Jaleo,JALEO_1986_FALL,1986,pedagogy,legitimating
JALEO_1986_FALL::A17,jaleo,Jaleo,JALEO_1986_FALL,1986,community,legitimating
JALEO_1986_FALL::A17,jaleo,Jaleo,JALEO_1986_FALL,1986,criticism,legitimating
JALEO_1986_FALL::A18,jaleo,Jaleo,JALEO_1986_FALL,1986,community,mixed
JALEO_1986_FALL::A18,jaleo,Jaleo,JALEO_1986_FALL,1986,criticism,mixed
JALEO_1986_FALL::A18,jaleo,Jaleo,JALEO_1986_FALL,1986,authenticity,mixed
JALEO_1986_FALL::A18,jaleo,Jaleo,JALEO_1986_FALL,1986,pedagogy,mixed
JALEO_1986_FALL::A19,jaleo,Jaleo,JALEO_1986_FALL,1986,pedagogy,legitimating
JALEO_1986_FALL::A19,jaleo,Jaleo,JALEO_1986_FALL,1986,criticism,legitimating
JALEO_1986_FALL::A20,jaleo,Jaleo,JALEO_1986_FALL,1986,criticism,legitimating
JALEO_1986_FALL::A21,jaleo,Jaleo,JALEO_1986_FALL,1986,authenticity,mixed
JALEO_1986_FALL::A21,jaleo,Jaleo,JALEO_1986_FALL,1986,community,mixed
JALEO_1986_FALL::A22,jaleo,Jaleo,JALEO_1986_FALL,1986,criticism,legitimating
JALEO_1986_FALL::A23,jaleo,Jaleo,JALEO_1986_FALL,1986,community,legitimating
JALEO_1986_FALL::A23,jaleo,Jaleo,JALEO_1986_FALL,1986,criticism,legitimating
JALEO_1985_SPRING::A1,jaleo,Jaleo,JALEO_1985_SPRING,1985,tradition,legitimating
JALEO_1985_SPRING::A1,jaleo,Jaleo,JALEO_1985_SPRING,1985,pedagogy,legitimating
JALEO_1985_SPRING::A1,jaleo,Jaleo,JALEO_1985_SPRING,1985,criticism,legitimating
JALEO_1985_SPRING::A2,jaleo,Jaleo,JALEO_1985_SPRING,1985,pedagogy,mixed
JALEO_1985_SPRING::A2,jaleo,Jaleo,JALEO_1985_SPRING,1985,criticism,mixed
JALEO_1985_SPRING::A2,jaleo,Jaleo,JALEO_1985_SPRING,1985,community,mixed
JALEO_1985_SPRING::A3,jaleo,Jaleo,JALEO_1985_SPRING,1985,heritage,legitimating
JALEO_1985_SPRING::A3,jaleo,Jaleo,JALEO_1985_SPRING,1985,authenticity,legitimating
JALEO_1985_SPRING::A3,jaleo,Jaleo,JALEO_1985_SPRING,1985,tradition,legitimating
JALEO_1985_SPRING::A3,jaleo,Jaleo,JALEO_1985_SPRING,1985,pedagogy,legitimating
JALEO_1985_SPRING::A3,jaleo,Jaleo,JALEO_1985_SPRING,1985,community,legitimating
JALEO_1985_SPRING::A4,jaleo,Jaleo,JALEO_1985_SPRING,1985,criticism,legitimating
JALEO_1985_SPRING::A5,jaleo,Jaleo,JALEO_1985_SPRING,1985,authenticity,mixed
JALEO_1985_SPRING::A5,jaleo,Jaleo,JALEO_1985_SPRING,1985,tradition,mixed
JALEO_1985_SPRING::A5,jaleo,Jaleo,JALEO_1985_SPRING,1985,community,mixed
JALEO_1985_SPRING::A5,jaleo,Jaleo,JALEO_1985_SPRING,1985,criticism,mixed
JALEO_1985_SPRING::A6,jaleo,Jaleo,JALEO_1985_SPRING,1985,criticism,legitimating
JALEO_1985_SPRING::A6,jaleo,Jaleo,JALEO_1985_SPRING,1985,community,legitimating
JALEO_1985_SPRING::A7,jaleo,Jaleo,JALEO_1985_SPRING,1985,criticism,mixed
JALEO_1985_SPRING::A8,jaleo,Jaleo,JALEO_1985_SPRING,1985,pedagogy,legitimating
JALEO_1985_SPRING::A8,jaleo,Jaleo,JALEO_1985_SPRING,1985,tradition,legitimating
JALEO_1985_SPRING::A9,jaleo,Jaleo,JALEO_1985_SPRING,1985,pedagogy,legitimating
JALEO_1985_SPRING::A9,jaleo,Jaleo,JALEO_1985_SPRING,1985,criticism,legitimating
JALEO_1985_SPRING::A10,jaleo,Jaleo,JALEO_1985_SPRING,1985,criticism,delegitimating
JALEO_1985_SPRING::A11,jaleo,Jaleo,JALEO_1985_SPRING,1985,authenticity,mixed
JALEO_1985_SPRING::A11,jaleo,Jaleo,JALEO_1985_SPRING,1985,criticism,mixed
JALEO_1985_SPRING::A12,jaleo,Jaleo,JALEO_1985_SPRING,1985,criticism,mixed
JALEO_1985_SPRING::A13,jaleo,Jaleo,JALEO_1985_SPRING,1985,pedagogy,legitimating
JALEO_1985_SPRING::A14,jaleo,Jaleo,JALEO_1985_SPRING,1985,authenticity,legitimating
JALEO_1985_SPRING::A14,jaleo,Jaleo,JALEO_1985_SPRING,1985,community,legitimating
JALEO_1985_SPRING::A14,jaleo,Jaleo,JALEO_1985_SPRING,1985,criticism,legitimating
JALEO_1986_SPRING::A1,jaleo,Jaleo,JALEO_1986_SPRING,1986,authenticity,mixed
JALEO_1986_SPRING::A1,jaleo,Jaleo,JALEO_1986_SPRING,1986,tradition,mixed
JALEO_1986_SPRING::A1,jaleo,Jaleo,JALEO_1986_SPRING,1986,criticism,mixed
JALEO_1986_SPRING::A2,jaleo,Jaleo,JALEO_1986_SPRING,1986,criticism,mixed
JALEO_1986_SPRING::A2,jaleo,Jaleo,JALEO_1986_SPRING,1986,heritage,mixed
JALEO_1986_SPRING::A2,jaleo,Jaleo,JALEO_1986_SPRING,1986,pedagogy,mixed
JALEO_1986_SPRING::A3,jaleo,Jaleo,JALEO_1986_SPRING,1986,authenticity,contested
JALEO_1986_SPRING::A3,jaleo,Jaleo,JALEO_1986_SPRING,1986,criticism,contested
JALEO_1986_SPRING::A4,jaleo,Jaleo,JALEO_1986_SPRING,1986,pedagogy,legitimating
JALEO_1986_SPRING::A4,jaleo,Jaleo,JALEO_1986_SPRING,1986,criticism,legitimating
JALEO_1986_SPRING::A4,jaleo,Jaleo,JALEO_1986_SPRING,1986,community,legitimating
JALEO_1986_SPRING::A5,jaleo,Jaleo,JALEO_1986_SPRING,1986,criticism,legitimating
JALEO_1986_SPRING::A5,jaleo,Jaleo,JALEO_1986_SPRING,1986,heritage,legitimating
JALEO_1986_SPRING::A6,jaleo,Jaleo,JALEO_1986_SPRING,1986,community,contested
JALEO_1986_SPRING::A6,jaleo,Jaleo,JALEO_1986_SPRING,1986,criticism,contested
JALEO_1986_SPRING::A7,jaleo,Jaleo,JALEO_1986_SPRING,1986,authenticity,legitimating
JALEO_1986_SPRING::A7,jaleo,Jaleo,JALEO_1986_SPRING,1986,tradition,legitimating
JALEO_1986_SPRING::A7,jaleo,Jaleo,JALEO_1986_SPRING,1986,criticism,legitimating
JALEO_1986_SPRING::A8,jaleo,Jaleo,JALEO_1986_SPRING,1986,criticism,legitimating
JALEO_1986_SPRING::A8,jaleo,Jaleo,JALEO_1986_SPRING,1986,tradition,legitimating
JALEO_1986_SPRING::A8,jaleo,Jaleo,JALEO_1986_SPRING,1986,authenticity,legitimating
JALEO_1986_SPRING::A10,jaleo,Jaleo,JALEO_1986_SPRING,1986,pedagogy,legitimating
JALEO_1986_SPRING::A10,jaleo,Jaleo,JALEO_1986_SPRING,1986,criticism,legitimating
JALEO_1986_SPRING::A11,jaleo,Jaleo,JALEO_1986_SPRING,1986,heritage,legitimating
JALEO_1986_SPRING::A12,jaleo,Jaleo,JALEO_1986_SPRING,1986,authenticity,legitimating
JALEO_1986_SPRING::A12,jaleo,Jaleo,JALEO_1986_SPRING,1986,pedagogy,legitimating
JALEO_1986_SPRING::A12,jaleo,Jaleo,JALEO_1986_SPRING,1986,community,legitimating
JALEO_1986_SPRING::A13,jaleo,Jaleo,JALEO_1986_SPRING,1986,pedagogy,legitimating
JALEO_1986_SPRING::A13,jaleo,Jaleo,JALEO_1986_SPRING,1986,tradition,legitimating
JALEO_1986_SPRING::A14,jaleo,Jaleo,JALEO_1986_SPRING,1986,tradition,mixed
JALEO_1986_SPRING::A14,jaleo,Jaleo,JALEO_1986_SPRING,1986,criticism,mixed
JALEO_1986_SPRING::A15,jaleo,Jaleo,JALEO_1986_SPRING,1986,heritage,legitimating
JALEO_1986_SPRING::A15,jaleo,Jaleo,JALEO_1986_SPRING,1986,criticism,legitimating
JALEO_1986_SPRING::A16,jaleo,Jaleo,JALEO_1986_SPRING,1986,criticism,legitimating
JALEO_1986_SPRING::A16,jaleo,Jaleo,JALEO_1986_SPRING,1986,community,legitimating
JALEO_1986_SPRING::A17,jaleo,Jaleo,JALEO_1986_SPRING,1986,authenticity,mixed
JALEO_1986_SPRING::A17,jaleo,Jaleo,JALEO_1986_SPRING,1986,criticism,mixed
JALEO_1986_SPRING::A18,jaleo,Jaleo,JALEO_1986_SPRING,1986,heritage,legitimating
JALEO_1986_SPRING::A18,jaleo,Jaleo,JALEO_1986_SPRING,1986,pedagogy,legitimating
JALEO_1986_SPRING::A19,jaleo,Jaleo,JALEO_1986_SPRING,1986,pedagogy,legitimating
JALEO_1986_SPRING::A19,jaleo,Jaleo,JALEO_1986_SPRING,1986,criticism,legitimating
JALEO_1986_SPRING::A20,jaleo,Jaleo,JALEO_1986_SPRING,1986,criticism,legitimating
JALEO_1986_SPRING::A20,jaleo,Jaleo,JALEO_1986_SPRING,1986,pedagogy,legitimating
JALEO_1986_SPRING::A20,jaleo,Jaleo,JALEO_1986_SPRING,1986,community,legitimating
JALEO_1986_SPRING::A21,jaleo,Jaleo,JALEO_1986_SPRING,1986,community,legitimating
JALEO_1987_SPRING::A1,jaleo,Jaleo,JALEO_1987_SPRING,1987,authenticity,mixed
JALEO_1987_SPRING::A1,jaleo,Jaleo,JALEO_1987_SPRING,1987,criticism,mixed
JALEO_1987_SPRING::A2,jaleo,Jaleo,JALEO_1987_SPRING,1987,criticism,legitimating
JALEO_1987_SPRING::A2,jaleo,Jaleo,JALEO_1987_SPRING,1987,pedagogy,legitimating
JALEO_1987_SPRING::A2,jaleo,Jaleo,JALEO_1987_SPRING,1987,community,legitimating
JALEO_1987_SPRING::A3,jaleo,Jaleo,JALEO_1987_SPRING,1987,authenticity,legitimating
JALEO_1987_SPRING::A3,jaleo,Jaleo,JALEO_1987_SPRING,1987,criticism,legitimating
JALEO_1987_SPRING::A3,jaleo,Jaleo,JALEO_1987_SPRING,1987,pedagogy,legitimating
JALEO_1987_SPRING::A3,jaleo,Jaleo,JALEO_1987_SPRING,1987,community,legitimating
JALEO_1987_SPRING::A4,jaleo,Jaleo,JALEO_1987_SPRING,1987,community,legitimating
JALEO_1987_SPRING::A4,jaleo,Jaleo,JALEO_1987_SPRING,1987,criticism,legitimating
JALEO_1987_SPRING::A5,jaleo,Jaleo,JALEO_1987_SPRING,1987,criticism,legitimating
JALEO_1987_SPRING::A5,jaleo,Jaleo,JALEO_1987_SPRING,1987,community,legitimating
JALEO_1987_SPRING::A5,jaleo,Jaleo,JALEO_1987_SPRING,1987,tradition,legitimating
JALEO_1987_SPRING::A6,jaleo,Jaleo,JALEO_1987_SPRING,1987,criticism,mixed
JALEO_1987_SPRING::A6,jaleo,Jaleo,JALEO_1987_SPRING,1987,pedagogy,mixed
JALEO_1987_SPRING::A6,jaleo,Jaleo,JALEO_1987_SPRING,1987,community,mixed
JALEO_1987_SPRING::A7,jaleo,Jaleo,JALEO_1987_SPRING,1987,criticism,legitimating
JALEO_1987_SPRING::A7,jaleo,Jaleo,JALEO_1987_SPRING,1987,heritage,legitimating
JALEO_1987_SPRING::A8,jaleo,Jaleo,JALEO_1987_SPRING,1987,authenticity,legitimating
JALEO_1987_SPRING::A9,jaleo,Jaleo,JALEO_1987_SPRING,1987,criticism,mixed
JALEO_1987_SPRING::A9,jaleo,Jaleo,JALEO_1987_SPRING,1987,community,mixed
JALEO_1987_SPRING::A11,jaleo,Jaleo,JALEO_1987_SPRING,1987,authenticity,contested
JALEO_1987_SPRING::A11,jaleo,Jaleo,JALEO_1987_SPRING,1987,community,contested
JALEO_1987_SPRING::A12,jaleo,Jaleo,JALEO_1987_SPRING,1987,criticism,legitimating
JALEO_1987_SPRING::A13,jaleo,Jaleo,JALEO_1987_SPRING,1987,criticism,legitimating
JALEO_1987_SPRING::A15,jaleo,Jaleo,JALEO_1987_SPRING,1987,criticism,legitimating
JALEO_1987_SPRING::A16,jaleo,Jaleo,JALEO_1987_SPRING,1987,pedagogy,legitimating
JALEO_1987_SPRING::A16,jaleo,Jaleo,JALEO_1987_SPRING,1987,community,legitimating
JALEO_1987_SPRING::A16,jaleo,Jaleo,JALEO_1987_SPRING,1987,criticism,legitimating
JALEO_1987_SPRING::A17,jaleo,Jaleo,JALEO_1987_SPRING,1987,community,legitimating
JALEO_1987_SPRING::A17,jaleo,Jaleo,JALEO_1987_SPRING,1987,pedagogy,legitimating
JALEO_1987_SPRING::A17,jaleo,Jaleo,JALEO_1987_SPRING,1987,criticism,legitimating
JALEO_1986_SUMMER::A1,jaleo,Jaleo,JALEO_1986_SUMMER,1986,authenticity,mixed
JALEO_1986_SUMMER::A1,jaleo,Jaleo,JALEO_1986_SUMMER,1986,pedagogy,mixed
JALEO_1986_SUMMER::A1,jaleo,Jaleo,JALEO_1986_SUMMER,1986,criticism,mixed
JALEO_1986_SUMMER::A2,jaleo,Jaleo,JALEO_1986_SUMMER,1986,pedagogy,legitimating
JALEO_1986_SUMMER::A2,jaleo,Jaleo,JALEO_1986_SUMMER,1986,community,legitimating
JALEO_1986_SUMMER::A3,jaleo,Jaleo,JALEO_1986_SUMMER,1986,community,contested
JALEO_1986_SUMMER::A3,jaleo,Jaleo,JALEO_1986_SUMMER,1986,criticism,contested
JALEO_1986_SUMMER::A4,jaleo,Jaleo,JALEO_1986_SUMMER,1986,community,legitimating
JALEO_1986_SUMMER::A4,jaleo,Jaleo,JALEO_1986_SUMMER,1986,criticism,legitimating
JALEO_1986_SUMMER::A5,jaleo,Jaleo,JALEO_1986_SUMMER,1986,pedagogy,legitimating
JALEO_1986_SUMMER::A5,jaleo,Jaleo,JALEO_1986_SUMMER,1986,criticism,legitimating
JALEO_1986_SUMMER::A6,jaleo,Jaleo,JALEO_1986_SUMMER,1986,community,legitimating
JALEO_1986_SUMMER::A6,jaleo,Jaleo,JALEO_1986_SUMMER,1986,criticism,legitimating
JALEO_1986_SUMMER::A7,jaleo,Jaleo,JALEO_1986_SUMMER,1986,pedagogy,legitimating
JALEO_1986_SUMMER::A7,jaleo,Jaleo,JALEO_1986_SUMMER,1986,criticism,legitimating
JALEO_1986_SUMMER::A8,jaleo,Jaleo,JALEO_1986_SUMMER,1986,tradition,legitimating
JALEO_1986_SUMMER::A8,jaleo,Jaleo,JALEO_1986_SUMMER,1986,community,legitimating
JALEO_1986_SUMMER::A8,jaleo,Jaleo,JALEO_1986_SUMMER,1986,criticism,legitimating
JALEO_1986_SUMMER::A9,jaleo,Jaleo,JALEO_1986_SUMMER,1986,criticism,legitimating
JALEO_1986_SUMMER::A10,jaleo,Jaleo,JALEO_1986_SUMMER,1986,authenticity,legitimating
JALEO_1986_SUMMER::A10,jaleo,Jaleo,JALEO_1986_SUMMER,1986,heritage,legitimating
JALEO_1986_SUMMER::A10,jaleo,Jaleo,JALEO_1986_SUMMER,1986,criticism,legitimating
JALEO_1986_SUMMER::A11,jaleo,Jaleo,JALEO_1986_SUMMER,1986,criticism,legitimating
JALEO_1986_SUMMER::A12,jaleo,Jaleo,JALEO_1986_SUMMER,1986,criticism,mixed
JALEO_1986_SUMMER::A13,jaleo,Jaleo,JALEO_1986_SUMMER,1986,criticism,delegitimating
JALEO_1986_SUMMER::A14,jaleo,Jaleo,JALEO_1986_SUMMER,1986,criticism,legitimating
JALEO_1986_SUMMER::A15,jaleo,Jaleo,JALEO_1986_SUMMER,1986,criticism,legitimating
JALEO_1986_SUMMER::A15,jaleo,Jaleo,JALEO_1986_SUMMER,1986,community,legitimating
JALEO_1986_SUMMER::A15,jaleo,Jaleo,JALEO_1986_SUMMER,1986,authenticity,legitimating
JALEO_1986_SUMMER::A16,jaleo,Jaleo,JALEO_1986_SUMMER,1986,criticism,mixed
JALEO_1986_SUMMER::A16,jaleo,Jaleo,JALEO_1986_SUMMER,1986,heritage,mixed
JALEO_1986_SUMMER::A17,jaleo,Jaleo,JALEO_1986_SUMMER,1986,authenticity,contested
JALEO_1986_SUMMER::A17,jaleo,Jaleo,JALEO_1986_SUMMER,1986,tradition,contested
JALEO_1986_SUMMER::A17,jaleo,Jaleo,JALEO_1986_SUMMER,1986,criticism,contested
JALEO_1986_SUMMER::A18,jaleo,Jaleo,JALEO_1986_SUMMER,1986,criticism,contested
JALEO_1986_SUMMER::A18,jaleo,Jaleo,JALEO_1986_SUMMER,1986,community,contested
JALEO_1986_SUMMER::A19,jaleo,Jaleo,JALEO_1986_SUMMER,1986,heritage,legitimating
JALEO_1986_SUMMER::A19,jaleo,Jaleo,JALEO_1986_SUMMER,1986,tradition,legitimating
JALEO_1986_SUMMER::A19,jaleo,Jaleo,JALEO_1986_SUMMER,1986,criticism,legitimating
JALEO_1986_SUMMER::A20,jaleo,Jaleo,JALEO_1986_SUMMER,1986,criticism,legitimating
JALEO_1986_SUMMER::A21,jaleo,Jaleo,JALEO_1986_SUMMER,1986,authenticity,legitimating
JALEO_1986_SUMMER::A21,jaleo,Jaleo,JALEO_1986_SUMMER,1986,community,legitimating
JALEO_1986_SUMMER::A21,jaleo,Jaleo,JALEO_1986_SUMMER,1986,pedagogy,legitimating
JALEO_1986_SUMMER::A21,jaleo,Jaleo,JALEO_1986_SUMMER,1986,criticism,legitimating
JALEO_1986_SUMMER::A22,jaleo,Jaleo,JALEO_1986_SUMMER,1986,criticism,legitimating
JALEO_1986_SUMMER::A24,jaleo,Jaleo,JALEO_1986_SUMMER,1986,criticism,legitimating
JALEO_1986_SUMMER::A25,jaleo,Jaleo,JALEO_1986_SUMMER,1986,tradition,legitimating
JALEO_1986_SUMMER::A25,jaleo,Jaleo,JALEO_1986_SUMMER,1986,criticism,legitimating
JALEO_1986_SUMMER::A26,jaleo,Jaleo,JALEO_1986_SUMMER,1986,criticism,legitimating
JALEO_1986_SUMMER::A27,jaleo,Jaleo,JALEO_1986_SUMMER,1986,pedagogy,legitimating
JALEO_1986_SUMMER::A27,jaleo,Jaleo,JALEO_1986_SUMMER,1986,criticism,legitimating
JALEO_1986_SUMMER::A28,jaleo,Jaleo,JALEO_1986_SUMMER,1986,community,legitimating
JALEO_1986_SUMMER::A28,jaleo,Jaleo,JALEO_1986_SUMMER,1986,pedagogy,legitimating
JALEO_1986_SUMMER::A29,jaleo,Jaleo,JALEO_1986_SUMMER,1986,criticism,legitimating
JALEO_1986_SUMMER::A29,jaleo,Jaleo,JALEO_1986_SUMMER,1986,tradition,legitimating
JALEO_1986_SUMMER::A30,jaleo,Jaleo,JALEO_1986_SUMMER,1986,community,legitimating
JALEO_1986_SUMMER::A31,jaleo,Jaleo,JALEO_1986_SUMMER,1986,criticism,legitimating
JALEO_1986_SUMMER::A31,jaleo,Jaleo,JALEO_1986_SUMMER,1986,tradition,legitimating
JALEO_1987_SUMMER::A1,jaleo,Jaleo,JALEO_1987_SUMMER,1987,criticism,mixed
JALEO_1987_SUMMER::A2,jaleo,Jaleo,JALEO_1987_SUMMER,1987,pedagogy,legitimating
JALEO_1987_SUMMER::A2,jaleo,Jaleo,JALEO_1987_SUMMER,1987,community,legitimating
JALEO_1987_SUMMER::A3,jaleo,Jaleo,JALEO_1987_SUMMER,1987,community,legitimating
JALEO_1987_SUMMER::A3,jaleo,Jaleo,JALEO_1987_SUMMER,1987,pedagogy,legitimating
JALEO_1987_SUMMER::A4,jaleo,Jaleo,JALEO_1987_SUMMER,1987,pedagogy,legitimating
JALEO_1987_SUMMER::A4,jaleo,Jaleo,JALEO_1987_SUMMER,1987,criticism,legitimating
JALEO_1987_SUMMER::A6,jaleo,Jaleo,JALEO_1987_SUMMER,1987,authenticity,mixed
JALEO_1987_SUMMER::A6,jaleo,Jaleo,JALEO_1987_SUMMER,1987,pedagogy,mixed
JALEO_1987_SUMMER::A6,jaleo,Jaleo,JALEO_1987_SUMMER,1987,criticism,mixed
JALEO_1987_SUMMER::A7,jaleo,Jaleo,JALEO_1987_SUMMER,1987,heritage,legitimating
JALEO_1987_SUMMER::A7,jaleo,Jaleo,JALEO_1987_SUMMER,1987,pedagogy,legitimating
JALEO_1987_SUMMER::A7,jaleo,Jaleo,JALEO_1987_SUMMER,1987,criticism,legitimating
JALEO_1987_SUMMER::A8,jaleo,Jaleo,JALEO_1987_SUMMER,1987,authenticity,legitimating
JALEO_1987_SUMMER::A8,jaleo,Jaleo,JALEO_1987_SUMMER,1987,criticism,legitimating
JALEO_1987_SUMMER::A8,jaleo,Jaleo,JALEO_1987_SUMMER,1987,pedagogy,legitimating
JALEO_1987_SUMMER::A9,jaleo,Jaleo,JALEO_1987_SUMMER,1987,criticism,legitimating
JALEO_1987_SUMMER::A9,jaleo,Jaleo,JALEO_1987_SUMMER,1987,pedagogy,legitimating
JALEO_1987_SUMMER::A10,jaleo,Jaleo,JALEO_1987_SUMMER,1987,criticism,legitimating
JALEO_1987_SUMMER::A12,jaleo,Jaleo,JALEO_1987_SUMMER,1987,pedagogy,legitimating
JALEO_1987_SUMMER::A13,jaleo,Jaleo,JALEO_1987_SUMMER,1987,pedagogy,legitimating
JALEO_1987_SUMMER::A13,jaleo,Jaleo,JALEO_1987_SUMMER,1987,criticism,legitimating
JALEO_1987_SUMMER::A14,jaleo,Jaleo,JALEO_1987_SUMMER,1987,criticism,legitimating
JALEO_1987_SUMMER::A15,jaleo,Jaleo,JALEO_1987_SUMMER,1987,authenticity,legitimating
JALEO_1987_SUMMER::A15,jaleo,Jaleo,JALEO_1987_SUMMER,1987,pedagogy,legitimating
JALEO_1987_SUMMER::A15,jaleo,Jaleo,JALEO_1987_SUMMER,1987,criticism,legitimating
JALEO_1987_SUMMER::A16,jaleo,Jaleo,JALEO_1987_SUMMER,1987,pedagogy,legitimating
JALEO_1987_SUMMER::A16,jaleo,Jaleo,JALEO_1987_SUMMER,1987,criticism,legitimating
JALEO_1987_SUMMER::A18,jaleo,Jaleo,JALEO_1987_SUMMER,1987,criticism,legitimating
JALEO_1987_SUMMER::A18,jaleo,Jaleo,JALEO_1987_SUMMER,1987,community,legitimating
JALEO_1987_SUMMER::A19,jaleo,Jaleo,JALEO_1987_SUMMER,1987,pedagogy,mixed
JALEO_1987_SUMMER::A19,jaleo,Jaleo,JALEO_1987_SUMMER,1987,criticism,mixed
JALEO_1986_WINTER::A1,jaleo,Jaleo,JALEO_1986_WINTER,1986,authenticity,legitimating
JALEO_1986_WINTER::A1,jaleo,Jaleo,JALEO_1986_WINTER,1986,community,legitimating
JALEO_1986_WINTER::A2,jaleo,Jaleo,JALEO_1986_WINTER,1986,criticism,legitimating
JALEO_1986_WINTER::A2,jaleo,Jaleo,JALEO_1986_WINTER,1986,pedagogy,legitimating
JALEO_1986_WINTER::A3,jaleo,Jaleo,JALEO_1986_WINTER,1986,authenticity,legitimating
JALEO_1986_WINTER::A3,jaleo,Jaleo,JALEO_1986_WINTER,1986,community,legitimating
JALEO_1986_WINTER::A3,jaleo,Jaleo,JALEO_1986_WINTER,1986,criticism,legitimating
JALEO_1986_WINTER::A4,jaleo,Jaleo,JALEO_1986_WINTER,1986,pedagogy,legitimating
JALEO_1986_WINTER::A4,jaleo,Jaleo,JALEO_1986_WINTER,1986,authenticity,legitimating
JALEO_1986_WINTER::A4,jaleo,Jaleo,JALEO_1986_WINTER,1986,community,legitimating
JALEO_1986_WINTER::A4,jaleo,Jaleo,JALEO_1986_WINTER,1986,criticism,legitimating
JALEO_1986_WINTER::A5,jaleo,Jaleo,JALEO_1986_WINTER,1986,tradition,legitimating
JALEO_1986_WINTER::A6,jaleo,Jaleo,JALEO_1986_WINTER,1986,authenticity,mixed
JALEO_1986_WINTER::A6,jaleo,Jaleo,JALEO_1986_WINTER,1986,criticism,mixed
JALEO_1986_WINTER::A6,jaleo,Jaleo,JALEO_1986_WINTER,1986,community,mixed
JALEO_1986_WINTER::A7,jaleo,Jaleo,JALEO_1986_WINTER,1986,criticism,legitimating
JALEO_1986_WINTER::A8,jaleo,Jaleo,JALEO_1986_WINTER,1986,criticism,legitimating
JALEO_1986_WINTER::A9,jaleo,Jaleo,JALEO_1986_WINTER,1986,community,legitimating
JALEO_1986_WINTER::A9,jaleo,Jaleo,JALEO_1986_WINTER,1986,tradition,legitimating
JALEO_1986_WINTER::A9,jaleo,Jaleo,JALEO_1986_WINTER,1986,criticism,legitimating
JALEO_1986_WINTER::A10,jaleo,Jaleo,JALEO_1986_WINTER,1986,criticism,legitimating
JALEO_1986_WINTER::A10,jaleo,Jaleo,JALEO_1986_WINTER,1986,authenticity,legitimating
JALEO_1986_WINTER::A11,jaleo,Jaleo,JALEO_1986_WINTER,1986,criticism,legitimating
JALEO_1986_WINTER::A11,jaleo,Jaleo,JALEO_1986_WINTER,1986,pedagogy,legitimating
JALEO_1986_WINTER::A13,jaleo,Jaleo,JALEO_1986_WINTER,1986,criticism,mixed
JALEO_1986_WINTER::A13,jaleo,Jaleo,JALEO_1986_WINTER,1986,community,mixed
JALEO_1986_WINTER::A13,jaleo,Jaleo,JALEO_1986_WINTER,1986,pedagogy,mixed
