article_id,periodical,periodical_label,issue_id,year,code,family,reason,reason_words
1979-09-3-right-editorial,candil,Candil,1979-09,1979,CRIT_01,CRIT,"The article strongly criticizes fandango, cuplé, and vulgar representations, but the main discourse function is better captured by authenticity boundary-work.",21
1979-09-3-right-editorial,candil,Candil,1979-09,1979,AUTH_03,AUTH,"The final call to retake the old situation suggests continuity, but the evidence is less distinct than the anti-commercial and identity claims.",23
1979-09-4-right-de-los-caf-s-cantantes-al-festiv,candil,Candil,1979-09,1979,CRIT_04,CRIT,"The text invokes Machado Alvarez and disagrees with Ricardo Molina, but the excerpt's strongest function is authenticity and setting critique rather than expert authority itself.",26
1979-09-4-right-de-los-caf-s-cantantes-al-festiv,candil,Candil,1979-09,1979,CRIT_02,CRIT,"Terms such as duende, frescura, and profundidad appear as aesthetic criteria, but they support the main authenticity argument rather than a separate evaluative code.",24
1979-09-5-right-para-una-sociolog-a-de-las-taran,candil,Candil,1979-09,1979,AUTH_04,AUTH,"The excerpt mentions product of consumption and loss of interiority, but the author explicitly brackets greatness or agony and does not develop a clear authenticity claim in the visible text.",30
1979-09-5-right-para-una-sociolog-a-de-las-taran,candil,Candil,1979-09,1979,CRIT_03,CRIT,"The phrase 'Epoca de oro del cante' appears as an attributed view by others, but the author does not clearly endorse a canon or hierarchy in the visible excerpt.",29
1979-09-7-right-la-taranta,candil,Candil,1979-09,1979,CRIT_02,CRIT,"The poem uses charged aesthetic imagery around taranta and mining, but it does not clearly define evaluative criteria or authorize a flamenco discourse function.",24
1979-09-7-right-la-taranta,candil,Candil,1979-09,1979,COMM_04,COMM,"The mine and human condition are evoked, but no clear identity group is made authoritative in the visible text.",19
1979-09-8-right-alusiones-gitanas-en-la-literatu,candil,Candil,1979-09,1979,COMM_04,COMM,"The visible text contains strong ethnic and gendered framing of gitanos, but it is presented as literary/historical citation about gitanos rather than a clear flamenco discourse claim.",28
1979-09-8-right-alusiones-gitanas-en-la-literatu,candil,Candil,1979-09,1979,PED_02,PED,"The phrase 'generación tras generación, transmitidas por vía oral' describes transmission of fortune-telling recipes, not flamenco knowledge.",18
1979-11-6-right-la-inmensa-memoria-flamenca-de-f,candil,Candil,1979-11,1979,AUTH_04,AUTH,"The trigger 'cercano' appears only as personal affinity to Caballero Bonald, not as intimate authenticity discourse.",16
1979-11-11-right-elegia-para-el-descomp-s-y-otros,candil,Candil,1979-11,1979,CRIT_02,CRIT,"The poem invokes 'sonidos negros', but does not clearly define an aesthetic criterion beyond evocative imagery.",16
1979-11-12-right-unas-viejas-habaneras-sevillanas,candil,Candil,1979-11,1979,COMM_04,COMM,"The article uses Andalusian identity language, but the stronger functions are preservation and authenticity boundary-work.",16
1979-11-13-right-canalejas-de-puerto-real,candil,Candil,1979-11,1979,AUTH_03,AUTH,"references to past, local rootedness, and history are present, but the passage mainly memorializes rather than clearly using tradition to authorize present practice.",23
1979-11-13-right-canalejas-de-puerto-real,candil,Candil,1979-11,1979,CRIT_02,CRIT,"duende and hondo appear, but the aesthetic criteria are not developed enough beyond praise to warrant a separate code.",19
1979-11-14-right-quienes-fueron-los-maestros-fran,candil,Candil,1979-11,1979,COMM_04,COMM,"gitano identity is mentioned, but it is mostly biographical and does not clearly organize authority beyond the already coded lineage/canon discourse.",22
1979-11-15-right-discograf-a-flamenca,candil,Candil,1979-11,1979,CRIT_02,CRIT,"aesthetic terms such as expresividad, comunicación, and rigidez appear, but they are folded into the broader critical evaluation rather than used as a separate explicit criteria discourse.",27
1979-11-15-right-discograf-a-flamenca,candil,Candil,1979-11,1979,AUTH_02,AUTH,"the reviewer says not to call them purists and warns against deviation, but the passage does not clearly exclude an impure or fake target.",24
1980-01-3-right-editorial,candil,Candil,1980-01,1980,COMM_04,COMM,"pueblo and comunidades are invoked, but the visible text mainly frames memory and continuity rather than a clear belonging or authority boundary.",22
1980-01-4-right-a-nadie-se-le-puede-sustraer-lo-,candil,Candil,1980-01,1980,COMM_02,COMM,"peñas and aficionados are mentioned, but the clearest function is pedagogical dissemination rather than community authority.",16
1980-01-4-right-a-nadie-se-le-puede-sustraer-lo-,candil,Candil,1980-01,1980,AUTH_03,AUTH,"classical/canonical repertoire appears, but the visible passage is more about expert classification and teaching than tradition as present-value authority.",21
1980-01-6-right-martos-en-la-geografia-de-los-ca,candil,Candil,1980-01,1980,CRIT_03,CRIT,"The trigger 'leyendas' appears, but the passage uses it as oral-memory material rather than constructing a canon, ranking, or hierarchy.",21
1980-01-6-right-martos-en-la-geografia-de-los-ca,candil,Candil,1980-01,1980,AUTH_03,AUTH,"The article invokes past continuity, but the clearest function is oral transmission and memory recovery rather than tradition authorizing present practice.",21
1980-01-8-right-quejio,candil,Candil,1980-01,1980,CRIT_02,CRIT,"The poem evokes pain, lament, and quejío, but does not clearly apply these as explicit criteria for judging flamenco quality.",20
1980-01-8-right-quejio,candil,Candil,1980-01,1980,AUTH_01,AUTH,"The text poetically associates cante with pain and desolation, but does not make a clear authenticity or proper-flamenco claim.",20
1980-01-9-right-a-antonio-cuevas-el-piki-devorad,candil,Candil,1980-01,1980,CRIT_01,CRIT,"The prose strongly responds to a performance, but the visible excerpt is more interpretive and poetic than a direct evaluative review.",21
1980-01-9-right-a-antonio-cuevas-el-piki-devorad,candil,Candil,1980-01,1980,HERIT_03,HERIT,"Memory and persecution appear, but the passage does not clearly frame the cante as public heritage safeguarding or collective memory-work.",21
1980-01-12-right-la-saeta-de-ja-n,candil,Candil,1980-01,1980,AUTH_02,AUTH,"The text contrasts humble Jaén saetas with later modernized or more ornate forms, but it does not clearly exclude the latter as fake or impure.",25
1980-01-12-right-la-saeta-de-ja-n,candil,Candil,1980-01,1980,COMM_04,COMM,"Aceituneros and local Jaén identity are important, but the clearest functions are aesthetic evaluation, memory preservation, and intimate-authentic setting.",20
1980-01-13-left-alfredo-arrebola-embajador-flame,candil,Candil,1980-01,1980,PED_01,PED,"Arrebola's Aula de Flamencología and conference-singer role suggest pedagogical authority, but PED_03 more precisely captures the institutional university-access function.",22
1980-01-13-left-alfredo-arrebola-embajador-flame,candil,Candil,1980-01,1980,AUTH_01,AUTH,"The phrase 'genuinamente andaluz' has authenticity force, but it appears inside a stronger explicit heritage framing.",16
1980-01-13-left-alfredo-arrebola-embajador-flame,candil,Candil,1980-01,1980,CRIT_03,CRIT,"Awards and distinctions are mentioned, but the main visible function is evaluation and expert authority rather than canon ranking.",19
1980-01-13-right-quienes-fueron-los-maestros,candil,Candil,1980-01,1980,CRIT_04,CRIT,"Ríos Ruiz and Antonio Murciano are cited as sources, but the visible passage does not clearly position their expertise as evaluative authority.",22
1980-01-13-right-quienes-fueron-los-maestros,candil,Candil,1980-01,1980,PED_02,PED,"The reference to disciples suggests transmission, but the visible text emphasizes preservation through recordings rather than embodied or oral lineage learning.",21
1980-01-14-right-flamenca,candil,Candil,1980-01,1980,CRIT_01,CRIT,"The passage contains clear evaluation, but the stronger discourse function is boundary critique of commerciality.",15
1980-01-14-right-flamenca,candil,Candil,1980-01,1980,CRIT_02,CRIT,"Terms like jondo, pureza, superficialidad, and profesionalidad function as criteria, but they are already captured in the anti-commercial and boundary codes.",22
1980-01-15-right-juan-a-ib-nez-miembro-de-la-c-te,candil,Candil,1980-01,1980,PED_01,PED,"The conference setting involves explanation, but the visible text does not clearly frame Ibáñez as pedagogically authorized to teach flamenco knowledge.",21
1980-01-16-left-fernando-montoro-en-el-club-cult,candil,Candil,1980-01,1980,AUTH_03,AUTH,"The text mentions origins and an epoch of gold, but these are not clearly used to authorize present flamenco through tradition or roots.",23
1980-01-16-left-fernando-montoro-en-el-club-cult,candil,Candil,1980-01,1980,CRIT_02,CRIT,"Rhythm is used for classification, but not clearly as an aesthetic criterion for judging quality.",15
1980-03-4-right-donde-dios-era-undeb,candil,Candil,1980-03,1980,COMM_01,COMM,"The phrase 'dentro de nuestro arte' is present, but it does not clearly draw an insider/outsider boundary around flamenco knowledge.",21
1980-03-4-right-donde-dios-era-undeb,candil,Candil,1980-03,1980,HERIT_01,HERIT,"The text discusses culture and acervo cultural, but it does not clearly frame flamenco as public heritage or patrimony.",19
1980-03-7-right-una-teoria-regeneracionista-y-ar,candil,Candil,1980-03,1980,PED_03,PED,"The reference to a point of departure for future researchers signals scholarly usefulness, but it does not clearly frame flamenco learning or access.",23
1980-03-7-right-una-teoria-regeneracionista-y-ar,candil,Candil,1980-03,1980,AUTH_03,AUTH,"The review discusses origins and historical bases, but the visible excerpt mainly evaluates a book rather than using tradition or roots to authorize present flamenco practice.",26
1980-03-10-right-a-camar-n-de-la-isla,candil,Candil,1980-03,1980,CRIT_01,CRIT,"The poem is clearly reverential toward Camarón, but the imagery does not produce a sufficiently explicit critical evaluation of flamenco artistry under the codebook.",24
1980-03-10-right-a-camar-n-de-la-isla,candil,Candil,1980-03,1980,CRIT_02,CRIT,"Words such as dolor and desgarro may evoke flamenco aesthetics, but they are not applied as clear evaluative criteria.",19
1980-03-11-right-di-logos-con-manuel-oliv,candil,Candil,1980-03,1980,PED_02,PED,"Compás appears, but the excerpt does not clearly describe learning, lineage, or transmission.",13
1980-03-11-right-di-logos-con-manuel-oliv,candil,Candil,1980-03,1980,AUTH_04,AUTH,"The warning that outsiders will spoil Triana is authenticity-adjacent, but the stronger visible function is insider/outsider boundary-making.",20
1980-03-12-right-la-verdad-sobre-rita-la-cantaora,candil,Candil,1980-03,1980,COMM_04,COMM,"The text corrects claims about Rita being gitana or paya, but identity is treated mainly as factual biography rather than as a broader authority or belonging frame.",27
1980-03-12-right-la-verdad-sobre-rita-la-cantaora,candil,Candil,1980-03,1980,AUTH_01,AUTH,"The article asserts biographical truth, but it does not make an authenticity claim about proper flamenco.",16
1980-03-13-right-pueblo-y-pol-tica-en-el-cante-jo,candil,Candil,1980-03,1980,CRIT_01,CRIT,"The article contains broad positive evaluation of the book, but CRIT_03 captures the stronger canonizing function.",16
1980-03-13-right-pueblo-y-pol-tica-en-el-cante-jo,candil,Candil,1980-03,1980,AUTH_03,AUTH,"The passage invokes origins, historical trajectory, and ancestral voice, but these serve the broader identity/authenticity claim more than a distinct tradition-continuity claim.",24
1980-03-13-right-pueblo-y-pol-tica-en-el-cante-jo,candil,Candil,1980-03,1980,HERIT_03,HERIT,"The text calls cante a dynamic and living cultural expression, but it does not clearly frame safeguarding, heritage responsibility, or public heritage management.",23
1980-03-14-left-una-revista-flamenca-sevilla-fla,candil,Candil,1980-03,1980,AUTH_01,AUTH,"The phrase ""auténtico son flamenco"" is authenticity language, but it appears briefly in a bibliographic section and does not carry enough independent discourse function.",24
1980-03-14-left-una-revista-flamenca-sevilla-fla,candil,Candil,1980-03,1980,CRIT_04,CRIT,"The article is a review, but the stronger coding is general critical evaluation rather than explicit critic/expert authority or boundary policing.",22
1980-03-15-left-pepe-de-la-matrona-ya-en-la-memo,candil,Candil,1980-03,1980,HERIT_03,HERIT,"The obituary is commemorative, but it does not clearly frame memory as public heritage, safeguarding, or community heritage work.",19
1980-03-15-left-pepe-de-la-matrona-ya-en-la-memo,candil,Candil,1980-03,1980,AUTH_03,AUTH,"Continuity is implied by 'ayer, de hoy y de siempre', but the stronger function is canonization.",16
1980-03-15-right-quienes-fueron-los-maestros,candil,Candil,1980-03,1980,PED_02,PED,"The text mentions later voices and oral tradition, but the visible excerpt does not clearly describe a learning or embodied transmission process.",22
1980-03-15-right-quienes-fueron-los-maestros,candil,Candil,1980-03,1980,COMM_04,COMM,"Ethnic identity terms appear, but they are mainly descriptive and do not clearly organize authority or belonging in the visible passage.",21
1980-03-16-left-enrique-el-mellizo,candil,Candil,1980-03,1980,AUTH_03,AUTH,"The article emphasizes what remains perdurable, but continuity is already captured through canon and lineage transmission.",16
1980-03-16-left-enrique-el-mellizo,candil,Candil,1980-03,1980,CRIT_01,CRIT,"There is explicit evaluation throughout, but the more specific hierarchy and aesthetic-criteria codes capture the main discourse functions.",19
1980-05-4-right-los-festivales-flamencos,candil,Candil,1980-05,1980,CRIT_01,CRIT,"The text is strongly evaluative, but CRIT_04 captures the more specific boundary-policing critique.",14
1980-05-4-right-los-festivales-flamencos,candil,Candil,1980-05,1980,HERIT_03,HERIT,"The call for collective responsibility and action is strong, but it is framed as artistic and authenticity protection rather than explicit heritage safeguarding.",23
1980-05-6-right-viejas-p-ginas-flamencas,candil,Candil,1980-05,1980,PED_02,PED,"The visible text mentions listening and inherited cultural mixtures, but it does not clearly frame flamenco knowledge as learned through oral or embodied transmission.",24
1980-05-9-left-tres-instantes-flamencos,candil,Candil,1980-05,1980,COMM_04,COMM,"Gitano identity is central in the poem, but the visible language is too poetic to code a clear identity-based authority claim beyond the emitted belonging boundary.",27
1980-05-10-right-joselero,candil,Candil,1980-05,1980,PED_02,PED,"Family artists and lack of academy are mentioned, but the visible passage does not clearly describe oral, embodied, or intergenerational transmission as the source of authority.",26
1980-05-12-right-aunque-no-quepa-en-el-papel-a-pr,candil,Candil,1980-05,1980,COMM_04,COMM,"The quoted passage includes women and gitanos, but the visible discussion is mainly historiographic critique rather than identity-group authority or representation.",22
1980-05-12-right-aunque-no-quepa-en-el-papel-a-pr,candil,Candil,1980-05,1980,PED_02,PED,"The quoted scene includes compás and dance, but it is descriptive evidence rather than a claim about learning or transmission.",20
1980-05-15-left-flamenca,candil,Candil,1980-05,1980,AUTH_04,AUTH,"The record-review context involves popularity and public taste, but the text does not clearly frame commercial mediation as an authenticity threat.",22
1980-05-15-right-quienes-fueron-los-maestros,candil,Candil,1980-05,1980,AUTH_03,AUTH,"The article emphasizes survival into the present, but the clearer function is lineage transmission rather than a separate tradition-continuity claim.",21
1980-07-3-right-editorial,candil,Candil,1980-07,1980,CRIT_04,CRIT,"The text alludes to threats to the cante, but it does not specify a critic or concrete boundary-policing target.",20
1980-07-4-right-el-sentido-intrascendental-de-la,candil,Candil,1980-07,1980,PED_03,PED,"The text discusses interpretation, but not access to flamenco learning or institutional/transnational pedagogy.",14
1980-07-6-right-ante-la-situaci-n-de-los-flamenc,candil,Candil,1980-07,1980,PED_02,PED,"The excerpt names artists and their social conditions but does not clearly discuss oral, familial, or embodied transmission.",18
1980-07-8-right-a-prop-sito-del-viii-congreso-de,candil,Candil,1980-07,1980,AUTH_03,AUTH,"The article uses preservation language, but the visible claim centers on contested purity and aficionado contemplation rather than tradition, roots, or continuity with a valued past.",26
1980-07-9-left-las-letras-flamencas-de,candil,Candil,1980-07,1980,AUTH_03,AUTH,"The word 'raíz' appears, but it characterizes the poet's popular commitment rather than grounding flamenco value in tradition or continuity.",21
1980-07-9-left-las-letras-flamencas-de,candil,Candil,1980-07,1980,COMM_04,COMM,"The poems invoke pueblo, Andalusians, work, and misery, but the visible text does not clearly use identity groups to authorize flamenco belonging.",22
1980-07-10-right-aunque-no-quepa-en-el-papel,candil,Candil,1980-07,1980,AUTH_03,AUTH,"The excerpt discusses flamenco's past and historical coordinates, but it does not clearly use continuity or roots to authorize present flamenco practice.",23
1980-07-10-right-aunque-no-quepa-en-el-papel,candil,Candil,1980-07,1980,AUTH_02,AUTH,"The critique rejects ideological interpretations, but the boundary is primarily scholarly/critical rather than a purity boundary around legitimate flamenco itself.",21
1980-07-12-right-manuel-vallejo-o-el-ruise-or-fla,candil,Candil,1980-07,1980,HERIT_03,HERIT,"The call to create a peña in Vallejo's name has memorial force, but the excerpt does not clearly frame it as public heritage or safeguarding discourse.",27
1980-07-12-right-manuel-vallejo-o-el-ruise-or-fla,candil,Candil,1980-07,1980,CRIT_04,CRIT,"The author corrects unnamed scholars with documentary evidence, but the stronger visible discourse is artistic evaluation and canonization.",18
1980-07-13-right-noticia-de-los-caf-s-cantantes-c,candil,Candil,1980-07,1980,AUTH_03,AUTH,"The article narrates historical origins and continuity of cafés cantantes, but it mainly periodizes and documents local history rather than using tradition to authorize present practice.",26
1980-07-13-right-noticia-de-los-caf-s-cantantes-c,candil,Candil,1980-07,1980,HERIT_03,HERIT,"The account preserves local memory of vanished venues, but it lacks explicit heritage, safeguarding, or public-culture framing.",18
1980-07-13-right-noticia-de-los-caf-s-cantantes-c,candil,Candil,1980-07,1980,CRIT_01,CRIT,"Some venues are described favorably, but those judgments are incidental to the broader historical account.",15
1980-07-14-right-carta-a-pastora-pav-n-i-ina-de-l,candil,Candil,1980-07,1980,AUTH_02,AUTH,"The article contrasts lived cante with disguise, entertainment, and mimetism, but the clearer discourse function is anti-spectacular/intimate authenticity rather than a discrete purity boundary.",26
1980-07-14-right-carta-a-pastora-pav-n-i-ina-de-l,candil,Candil,1980-07,1980,CRIT_01,CRIT,"There is explicit negative evaluation, but CRIT_02 captures the more specific aesthetic criteria doing the evaluative work.",17
1980-07-15-left-quienes-fueron-los-maestros,candil,Candil,1980-07,1980,CRIT_02,CRIT,"Terms such as inventiva, ternura, pasión, and espiritualidad evaluate artistry, but they are scattered descriptive praise rather than a sustained criterion-based judgment.",23
1980-07-15-left-quienes-fueron-los-maestros,candil,Candil,1980-07,1980,COMM_04,COMM,"References to raza gitana and local origins are present, but identity is mostly biographical rather than clearly organizing authority or belonging.",21
1980-07-16-left-flamenca,candil,Candil,1980-07,1980,AUTH_03,AUTH,"The closing phrase about roots and pure essences invokes tradition, but AUTH_02 and AUTH_04 capture the clearer boundary and commercial critique functions.",22
1980-07-16-left-flamenca,candil,Candil,1980-07,1980,HERIT_03,HERIT,"Support and preservation language appears, but it lacks a clear public-culture or heritage frame.",15
1980-09-3-right-editorial,candil,Candil,1980-09,1980,CRIT_04,CRIT,"The Cátedra de Flamencología is an expert institution, but its role here is better coded as institutional heritage recognition than critic authority.",22
1980-09-4-right-seguridad-social-para-los-artist,candil,Candil,1980-09,1980,HERIT_03,HERIT,"The article advocates social protection for flamenco artists, but the visible excerpt frames this mainly as labor and legal welfare rather than cultural heritage safeguarding.",25
1980-09-4-right-seguridad-social-para-los-artist,candil,Candil,1980-09,1980,PED_02,PED,The retrieval trigger 'cuerpo' appears only as 'cuerpo legal' and does not indicate embodied or oral transmission.,17
1980-09-4-right-seguridad-social-para-los-artist,candil,Candil,1980-09,1980,COMM_02,COMM,"The article mentions professionals and interested readers, but it does not clearly construct community authority over flamenco value.",18
1980-09-6-right-a-prop-sito-de-un-juicio-progre-,candil,Candil,1980-09,1980,COMM_01,COMM,"The phrase 'de fuera hacia adentro' appears inside a quoted passage being criticized, but the visible excerpt does not itself clearly establish an insider/outsider authority boundary beyond the broader identity framing.",32
1980-09-8-right-antonio-n-ez-el-chocolate,candil,Candil,1980-09,1980,COMM_03,COMM,"The contrast between private singing and the later move to stages is visible, but the excerpt does not clearly state that one setting is superior.",25
1980-09-10-left-algo-m-s-sobre-los-cantes-de-lev,candil,Candil,1980-09,1980,COMM_02,COMM,"Aficionados and a peña are present in the scene, but they are primarily recipients of teaching rather than the source of authority.",22
1980-09-10-right-taranta-cl-sica-taranto-y-tarant,candil,Candil,1980-09,1980,AUTH_03,AUTH,"The article mentions historical and legendary cantes from Levante, but the stronger visible discourse function is preservation/access rather than a full tradition-continuity claim.",25
1980-09-12-right-la-garganta-en-el-cante-es-un-ri,candil,Candil,1980-09,1980,CRIT_01,CRIT,"The passage is poetically affirmative, but it does not clearly review or assess a specific artist, performance, recording, or event.",20
1980-09-13-left-los-viejos-conservadores-y-las-b,candil,Candil,1980-09,1980,CRIT_04,CRIT,"The author criticizes theories and style imposition, but the stronger visible function is community authority and authenticity boundary work.",19
1980-09-14-right-aunque-no-quepa-en-el-papel,candil,Candil,1980-09,1980,AUTH_03,AUTH,"The ending invokes Andalusian essence and mestizaje, but the visible passage does not clearly use tradition or continuity to authorize a present flamenco practice.",24
1980-09-15-right-julio-romero-de-torres-y-la-copl,candil,Candil,1980-09,1980,AUTH_03,AUTH,"The passage links cante jondo to Andalusian culture, but the stronger function is canonizing and aesthetically evaluating Romero de Torres.",20
1980-09-16-right-quienes-fueron-los-maestros,candil,Candil,1980-09,1980,HERIT_02,HERIT,"The Cátedra commemoration and national prizes show institutional recognition, but the passage does not clearly frame this as heritage or public cultural policy.",23
1980-09-17-right-flamenca,candil,Candil,1980-09,1980,CRIT_03,CRIT,"The phrase 'uno de los primeros cantaores de la nueva generación flamenca' ranks Calixto Sánchez, but the core function of the review is better captured by critical evaluation and criteria.",30
1980-09-18-left-apuntes-flamencos-a-la-feria-de-,candil,Candil,1980-09,1980,AUTH_01,AUTH,"Calling Carlos Cruz 'uno de los cantaores más puros' suggests authenticity, but the stronger article-level discourse is critical evaluation of performances and settings.",24
1980-11-3-right-editorial,candil,Candil,1980-11,1980,CRIT_01,CRIT,"The editorial contains broad negative judgments, but these are better captured by boundary critique and authenticity/tradition codes.",18
1980-11-4-right-el-comp-s-de-la-sole,candil,Candil,1980-11,1980,PED_02,PED,"The article explains compás technically, but the visible excerpt does not clearly frame knowledge as oral, embodied, familial, or lineage-based transmission.",22
1980-11-4-right-el-comp-s-de-la-sole,candil,Candil,1980-11,1980,PED_01,PED,"The text is didactic in tone, but it does not position a teacher, school, or method as pedagogically authoritative.",19
1980-11-6-right-lo-jondo-en-salvador-rueda,candil,Candil,1980-11,1980,AUTH_03,AUTH,"The memory and cultural-continuity language is present, but the visible excerpt more clearly frames recovery as collective memory/heritage work than as tradition authorizing present flamenco practice.",28
1980-11-8-right-una-broma-de-mal-gusto-dada-en-1,candil,Candil,1980-11,1980,PED_01,PED,"The author's correction resembles a lesson, but the passage is primarily about attribution and expert judgment rather than a pedagogical transmission setting.",23
1980-11-9-right-mi-encuentro-con-aurelio-en-c-di,candil,Candil,1980-11,1980,AUTH_04,AUTH,"The intimate setting of three people without guitar suggests private authenticity, but the passage values humility and expert judgment more explicitly than anti-commercial or intimate authenticity.",27
1980-11-9-right-mi-encuentro-con-aurelio-en-c-di,candil,Candil,1980-11,1980,COMM_03,COMM,"The private setting matters narratively, but the text does not clearly contrast it with public/spectatorial flamenco as a social value boundary.",22
1980-11-10-right-las-letras-flamencas-de-fernando,candil,Candil,1980-11,1980,CRIT_01,CRIT,"The text presents flamenco lyrics and brief publication/performance context, but it does not evaluate, rank, authorize, or critique them.",20
1980-11-11-left-guitarra,candil,Candil,1980-11,1980,AUTH_03,AUTH,"The poem invokes the South and Andalusian imagery, but it does not use tradition, roots, or continuity to authorize flamenco practice.",21
1980-11-11-left-guitarra,candil,Candil,1980-11,1980,CRIT_02,CRIT,"The poem contains aesthetic language about guitar and cante, but it is metaphorical lyric description rather than explicit criteria for judging flamenco quality.",23
1980-11-13-right-marcelo-barbero,candil,Candil,1980-11,1980,PED_02,PED,"The text mentions Barbero as a disciple and workshop successor, but the visible excerpt does not clearly frame this as flamenco knowledge transmission carrying authority.",25
1980-11-13-right-marcelo-barbero,candil,Candil,1980-11,1980,AUTH_04,AUTH,"The intimate tertulia around his workshop is described, but not clearly as more authentic than public or commercial flamenco.",19
1980-11-15-right-el-sentido-de-las-letras-en-el-c,candil,Candil,1980-11,1980,HERIT_03,HERIT,"The article frames cante as living and socially renewed, but the visible excerpt does not clearly shift into heritage/safeguarding or public-culture discourse.",24
1980-11-15-right-el-sentido-de-las-letras-en-el-c,candil,Candil,1980-11,1980,PED_02,PED,"The trigger 'escuche' appears, but it does not describe embodied/oral transmission or learning.",14
1980-11-17-left-una-mirada-atr-s,candil,Candil,1980-11,1980,COMM_02,COMM,"Aficionados and peñas are mentioned, but the main function is critique of reading habits and preservation of documentation rather than community authority.",22
1980-11-17-right-el-muestrario-flamenco-de-jose-l,candil,Candil,1980-11,1980,HERIT_01,HERIT,"The text invokes Andalusian cultural value, but it does not clearly frame flamenco as public heritage or patrimonio.",18
1980-11-18-right-dimension-social-del-cante-flame,candil,Candil,1980-11,1980,COMM_02,COMM,"Cantaores and aficionados are invoked as rejecting the article, but the stronger community framing concerns social identity and representation of the cantaor.",22
1980-11-18-right-dimension-social-del-cante-flame,candil,Candil,1980-11,1980,AUTH_02,AUTH,"The article contests a demeaning view of flamenco, but the visible text does not clearly draw a purity or fake/proper flamenco boundary.",23
1980-11-19-right-quienes-fueron-los-maestros,candil,Candil,1980-11,1980,AUTH_02,AUTH,"The phrase 'cantes puros' appears, but the visible passage mainly uses it to mark source-continuity rather than to exclude impure or illegitimate forms.",24
1980-11-19-right-quienes-fueron-los-maestros,candil,Candil,1980-11,1980,COMM_04,COMM,"Joaquín is identified as gitano, but the identity label is incidental and does not clearly organize authority or belonging in the visible text.",23
1981-02-3-left-revista-de-flamenco-pe-a-flamenc,candil,Candil,1981-02,1981,COMM_02,COMM,"Peña Flamenca appears in the masthead, but this is metadata-like publication context, not community authority discourse.",17
1981-02-3-right-editorial,candil,Candil,1981-02,1981,AUTH_03,AUTH,"The editorial strongly evokes continuity and old masters, but the clearer functions are authenticity, canonization, and memorialization.",17
1981-02-4-right-biografia,candil,Candil,1981-02,1981,PED_03,PED,"The biography mentions university performances and international travel, but it does not clearly frame these as learning or access to flamenco knowledge.",22
1981-02-4-right-biografia,candil,Candil,1981-02,1981,COMM_02,COMM,"The text says he sang for groups of aficionados, but this is a neutral career note without clear community authority.",20
1981-02-5-right-el-matrona-en-su-sitio,candil,Candil,1981-02,1981,AUTH_04,AUTH,"The 'reuniones y no de teatros' contrast suggests intimate authenticity, but the passage does not explicitly frame theaters or publicity as weakening authenticity.",23
1981-02-5-right-el-matrona-en-su-sitio,candil,Candil,1981-02,1981,PED_02,PED,"The lineage of conservation is present, but the visible text stresses safeguarding and canon more than direct teaching or embodied transmission.",21
1981-02-6-right-loa-a-mi-inolvidable-maestro,candil,Candil,1981-02,1981,COMM_04,COMM,The trigger 'mujer' appears only as conversational address to Antonia and does not construct a gendered identity frame.,18
1981-02-6-right-loa-a-mi-inolvidable-maestro,candil,Candil,1981-02,1981,AUTH_03,AUTH,"The text evokes memory and old knowledge, but the clearer function is heritage memory-work and pedagogical authority.",18
1981-02-8-right-el-caso-de-pepe-el-de-la-matrona,candil,Candil,1981-02,1981,AUTH_04,AUTH,"The intimate setting for cabales is central, but the passage does not explicitly contrast it against commercial/public settings as more authentic.",22
1981-02-8-right-el-caso-de-pepe-el-de-la-matrona,candil,Candil,1981-02,1981,HERIT_02,HERIT,"Several public homages are mentioned, but they are not framed through official heritage institutions or authorized listing mechanisms.",18
1981-02-9-right-su-cabellera-de-enhebrado-siglo,candil,Candil,1981-02,1981,CRIT_01,CRIT,"The article is laudatory, but its clearest evaluative work is canonization and pedagogical-memory framing rather than a specific performance assessment.",21
1981-02-11-right-el-viejo-maestro-sevillano,candil,Candil,1981-02,1981,COMM_03,COMM,"The juerga and café settings are vivid, but the text does not clearly contrast participatory versus public settings as an evaluative boundary.",22
1981-02-11-right-el-viejo-maestro-sevillano,candil,Candil,1981-02,1981,PED_02,PED,"Matrona is shown telling stories and learning broadly, but the passage does not explicitly frame this as transmission to disciples or learners.",22
1981-02-12-left-la-memoria-anida-en-su-garganta,candil,Candil,1981-02,1981,PED_02,PED,"The text mentions inheritance and memory, but it does not clearly describe learning, oral transmission, or lineage pedagogy.",18
1981-02-12-right-conversaciones-entre-cante-y-can,candil,Candil,1981-02,1981,COMM_04,COMM,The trigger 'hombre' appears only in ordinary speech and does not construct identity-based authority.,15
1981-02-12-right-conversaciones-entre-cante-y-can,candil,Candil,1981-02,1981,CRIT_04,CRIT,"The article includes professional negotiations and named figures, but no clear critic/expert authority or boundary-policing discourse is visible.",20
1981-02-14-right-un-encuentro-sevillano,candil,Candil,1981-02,1981,HERIT_02,HERIT,"The trigger 'reconocemos' is ordinary recognition by the narrators, not institutional or authorized heritage recognition.",15
1981-02-14-right-un-encuentro-sevillano,candil,Candil,1981-02,1981,AUTH_04,AUTH,"The intimate setting is strongly present, but the clearest code is public/private participatory setting rather than explicit anti-commercial or intimate authenticity.",23
1981-02-15-right-pepe-el-de-la-matrona-nos-habla-,candil,Candil,1981-02,1981,COMM_02,COMM,"Good aficionados are mentioned, but the clearer function is their recognition of Matrona as a source rather than community authority itself.",21
1981-02-15-right-pepe-el-de-la-matrona-nos-habla-,candil,Candil,1981-02,1981,COMM_04,COMM,"Gitano cantes are named as a repertoire category, but the text does not use identity itself to organize belonging or representation.",21
1981-02-16-right-persistes-tu,candil,Candil,1981-02,1981,COMM_04,COMM,"The poem says 'mi pueblo', but the identity/community frame remains lyrical and not clearly about belonging, authority, or representation.",20
1981-02-17-right-glosa-y-recuerdo-de-pepe-el-de-l,candil,Candil,1981-02,1981,HERIT_03,HERIT,"Memory language appears, but the visible passage more clearly works through personal recollection, rooted tradition, and critical canonization than public heritage or safeguarding.",23
1981-02-17-right-glosa-y-recuerdo-de-pepe-el-de-l,candil,Candil,1981-02,1981,PED_02,PED,"The scene includes discussion and noting cantes, but the passage does not clearly frame this as transmission from master to apprentice.",21
1981-02-19-right-aunque-no-quepa-en-el-papel-bibl,candil,Candil,1981-02,1981,PED_03,PED,"The article discusses books and recordings as sources of knowledge, but the visible text does not clearly frame them as pedagogical access or institutional learning.",25
1981-02-20-right-pepe-el-de-la-matrona-notas-para,candil,Candil,1981-02,1981,AUTH_03,AUTH,"The phrase 'auténtica raíz' suggests rootedness, but the stronger discourse function in the passage is boundary work against caricature.",19
1981-02-20-right-pepe-el-de-la-matrona-notas-para,candil,Candil,1981-02,1981,CRIT_02,CRIT,"The article mentions style, voice, and 'saber decir', but does not develop them enough as distinct aesthetic criteria beyond the broader evaluation.",22
1981-03-3-right-editorial,candil,Candil,1981-03,1981,HERIT_03,HERIT,"The editorial invokes memory and rememoration, but the visible text works more directly through tradition/continuity than through public heritage or safeguarding.",22
1981-03-4-right-lo-jondo-en-fernando-villal-n,candil,Candil,1981-03,1981,CRIT_02,CRIT,"The text uses terms such as 'expresión' and 'certera', but the visible excerpt does not clearly apply them as independent flamenco aesthetic criteria.",23
1981-03-7-right-notas-in-ditas,candil,Candil,1981-03,1981,COMM_04,COMM,"The text uses gitano identity framing, but the relevant passages are mostly biographical or stereotyped description rather than a clear claim about authority or belonging.",25
1981-03-7-right-notas-in-ditas,candil,Candil,1981-03,1981,AUTH_03,AUTH,"The mention of Soleá de Alcalá as a local cante suggests rootedness, but it is not developed enough as a tradition-continuity claim.",23
1981-03-8-right-joselero-y-el-quino,candil,Candil,1981-03,1981,AUTH_01,AUTH,"The phrase 'alturas auténticas de verdadera valía' has authenticity language, but the visible use functions mainly as aesthetic praise rather than a clear authenticity claim.",25
1981-03-10-right-algo-sobre-los-cantes-de-la-madr,candil,Candil,1981-03,1981,AUTH_03,AUTH,"The closing call to find the root of the cantes invokes origins, but it mainly supports the authenticity dispute already coded rather than a separate continuity claim.",27
1981-03-11-left-checo-jean,candil,Candil,1981-03,1981,CRIT_02,CRIT,"Images such as 'queja añejada' and 'repique de alma' are expressive, but they do not clearly define or apply stable aesthetic criteria.",22
1981-03-11-right-rafael-romero,candil,Candil,1981-03,1981,COMM_02,COMM,"Local aficionados and named elders appear as sources, but the stronger visible discourse function is oral transmission rather than community authority as such.",23
1981-03-11-right-rafael-romero,candil,Candil,1981-03,1981,AUTH_01,AUTH,"Romero defends genuineness indirectly by denying invention, but the clearer code is continuity/roots rather than an explicit authenticity claim.",20
1981-03-13-left-las-letras-flamencas-de-antonio-,candil,Candil,1981-03,1981,AUTH_03,AUTH,"The lyrics are described as becoming anonymous and popular, but the passage does not clearly use tradition or continuity to authorize present flamenco practice.",24
1981-03-13-right-el-sentimiento-amoroso-en-el-pri,candil,Candil,1981-03,1981,PED_02,PED,"The visible trigger 'imita' concerns nature imitating art in a general literary argument, not flamenco oral or embodied transmission.",19
1981-03-13-right-el-sentimiento-amoroso-en-el-pri,candil,Candil,1981-03,1981,CRIT_04,CRIT,"The excerpt cites scholars and proposes a study, but the visible passage does not clearly position flamenco critics or experts as authoritative judges of flamenco.",25
1981-03-17-right-los-cafes-cantantes-en-una-notic,candil,Candil,1981-03,1981,COMM_04,COMM,"Andalucía and Jaén are invoked, but the visible passage primarily legitimates a cultural practice rather than defining belonging through identity categories.",21
1981-03-18-right-honor-y-lecturas-para-un-libro-c,candil,Candil,1981-03,1981,HERIT_02,HERIT,"The article praises scholarly authority, but it does not clearly invoke official heritage recognition, listing, or institutional patrimonial authorization.",19
1981-03-19-right-discograf-a-flamenca-no-es-el-ca,candil,Candil,1981-03,1981,AUTH_03,AUTH,"The text mentions 'raíz' and 'esencia', but the stronger discourse function is purity/boundary work rather than continuity with a valued past.",22
1981-03-19-right-discograf-a-flamenca-no-es-el-ca,candil,Candil,1981-03,1981,AUTH_04,AUTH,"The recording is criticized as a technical studio montage, but the passage does not explicitly frame commerce, tourism, or public spectacle as the authenticity threat.",25
1981-03-20-left-quienes-fueron-los-maestros,candil,Candil,1981-03,1981,PED_02,PED,"The visible text mentions oral tradition and stylistic survival, but it does not clearly describe a learning relation or embodied/oral transmission process carrying pedagogical authority.",26
1981-03-20-left-quienes-fueron-los-maestros,candil,Candil,1981-03,1981,CRIT_04,CRIT,"Flamencologists and named authorities are cited, but the main function is canonization and aesthetic evaluation rather than expert authority as a separate discourse move.",24
1981-05-3-right-editorial,candil,Candil,1981-05,1981,CRIT_04,CRIT,"The criticism of official culture is strong, but it is not primarily exercised as flamenco expert/reviewer authority.",18
1981-05-4-right-forman-el-gigantesco-rbol-flamen,candil,Candil,1981-05,1981,AUTH_02,AUTH,"The phrase 'prístina pureza' suggests purity, but the visible passage does not clearly draw a proper/improper boundary around flamenco as a whole.",23
1981-05-6-left-solidaridad-frustrada,candil,Candil,1981-05,1981,COMM_02,COMM,"The article discusses solidarity among flamenco artists, but it does not construct community authority, afición, belonging, or recognition in the codebook sense.",22
1981-05-6-left-solidaridad-frustrada,candil,Candil,1981-05,1981,CRIT_01,CRIT,"The article criticizes artists' lack of response to a social proposal, but it is not an aesthetic or flamenco-critical evaluation of artistry, repertoire, performance, or publication.",27
1981-05-6-right-la-pintura-jonda-de-manuel-angel,candil,Candil,1981-05,1981,CRIT_04,CRIT,"The note criticizes excessive literature far from truth, but the visible excerpt gives too little detail about the critical boundary being policed.",22
1981-05-8-left-por-arcadio-larrea,candil,Candil,1981-05,1981,PED_01,PED,"The word 'cátedra' appears, but the passage does not show Matrona exercising pedagogical authority in the visible text.",18
1981-05-8-right-chiclanita,candil,Candil,1981-05,1981,PED_02,PED,"The text mentions old cantes and oral/written history, but the visible excerpt does not clearly describe a learning or transmission process.",22
1981-05-8-right-chiclanita,candil,Candil,1981-05,1981,COMM_02,COMM,"The barbería and 'vieja escuela' setting suggest community knowledge, but the visible evidence is more descriptive than authorizing.",18
1981-05-9-right-datos-para-la-historia-del-arte-,candil,Candil,1981-05,1981,AUTH_03,AUTH,"The article concerns historical origins, but the visible passage mainly performs correction and local-canonical classification rather than tradition-continuity valuation.",21
1981-05-10-right-las-letras-flamencas-de-mario-lo,candil,Candil,1981-05,1981,CRIT_01,CRIT,"There are evaluative phrases such as 'excelentes aproximaciones' and 'fundamental Ricardo Molina', but the stronger discourse function is critical authorization of a research agenda.",24
1981-05-11-left-se-cubr-a-la-noche,candil,Candil,1981-05,1981,CRIT_02,CRIT,"Specific styles are listed, but the excerpt does not apply them as aesthetic criteria beyond general admiration.",17
1981-05-11-right-gregorio-el-borrico-de-jerez,candil,Candil,1981-05,1981,CRIT_02,CRIT,"Compás appears in the passage, but it functions as part of the learning environment rather than as an aesthetic criterion for judgment.",22
1981-05-13-right-honra-machismo-y-celos-en-el-sen,candil,Candil,1981-05,1981,AUTH_03,AUTH,"The text mentions ancestral and communal identity, but the visible passage does not use tradition or roots to authorize proper flamenco practice.",22
1981-05-16-right-las-soleares-de-jose-bergamin,candil,Candil,1981-05,1981,CRIT_04,CRIT,"Carlos Gurméndez and Ricardo Molina are cited, but the excerpt does not primarily foreground expert authority as the discourse function.",20
1981-05-18-right-discograf-a-flamenca,candil,Candil,1981-05,1981,HERIT_03,HERIT,"The text mentions investigation and divulgation, but it does not clearly frame the recording as public heritage safeguarding.",18
1981-05-18-right-discograf-a-flamenca,candil,Candil,1981-05,1981,AUTH_02,AUTH,"The final phrase appears to begin a purity claim but is visibly truncated, so the boundary-work is not reliable.",20
1981-05-19-left-bodas-de-sangre-pel-cula-de-carl,candil,Candil,1981-05,1981,CRIT_03,CRIT,"The reference to the genius of Lorca and Gades is laudatory, but the passage does not clearly construct a canon or hierarchy.",22
1981-05-19-right-quienes-fueron-los-maestros,candil,Candil,1981-05,1981,CRIT_01,CRIT,"The article contains critical evaluation, but the strongest evaluative evidence is captured more specifically by canon/ranking and aesthetic-criteria codes.",21
1981-07-3-right-editorial,candil,Candil,1981-07,1981,PED_03,PED,"The article discusses whether a congress is an aula, but it explicitly downplays learning and does not frame institutional pedagogy as the main legitimating mechanism.",25
1981-07-4-right-documentos-flamencos-para-una-in,candil,Candil,1981-07,1981,HERIT_02,HERIT,"The word 'inscripciones' refers to republican political banners, not institutional heritage authorization.",12
1981-07-4-right-documentos-flamencos-para-una-in,candil,Candil,1981-07,1981,COMM_04,COMM,"References to 'hombres' are historical-political descriptions, not identity framing that structures flamenco belonging or authority.",16
1981-07-4-right-documentos-flamencos-para-una-in,candil,Candil,1981-07,1981,AUTH_03,AUTH,'Flamenco histórico' is mainly chronological in the visible text and does not clearly authorize present value through roots or continuity.,20
1981-07-8-right-pedagogia-de-un-arte,candil,Candil,1981-07,1981,HERIT_01,HERIT,"The museum/folklore scenario suggests public culture, but the visible argument primarily concerns roots and teaching rather than explicit patrimonial heritage.",21
1981-07-8-right-pedagogia-de-un-arte,candil,Candil,1981-07,1981,CRIT_02,CRIT,"Aesthetic language from Luis Millet is quoted, but it is used mainly to support origin/pedagogy claims rather than to evaluate a flamenco performance.",24
1981-07-9-right-los-extremos-se-tocan,candil,Candil,1981-07,1981,CRIT_02,CRIT,"The article uses aesthetic criteria such as orthodoxy, harmonic nature, and technique, but these are largely subsumed under the stronger boundary critique.",22
1981-07-9-right-los-extremos-se-tocan,candil,Candil,1981-07,1981,CRIT_01,CRIT,"There is broad evaluation throughout, but CRIT_04 better captures the article's explicit policing of acceptable and absurd flamenco innovation.",20
1981-07-10-right-chuflillas-de-luisa-ortega-por-j,candil,Candil,1981-07,1981,COMM_04,COMM,"Phrases such as 'entre gitana y princesa' and regional references are poetic identity imagery, but they do not clearly organize flamenco belonging or authority.",24
1981-07-10-right-chuflillas-de-luisa-ortega-por-j,candil,Candil,1981-07,1981,CRIT_03,CRIT,"References to 'estrella', 'catedral del cante', and 'escuela del Caracol' have possible canonizing force, but the evidence is embedded in poetic praise rather than a clear ranking or canon argument.",30
1981-07-11-right-miguel-vargas,candil,Candil,1981-07,1981,AUTH_04,AUTH,"The paid, scheduled performance critique suggests staged/public distance may weaken authenticity, but the visible excerpt is truncated before the full contrast is developed.",24
1981-07-11-right-miguel-vargas,candil,Candil,1981-07,1981,PED_01,PED,"The passage mentions 'viejos maestros', but it does not show a direct teacher-authority relation; the stronger learning evidence is mediated access through radio recordings.",25
1981-07-13-left-las-letras-flamencas-de-carlos-m,candil,Candil,1981-07,1981,HERIT_01,HERIT,The text implies collective circulation of letras but does not frame them as public heritage or patrimony.,17
1981-07-13-right-julio-romero-de-torres-y-el-flam,candil,Candil,1981-07,1981,PED_02,PED,"The author invokes reports heard from good sources and surviving biographers, but the visible text does not clearly frame flamenco knowledge as embodied, oral, or lineage transmission.",27
1981-07-13-right-julio-romero-de-torres-y-el-flam,candil,Candil,1981-07,1981,AUTH_02,AUTH,"The text uses 'pureza', but it does not clearly exclude or devalue an impure opposing form.",16
1981-07-15-left-ceaso-del-idolo,candil,Candil,1981-07,1981,CRIT_02,CRIT,"The text contains poetic language about voice, grito, suffering, and theatre, but the visible passage does not clearly identify a flamenco target or apply an explicit aesthetic criterion.",28
1981-07-15-right-viejas-paginas-flamencas,candil,Candil,1981-07,1981,COMM_03,COMM,"The juerga setting is visible, but the passage mainly narrates an event rather than explicitly valuing private participatory flamenco over public or spectatorial settings.",24
1981-07-17-right-de-cayetano-muriel-y-una-ltima-g,candil,Candil,1981-07,1981,PED_01,PED,"The word maestro appears for Chacón, but in this visible passage it functions mainly as an honorific within critical hierarchy, not as pedagogical authority.",24
1981-07-18-right-los-escritos-de-demofilo-en-la-r,candil,Candil,1981-07,1981,HERIT_03,HERIT,"The centenary and reedition have commemorative force, but the visible passage does not clearly frame the texts as heritage/patrimony or safeguarding in the codebook sense.",26
1981-07-19-left-flamenca,candil,Candil,1981-07,1981,HERIT_03,HERIT,"The phrase 'conservación del cante' suggests preservation, but the visible passage does not clearly shift into public heritage or safeguarding discourse.",21
1981-07-19-right-quienes-fueron-los-maestros,candil,Candil,1981-07,1981,COMM_04,COMM,"References to Gitano and Jerez identity are present, but they are mainly biographical and do not clearly organize authority or belonging.",21
1981-07-19-right-quienes-fueron-los-maestros,candil,Candil,1981-07,1981,PED_02,PED,"Mentions of maestros and interpreters suggest lineage, but the visible discourse mainly canonizes and evaluates rather than describing transmission as such.",21
1981-09-9-right-editorial,candil,Candil,1981-09,1981,CRIT_04,CRIT,"The editorial speaks of alerting against desviacionismos, but the stronger coded evidence is the explicit anti-consumption authenticity claim.",19
1981-09-9-right-editorial,candil,Candil,1981-09,1981,AUTH_02,AUTH,"The text implies a boundary around lo jondo, but the most precise coding is anti-commercial authenticity rather than a separate purity boundary.",23
1981-09-4-right-el-villal-n-que-quisieron-enterr,candil,Candil,1981-09,1981,AUTH_03,AUTH,"The article invokes resonances with soleares, seguiriyas, and Chacón, but these do not clearly authorize flamenco practice through tradition or continuity.",21
1981-09-5-right-antonio-grau-mora-rojo-el-alparg,candil,Candil,1981-09,1981,CRIT_01,CRIT,"The misnaming anecdote is critical, but the stronger discourse function is expert boundary-policing rather than a general review of performance quality.",22
1981-09-7-right-viejas-paginas-flamencas-tres-te,candil,Candil,1981-09,1981,CRIT_02,CRIT,"The article contains aesthetic language about grace and rhythm, but the stronger functions are canonization, identity framing, and tradition/continuity.",20
1981-09-10-right-breve-perfil-biogr-fico,candil,Candil,1981-09,1981,COMM_04,COMM,"The opening emphasizes Gitano and Jerez identity, but it is close to biographical framing and not as clearly developed as identity-based authority.",23
1981-09-10-right-breve-perfil-biogr-fico,candil,Candil,1981-09,1981,CRIT_03,CRIT,"Awards and phrases such as 'figura artística' elevate Terremoto, but the clearest evidence is general evaluation rather than explicit canon/ranking.",21
1981-09-11-left-fernando-terremoto-en-siguriyas,candil,Candil,1981-09,1981,CRIT_03,CRIT,"The final wording 'andaluz, inerme, inmortal' elevates the art, but it does not clearly establish a canon, ranking, or hierarchy.",20
1981-09-11-right-un-esplendor-apagado,candil,Candil,1981-09,1981,AUTH_01,AUTH,"The article strongly legitimates Terremoto as culturally integral, but the clearest authenticity-related evidence is better captured by tradition/continuity, canon, and living heritage codes.",25
1981-09-12-right-terremoto-voz-de-su-estirpe,candil,Candil,1981-09,1981,AUTH_02,AUTH,"The word 'pureza' appears, but the passage does not clearly exclude or devalue an impure target, so purity boundary-work is not emitted.",23
1981-09-13-right-en-la-muerte-de-c-sar,candil,Candil,1981-09,1981,CRIT_04,CRIT,"The phrase 'alguien autorizado' gestures toward authority, but it is too indirect and literary to establish exercised critic/expert authority.",20
1981-09-14-right-con-la-voz-de-terremoto-de-jerez,candil,Candil,1981-09,1981,COMM_04,COMM,"The poem repeatedly invokes 'pueblo', but the visible text does not clearly connect that collective identity to flamenco belonging, authority, or representation.",22
1981-09-14-right-con-la-voz-de-terremoto-de-jerez,candil,Candil,1981-09,1981,CRIT_02,CRIT,"The poem uses expressive language around pain, rhythm, and cry, but it does not clearly apply flamenco aesthetic criteria to an identifiable target in the visible text.",27
1981-09-15-right-el-arte-de-terremoto-de-jerez,candil,Candil,1981-09,1981,COMM_02,COMM,"The text mentions the author's 'ser de aficionados', but aficionados are positioned mainly as emotionally affected spectators rather than as an authoritative community.",24
1981-09-15-right-el-arte-de-terremoto-de-jerez,candil,Candil,1981-09,1981,AUTH_01,AUTH,"The claim that the art 'se explica por sí solo' suggests artistic self-sufficiency, but it is better captured as aesthetic evaluation than as a clear authenticity claim.",28
1981-09-16-right-carta-abierta-a-curro-terremoto-,candil,Candil,1981-09,1981,COMM_02,COMM,"The letter mentions the Peña and shared memories, but the anecdotes primarily value personal intimacy rather than community authority over flamenco.",21
1981-09-16-right-carta-abierta-a-curro-terremoto-,candil,Candil,1981-09,1981,CRIT_01,CRIT,"The article contains praise for Terremoto, but the clearest evaluative discourse is through aesthetic criteria and deferral to more documented critics.",21
1981-09-17-left-ante-por-y-sobre-su,candil,Candil,1981-09,1981,COMM_04,COMM,"The text invokes pueblo and Andalusian rootedness, but the stronger function is tradition/authenticity rather than identity-based community belonging.",20
1981-09-18-right-ellos-los-protagonistas-luis-de-,candil,Candil,1981-09,1981,COMM_02,COMM,"The speaker says he listens to aficionados and sometimes takes something from them, but the stronger evidence concerns oral transmission and authenticity rather than community authority.",26
1981-09-18-right-ellos-los-protagonistas-luis-de-,candil,Candil,1981-09,1981,AUTH_02,AUTH,"The wording 'pura y auténtica' suggests purity, but it does not clearly exclude a specific impure target in the visible text.",21
1981-09-20-left-el-misterioso-final-del-programa,candil,Candil,1981-09,1981,COMM_02,COMM,"The passage mentions aficionados and cabales as complainants, but their authority is not developed beyond audience reaction.",17
1981-09-20-left-el-misterioso-final-del-programa,candil,Candil,1981-09,1981,CRIT_04,CRIT,"The article criticizes an institution, but the clearest discourse is general critical evaluation and media access rather than expert boundary-policing.",21
1981-09-20-right-el-centenario-de-george-borrow,candil,Candil,1981-09,1981,PED_03,PED,"The author urges reading Borrow's books, but the dominant function is critical revision of scholarship rather than access to flamenco learning.",22
1981-09-20-right-el-centenario-de-george-borrow,candil,Candil,1981-09,1981,AUTH_03,AUTH,"Borrow is linked to historical data on cante and gitanos, but the passage does not clearly use tradition or roots to authorize present flamenco practice.",25
1981-09-21-left-las-letras-flamencas-de-pe-pe-cr,candil,Candil,1981-09,1981,AUTH_02,AUTH,"The introduction uses purity language, but it does not clearly exclude or devalue an impure target.",16
1981-09-21-left-las-letras-flamencas-de-pe-pe-cr,candil,Candil,1981-09,1981,AUTH_03,AUTH,"The lyric mentions roots, but the clearest function is identity belonging rather than tradition/continuity authorizing present practice.",18
1981-09-21-right-algunas-rese-as-de-la-m-s-nueva-,candil,Candil,1981-09,1981,AUTH_04,AUTH,"The critique of fashion and economic interests overlaps with anti-commercial authenticity, but the passage functions mainly as critical boundary-policing of bibliography and sevillanas.",25
1981-09-21-right-algunas-rese-as-de-la-m-s-nueva-,candil,Candil,1981-09,1981,COMM_04,COMM,"The text invokes the Andalusian people, but the stronger function is heritage/public-culture framing rather than identity-based authority.",20
1981-09-23-left-flamenca,candil,Candil,1981-09,1981,COMM_02,COMM,"The record is addressed to aficionados, but the passage does not grant them authority to judge or sustain flamenco.",19
1981-09-23-left-flamenca,candil,Candil,1981-09,1981,CRIT_04,CRIT,"The review exercises judgment, but it does not explicitly invoke expert or boundary-policing authority beyond ordinary critical evaluation.",19
1981-09-23-right-quienes-fueron-los-maestros,candil,Candil,1981-09,1981,AUTH_02,AUTH,"The article uses purity language, but it does not clearly exclude or devalue a specific impure target.",17
1981-09-23-right-quienes-fueron-los-maestros,candil,Candil,1981-09,1981,CRIT_04,CRIT,"Named authorities such as Ricardo Molina and Fernando Quiñones are cited, but the visible passage mainly uses them for transmission/evaluation rather than explicit boundary-policing.",26
1981-11-3-right-editorial,candil,Candil,1981-11,1981,AUTH_03,AUTH,"The editorial invokes a century-long historical correction, but the stronger claim is authenticity and critical refutation rather than tradition/continuity.",21
1981-11-3-right-editorial,candil,Candil,1981-11,1981,COMM_04,COMM,"The text mentions racism and Andalusian origins, but it does not develop identity categories as a clear basis of authority or belonging.",22
1981-11-4-right-el-caso-especial-de-los-caracole,candil,Candil,1981-11,1981,CRIT_04,CRIT,"The authors correct earlier claims about El Granaíno, but the visible passage mainly establishes historical origins and canon status rather than broader expert boundary-policing.",25
1981-11-7-left-hacia-el-x-congreso-de-actividad,candil,Candil,1981-11,1981,HERIT_02,HERIT,"The congress is institutional, but the passage does not clearly invoke official heritage recognition or authorized heritage mechanisms.",18
1981-11-7-left-hacia-el-x-congreso-de-actividad,candil,Candil,1981-11,1981,CRIT_03,CRIT,"The text disputes whether flamenco has more or less cultural relief than other arts, but it rejects ranking rather than constructing a stable hierarchy.",24
1981-11-8-left-flamencolog-a-y-flamenc-logos,candil,Candil,1981-11,1981,COMM_02,COMM,"The term aficionado is praised as preferable, but the passage does not clearly grant aficionados collective authority to judge or sustain flamenco.",22
1981-11-8-right-las-letras-flamencas-de-jose-mar,candil,Candil,1981-11,1981,HERIT_01,HERIT,"The note that some lyrics pass as anonymous suggests popular uptake, but it does not clearly frame them as public heritage or patrimony.",23
1981-11-10-right-el-centenario-del-primer-cancion,candil,Candil,1981-11,1981,AUTH_03,AUTH,"The article invokes popular roots and origin-like language, but the stronger visible function is canonization and heritage valuation rather than tradition authorizing present practice.",25
1981-11-11-right-el-festival-nacional-del-cante-d,candil,Candil,1981-11,1981,PED_01,PED,"The text discusses correct interpretation and líneas maestras, but the visible excerpt does not clearly present a teaching actor or pedagogical method.",22
1981-11-12-right-guitarra,candil,Candil,1981-11,1981,CRIT_01,CRIT,"The poem metaphorically praises or evokes the guitar, but it does not clearly evaluate a flamenco artist, performance, style, event, or practice under the codebook rules.",26
1981-11-13-left-presencia-jonda-en-pablo-gargall,candil,Candil,1981-11,1981,AUTH_01,AUTH,"The phrase 'auténtico señorío' is evaluative, but it modifies señorío rather than making a clear authenticity claim about flamenco itself.",20
1981-11-13-right-diego-clavel,candil,Candil,1981-11,1981,CRIT_02,CRIT,"References to alma, entrañas, and force are expressive, but they do not clearly function as criteria for judging flamenco quality in the visible excerpt.",24
1981-11-13-right-diego-clavel,candil,Candil,1981-11,1981,PED_01,PED,"Antonio Mairena is an authoritative model, but the excerpt emphasizes listening and imitation rather than an explicit teacher or institutional authority.",21
1981-11-15-right-el-testimonio-jondo-de-j-m-cabal,candil,Candil,1981-11,1981,CRIT_01,CRIT,"Phrases such as 'verdadero ramillete lírico' praise the lyrics, but the dominant discourse function is heritage/oral transmission rather than sustained critical evaluation.",23
1981-11-15-right-el-testimonio-jondo-de-j-m-cabal,candil,Candil,1981-11,1981,HERIT_03,HERIT,"The text discusses oral circulation and popular uptake, but does not clearly frame safeguarding, living heritage management, or public responsibility.",20
1981-11-20-left-del-congreso-de-almeria-y-una-gr,candil,Candil,1981-11,1981,AUTH_03,AUTH,"The article defends the good of cante, but does not clearly ground proper flamenco in tradition, roots, or continuity.",19
1981-11-20-right-los-gitanos-y-el-flamenco,candil,Candil,1981-11,1981,HERIT_03,HERIT,"The preserved archive document is historical evidence, but the passage does not frame flamenco as heritage to be safeguarded or publicly managed.",22
1981-11-20-right-los-gitanos-y-el-flamenco,candil,Candil,1981-11,1981,AUTH_02,AUTH,"The closing boundary between flamenco and gitanos is classificatory and critical, but it is not framed as purity or fake/real flamenco boundary-work.",24
1981-11-21-right-algunas-rese-as-de-la-m-s-nueva-,candil,Candil,1981-11,1981,COMM_03,COMM,The phrase 'dirigido al más amplio público' names audience reach but does not create a participatory public/private setting contrast.,20
1982-01-3-right-editorial,candil,Candil,1982-01,1982,HERIT_02,HERIT,"Public funding is mentioned, but the passage does not clearly make official recognition or institutional heritage authorization the source of value.",21
1982-01-4-right-picasso-y-el-arte-flamenco,candil,Candil,1982-01,1982,CRIT_01,CRIT,"The article praises Picasso and flamenco, but the stronger function is legitimation and aesthetic definition rather than a discrete review of a performance or work.",25
1982-01-8-right-cuatro-episodios-ineditos-en-la-,candil,Candil,1982-01,1982,CRIT_03,CRIT,"The final anecdote canonizes Torre indirectly, but the hierarchy/ranking function is less explicit than the direct aesthetic and community-recognition evidence.",22
1982-01-9-right-el-alma-de-la-copla-de-guerrita-,candil,Candil,1982-01,1982,COMM_04,COMM,"The visible text contains identity language around being 'flamenco', but it does not clearly organize an ethnic, gendered, local, or community identity category beyond an individual authenticity claim.",28
1982-01-11-left-en-torno-al-x-congreso-de-activi,candil,Candil,1982-01,1982,CRIT_04,CRIT,"The critique of official, elitist culture is strong, but it targets broader cultural institutions rather than a critic/expert authority or a flamenco boundary-policing act.",26
1982-01-11-right-las-letras-flamencas-de-alfonso-,candil,Candil,1982-01,1982,CRIT_02,CRIT,"Hondura and jondo appear, but the clearest evaluative work is broader literary praise and authenticity rather than a specific flamenco aesthetic criterion.",22
1982-01-12-left-escenario,candil,Candil,1982-01,1982,CRIT_02,CRIT,"The poem mentions duende, but it does not explicitly use it as a critical criterion to judge or define flamenco value under the annotation rules.",25
1982-01-12-right-chano-lobato,candil,Candil,1982-01,1982,COMM_01,COMM,"The word 'dentro' appears, but it refers to musical dialogue between singer and guitarist rather than a social insider/outsider boundary.",21
1982-01-14-right-anteo-de-caballero-bonald,candil,Candil,1982-01,1982,COMM_04,COMM,"The Andalusian people are invoked, but the visible passage is primarily about collective poetic memory and aesthetic interpretation rather than identity-based belonging authority.",24
1982-01-16-right-d-logo-flamenco-con-manuel-angel,candil,Candil,1982-01,1982,PED_02,PED,"The speaker recalls first hearing livianas, tonás, and caña, but the visible text emphasizes memory and discovery more than transmission or apprenticeship.",22
1982-01-18-right-reflexiones-en-torno-a-un-homena,candil,Candil,1982-01,1982,HERIT_03,HERIT,"The text suggests preservation of roots and folklore, but does not clearly frame this as public heritage safeguarding.",18
1982-01-19-right-peteneras,candil,Candil,1982-01,1982,HERIT_03,HERIT,"The final sentence mentions revaluing and protecting the cante, but the visible wording lacks a clear public heritage or safeguarding frame.",21
1982-01-20-left-quienes-fueron-los-maestros,candil,Candil,1982-01,1982,COMM_04,COMM,"The text names gitano-gaditano identity, but the visible passage mainly uses it descriptively rather than clearly making identity the basis of authority.",23
1982-01-20-right-un-inmenso-catalogo-cantaor,candil,Candil,1982-01,1982,PED_03,PED,"The article discusses flamenco studies entering print culture, but does not clearly focus on learning access or pedagogy.",18
1982-01-21-right-flamenca,candil,Candil,1982-01,1982,CRIT_04,CRIT,"The review polices commercial boundaries, but AUTH_02 and AUTH_04 capture the stronger authenticity boundary work more directly.",17
1982-03-3-right-editorial,candil,Candil,1982-03,1982,AUTH_01,AUTH,"The phrase 'verdad eterna e inalterable' concerns dogmatic interlocutors, not a positive authenticity claim about flamenco.",16
1982-03-4-right-las-saetas-de-manuel-vallejo,candil,Candil,1982-03,1982,PED_02,PED,"The manuscript suggests canto-oriented composition, but the visible text does not clearly describe oral, embodied, or lineage transmission.",19
1982-03-6-left-interrogantes-sobre-la-saeta,candil,Candil,1982-03,1982,COMM_04,COMM,"The quoted text differentiates woman, man, and child, but it does so poetically rather than clearly making gender a basis of flamenco authority or belonging.",25
1982-03-6-right-una-aportacion-al-estudio-de-la-,candil,Candil,1982-03,1982,AUTH_03,AUTH,"The passage mentions roots and origins, but mainly stresses skepticism about them rather than using origin or continuity to authorize the saeta.",22
1982-03-6-right-una-aportacion-al-estudio-de-la-,candil,Candil,1982-03,1982,AUTH_04,AUTH,"The author rejects a 'rancia y tópica postal turística,' but the visible text does not clearly frame tourism or spectacle as a threat to flamenco authenticity.",26
1982-03-6-right-una-aportacion-al-estudio-de-la-,candil,Candil,1982-03,1982,COMM_04,COMM,The retrieval trigger 'hombre' is incidental; identity is not used to define flamenco belonging or authority.,16
1982-03-9-right-copiando-a-los-demas-saeta-del-l,candil,Candil,1982-03,1982,AUTH_03,AUTH,"Origin and root vocabulary is central, but the article emphasizes that the origin is unknown rather than using roots to authorize present flamenco value.",24
1982-03-9-right-copiando-a-los-demas-saeta-del-l,candil,Candil,1982-03,1982,PED_02,PED,"The author cites teachings, but the evidence is a named teacher and textual scholarship rather than embodied/oral lineage transmission.",20
1982-03-11-left-las-saetas-de-miguel-calvo,candil,Candil,1982-03,1982,COMM_02,COMM,"The reference to 'pueblo y lo popular' suggests popular grounding, but it functions mainly as biographical characterization rather than community authority.",21
1982-03-11-right-una-saeta-para-manolo-zapata,candil,Candil,1982-03,1982,AUTH_03,AUTH,"The text evokes local continuity and future recognition, but it does not clearly use tradition or roots to authorize a present flamenco practice.",23
1982-03-12-left-una-manera-de-ser-y-entender-el-,candil,Candil,1982-03,1982,PED_01,PED,"The phrase 'para enseñar, no para confundir' is pedagogical, but the stronger discourse function is the peña's communal and participatory authority.",22
1982-03-12-left-una-manera-de-ser-y-entender-el-,candil,Candil,1982-03,1982,AUTH_02,AUTH,"The article draws boundaries around proper peña behavior, but the main boundary work is anti-commercial/intimate rather than purity rhetoric.",21
1982-03-12-right-noticias-de-algo-mas-que-de-una-,candil,Candil,1982-03,1982,AUTH_03,AUTH,"The article concerns early historical evidence, but it does not clearly use origin or continuity to authorize present flamenco practice.",20
1982-03-12-right-noticias-de-algo-mas-que-de-una-,candil,Candil,1982-03,1982,CRIT_01,CRIT,"The word 'crítica' mainly describes Cadalso's critique of Spain, not a direct evaluation of flamenco.",16
1982-03-13-right-x-congreso-de-actividades-flamen,candil,Candil,1982-03,1982,HERIT_02,HERIT,"The Congress is institutional, but the visible text lacks explicit heritage or patrimonial framing.",14
1982-03-13-right-x-congreso-de-actividades-flamen,candil,Candil,1982-03,1982,CRIT_01,CRIT,"The comment on Kayros and social festivities is evaluative, but it is secondary to the clearer institutional criteria and knowledge-production discourse.",22
1982-03-14-left-una-penita-mu-grande,candil,Candil,1982-03,1982,HERIT_03,HERIT,"The trigger 'recuerdo' appears in a biographical memory context, but the excerpt does not frame memory as collective heritage or safeguarding.",21
1982-03-14-left-una-penita-mu-grande,candil,Candil,1982-03,1982,AUTH_01,AUTH,"The phrase 'auténtico Villa Rosa' identifies a venue as the real/original Villa Rosa, not a claim about authentic flamenco practice.",21
1982-03-14-left-una-penita-muy-grande,candil,Candil,1982-03,1982,CRIT_02,CRIT,"The poem evokes soleá through voice, pain, and daily life, but it does not clearly apply these as critical criteria or evaluative judgment under the codebook rules.",27
1982-03-16-left-federacion-de-las-pe-as,candil,Candil,1982-03,1982,HERIT_02,HERIT,"The Administration is mentioned as a source of recognition and support, but the passage does not frame flamenco as official heritage or patrimony.",23
1982-03-16-right-ramon-j-sender,candil,Candil,1982-03,1982,CRIT_02,CRIT,"The text describes cante as intimate, powerful, and passionate, but these qualities mainly support the broader literary critique rather than forming a separate evaluative criterion applied to a performance.",29
1982-03-21-right-manuel-torre,candil,Candil,1982-03,1982,CRIT_02,CRIT,"Terms such as 'jondo sello personal' and the quoted testimonies suggest aesthetic criteria, but CRIT_01 and CRIT_03 capture the clearer evaluative and canonical functions.",24
1982-03-22-right-flamenca,candil,Candil,1982-03,1982,AUTH_04,AUTH,"Commerciality is criticized, but the clearest discourse action is reviewer boundary critique rather than an explicit authenticity-loss claim.",19
1982-03-24-left-un-libro-sobre-la-saeta,candil,Candil,1982-03,1982,AUTH_03,AUTH,"The review reports the author's origin theory for the saeta, but the visible text does not clearly use origins to authorize present flamenco value.",25
1982-03-24-right-dos-libros-en-el-centenario-de-d,candil,Candil,1982-03,1982,HERIT_01,HERIT,"The article invokes cultura popular and folklore, but the stronger visible discourse is memory-work and recovery rather than explicit patrimony/heritage terminology.",23
1982-03-24-right-dos-libros-en-el-centenario-de-d,candil,Candil,1982-03,1982,CRIT_04,CRIT,"The text praises scientific study and rigor, but expert authority is less central than the direct evaluations and canonization already coded.",21
1982-05-3-right-editorial,candil,Candil,1982-05,1982,CRIT_01,CRIT,"The editorial criticizes neglect and paternalism toward artists, but the coded discourse is more clearly institutional recognition and safeguarding than aesthetic evaluation.",22
1982-05-3-right-editorial,candil,Candil,1982-05,1982,COMM_04,COMM,"The text names men and women who make flamenco, but identity framing is professional/social rather than a clear belonging or representation boundary.",23
1982-05-4-right-las-malague-as-de-juan-breva,candil,Candil,1982-05,1982,HERIT_03,HERIT,"The text discusses older meanings and common memory, but it does not clearly frame flamenco as public heritage or safeguarding.",20
1982-05-4-right-las-malague-as-de-juan-breva,candil,Candil,1982-05,1982,AUTH_03,AUTH,"The older meaning of 'malagueñas' is defended, but the passage is primarily about classification and authority rather than tradition as legitimating continuity.",22
1982-05-5-right-el-flamenco-como-medio-de-promoc,candil,Candil,1982-05,1982,AUTH_01,AUTH,The phrase 'auténticas autoridades' concerns authority rather than authenticity of flamenco itself.,12
1982-05-5-right-el-flamenco-como-medio-de-promoc,candil,Candil,1982-05,1982,COMM_02,COMM,"A peña setting is mentioned, but the passage does not grant the peña community authority; it criticizes opportunistic pontification.",19
1982-05-6-right-el-popularisimo-gramofono-flamen,candil,Candil,1982-05,1982,AUTH_04,AUTH,"The gramophone is a mediated form and is described as 'en lata', but the passage does not clearly frame mass mediation as corrupting authenticity.",24
1982-05-6-right-el-popularisimo-gramofono-flamen,candil,Candil,1982-05,1982,HERIT_03,HERIT,"The text evokes survival across time, but does not clearly frame the gramophone as safeguarding public heritage.",17
1982-05-7-left-una-sensible-perdida-para-el-can,candil,Candil,1982-05,1982,AUTH_01,AUTH,"The phrase 'pura e incluso prístima entidad' suggests authenticity, but it is embedded in biographical praise and is less central than community, transmission, canon, and archive discourse.",27
1982-05-7-right-tambien-ellos-fueron-importantes,candil,Candil,1982-05,1982,PED_03,PED,"The list is offered to younger aficionados, but the pedagogical access function is too slight to code confidently.",18
1982-05-8-right-de-nuevo-sobre-los-cafes-cantant,candil,Candil,1982-05,1982,HERIT_03,HERIT,"The article reconstructs local flamenco history, but it does not clearly frame the cafés as public heritage requiring safeguarding.",19
1982-05-8-right-de-nuevo-sobre-los-cafes-cantant,candil,Candil,1982-05,1982,AUTH_03,AUTH,"The historical account suggests continuity of local afición, but pastness alone is not used strongly enough as an authenticity or tradition claim.",22
1982-05-9-left-un-autografo-de-manuel-escacena,candil,Candil,1982-05,1982,HERIT_03,HERIT,"The phrase 'historia' and 'memoria flamenca' appears, but the visible text mainly ranks local significance rather than framing public heritage work.",21
1982-05-9-left-un-autografo-de-manuel-escacena,candil,Candil,1982-05,1982,AUTH_03,AUTH,"The article discusses arraigo and historical factors, but the stronger discourse function is critical ranking of La Carolina's importance.",20
1982-05-9-right-el-canario-de-madrid,candil,Candil,1982-05,1982,AUTH_01,AUTH,"'Auténticos aficionados' describes the quality of the aficionados, not the authenticity of flamenco or El Canario's art.",18
1982-05-10-left-las-letras-flamencas-de-rafael-g,candil,Candil,1982-05,1982,COMM_04,COMM,"The pueblo is invoked as a source of value, but the passage functions more as rooted tradition/authenticity discourse than identity-boundary framing.",23
1982-05-10-left-las-letras-flamencas-de-rafael-g,candil,Candil,1982-05,1982,PED_02,PED,"The text discusses popular forms and coplas, but it does not describe a concrete mode of transmission or learning.",19
1982-05-10-right-chiclanita,candil,Candil,1982-05,1982,AUTH_03,AUTH,"The passage mentions secular origin and antiquity, but it treats them as contested criteria rather than clearly authorizing Chiclanita as tradition-bearing.",22
1982-05-10-right-chiclanita,candil,Candil,1982-05,1982,COMM_02,COMM,"A shared afición among friends is described, but it functions mainly as context for oral testimony rather than community authority.",20
1982-05-10-right-chiclanita,candil,Candil,1982-05,1982,HERIT_03,HERIT,"The call for better historiography could support preservation of memory, but it lacks a clear public heritage or safeguarding frame.",20
1982-05-11-right-viejas-paginas-flamencas,candil,Candil,1982-05,1982,AUTH_01,AUTH,"The text mentions 'auténtico cante jondo', but the stronger function is origin/tradition debate and identity framing rather than a direct authenticity claim.",23
1982-05-11-right-viejas-paginas-flamencas,candil,Candil,1982-05,1982,CRIT_03,CRIT,"The article discusses historical polemic figures and recovered literary value, but it does not clearly rank artists or works in a canon.",22
1982-05-12-left-escucha-sobre-lo-gitano-y-su-pol,candil,Candil,1982-05,1982,COMM_01,COMM,"The text contrasts Gitano and non-Gitano belonging, but it does not primarily draw an insider/outsider boundary around flamenco knowledge.",21
1982-05-12-left-escucha-sobre-lo-gitano-y-su-pol,candil,Candil,1982-05,1982,AUTH_01,AUTH,"The passage links Gitano identity to cante, but it does not directly claim that a specific flamenco practice is authentic or inauthentic.",22
1982-05-13-right-x-congreso-de-actividades-flamen,candil,Candil,1982-05,1982,AUTH_02,AUTH,"The list includes 'Pureza y seriedad flamenca en las Peñas', but the agenda phrase alone is too compressed to show clear purity boundary-work.",24
1982-05-13-right-x-congreso-de-actividades-flamen,candil,Candil,1982-05,1982,HERIT_02,HERIT,"The congress has an executive commission and structured agenda, but the visible text does not clearly show official heritage authorization beyond congress organization.",23
1982-05-13-right-x-congreso-de-actividades-flamen,candil,Candil,1982-05,1982,CRIT_01,CRIT,"The rejection of festival structure and discographic rigor are agenda items, but the clearest evaluative action is boundary policing of the debate and heritage/community planning.",26
1982-05-14-left-el-cante-en-la-mirada,candil,Candil,1982-05,1982,HERIT_03,HERIT,"The poem evokes collective memory and old suffering, but it does not clearly frame cante as heritage or safeguarding.",19
1982-05-14-left-el-cante-en-la-mirada,candil,Candil,1982-05,1982,CRIT_01,CRIT,"The language is evaluative and lyrical, but it does not review or judge a specific artist, performance, or work.",19
1982-05-14-right-manuel-celestino-cobos-cobitos,candil,Candil,1982-05,1982,PED_01,PED,"Ramón is said to have given advice, but the visible passage does not make him a sustained pedagogical authority compared with the stronger listening/copying evidence.",26
1982-05-14-right-manuel-celestino-cobos-cobitos,candil,Candil,1982-05,1982,CRIT_03,CRIT,"Cobitos names admired singers and guitarists, but the excerpt does not clearly construct a broader canon or ranking.",18
1982-05-16-left-cartas-a-candil,candil,Candil,1982-05,1982,HERIT_03,HERIT,"The letter concerns historical memory and documentation, but it does not frame Chacón's biography as public heritage or safeguarding.",20
1982-05-16-left-cartas-a-candil,candil,Candil,1982-05,1982,COMM_02,COMM,"The welfare of older flamenco artists is defended, but no community group is clearly positioned as authorizing flamenco knowledge or value.",21
1982-05-16-right-el-romanticismo-flamenco-de-augu,candil,Candil,1982-05,1982,HERIT_02,HERIT,"The Real Academia Española is mentioned, but the visible passage does not clearly use institutional recognition to authorize flamenco as heritage.",21
1982-05-16-right-el-romanticismo-flamenco-de-augu,candil,Candil,1982-05,1982,COMM_04,COMM,"Andalusian and popular identity are present, but the stronger discourse function is rooted tradition and critical canonization rather than identity-boundary framing.",22
1982-05-20-right-el-flamenco-en-el-arte-actual,candil,Candil,1982-05,1982,CRIT_04,CRIT,"Critics and catalog texts are mentioned, but the visible article mainly evaluates and canonizes the exhibitions rather than foregrounding critic authority.",21
1982-05-20-right-el-flamenco-en-el-arte-actual,candil,Candil,1982-05,1982,HERIT_03,HERIT,"The word 'herencia' appears, but the passage does not clearly frame the exhibitions as heritage safeguarding or public memory-work.",20
1982-05-22-left-la-guitarra-y-su-aprendizaje,candil,Candil,1982-05,1982,CRIT_04,CRIT,"Flamencologists are cited and partially challenged, but the stronger discourse concerns pedagogy and notation rather than expert boundary critique.",19
1982-05-22-left-la-guitarra-y-su-aprendizaje,candil,Candil,1982-05,1982,AUTH_01,AUTH,"The article calls flamenco intuitive and emotional, but it does not clearly claim that this makes it more genuinely or properly flamenco.",22
1982-05-22-right-las-alturas-de-manuel-torre-y-va,candil,Candil,1982-05,1982,PED_02,PED,"The ending mentions going to learn with Pastora, Pepe and Tomás, but the truncated context makes the transmission claim too incomplete to code confidently.",24
1982-05-22-right-las-alturas-de-manuel-torre-y-va,candil,Candil,1982-05,1982,COMM_04,COMM,"The trigger word 'hombre' appears, but there is no clear identity-group framing that structures flamenco belonging or authority.",19
1982-05-22-right-las-alturas-de-manuel-torre-y-va,candil,Candil,1982-05,1982,CRIT_01,CRIT,"The article contains general praise and disagreement, but the strongest evaluative functions are canon ranking, aesthetic criteria, and boundary critique already coded.",22
1982-05-23-right-flamenco-y-toros-un-insustituibl,candil,Candil,1982-05,1982,AUTH_03,AUTH,"The text mentions 'entrelazada raíz' and inherited cultural weight, but the clearer discourse function is heritage/public culture and critical canonization of the study.",24
1982-05-23-right-flamenco-y-toros-un-insustituibl,candil,Candil,1982-05,1982,CRIT_04,CRIT,"The review praises the authors' rigor and criticism, but it does not primarily grant critic authority or police improper flamenco boundaries.",21
1982-05-25-right-quienes-fueron-los-maestros,candil,Candil,1982-05,1982,CRIT_01,CRIT,"There are evaluative phrases such as 'eminente cantaora', but the stronger critical function is canonical ranking and transmission.",18
1982-05-25-right-quienes-fueron-los-maestros,candil,Candil,1982-05,1982,COMM_04,COMM,"The text mentions possible calé identity, but it is presented as uncertain biography rather than identity-based authority or representation.",20
1982-07-3-right-editorial,candil,Candil,1982-07,1982,AUTH_02,AUTH,"The editorial draws a moral boundary against plagiarists, but it is not primarily a purity/impurity boundary around proper flamenco forms.",21
1982-07-3-right-editorial,candil,Candil,1982-07,1982,CRIT_01,CRIT,"The issue's studies are praised, but the central visible discourse is heritage/public ownership and boundary critique against appropriation.",20
1982-07-4-right-el-tren-y-la-copla,candil,Candil,1982-07,1982,CRIT_02,CRIT,"The text discusses literary criteria for coplas, but the visible evidence is more clearly a broad critical evaluation than an aesthetic criterion applied to a specific performance or repertoire.",29
1982-07-4-right-el-tren-y-la-copla,candil,Candil,1982-07,1982,HERIT_03,HERIT,"The article invokes archaeology and history, but it critiques creative stagnation rather than framing safeguarding or public heritage work.",19
1982-07-6-left-viejos-letristas-flamencos,candil,Candil,1982-07,1982,PED_03,PED,"The catalog offers access to information for readers, but it does not clearly frame learning or pedagogy as a discourse function.",21
1982-07-6-left-viejos-letristas-flamencos,candil,Candil,1982-07,1982,HERIT_01,HERIT,"The article concerns recovery of flamenco literary history, but it does not explicitly frame the lyricists as public patrimony or collective heritage.",22
1982-07-6-right-catalogo-de-libros-librillos-y-c,candil,Candil,1982-07,1982,AUTH_02,AUTH,"The contrast between popular poets and the cultivated poet's 'usurpación' suggests boundary work, but the visible passage is primarily literary-critical rather than a clear proper/improper flamenco purity claim.",31
1982-07-6-right-catalogo-de-libros-librillos-y-c,candil,Candil,1982-07,1982,PED_02,PED,"The retrieval trigger points to imitation, but the visible text does not clearly frame flamenco knowledge as embodied, oral, familial, or lineage-based transmission.",24
1982-07-16-right-rancapino,candil,Candil,1982-07,1982,CRIT_02,CRIT,"Phrases such as 'Caracol... dolía' and references to cantes offer aesthetic language, but the stronger visible function is canon ranking and transmission.",22
1982-07-17-right-cante-jondo-en-el-grito,candil,Candil,1982-07,1982,AUTH_01,AUTH,"The text clarifies that El Grito is not a flamenco or musical spectacle, but this is genre description rather than an authenticity claim about proper flamenco.",26
1982-07-17-right-cante-jondo-en-el-grito,candil,Candil,1982-07,1982,HERIT_03,HERIT,"The announcement of a reedition of La Solera Fina suggests preservation, but the visible passage is primarily promotional and lacks explicit safeguarding or heritage framing.",25
1982-07-22-right-un-tema-para-estudiar-en-serio,candil,Candil,1982-07,1982,AUTH_01,AUTH,"The text asserts flamenco's seriousness and truth, but the stronger supported codes are aesthetic criteria and critical boundary critique rather than a direct authenticity claim.",26
1982-07-22-right-un-tema-para-estudiar-en-serio,candil,Candil,1982-07,1982,PED_03,PED,"The word 'interpretación' appears, but it concerns literary/critical interpretation rather than learning access or pedagogy.",16
1982-07-24-right-la-guitarra-entre-el-virtu-sismo,candil,Candil,1982-07,1982,HERIT_03,HERIT,"The call to write works permanently in staff notation suggests preservation, but it is framed as musical documentation rather than explicit public heritage or safeguarding discourse.",26
1982-07-25-left-la-plastica-de-un-grito,candil,Candil,1982-07,1982,AUTH_01,AUTH,"The article defines 'lo flamenco' in strong terms, but the visible function is more aesthetic and identity-based than a clear authenticity claim distinguishing genuine from non-genuine flamenco.",29
1982-07-25-left-la-plastica-de-un-grito,candil,Candil,1982-07,1982,AUTH_03,AUTH,"The word 'ancestral' suggests rootedness, but the passage does not clearly use continuity with the past to authorize present flamenco practice beyond the identity framing already coded.",27
1982-07-25-right-soleares,candil,Candil,1982-07,1982,COMM_04,COMM,"The line 'Que yo no le canto al pueblo, que el pueblo canta en mi voz' evokes collective voice, but it appears within poetic lyrics rather than an explicit discourse move about belonging, authority, or representation.",36
1982-07-25-right-soleares,candil,Candil,1982-07,1982,CRIT_02,CRIT,"The soleares contain pain, death, memory, and emotional intensity, but they do not explicitly define or evaluate flamenco aesthetic criteria in commentary.",22
1982-07-26-right-al-filo-del-x-congreso-de-activi,candil,Candil,1982-07,1982,HERIT_02,HERIT,"The Queen's honorary presidency and congress organization indicate institutional prestige, but the visible text does not explicitly frame flamenco as heritage/patrimony or official heritage recognition.",27
1982-07-26-right-al-filo-del-x-congreso-de-activi,candil,Candil,1982-07,1982,CRIT_01,CRIT,"The article evaluates the Congress's seriousness and responsibilities, but the stronger function is expert/boundary critique rather than ordinary review.",21
1982-07-27-left-dos-modos-distintos-de-acercarse,candil,Candil,1982-07,1982,AUTH_02,AUTH,"The quoted passage invokes 'pureza' and 'genuino contenido,' but the broader discourse is better captured as tradition/continuity rather than explicit exclusion of impure flamenco.",25
1982-07-27-left-dos-modos-distintos-de-acercarse,candil,Candil,1982-07,1982,CRIT_03,CRIT,"The reviewer mentions classifications of singers and 'uno de los últimos grandes,' but visible evidence does not develop a clear canon or ranking beyond ordinary review.",26
1982-07-27-right-flamenca,candil,Candil,1982-07,1982,AUTH_01,AUTH,"The passage uses 'verdadera regresión' and 'vida purísima,' but the stronger supported authenticity function is boundary work around improper deformation rather than a standalone authenticity claim.",26
1982-07-27-right-flamenca,candil,Candil,1982-07,1982,CRIT_03,CRIT,"Comparisons with Chacón, Lole, Camarón, and opereta flamenca appear, but they function mainly as evaluative reference points rather than a developed hierarchy or canon.",24
1982-07-29-left-quienes-fueron-los-maestros,candil,Candil,1982-07,1982,COMM_04,COMM,"The text mentions that El Lebrijano was Gitano, but this is primarily biographical and does not clearly organize authority or belonging.",21
1982-07-29-left-quienes-fueron-los-maestros,candil,Candil,1982-07,1982,PED_02,PED,"References to followers and schools suggest lineage, but the visible text does not clearly frame learning or transmission as a discourse function.",22
1982-09-3-right-editorial,candil,Candil,1982-09,1982,AUTH_01,AUTH,"The text uses purity and essence language, but the strongest visible function is purity boundary work rather than a separate genuineness claim.",22
1982-09-3-right-editorial,candil,Candil,1982-09,1982,AUTH_03,AUTH,"Mairena is described as a caretaker of jondo essences, but the passage emphasizes purity and canonization more than tradition/continuity as a distinct claim.",24
1982-09-4-right-antonio-mairena,candil,Candil,1982-09,1982,HERIT_03,HERIT,"The text stresses future, culture, and dissemination, but it does not explicitly frame flamenco as heritage, safeguarding, or public cultural patrimony.",21
1982-09-4-right-antonio-mairena,candil,Candil,1982-09,1982,COMM_02,COMM,"The City and Peña Flamenca of Jaén are praised, but not clearly as community authorities that judge or sustain flamenco knowledge.",21
1982-09-5-right-salia-y-remate-para-antonio-mair,candil,Candil,1982-09,1982,PED_02,PED,"The text mentions a legacy for present and future aficionados and scholars, but it does not clearly describe oral, embodied, familial, or master-apprentice transmission.",25
1982-09-5-right-salia-y-remate-para-antonio-mair,candil,Candil,1982-09,1982,COMM_02,COMM,"The 'aficionados de verdad' phrase could support community authority, but the codebook's exact pattern is more directly covered here by critic/expert authority.",24
1982-09-6-right-antonio-mairena-y-el-duende,candil,Candil,1982-09,1982,AUTH_01,AUTH,"The text repeatedly discusses what cante 'is' and what makes a good cantaor, but the visible discourse is more precisely aesthetic and community-boundary work.",25
1982-09-6-right-antonio-mairena-y-el-duende,candil,Candil,1982-09,1982,PED_02,PED,"Mairena discusses transmitting duende to prepared listeners, but this is performance transmission rather than learning, lineage, or pedagogy.",18
1982-09-7-right-unos-recuerdos-para-antonio-mair,candil,Candil,1982-09,1982,AUTH_03,AUTH,"The article discusses old repertory and the ancient masters, but the stronger emitted PED_02 and CRIT_03 codes capture the clearest discourse functions without overcoding.",24
1982-09-8-right-mairena-y-la-guitarra,candil,Candil,1982-09,1982,COMM_02,COMM,"References to aficionados and intimacy are present, but they do not clearly grant community authority beyond the stronger pedagogical and critical claims.",22
1982-09-11-left-mediaocena-de-repentizaciones-pa,candil,Candil,1982-09,1982,CRIT_01,CRIT,"The poem praises Mairena, but the emitted CRIT_02 captures the clearest evaluative criteria.",13
1982-09-11-left-mediaocena-de-repentizaciones-pa,candil,Candil,1982-09,1982,CRIT_03,CRIT,"The historical posters list performers and events, but they do not themselves construct a clear hierarchy or canon in the visible text.",22
1982-09-14-right-ejemplo-a-seguir,candil,Candil,1982-09,1982,PED_01,PED,"Mairena is called Maestro, but the more precise pedagogical issue is learning, imitation, and personal transformation, captured under PED_03.",19
1982-09-15-left-maestro,candil,Candil,1982-09,1982,AUTH_01,AUTH,The phrase 'verdad y belleza' is too general here and does not clearly assert flamenco authenticity.,16
1982-09-15-right-irene-cruz-serrano,candil,Candil,1982-09,1982,PED_02,PED,"The family setting suggests lineage, but the visible excerpt does not clearly describe learning or transmission.",16
1982-09-16-right-la-creacion-en-mairena,candil,Candil,1982-09,1982,AUTH_03,AUTH,"The article invokes origins and the common repertoire, but the stronger visible discourse concerns authenticity boundaries and creation/reproduction.",19
1982-09-17-right-las-siguriyas-de-manuel-torres,candil,Candil,1982-09,1982,AUTH_02,AUTH,"The phrase 'flamenco puro' appears, but the passage primarily uses purity as an aesthetic criterion rather than drawing an explicit purity boundary.",22
1982-09-17-right-las-siguriyas-de-manuel-torres,candil,Candil,1982-09,1982,CRIT_03,CRIT,"The comparisons with other great singers imply hierarchy, but the strongest evidence is direct evaluation rather than canon formation.",19
1982-09-18-right-antonio-mairena-y-ricardo-molina,candil,Candil,1982-09,1982,CRIT_02,CRIT,"The visible excerpt includes 'voz' and 'esencia', but does not clearly apply a distinct aesthetic criterion beyond general praise.",19
1982-09-19-right-antonio-mairena-cabal-entre-caba,candil,Candil,1982-09,1982,PED_01,PED,"References to magisterio and conocimiento praise authority, but the visible text does not clearly frame Mairena as teaching or correcting learners.",21
1982-09-19-right-antonio-mairena-cabal-entre-caba,candil,Candil,1982-09,1982,HERIT_03,HERIT,"The recovery of lost cantes is preservation-oriented, but the passage is stronger as tradition/continuity than public heritage safeguarding.",20
1982-09-20-left-a-antonio-mairena,candil,Candil,1982-09,1982,AUTH_03,AUTH,"The poem evokes past voices and sources, but does not clearly use continuity or roots to authorize present flamenco practice.",20
1982-09-20-left-a-antonio-mairena,candil,Candil,1982-09,1982,CRIT_02,CRIT,"The language is aesthetic, but it does not name or apply a distinct flamenco quality criterion such as compás, duende, depth, or technique.",23
1982-09-20-right-escritos-de-a-mairena,candil,Candil,1982-09,1982,HERIT_03,HERIT,"The language of rescue overlaps with safeguarding, but the passage does not clearly frame the writings as public cultural heritage.",20
1982-09-20-right-escritos-de-a-mairena,candil,Candil,1982-09,1982,CRIT_04,CRIT,"Editors claim responsibility for selection and organization, but the core discourse is rescue, mediation, and canonization rather than critic authority.",20
1982-09-21-right-por-que-flamenco,candil,Candil,1982-09,1982,COMM_01,COMM,"There is a boundary around Gypsy contribution and naming, but the stronger function is identity-group framing rather than insider/outsider knowledge.",22
1982-09-21-right-por-que-flamenco,candil,Candil,1982-09,1982,AUTH_01,AUTH,"Authenticity is invoked, but the dominant move is boundary work around naming and origin rather than a simple authenticity attribution.",20
1982-09-22-right-un-cante-que-nunca-fue-popular,candil,Candil,1982-09,1982,AUTH_01,AUTH,"The passage repeatedly asserts a true name, but this is better captured by purity/properness boundary work in AUTH_02.",19
1982-09-22-right-un-cante-que-nunca-fue-popular,candil,Candil,1982-09,1982,CRIT_03,CRIT,"The text ranks names and origins, but it does not construct a canon or hierarchy of artists, works, or styles.",20
1982-09-24-left-significado-y-responsabilidad-de,candil,Candil,1982-09,1982,PED_03,PED,"The text mentions copying and learning techniques, but the dominant discourse function is exclusionary authenticity rather than access to pedagogy.",20
1982-09-25-right-apuntes-de-mis-vivencias-a-o-192,candil,Candil,1982-09,1982,CRIT_04,CRIT,"The reference to intellectual hostility toward flamenco is evaluative, but the excerpt does not clearly position that criticism as authoritative.",20
1982-09-30-right-el-placer-de-la-forja-de-una-ami,candil,Candil,1982-09,1982,COMM_02,COMM,"The friendship and tertulia language suggests flamenco sociability, but the visible evidence mainly functions as personal recollection and praise rather than community authority.",23
1982-09-32-left-la-fragua-de-los-mairena,candil,Candil,1982-09,1982,COMM_04,COMM,"Gitano identity is central, but the emitted AUTH_01 and PED_02 codes better capture the text's immediate claims about genuine artistic formation.",22
1982-09-32-left-la-fragua-de-los-mairena,candil,Candil,1982-09,1982,CRIT_01,CRIT,"The text praises Paco's work, but the stronger evaluative function is canonizing mairenismo and a family lineage.",18
1982-09-33-left-en-segovia,candil,Candil,1982-09,1982,COMM_04,COMM,"The article foregrounds Gitano identity, but the strongest visible functions are lineage transmission, purity preservation, and institutional recognition.",18
1982-09-33-right-apuntes-para-la-historia-y-evolu,candil,Candil,1982-09,1982,CRIT_01,CRIT,"The public debut of the romance is said to cause surprise, but that is weaker than the article's historical and authority-making claims.",24
1982-09-35-right-notas-referentes-al-cante-por-to,candil,Candil,1982-09,1982,HERIT_03,HERIT,"The language of legacy and recording suggests safeguarding, but the passage is stronger as tradition/continuity preservation than public heritage discourse.",21
1982-09-35-right-notas-referentes-al-cante-por-to,candil,Candil,1982-09,1982,COMM_04,COMM,"Local and family identity appears, but it does not clearly organize authority beyond biographical and evaluative description.",17
1982-09-37-left-mis-recuerdos-de-manuel-torre,candil,Candil,1982-09,1982,COMM_02,COMM,"Mairena is presented as custodian of the Alcalá cante, but the stronger evidence concerns purity, continuity, and personal transmission.",19
1982-09-38-right-semblanza-de-manuel-torre-manuel,candil,Candil,1982-09,1982,COMM_01,COMM,"The contrast between those who knew Torre and later listeners suggests insider knowledge, but it is less central than the explicit canonization and aesthetic evaluation.",25
1982-09-39-left-recuerdos-psicol-gicos-de-juan-t,candil,Candil,1982-09,1982,CRIT_01,CRIT,"The text praises Talega, but the stronger functions are authenticity, insider authority, identity framing, and boundary critique.",17
1982-09-40-left-antonio-fernandez-diaz-fosforito,candil,Candil,1982-09,1982,COMM_02,COMM,"The afición is involved in the homage and in audience formation, but the strongest evidence centers on official recognition, praise, and preservation.",22
1982-09-41-left-sobre-el-futuro-de-la-vida-del-c,candil,Candil,1982-09,1982,HERIT_03,HERIT,"The article worries about survival and conservation, but it does not clearly shift into public heritage or safeguarding discourse.",19
1982-09-41-right-mi-profundo-agradecimiento-y-mi-,candil,Candil,1982-09,1982,COMM_02,COMM,"Friends and mairenistas are named as contributors, but the passage emphasizes interpretive and institutional recognition rather than community authority.",19
1982-09-41-right-mi-profundo-agradecimiento-y-mi-,candil,Candil,1982-09,1982,CRIT_01,CRIT,"The text includes gratitude and honorific praise, but the stronger discourse functions are official recognition, mediation, and legitimation of Mairenismo.",20
1982-09-46-right-se-acuerda,candil,Candil,1982-09,1982,PED_01,PED,"Mairena is called maestro, but the anecdote does not frame him as teaching or transmitting knowledge.",16
1982-09-46-right-se-acuerda,candil,Candil,1982-09,1982,HERIT_02,HERIT,"The plaque to Ricardo Molina is mentioned only as setting, not as a developed public heritage authorization.",17
1982-09-47-left-chac-n-y-mairena-en-mi-concepto-,candil,Candil,1982-09,1982,AUTH_01,AUTH,"Truth and purity are central, but the more precise code is purity boundary work rather than a general authenticity claim.",20
1982-09-47-left-chac-n-y-mairena-en-mi-concepto-,candil,Candil,1982-09,1982,PED_01,PED,"The article says Mairena is learned from, but it also says he does not dictate lessons; oral transmission fits better than formal pedagogical authority.",24
1982-09-48-left-corona-po-tica-para-el-cantor-an,candil,Candil,1982-09,1982,PED_03,PED,"Candil reproduces the poetic selection, but this is publication circulation rather than a clear discourse of learning access.",18
1982-09-48-left-corona-po-tica-para-el-cantor-an,candil,Candil,1982-09,1982,AUTH_03,AUTH,"The poems evoke origins and race, but the visible excerpts do not clearly use continuity or tradition to authorize a present practice.",22
1982-09-51-left-mairena-en-la-uni-n,candil,Candil,1982-09,1982,CRIT_02,CRIT,"The passage evokes trance and emotional impact, but does not apply a specific flamenco aesthetic criterion beyond general evaluation.",19
1982-09-51-left-mairena-en-la-uni-n,candil,Candil,1982-09,1982,COMM_02,COMM,"Mairenistas and local afición appear, but the stronger community function is the participatory ritual setting.",15
1982-09-51-right-evocaci-n-de-antonio-mairena,candil,Candil,1982-09,1982,AUTH_04,AUTH,"Tourist imagery is criticized, but the passage is more about stereotyped identity than commercialization as a threat to authentic flamenco practice.",21
1982-09-51-right-evocaci-n-de-antonio-mairena,candil,Candil,1982-09,1982,PED_01,PED,"Mairena offers an interpretive remark about duende and minera, but the text does not frame this as teaching authority.",19
1982-09-53-right-tradici-n-aportaci-n-y-grandeza,candil,Candil,1982-09,1982,AUTH_01,AUTH,"The final phrase 'eres eso, la verdad flamenca' has authenticity force, but it overlaps strongly with the emitted tradition and canonization codes.",22
1982-09-53-right-tradici-n-aportaci-n-y-grandeza,candil,Candil,1982-09,1982,CRIT_04,CRIT,"The criticism of unprepared new 'geniuses' has boundary-policing elements, but the clearest function is tradition-based evaluation rather than expert critical authority.",23
1982-09-54-right-s-ntesis-o-creaci-n-del-cante,candil,Candil,1982-09,1982,CRIT_04,CRIT,"Ricardo Molina is quoted as an authoritative commentator, but the article's dominant function is canonization and evaluation rather than expert-voice authorization.",23
1982-09-54-right-s-ntesis-o-creaci-n-del-cante,candil,Candil,1982-09,1982,HERIT_01,HERIT,"The article calls cante a cultural and social phenomenon, but it does not clearly shift into public heritage or patrimony discourse.",21
1982-09-55-right-antonio-mairena-y-su-raz-n-incor,candil,Candil,1982-09,1982,CRIT_03,CRIT,"The claim that his search has no parallel among cantaores is hierarchical, but it is secondary to the stronger authenticity, roots, and identity framing.",24
1982-09-55-right-antonio-mairena-y-su-raz-n-incor,candil,Candil,1982-09,1982,PED_02,PED,"The article mentions learning, masters, and inheritance, but the visible discourse works more as roots-based legitimation than as a detailed transmission model.",23
1982-09-56-right-discograf-a-de-antonio-mairena,candil,Candil,1982-09,1982,CRIT_01,CRIT,"The phrase 'clásicos refritos' criticizes record-company practice, but the article is mostly bibliographic and the evaluative target is narrow.",20
1982-09-57-left-discograf-a-incunable-de-antonio,candil,Candil,1982-09,1982,COMM_02,COMM,"Aficionados are mentioned as owners/readers and as a mass of reception, but they are not clearly granted judging authority except in scattered references.",24
1982-09-57-left-discograf-a-incunable-de-antonio,candil,Candil,1982-09,1982,AUTH_04,AUTH,"The recordings are described as private and outside circuits, but the article does not clearly link that privacy to authenticity or anti-commercial value.",24
1982-09-57-left-discograf-a-incunable-de-antonio,candil,Candil,1982-09,1982,HERIT_01,HERIT,"The word 'patrimonio' refers to the author's modest personal holdings, not public cultural heritage.",15
1982-09-58-left-fichas-para-una-hemeroteca,candil,Candil,1982-09,1982,CRIT_03,CRIT,"Several cited article titles canonize Mairena, but they appear mainly as bibliographic entries rather than the article's own sustained evaluative discourse.",22
1982-09-58-left-fichas-para-una-hemeroteca,candil,Candil,1982-09,1982,CRIT_04,CRIT,"The article discusses critical judgments and hemerographic records, but the visible passage does not clearly exercise expert critical authority beyond archival compilation.",22
1982-09-59-left-de-l-tambi-n-se-ha-dicho,candil,Candil,1982-09,1982,COMM_01,COMM,"The trigger 'fuera de serie' is an idiom of excellence, not an insider/outsider boundary.",15
1982-09-59-left-de-l-tambi-n-se-ha-dicho,candil,Candil,1982-09,1982,HERIT_03,HERIT,"The claim that styles would have been lost suggests preservation, but the passage frames this primarily as tradition/authenticity and canonization rather than public heritage discourse.",26
1982-11-3-right-editorial,candil,Candil,1982-11,1982,AUTH_03,AUTH,"The editorial invokes past Andalusian reality and cultural recovery, but the stronger coded claims concern genuineness, spectator distance, and commercial distortion.",21
1982-11-3-right-editorial,candil,Candil,1982-11,1982,CRIT_04,CRIT,"The critique of crematistic experiments has boundary-policing force, but it is already captured more directly as anti-commercial authenticity discourse.",21
1982-11-4-right-el-villancico-y-la-navidad-flame,candil,Candil,1982-11,1982,CRIT_03,CRIT,"The phrase 'La más rancia manifestación lírica europea' ranks the villancico, but it concerns the villancico broadly and is not developed as a flamenco canon claim.",26
1982-11-4-right-el-villancico-y-la-navidad-flame,candil,Candil,1982-11,1982,PED_01,PED,"The article explains and defines the villancico using the Real Academia, but it does not clearly frame a flamenco teaching authority or pedagogical transmission relation.",25
1982-11-8-left-addenda-et-corrigenda-de-una-rel,candil,Candil,1982-11,1982,AUTH_03,AUTH,"The article discusses oral transmission and historical recovery, but the visible passage does not use tradition or roots to authorize a present flamenco practice.",24
1982-11-8-right-de-los-gitanos-de-flandes-a-los-,candil,Candil,1982-11,1982,COMM_02,COMM,"The Peña Flamenca de Jaén is mentioned only as the current location of a palace, not as an authorizing community actor.",21
1982-11-8-right-de-los-gitanos-de-flandes-a-los-,candil,Candil,1982-11,1982,PED_03,PED,"The word título refers to a military rank, not to learning access or institutional pedagogy.",15
1982-11-8-right-de-los-gitanos-de-flandes-a-los-,candil,Candil,1982-11,1982,HERIT_03,HERIT,"The article uses documentary-history language, but the visible text does not clearly frame safeguarding, living heritage, or public heritage responsibility.",21
1982-11-11-right-las-letras-flamencas-de-servula-,candil,Candil,1982-11,1982,COMM_04,COMM,"The author identifies Palacios as a woman over seventy, but gender is not developed as a basis of flamenco authority or belonging.",22
1982-11-12-left-a-la-tona,candil,Candil,1982-11,1982,CRIT_02,CRIT,"The poem evokes the tona as a cry, prayer, and agony, but it does not clearly apply aesthetic criteria or make an evaluative judgment.",24
1982-11-12-left-a-la-tona,candil,Candil,1982-11,1982,AUTH_01,AUTH,"The text is expressive and definitional, but it does not assert what is genuinely or properly flamenco.",17
1982-11-12-right-ellos-los-protagonistas-dicen-la,candil,Candil,1982-11,1982,AUTH_04,AUTH,"Comercial describes perceived public appeal of a soleá style, not commercialization as a threat to authenticity.",16
1982-11-12-right-ellos-los-protagonistas-dicen-la,candil,Candil,1982-11,1982,CRIT_01,CRIT,"There are aesthetic judgments such as 'más dulce,' but the stronger discourse function is lineage transmission and preservation.",18
1982-11-14-right-carta-abierta-al-cantaor-don-ant,candil,Candil,1982-11,1982,PED_02,PED,"The passage mentions traditions and influences, but it does not clearly describe embodied, oral, or lineage-based learning.",18
1982-11-14-right-carta-abierta-al-cantaor-don-ant,candil,Candil,1982-11,1982,CRIT_03,CRIT,"The ending canonizes Mairena as perhaps the best and most extensive gitano-andaluz singer, but the article's main visible discourse is a critical contestation of his theory.",28
1982-11-14-right-carta-abierta-al-cantaor-don-ant,candil,Candil,1982-11,1982,AUTH_01,AUTH,"Authenticity language appears, but it is embedded in a race-boundary argument better captured by COMM_04.",16
1982-11-15-right-la-gracia-y-la-guasa-de-juan-bel,candil,Candil,1982-11,1982,CRIT_02,CRIT,"The word voz appears in the anecdote, but it describes a telephone voice rather than an aesthetic criterion for flamenco.",20
1982-11-15-right-la-gracia-y-la-guasa-de-juan-bel,candil,Candil,1982-11,1982,HERIT_03,HERIT,"The phrase vieja página flamenca suggests archival memory, but the visible text mainly frames a critical reprint rather than public safeguarding or heritage work.",24
1982-11-16-right-un-cante-que-destruye,candil,Candil,1982-11,1982,COMM_03,COMM,"The 'cuarto' setting is described as unusual, but the visible text does not clearly contrast participatory private flamenco with public spectatorship as a source of authority.",26
1982-11-16-right-un-cante-que-destruye,candil,Candil,1982-11,1982,CRIT_03,CRIT,"The Schumann quotation and remarks about genius imply high status, but the main discourse function is aesthetic evaluation rather than canon ranking.",22
1982-11-17-left-algunas-apreciaciones-sobre-los-,candil,Candil,1982-11,1982,PED_01,PED,"The article discusses knowledge and classification, but it does not clearly frame a teacher, school, or method as pedagogical authority.",20
1982-11-17-left-algunas-apreciaciones-sobre-los-,candil,Candil,1982-11,1982,CRIT_03,CRIT,"There are comparisons among cantes and cantaores, but the stronger discourse function is authenticity classification and expert boundary critique.",19
1982-11-17-right-dialogo-abierto-sobre-los-cantes,candil,Candil,1982-11,1982,CRIT_03,CRIT,"The author rejects the chico/grande hierarchy and mentions great cantaores, but the passage does not chiefly build a canon beyond the expert classificatory argument.",25
1982-11-17-right-dialogo-abierto-sobre-los-cantes,candil,Candil,1982-11,1982,COMM_02,COMM,"Aficionados are mentioned, but they are not clearly granted collective authority; the author primarily asserts his own classificatory position.",19
1982-11-18-right-quienes-fueron-los-maestros,candil,Candil,1982-11,1982,CRIT_01,CRIT,"There is broad praise of Frasco and Enrique Ortega, but it is covered more specifically by canon/hierarchy and authenticity codes.",21
1982-11-18-right-quienes-fueron-los-maestros,candil,Candil,1982-11,1982,COMM_02,COMM,"Flamenco gatherings and friendships are described, but community authority is not the main authorizing function in the visible passage.",19
1982-11-19-right-flamenca,candil,Candil,1982-11,1982,CRIT_03,CRIT,"The review mentions historical recordings and refuses to call them antológicas, but the visible passage mainly evaluates performances rather than constructing a canon.",23
1982-11-21-left-placas-de-artistas-flamencos,candil,Candil,1982-11,1982,COMM_04,COMM,"The word 'mujer' appears in a lyric/title list, but it does not frame identity, belonging, authority, or representation.",19
1983-01-3-right-editorial,candil,Candil,1983-01,1983,HERIT_03,HERIT,"Transmission and cultural recovery are implied, but the stronger visible functions are institutional schooling and public heritage recognition.",18
1983-01-4-right-tierra-sobre-la-tierra-aproximac,candil,Candil,1983-01,1983,HERIT_03,HERIT,"The text describes flamenco as threatened, but the visible passage emphasizes identity and anti-commercial critique more than public safeguarding practice.",21
1983-01-4-right-tierra-sobre-la-tierra-aproximac,candil,Candil,1983-01,1983,CRIT_03,CRIT,"The ending says cante is the most representative part of flamenco, but this hierarchy is brief and less central than the anti-tourist critique.",24
1983-01-9-right-el-flamenco-a-los-centros-de-ens,candil,Candil,1983-01,1983,AUTH_02,AUTH,"The text contrasts fidelity to purity with commercial motivations, but the dominant visible discourse is heritage protection and institutional pedagogy.",20
1983-01-10-right-dos-genios-revolucionarios-juan-,candil,Candil,1983-01,1983,AUTH_03,AUTH,"References to 'fuentes puras del cante' and masters suggest roots/continuity, but the stronger visible discourse is pedagogical lineage and critical canonization.",22
1983-01-11-right-ellos-los-protagonistas-dicen-ma,candil,Candil,1983-01,1983,COMM_02,COMM,"Jerez is strongly framed as a knowledgeable flamenco community, but this overlaps with the emitted authenticity and ranking claims.",19
1983-01-13-right-aunque-no-quepa-en-el-papel-la-s,candil,Candil,1983-01,1983,AUTH_03,AUTH,"The text discusses precedents and historical rootedness, but it is mainly evaluating scholarly method rather than grounding present flamenco value in tradition.",22
1983-01-13-right-aunque-no-quepa-en-el-papel-la-s,candil,Candil,1983-01,1983,AUTH_03,AUTH,"Historical and social embeddedness is visible, but the excerpt uses it primarily as critical/scholarly method rather than as a tradition-continuity claim.",23
1983-01-14-right-la-etica-en-el-flamenco,candil,Candil,1983-01,1983,COMM_02,COMM,"The text mentions 'entendidos' and jurors, but the stronger discourse is expert critical responsibility rather than community/afición authority.",19
1983-01-15-right-opiniones-de-ayer,candil,Candil,1983-01,1983,HERIT_02,HERIT,"The Granada festival and European association imply institutional recognition, but the visible passage does not frame this as heritage authorization.",20
1983-01-16-left-las-saetas-de-jose-luis-buendia,candil,Candil,1983-01,1983,CRIT_02,CRIT,"The text uses emotive and religious descriptors, but they primarily introduce the genre rather than define evaluative criteria for flamenco quality.",21
1983-01-16-right-la-saeta-por-miguel-calvo-morill,candil,Candil,1983-01,1983,CRIT_02,CRIT,"Terms such as noble, austere, lamento, and grito are aesthetic descriptors, but the text is a poem and does not clearly apply them as critical criteria.",26
1983-01-17-left-quienes-fueron-los-maestros,candil,Candil,1983-01,1983,PED_03,PED,"Later artists copied El Canario's practice, but the passage treats this mainly as influence and style history rather than a learning/access discourse.",24
1983-01-18-left-mesa-redonda-sobre-canalejas-de-,candil,Candil,1983-01,1983,CRIT_04,CRIT,"The text criticizes shallow labeling of artists, but the stronger visible functions are community authority, lineage transmission, identity framing, and canonization.",21
1983-01-18-right-flamenca,candil,Candil,1983-01,1983,COMM_02,COMM,"The trigger 'Peña' is only part of Juan Peña's name here, not a peña/aficionado community authority claim.",19
1983-01-18-right-flamenca,candil,Candil,1983-01,1983,CRIT_03,CRIT,"The comparison with Persecución and Felix Grande implies relative ranking, but the stronger visible discourse is direct critical evaluation and aesthetic criteria.",22
1983-03-3-right-editorial,candil,Candil,1983-03,1983,PED_03,PED,"The text discusses stimulating young values, but it does not frame this as institutional learning or access to flamenco knowledge.",20
1983-03-4-right-tierra-sobre-la-tierra-aproximac,candil,Candil,1983-03,1983,AUTH_01,AUTH,"The passage defines flamenco's essence and personality, but the clearest authenticity work is through roots/origins rather than an explicit genuineness claim.",23
1983-03-4-right-tierra-sobre-la-tierra-aproximac,candil,Candil,1983-03,1983,CRIT_03,CRIT,"The four basic cantes are identified as central, but the passage primarily defines aesthetic/structural criteria rather than ranking artists or creating a canon.",24
1983-03-8-left-principios-elementales-de-musico,candil,Candil,1983-03,1983,CRIT_03,CRIT,"The word 'grandezas' signals praise, but it does not construct a hierarchy or canon among artists, styles, or works.",19
1983-03-8-left-principios-elementales-de-musico,candil,Candil,1983-03,1983,AUTH_04,AUTH,"The text criticizes commercial uses of music generally, but it does not link commercialization specifically to loss of flamenco authenticity.",20
1983-03-10-right-antecedente-teresiano-del-mirabr,candil,Candil,1983-03,1983,PED_02,PED,"The article discusses transmission and deformation of words, but the visible excerpt mainly makes origin and scholarly-interpretive claims rather than showing embodied or oral learning.",26
1983-03-13-right-el-cante-jondo-en-antonio-machad,candil,Candil,1983-03,1983,COMM_04,COMM,"The review quotes Urbano's framing of exploited Andalusian women, but this is embedded in a critique of Urbano's interpretation rather than an emitted identity-authority claim by the article itself.",32
1983-03-13-right-el-cante-jondo-en-antonio-machad,candil,Candil,1983-03,1983,AUTH_01,AUTH,"The text mentions copla jonda and flamenca, but does not clearly assert authenticity or proper flamenco beyond critical evaluation of the book.",22
1983-03-14-right-ellos-los-protagonistas-dicen-ca,candil,Candil,1983-03,1983,COMM_02,COMM,"Mairena is presented as a cantaor community with shared knowledge, but the stronger visible function is transmission of influence and roots.",21
1983-03-14-right-ellos-los-protagonistas-dicen-ca,candil,Candil,1983-03,1983,HERIT_03,HERIT,"The ending proposes maintaining and diffusing flamenco, but it is framed more directly as institutional pedagogy than explicit heritage safeguarding.",20
1983-03-16-left-rememorando-a-rafael-de-leon,candil,Candil,1983-03,1983,AUTH_03,AUTH,"The remembrance connects Rafael de León to popular Andalusian song and cante grande, but it does not clearly use tradition or continuity as the main authorizing basis.",27
1983-03-16-right-arbol-del-tango-gitano,candil,Candil,1983-03,1983,CRIT_03,CRIT,"The text names best and great interpreters, but the more central discourse is origin definition and boundary critique among styles.",20
1983-03-16-right-arbol-del-tango-gitano,candil,Candil,1983-03,1983,AUTH_02,AUTH,"The statement that tanguillo falls outside the flamenco orbit has purity-boundary implications, but it is better captured as critical stylistic boundary policing.",23
1983-03-18-left-el-x-congreso-de-actividades-fla,candil,Candil,1983-03,1983,PED_03,PED,"The text discusses debate and clarification at congresses, but it does not clearly frame institutional learning access or pedagogy as the main discourse.",23
1983-03-18-right-lo-jondo-en-federico-garcia-lorc,candil,Candil,1983-03,1983,AUTH_03,AUTH,"The definition mentions roots and lived experience, but the stronger visible function is aesthetic definition and identity framing rather than tradition-continuity.",22
1983-03-20-right-viaje-por-la-solea-mesa-redonda-,candil,Candil,1983-03,1983,AUTH_03,AUTH,"The text discusses origin and rootedness of soleá, but the clearest authority claim is purity boundary work around Triana.",19
1983-03-22-left-las-letras-flamencas-de-ramon-po,candil,Candil,1983-03,1983,CRIT_02,CRIT,"Compás and estremecimiento appear as aesthetic language, but the passage primarily evaluates the lyrics and their passage into performance.",19
1983-03-22-right-la-experiencia-que-es-madre-de-l,candil,Candil,1983-03,1983,HERIT_03,HERIT,"The article discusses diffusion and school practice, but the strongest heritage evidence is institutional recognition rather than safeguarding/living heritage.",20
1983-03-22-right-la-experiencia-que-es-madre-de-l,candil,Candil,1983-03,1983,AUTH_03,AUTH,"The reference to basic canons with which flamenco was born suggests origins, but it functions mainly as critical boundary work around innovation.",22
1983-03-23-right-la-epoca-clasica-del-flamenco,candil,Candil,1983-03,1983,CRIT_02,CRIT,"Musical quality and interpretation are discussed, but the emitted codes better capture the stronger canon, preservation, and boundary-work functions.",20
1983-03-24-left-discografia-flamenca-car-tulas,candil,Candil,1983-03,1983,AUTH_01,AUTH,"The phrase 'auténtica joya flamenca' appears near the end, but it functions as general praise of possible archival material rather than a developed authenticity claim.",25
1983-03-24-left-discografia-flamenca-car-tulas,candil,Candil,1983-03,1983,COMM_04,COMM,"The article mentions two peoples and two cultures, but the passage evaluates an artistic concept rather than using identity categories to define belonging or authority.",25
1983-03-25-left-aurelio-selles,candil,Candil,1983-03,1983,HERIT_02,HERIT,"The Premio Nacional de Cante and contest jury roles show institutional recognition, but the visible passage does not clearly frame this as heritage or public-culture authorization.",27
1983-03-25-left-aurelio-selles,candil,Candil,1983-03,1983,COMM_03,COMM,"The fiesta anecdote shows a social performance setting, but it does not clearly contrast participatory/private and public/spectatorial value.",20
1983-05-3-right-editorial,candil,Candil,1983-05,1983,HERIT_01,HERIT,"The editorial broadly frames flamenco as public cultural value, but the stronger and more specific institutional and safeguarding codes capture the visible discourse.",23
1983-05-3-right-editorial,candil,Candil,1983-05,1983,AUTH_02,AUTH,"The phrase 'espúreas exégesis' suggests boundary-work, but the passage is primarily about institutional safeguarding rather than excluding specific impure flamenco forms.",22
1983-05-4-left-a-diego,candil,Candil,1983-05,1983,COMM_03,COMM,"The remembered nocturnal gathering in a tabernilla is socially intimate, but the passage does not clearly contrast participatory/private flamenco against public spectatorship as a value claim.",27
1983-05-5-left-tierra-sobre-la-tierra-aproximac,candil,Candil,1983-05,1983,PED_02,PED,"The visible text discusses origins and classification but does not clearly describe embodied, oral, familial, or lineage-based transmission as a pedagogical process.",23
1983-05-6-right-las-corridas-o-corridos,candil,Candil,1983-05,1983,AUTH_03,AUTH,"The article describes traditional romances and historical derivations, but the past is mostly classificatory rather than used to authorize present value.",21
1983-05-6-right-las-corridas-o-corridos,candil,Candil,1983-05,1983,CRIT_03,CRIT,"The passage names derivations and variants, but it does not clearly construct a sustained canon or ranking beyond localized aesthetic judgments.",21
1983-05-10-right-cante-jondo-el-otro-sacramento-d,candil,Candil,1983-05,1983,HERIT_02,HERIT,"The passage discusses church authorization and Vatican II, but the institutional frame concerns liturgical permission more than authorized heritage recognition.",20
1983-05-10-right-cante-jondo-el-otro-sacramento-d,candil,Candil,1983-05,1983,AUTH_02,AUTH,"The bishop's stated reasons draw a boundary between mass and spectacle, but the visible text presents this mostly as reported institutional reasoning rather than a flamenco authenticity boundary.",29
1983-05-12-right-con-paco-vallecillo,candil,Candil,1983-05,1983,AUTH_03,AUTH,"The interview invokes Andalusian rootedness, but the stronger discourse function is institutional heritage authorization rather than tradition-continuity rhetoric.",19
1983-05-13-right-ellos-los-protagonistas-dicen-ro,candil,Candil,1983-05,1983,CRIT_02,CRIT,"Technique is mentioned, but the visible passage mainly discusses transmission and inherited memory rather than applying an aesthetic criterion to judge performance quality.",23
1983-05-15-left-mario-maya,candil,Candil,1983-05,1983,CRIT_01,CRIT,"The poem is a poetic homage and contains admiring imagery, but it does not provide a clear critical judgment or evaluative discourse function under the codebook.",26
1983-05-15-right-las-letras-flamencas-de-jose-mar,candil,Candil,1983-05,1983,CRIT_01,CRIT,"The visible text consists of flamenco lyrics without commentary evaluating a performer, style, event, or repertoire.",16
1983-05-16-left-en-torno-al-x-concurso-nacional-,candil,Candil,1983-05,1983,PED_02,PED,"The phrase about generations and dynasties suggests lineage, but the passage uses it mainly for canonization and contest history rather than describing transmission practice.",24
1983-05-17-right-enderezando-entuertos,candil,Candil,1983-05,1983,CRIT_04,CRIT,"The author says he has observed errors and will correct them, but the visible text does not show the substance of the critique or a clearly flamenco-related boundary or authority claim.",32
1983-05-19-right-el-bizco-amate-mendigo-del-cante,candil,Candil,1983-05,1983,COMM_02,COMM,"The final remark that the afición has forgotten him mentions the flamenco community, but it does not clearly grant that community authority to recognize or judge him.",27
1983-05-20-right-a-todas-las-pe-as-flamen-as,candil,Candil,1983-05,1983,PED_02,PED,"The phrase 'correa de transmisión' suggests transmission, but the passage does not clearly describe oral, embodied, familial, or pedagogical learning.",20
1983-05-21-left-el-xi-congreso-nacional-de-activ,candil,Candil,1983-05,1983,HERIT_02,HERIT,"The congress and cultural center are institutional contexts, but the passage is mainly an administrative announcement without explicit heritage authorization or valuation.",22
1983-05-21-left-el-xi-congreso-nacional-de-activ,candil,Candil,1983-05,1983,CRIT_01,CRIT,"The phrase 'gran escultor granadino Miguel Moreno' praises the cover artist, but the visible passage is a correction notice rather than a substantive flamenco critical evaluation.",26
1983-05-21-right-flamenca,candil,Candil,1983-05,1983,AUTH_01,AUTH,"The phrase 'auténtica dimensión' has authenticity language, but it mainly describes popularity and mastery of fandangos rather than drawing a clear authenticity claim about proper flamenco.",26
1983-05-21-right-flamenca,candil,Candil,1983-05,1983,PED_03,PED,"The passage discusses interpretations and local styles, but it does not thematize learning, pedagogy, or access to flamenco knowledge.",19
1983-05-23-left-gabriel-diaz-fernandez-macande,candil,Candil,1983-05,1983,COMM_04,COMM,"Gitano identity is mentioned as biographical and vocal inheritance, but the visible text does not clearly use it to define broader belonging or representation.",24
1983-07-7-right-andres-segovia-linarense-univers,candil,Candil,1983-07,1983,CRIT_03,CRIT,"The text clearly canonizes Andrés Segovia as a guitarist, but the visible passage concerns classical guitar rather than flamenco discourse.",20
1983-07-7-right-andres-segovia-linarense-univers,candil,Candil,1983-07,1983,HERIT_02,HERIT,"Institutional honors and recognition are mentioned, but they are not framed as flamenco or flamenco heritage recognition in the visible text.",21
1983-07-14-left-cincuenta-a-os-de-luz-y-duendes,candil,Candil,1983-07,1983,PED_01,PED,"The article repeatedly calls Mairena 'maestro' and invokes magisterio, but the visible excerpt does not clearly discuss teaching or pedagogical transmission.",21
1983-07-14-left-cincuenta-a-os-de-luz-y-duendes,candil,Candil,1983-07,1983,COMM_04,COMM,"The reference to a persecuted people has identity framing, but the main discourse function in the visible span is public recognition and remembrance rather than defining belonging or representation.",29
1983-07-17-right-carmen-linares,candil,Candil,1983-07,1983,COMM_02,COMM,"The text mentions Madrid's flamenco environment and important artists, but it does not clearly grant community authority to aficionados, peñas, or local participants.",24
1983-07-17-right-carmen-linares,candil,Candil,1983-07,1983,CRIT_01,CRIT,"Chacón is praised as extraordinary and complete, but the stronger visible evaluative function is the applied criterion for accompaniment.",19
1983-07-19-right-a-antonio-mairena,candil,Candil,1983-07,1983,CRIT_01,CRIT,"The poem venerates Mairena, but it does not make a clear critical evaluation of his artistic quality through review-like judgment.",21
1983-07-19-right-a-antonio-mairena,candil,Candil,1983-07,1983,HERIT_01,HERIT,"There is collective memory language, but no explicit public heritage or patrimony framing.",13
1983-07-20-left-un-solo-ritmo,candil,Candil,1983-07,1983,AUTH_01,AUTH,"The phrase 'dará auténtico valor' appears, but it functions mainly as aesthetic evaluation of rhythmic coordination rather than a broader authenticity claim about proper flamenco.",25
1983-07-20-left-un-solo-ritmo,candil,Candil,1983-07,1983,PED_02,PED,"Compás and gesture are mentioned, but the passage is analytical and critical rather than describing embodied or oral transmission.",19
1983-07-20-right-xi-congreso-nacional-de-a-flamen,candil,Candil,1983-07,1983,PED_03,PED,"The program lists conferences, work sessions, exhibitions, and film sessions, but the visible text is an event schedule without evaluative or access-oriented pedagogy discourse.",25
1983-07-20-right-xi-congreso-nacional-de-a-flamen,candil,Candil,1983-07,1983,HERIT_02,HERIT,"Universities, municipal bodies, and cultural centers appear, but they are venue or program details rather than explicit institutional heritage authorization.",20
1983-07-21-left-jose-cepero,candil,Candil,1983-07,1983,AUTH_03,AUTH,"Terms like 'raíces' and 'época de oro' appear, but the dominant function is critical ranking and evaluation rather than grounding present flamenco value in tradition or continuity.",27
1983-07-21-left-jose-cepero,candil,Candil,1983-07,1983,PED_01,PED,"The phrase 'acaudillar discípulos' appears in a negative critical assessment, but there is no clear discussion of teaching authority or pedagogy.",21
1983-07-21-right-hablan-las-pe-as,candil,Candil,1983-07,1983,AUTH_02,AUTH,"The phrase 'voz tan puro y tan gitano' suggests purity language, but in context it functions as performance praise rather than a clear boundary excluding impure flamenco.",27
1983-07-21-right-hablan-las-pe-as,candil,Candil,1983-07,1983,HERIT_02,HERIT,"Municipal cultural sponsorship appears, but the excerpt does not frame the event as official heritage authorization.",16
1983-07-22-right-flamenca,candil,Candil,1983-07,1983,COMM_04,COMM,The phrase 'nombres y hombres' is not identity-group framing; it simply describes participants in the tribute album.,18
1983-07-22-right-flamenca,candil,Candil,1983-07,1983,HERIT_03,HERIT,"The album preserves recordings of a deceased singer, but the visible excerpt frames this chiefly as discographic review rather than safeguarding or heritage work.",24
1983-09-2-right-editorial,candil,Candil,1983-09,1983,HERIT_01,HERIT,"The editorial strongly invokes cultural identity and recovery, but does not explicitly use patrimony/heritage as a public cultural category.",20
1983-09-2-right-editorial,candil,Candil,1983-09,1983,PED_01,PED,"The text discusses exegesis and understanding, but it does not position a teacher, school, or method as pedagogical authority.",19
1983-09-4-left-imposici-n-de-la-medalla-de-trab,candil,Candil,1983-09,1983,CRIT_01,CRIT,"There are evaluative remarks about artists and Dolores Abril, but the clearest discourse functions are community grounding, oral transmission, roots, and contested critical authority.",24
1983-09-4-left-imposici-n-de-la-medalla-de-trab,candil,Candil,1983-09,1983,AUTH_02,AUTH,"The text uses 'muy puro' for a guitarist, but it is brief performance praise rather than clear purity boundary-work.",20
1983-09-6-right-literatura-rom-ntica-y-cante-fla,candil,Candil,1983-09,1983,AUTH_03,AUTH,"The article uses historical context, but the visible excerpt mainly performs literary-critical analysis rather than grounding present flamenco value in roots or continuity.",24
1983-09-6-right-literatura-rom-ntica-y-cante-fla,candil,Candil,1983-09,1983,HERIT_01,HERIT,"The passage invokes national liberty and cultural history, but it does not frame flamenco as public heritage or patrimony.",19
1983-09-11-left-responsabilidad-de-figura,candil,Candil,1983-09,1983,CRIT_01,CRIT,"The article strongly praises Mairena, but the emitted canon, pedagogy, authenticity, and anti-commercial codes capture the main discourse functions more precisely.",22
1983-09-11-left-responsabilidad-de-figura,candil,Candil,1983-09,1983,COMM_02,COMM,"The author speaks as an aficionado and addresses the afición, but community authority is less central than Mairena's pedagogical and canonical authority.",23
1983-09-11-right-con-ternura-y-con-gran-valor,candil,Candil,1983-09,1983,COMM_04,COMM,"The text identifies Mairena as a gitano and mentions the gitano community, but the stronger visible discourse is institutional recognition and public safeguarding.",23
1983-09-11-right-con-ternura-y-con-gran-valor,candil,Candil,1983-09,1983,HERIT_01,HERIT,"There is public cultural value, but the more specific institutional-recognition and safeguarding codes are better supported.",17
1983-09-13-left-colecci-n-de-guitarras-de-manuel,candil,Candil,1983-09,1983,PED_01,PED,"Cano is called a professor, but the visible excerpt does not discuss his teaching authority or pedagogy.",17
1983-09-13-left-colecci-n-de-guitarras-de-manuel,candil,Candil,1983-09,1983,CRIT_03,CRIT,"The text mentions destacados maestros guitarreros, but it does not clearly rank or canonize them beyond describing the collection.",19
1983-09-14-right-algo-sobre-las-tarantillas-de-es,candil,Candil,1983-09,1983,PED_03,PED,"The passage discusses copying and interpretation, but the function is classificatory and critical rather than about learning access or pedagogy.",20
1983-09-14-right-algo-sobre-las-tarantillas-de-es,candil,Candil,1983-09,1983,AUTH_01,AUTH,"The phrase 'De verdad' appears, but it functions as sincerity/intensification rather than a distinct authenticity claim about flamenco.",19
1983-09-19-left-victoria-de-miguel-chequeo-grafo,candil,Candil,1983-09,1983,COMM_04,COMM,"Some profiles mention family, community, and patria, but these are character traits rather than identity framing that organizes flamenco authority or belonging.",22
1983-09-19-left-victoria-de-miguel-chequeo-grafo,candil,Candil,1983-09,1983,AUTH_03,AUTH,"Terms such as 'sentido del pasado' and 'amor a la Historia' appear, but they describe personality traits rather than grounding flamenco value in roots or continuity.",26
1983-09-19-right-las-letras-flamencas-de-jos-s-nc,candil,Candil,1983-09,1983,CRIT_01,CRIT,"The phrase 'cante por derecho' has evaluative force, but within a lyric it is less clearly a critical review or assessment.",21
1983-09-20-left-de-qu-enfermedad-mueren-nuestros,candil,Candil,1983-09,1983,CRIT_04,CRIT,"The author invokes an archive, but the visible text does not use expert criticism to evaluate or classify flamenco.",19
1983-09-20-left-de-qu-enfermedad-mueren-nuestros,candil,Candil,1983-09,1983,HERIT_02,HERIT,"Civil death records are institutional documents, but the passage does not frame them as official heritage authorization.",17
1983-09-21-left-cayetano-muriel-ni-o-de-cabra,candil,Candil,1983-09,1983,AUTH_03,AUTH,"The article mentions influences from local and regional traditions, but the visible evidence mainly supports critical ranking and lineage transmission.",20
1983-09-21-left-cayetano-muriel-ni-o-de-cabra,candil,Candil,1983-09,1983,HERIT_03,HERIT,"The closing memorial language says Mairena will not be forgotten, but it appears in a separate memorial tail fragment and is not clearly tied to the Muriel article's main discourse.",31
1983-09-23-left-hablan-las-pe-as-buz-n-flamenco-,candil,Candil,1983-09,1983,CRIT_02,CRIT,"Aesthetic terms such as jondura, compás, sobrio, and virtuoso appear, but CRIT_01 and AUTH_02 already capture the main evaluative work without over-coding.",23
1983-09-23-left-hablan-las-pe-as-buz-n-flamenco-,candil,Candil,1983-09,1983,AUTH_04,AUTH,"The comparison to commercial groups suggests anti-commercial concern, but the boundary is expressed more directly as pseudo-flamenco, so AUTH_02 is stronger.",23
1983-11-3-right-editorial,candil,Candil,1983-11,1983,AUTH_01,AUTH,"The text uses authenticity language, but the stronger discourse function is boundary-making between authentic arte jondo and degraded spectacle, captured by AUTH_02.",23
1983-11-4-left-el-honor-de-la-pareja-y-el-mar-o,candil,Candil,1983-11,1983,AUTH_03,AUTH,"The article mentions añejas letras and primitive communities, but the visible text uses them mainly for anthropological analysis rather than to authorize proper flamenco through tradition.",26
1983-11-4-left-el-honor-de-la-pareja-y-el-mar-o,candil,Candil,1983-11,1983,CRIT_04,CRIT,"The author cites scholars and defines concepts, but the passage does not clearly exercise flamenco critical authority or police aesthetic boundaries.",21
1983-11-7-right-bodas-de-plata-de-la-c-tedra-de-,candil,Candil,1983-11,1983,CRIT_02,CRIT,"Terms such as gracia, ángel, and duende appear, but they function mainly as celebratory description rather than applied aesthetic criteria in this excerpt.",23
1983-11-7-right-bodas-de-plata-de-la-c-tedra-de-,candil,Candil,1983-11,1983,AUTH_01,AUTH,"The passage legitimates Jerez flamenco, but it does so more specifically through tradition/continuity and canonizing hierarchy than through an explicit authenticity claim.",23
1983-11-8-right-a-los-organizadores-de-festivale,candil,Candil,1983-11,1983,HERIT_02,HERIT,"The Instituto de Cultura Andaluzia and its Departamento de Flamenco issue guidance, but the visible text is administrative festival coordination and legal compliance rather than explicit heritage authorization or patrimonial framing.",31
1983-11-8-right-a-los-organizadores-de-festivale,candil,Candil,1983-11,1983,PED_03,PED,"The guide is projected toward emigrant centers and foreign/international festival circuits, but the passage concerns promotion and logistics rather than learning, pedagogy, or access to flamenco knowledge.",28
1983-11-9-left-buler-as-de-el-chozas,candil,Candil,1983-11,1983,AUTH_04,AUTH,"The phrase 'amigo de la fiesta íntima, de poquita gente' evokes intimate setting, but the passage does not clearly frame that intimacy as more authentic or as a boundary against public/commercial flamenco.",33
1983-11-9-left-buler-as-de-el-chozas,candil,Candil,1983-11,1983,PED_02,PED,"Later singers are said to sing the Bulerías de «El Choza», but the visible text does not clearly describe embodied, oral, familial, or lineage transmission as an authorizing mode of knowledge.",31
1983-11-9-right-viva-pepe-guillena,candil,Candil,1983-11,1983,AUTH_03,AUTH,"The passage mentions 'tradición oral', but the stronger discourse function is authenticity/purity boundary-work rather than a separate claim about continuity or roots.",24
1983-11-9-right-viva-pepe-guillena,candil,Candil,1983-11,1983,CRIT_03,CRIT,"The text contrasts majorities and minorities of singers, but it does not construct a stable canon or ranking distinct from its broader critical boundary critique.",25
1983-11-11-left-manuel-yerga-se-qued-corto,candil,Candil,1983-11,1983,AUTH_01,AUTH,"The text repeatedly invokes 'verdad', but this concerns factual historical accuracy rather than authenticity or properness of flamenco practice.",19
1983-11-11-left-manuel-yerga-se-qued-corto,candil,Candil,1983-11,1983,CRIT_03,CRIT,"Historical lists and named singers appear, but the passage is not ranking or canonizing them; it is correcting identity attribution and historiographical method.",23
1983-11-12-right-editorial-manuel-torre,candil,Candil,1983-11,1983,AUTH_03,AUTH,"The text invokes antiquity and legacy, but mainly as poetic evaluation rather than a clear tradition-continuity claim authorizing present flamenco.",21
1983-11-13-left-manuel-torre-cantaor-largo,candil,Candil,1983-11,1983,PED_02,PED,"References to oral testimony and direct family reference support evidence transmission, but not a clear pedagogical or lineage-learning discourse.",20
1983-11-13-right-manuel-torre-50-a-os-despu-s,candil,Candil,1983-11,1983,AUTH_03,AUTH,"The article invokes centuries and inheritance, but the clearer discourse function is heritage/canonization rather than tradition-continuity as a separate claim.",22
1983-11-14-right-la-expresi-n-jonda-de-manuel-tor,candil,Candil,1983-11,1983,CRIT_04,CRIT,"Flamencologists are mentioned as participants, but the visible text does not clearly show them exercising expert judgment beyond the institutional commemoration already coded.",23
1983-11-19-right-ellos-los-protagonistas-dicen-tu,candil,Candil,1983-11,1983,AUTH_03,AUTH,"Utrera is called 'tierra flamenquísima', but the visible passage does not develop a tradition/continuity claim strongly enough.",18
1983-11-22-right-quienes-fueron-los-maestros,candil,Candil,1983-11,1983,CRIT_04,CRIT,"Several expert voices are cited, but their authority mainly supports canon/evaluation rather than becoming a separate discourse object.",19
1983-11-23-left-la-ltima-sole-de-t-o-gregorio-bo,candil,Candil,1983-11,1983,AUTH_03,AUTH,"Tradition language is present, but the stronger discourse function is living testimony/safeguarding and lineage transmission.",16
1983-11-23-left-la-ltima-sole-de-t-o-gregorio-bo,candil,Candil,1983-11,1983,CRIT_01,CRIT,"There is affective praise of his cante, but it is secondary to remembrance, transmission, and community neglect.",17
1983-11-23-right-flamenca,candil,Candil,1983-11,1983,CRIT_02,CRIT,"Aesthetic criteria such as compás, sobriedad, and voz appear, but they are already covered under the broader critical evaluation code.",20
1983-11-23-right-flamenca,candil,Candil,1983-11,1983,CRIT_03,CRIT,"Mairena is called a maestro and great artist, but the passage functions primarily as review evaluation rather than canon formation.",20
1983-11-24-right-buz-n-flamenco,candil,Candil,1983-11,1983,COMM_02,COMM,"The peña is mentioned as producer/context, but the visible passage does not clearly make peña community authority the main discourse function.",22
1983-11-24-right-buz-n-flamenco,candil,Candil,1983-11,1983,CRIT_03,CRIT,"The final list of respected singers has canonizing force, but the clearer function is authenticity/truth rather than hierarchy.",19
1983-11-25-right-hablan-las-pe-as,candil,Candil,1983-11,1983,HERIT_02,HERIT,"The Federation is institutional, but the passage stresses peña coordination and conservation rather than official state/expert heritage authorization.",19
1983-11-25-right-hablan-las-pe-as,candil,Candil,1983-11,1983,CRIT_01,CRIT,"The word Arte appears, but the text mainly states organizational goals rather than evaluating a specific performance or artist.",19
1983-11-26-right-de-c-mo-fracas-en-mis-investigac,candil,Candil,1983-11,1983,HERIT_02,HERIT,"References to certificates and baptism records are archival research mechanics, not heritage authorization or official patrimonial recognition.",17
1983-11-26-right-de-c-mo-fracas-en-mis-investigac,candil,Candil,1983-11,1983,COMM_01,COMM,The phrase 'dentro de lo posible' is literal/idiomatic and does not construct an insider-outsider flamenco boundary.,18
1983-11-26-right-de-c-mo-fracas-en-mis-investigac,candil,Candil,1983-11,1983,PED_03,PED,Medical students' learning from the body is unrelated to flamenco pedagogy or access to flamenco knowledge.,16
1984-01-3-left-editorial-la-llave,candil,Candil,1984-01,1984,HERIT_02,HERIT,"Institutional authority is discussed, but the discourse concerns artistic legitimation and award authority rather than heritage listing or official patrimonial recognition.",21
1984-01-4-right-juan-rejano-el-andaluz-olvidado-,candil,Candil,1984-01,1984,CRIT_03,CRIT,"The excerpt canonizes Juan Rejano within literary history, but the visible discourse is about poetry and Andalusian literary culture rather than flamenco authority or flamenco canon formation.",27
1984-01-4-right-juan-rejano-el-andaluz-olvidado-,candil,Candil,1984-01,1984,CRIT_03,CRIT,"The excerpt canonizes Juan Rejano within literary history, but the visible discourse is about poetry and Andalusian literary culture rather than flamenco authority or flamenco canon formation.",27
1984-01-9-right-coincidencia-entre-el-cante-negr,candil,Candil,1984-01,1984,CRIT_03,CRIT,"The phrase 'minoría de la minoría' suggests exceptional performers, but it functions mainly as identity representation rather than a clear canon or ranking.",23
1984-01-9-right-coincidencia-entre-el-cante-negr,candil,Candil,1984-01,1984,AUTH_03,AUTH,"The excerpt discusses origins of a music in a persecuted group, but it does not clearly use rootedness or continuity to authorize present flamenco practice.",25
1984-01-11-right-el-peque-o-mundo-de-laocoonte,candil,Candil,1984-01,1984,HERIT_03,HERIT,"The excerpt contains personal recuerdos and initiation into flamenco, but the memory-work is individual and literary rather than clearly public/community heritage safeguarding.",24
1984-01-11-right-el-peque-o-mundo-de-laocoonte,candil,Candil,1984-01,1984,PED_03,PED,"The word iniciación suggests access to flamenco, but the visible text does not frame this as pedagogy or structured knowledge transmission.",21
1984-01-12-right-a-prop-sito-de-un-congreso-gitan,candil,Candil,1984-01,1984,AUTH_03,AUTH,"The article discusses roots and origin of the Roma people, but much of that material concerns historical geography rather than using roots to authorize present flamenco practice.",27
1984-01-13-right-la-canastera-el-cante-por-invent,candil,Candil,1984-01,1984,AUTH_02,AUTH,"The text contrasts genuine creation with injerto, but the stronger and less redundant coding is tradition-continuity plus critical boundary critique.",21
1984-01-13-right-la-canastera-el-cante-por-invent,candil,Candil,1984-01,1984,CRIT_01,CRIT,"There is clear negative evaluation of the canastera, but the evaluative work is already captured more specifically by CRIT_04.",19
1984-01-14-right-ellos-los-protagonistas-dicen-pe,candil,Candil,1984-01,1984,CRIT_01,CRIT,"The closing praise of Chano as 'un gran cantaor' is evaluative, but it is brief interview preference rather than a developed critical judgment.",23
1984-01-14-right-ellos-los-protagonistas-dicen-pe,candil,Candil,1984-01,1984,AUTH_02,AUTH,"The passage opposes commercial success to 'verdad jonda', but AUTH_04 captures the anti-commercial authenticity function more precisely.",18
1984-01-16-right-desde-alora-pinceladas-flamencas,candil,Candil,1984-01,1984,HERIT_03,HERIT,"The conservation vocabulary suggests safeguarding, but the passage is more directly about peña authority, pedagogy, and purity than public heritage policy or community heritage contestation.",25
1984-01-16-right-desde-alora-pinceladas-flamencas,candil,Candil,1984-01,1984,CRIT_01,CRIT,"The closing remarks criticize some flamenco letras and free poetry, but the excerpt is too brief to warrant an additional code beyond the stronger peña-focused discourse.",27
1984-01-18-right-la-verdad-sobre-el-viejo-medina,candil,Candil,1984-01,1984,COMM_04,COMM,The retrieval trigger 'Hombre' is only a generic description of Yerga and does not frame identity-group belonging or authority.,20
1984-01-19-right-rosario-la-mejorana,candil,Candil,1984-01,1984,PED_02,PED,"The text mentions dynasty and descendants, but it does not clearly describe transmission of flamenco knowledge as lineage-based authority.",20
1984-01-19-right-rosario-la-mejorana,candil,Candil,1984-01,1984,AUTH_01,AUTH,"Uses 'auténtica' in phrases like 'auténticos maestros' and 'auténtica maestra', but the passage mainly ranks and praises artistry rather than making a distinct authenticity claim.",25
1984-01-20-left-hablan-las-pe-as,candil,Candil,1984-01,1984,COMM_02,COMM,"Peñas appear as organizational actors, but the visible text mostly lists boards and events rather than granting peñas interpretive authority.",20
1984-01-20-left-hablan-las-pe-as,candil,Candil,1984-01,1984,COMM_03,COMM,"The trigger 'Públicas' appears in the administrative role 'Relaciones Públicas', not in a public/private participatory setting contrast.",18
1984-01-21-right-buz-n-flamenco,candil,Candil,1984-01,1984,PED_03,PED,"The letter discusses knowing local styles through the festival, but the main function is boundary defense and criticism rather than pedagogy or access to learning.",25
1984-01-21-right-buz-n-flamenco,candil,Candil,1984-01,1984,AUTH_03,AUTH,"The text refers to regional styles and their resurgence, but the stronger claim is purity-boundary work around local cante.",20
1984-01-22-right-discografia-flamenca-discografia,candil,Candil,1984-01,1984,CRIT_03,CRIT,"The article references 'Grandes del Flamenco' and Mairena's historical status, but the clearest visible functions are review evaluation, aesthetic criteria, and pedagogical authority.",24
1984-01-22-right-discografia-flamenca-discografia,candil,Candil,1984-01,1984,AUTH_03,AUTH,"Mairena's interest in primitive and old cantes suggests tradition, but the passage applies this mainly as evaluative criteria within a discographic review.",23
1984-01-23-left-yerga-lancharro-quienes-fueron-l,candil,Candil,1984-01,1984,CRIT_03,CRIT,"The heading 'Lo mejor de Pepe Marchena' suggests selection or ranking, but the visible body is essentially a list of titles/credits without evaluative discourse.",25
1984-03-3-left-editorial,candil,Candil,1984-03,1984,CRIT_04,CRIT,"The editorial critiques official folklore and spurious substitutes, but the stronger primary functions are heritage authorization/safeguarding and authenticity boundary-work.",21
1984-03-3-left-editorial,candil,Candil,1984-03,1984,AUTH_04,AUTH,"The text criticizes prior state folklorization and trivialization, but it does not clearly frame commercial spectacle or intimate co-presence as the authenticity axis.",24
1984-03-4-left-angeles-ortiz-desde-el-homenaje-,candil,Candil,1984-03,1984,CRIT_03,CRIT,"The article invokes the 1922 concurso and the Generación del 27, but the visible excerpt does not clearly construct a flamenco canon or hierarchy.",24
1984-03-4-left-angeles-ortiz-desde-el-homenaje-,candil,Candil,1984-03,1984,HERIT_03,HERIT,"The article is memorial in tone, but memory centers the painter and literary-artistic friendship rather than clear public flamenco heritage work.",22
1984-03-4-right-manuel-machado-entre-el-modernis,candil,Candil,1984-03,1984,AUTH_01,AUTH,The term 'verdadero carácter' concerns literary modernism rather than a claim of genuine flamenco.,14
1984-03-4-right-manuel-machado-entre-el-modernis,candil,Candil,1984-03,1984,PED_01,PED,"Machado is called a theoretical figure, but the visible text does not frame him as teaching or pedagogically authorizing flamenco knowledge.",21
1984-03-9-right-homenaje-a-las-artes-plasticas-d,candil,Candil,1984-03,1984,AUTH_01,AUTH,"The phrase 'auténticos animadores' praises the artists, but it does not make a distinct genuineness claim about flamenco itself.",19
1984-03-9-right-homenaje-a-las-artes-plasticas-d,candil,Candil,1984-03,1984,HERIT_02,HERIT,"The municipal venue and patronage are visible, but the passage does not clearly use official recognition to confer heritage status on flamenco.",22
1984-03-11-right-aunque-no-quepa-en,candil,Candil,1984-03,1984,CRIT_03,CRIT,"The comparison to Demófilo suggests canonical importance, but the clearer function is praise of the current compilation rather than ranking within a canon.",23
1984-03-11-right-aunque-no-quepa-en,candil,Candil,1984-03,1984,HERIT_03,HERIT,"The article discusses collection of letras, but the visible text does not clearly frame safeguarding or living heritage responsibility.",19
1984-03-13-right-ellos-los-protagonistas-romerito,candil,Candil,1984-03,1984,COMM_04,COMM,"The interview discusses payo/gitano identity, but the strongest visible claim is inclusive neighborhood participation rather than identity-group authority.",20
1984-03-13-right-ellos-los-protagonistas-romerito,candil,Candil,1984-03,1984,CRIT_02,CRIT,"The ending defines transmission through 'arte', but this is broad aesthetic language and not as specific as the emitted authenticity/community codes.",22
1984-03-15-right-saetas-y-saeteros-de-mairena,candil,Candil,1984-03,1984,CRIT_01,CRIT,"The text praises interpreters and a performance event, but canon hierarchy and preservation are the more precise discourse functions.",19
1984-03-15-right-saetas-y-saeteros-de-mairena,candil,Candil,1984-03,1984,PED_02,PED,"The article traces oral/local continuity, but it does not clearly describe learning or transmission through apprenticeship or embodied pedagogy.",20
1984-03-17-left-en-torno-a-la-exposicion,candil,Candil,1984-03,1984,CRIT_02,CRIT,"Terms such as expresionista, jonda, and abstracta describe artistic style, but the stronger coding is evaluative/canonical rather than flamenco aesthetic criteria.",22
1984-03-17-left-en-torno-a-la-exposicion,candil,Candil,1984-03,1984,AUTH_03,AUTH,"The artists are described as seeking roots of 'lo jondo', but the excerpt does not clearly use roots to authorize present flamenco practice.",23
1984-03-18-right-a-prop-sito-de-charamusco,candil,Candil,1984-03,1984,AUTH_01,AUTH,"The article uses authenticity vocabulary, but the clearest discourse function is roots/continuity rather than a separate general authenticity claim.",20
1984-03-18-right-a-prop-sito-de-charamusco,candil,Candil,1984-03,1984,CRIT_03,CRIT,"Mairena is repeatedly called Maestro, but the visible passage does not separately build a canon or hierarchy beyond the emitted roots and aesthetic evaluation codes.",25
1984-03-19-right-quienes-fueron-los-maestros,candil,Candil,1984-03,1984,AUTH_01,AUTH,"The word auténtica appears, but it modifies personality/veracity rather than making a distinct authenticity claim about proper flamenco.",19
1984-03-20-right-hablan-las-pe-as,candil,Candil,1984-03,1984,COMM_03,COMM,"The article mentions participation and public access, but mostly as contest/event logistics rather than a value-bearing public/private participatory contrast.",22
1984-03-20-right-hablan-las-pe-as,candil,Candil,1984-03,1984,HERIT_02,HERIT,"Public institutions sponsor events, but the excerpt does not frame this as official heritage authorization.",15
1984-03-22-left-buz-n-flamenco,candil,Candil,1984-03,1984,PED_01,PED,"The stated aim of giving readers more exact information is informative, but no clear teaching authority or pedagogical method is developed.",21
1984-03-22-right-discograf-a-flamenca,candil,Candil,1984-03,1984,AUTH_01,AUTH,"Authenticity vocabulary is present, but the clearest authenticity work is specifically roots/continuity and canon-building.",16
1984-03-22-right-discograf-a-flamenca,candil,Candil,1984-03,1984,CRIT_01,CRIT,"The review contains praise, but the stronger distinct functions are expert authority, roots, oral transmission, and canon formation.",18
1984-03-25-right-discograf-a-de-artistas-flamenco,candil,Candil,1984-03,1984,AUTH_03,AUTH,"The phrase 'muy antiguos' signals age, but the text is too short and does not use antiquity to authorize, preserve, or evaluate flamenco.",23
1984-05-3-left-editorial,candil,Candil,1984-05,1984,COMM_01,COMM,"The capital/provinces contrast marks cultural condescension, but it does not clearly define a flamenco insider/outsider boundary.",18
1984-05-3-left-editorial,candil,Candil,1984-05,1984,CRIT_02,CRIT,"The passage implies criteria such as seriousness and qualified performers, but the stronger and less redundant coding is general critical evaluation plus boundary critique.",24
1984-05-4-right-la-novela-andaluza-de-posguerra-,candil,Candil,1984-05,1984,AUTH_03,AUTH,"The visible word 'tradiciones' occurs in a quoted critique of selfish social traditions, not in a flamenco roots or continuity claim.",21
1984-05-4-right-la-novela-andaluza-de-posguerra-,candil,Candil,1984-05,1984,CRIT_04,CRIT,"Named literary critics and publishing prizes appear, but the visible excerpt does not use them to authorize a flamenco judgment.",20
1984-05-8-right-la-guitarra-flamenca,candil,Candil,1984-05,1984,CRIT_02,CRIT,"The discussion implies aesthetic suitability, but it does not clearly name or apply a distinct flamenco quality criterion beyond the broader evaluation.",22
1984-05-8-right-la-guitarra-flamenca,candil,Candil,1984-05,1984,HERIT_02,HERIT,"The Department of Flamenco is mentioned in relation to festival systematization, but the visible excerpt does not frame this as official heritage authorization.",23
1984-05-11-left-breve-res-n-e-n-mairena-de-alcor,candil,Candil,1984-05,1984,CRIT_01,CRIT,"The text praises Mairena as a grand singer and person, but that evaluative force is captured more specifically by canon/hierarchy.",21
1984-05-11-left-breve-res-n-e-n-mairena-de-alcor,candil,Candil,1984-05,1984,HERIT_01,HERIT,"The commemoration has public-memory value, but the stronger visible mechanism is official institutional recognition rather than general heritage discourse.",20
1984-05-11-right-cumbre-flamenca,candil,Candil,1984-05,1984,CRIT_04,CRIT,"Although the text uses crítica/crítico language, it explicitly frames the piece as not seeking critical authority and the stronger evidence is general evaluation rather than expert boundary-policing.",29
1984-05-12-right-en-torno-al-xii-congreso-de-acti,candil,Candil,1984-05,1984,HERIT_03,HERIT,"The article discusses social and institutional problems around flamenco, but it does not frame them as heritage safeguarding or public heritage value.",22
1984-05-13-right-ellos-los-protagonistas-dicen-ma,candil,Candil,1984-05,1984,HERIT_03,HERIT,"The mention of recorded tapes and memories suggests preservation value, but the visible text does not clearly frame them as public heritage or safeguarding.",24
1984-05-13-right-ellos-los-protagonistas-dicen-ma,candil,Candil,1984-05,1984,COMM_04,COMM,The trigger 'Hombre' is conversational and does not create identity-group framing or a belonging boundary.,16
1984-05-15-right-aunque-no-quepa-en-el-papel,candil,Candil,1984-05,1984,CRIT_03,CRIT,"The article names major literary and flamenco figures, but the main function is review and tradition/roots legitimation rather than a clear ranking or canon hierarchy.",26
1984-05-16-right-la-filosof-a-del-cante-de-luis-c,candil,Candil,1984-05,1984,AUTH_01,AUTH,"The claim that what gitanos sing is Andalusian has authenticity force, but it is already better captured by roots and identity-framing codes.",23
1984-05-16-right-la-filosof-a-del-cante-de-luis-c,candil,Candil,1984-05,1984,AUTH_01,AUTH,"The claim that what gitanos sing is Andalusian has authenticity force, but it is already better captured by roots and identity-framing codes.",23
1984-05-19-right-pr-ximos-festivales-flamencos,candil,Candil,1984-05,1984,COMM_02,COMM,"Peñas appear as organizers, but the text functions as a festival listing and does not grant community authority or recognition.",20
1984-05-19-right-pr-ximos-festivales-flamencos,candil,Candil,1984-05,1984,CRIT_03,CRIT,"The phrase 'más importantes' lightly ranks festivals, but the article does not develop a canon, hierarchy, or evaluative comparison.",19
1984-05-23-left-quienes-fueron-los-maestros,candil,Candil,1984-05,1984,PED_02,PED,"Oral tradition is mentioned, but the text does not describe learning, apprenticeship, or embodied transmission.",15
1984-05-23-left-quienes-fueron-los-maestros,candil,Candil,1984-05,1984,HERIT_03,HERIT,"The article preserves memory of an artist, but it lacks explicit public heritage, safeguarding, or community heritage framing.",18
1984-05-23-right-hablan-las-pe-as,candil,Candil,1984-05,1984,HERIT_02,HERIT,"The Junta official appears in the assembly, but the passage is administrative and does not clearly frame the activity as heritage authorization.",22
1984-05-23-right-hablan-las-pe-as,candil,Candil,1984-05,1984,AUTH_03,AUTH,"The phrase 'cante propio de Puerto Real' suggests local rootedness, but it is only a contest description without a clear tradition-continuity claim.",23
1984-05-25-left-buz-n-flamenco,candil,Candil,1984-05,1984,AUTH_02,AUTH,"The requirement to sing 'cantes puros' suggests purity criteria, but the stronger discourse function here is award evaluation and expert judging.",21
1984-05-25-left-buz-n-flamenco,candil,Candil,1984-05,1984,HERIT_02,HERIT,"Institutions such as the Junta and Cátedra are invoked, but the passage asks for collaboration rather than clearly authorizing flamenco as heritage.",22
1984-05-26-left-discograf-a-flamenca,candil,Candil,1984-05,1984,AUTH_03,AUTH,"The review contrasts earlier 'raíz' and 'ortodoxia flamenca' with current commercialism, but the clearer coding is anti-commercial authenticity and critical evaluation.",22
1984-05-27-right-discograf-a-de-artistas-flamenco,candil,Candil,1984-05,1984,CRIT_01,CRIT,"The phrase is evaluative, but its main function is hierarchical/canonical rather than a developed review judgment.",17
1984-07-3-right-editorial-escolarizar-el-flamenc,candil,Candil,1984-07,1984,AUTH_02,AUTH,"The rejection of a 'sello prostibulario' contests stigma, but it does not draw a clear proper/improper flamenco boundary.",19
1984-07-3-right-editorial-escolarizar-el-flamenc,candil,Candil,1984-07,1984,HERIT_02,HERIT,"The Junta is asked to coordinate the project, but the heritage claim is broader public patrimony rather than specifically authorized heritage discourse.",22
1984-07-3-right-editorial-escolarizar-el-flamenc,candil,Candil,1984-07,1984,PED_01,PED,"Teachers are mentioned, but no specific teacher, master, or method is positioned as pedagogically authoritative.",15
1984-07-8-right-los-misterios-de-la-siguiriya-gi,candil,Candil,1984-07,1984,PED_03,PED,"The text discusses interpretation and historical explanation, but not learning access, pedagogy, or transmission across institutional/social boundaries.",18
1984-07-11-right-la-novela-andaluza,candil,Candil,1984-07,1984,CRIT_03,CRIT,"The excerpt discusses literary periods and characteristics, but the visible flamenco-related evidence does not clearly canonize or rank flamenco artists, styles, or works.",24
1984-07-21-left-enrique-morente,candil,Candil,1984-07,1984,COMM_02,COMM,"The line about aficionados accepting his records suggests community reception, but the visible excerpt does not clearly grant aficionados authority to define or judge flamenco.",25
1984-07-19-left-vocalizar-el-cante,candil,Candil,1984-07,1984,AUTH_02,AUTH,"The phrase 'tan poco flamenca' devalues the vowel ending, but the boundary is mainly technical/aesthetic rather than a broader purity exclusion of legitimate flamenco.",25
1984-07-19-right-memoria-de-terremoto,candil,Candil,1984-07,1984,HERIT_02,HERIT,"The Cátedra de Flamencología is an institution, but the excerpt mainly presents publication and commemoration rather than official heritage authorization.",20
1984-07-20-right-iii-bienal-de-arte-flamenco-ciud,candil,Candil,1984-07,1984,COMM_04,COMM,"The reference to 'pueblo andaluz' invokes collective identity, but the excerpt does not clearly use identity to define belonging or authority within flamenco.",23
1984-07-21-right-proximos-festivales,candil,Candil,1984-07,1984,COMM_02,COMM,"Peñas organize several events, but the text is a listing and does not present peñas or aficionados as authorities who recognize, sustain, or judge flamenco.",25
1984-07-21-right-proximos-festivales,candil,Candil,1984-07,1984,PED_03,PED,"The contest notice is administrative and mentions eligibility and registration, not meaningful institutional learning or access to flamenco knowledge.",19
1984-07-22-right-buz-n-flamenco,candil,Candil,1984-07,1984,AUTH_02,AUTH,"The letter devalues careless performance, but it does not clearly construct a pure/impure or genuine/fake flamenco boundary.",19
1984-07-24-left-discograf-a-flamenca,candil,Candil,1984-07,1984,COMM_03,COMM,"The phrase 'participación colectiva' suggests shared response, but it does not clearly contrast participatory and spectatorial settings.",17
1984-07-24-left-discograf-a-flamenca,candil,Candil,1984-07,1984,CRIT_02,CRIT,"References to compás and rhythmic vivacity are evaluative, but they overlap with the broader emitted critical evaluation and are not necessary as a separate code.",25
1984-09-3-left-editorial,candil,Candil,1984-09,1984,AUTH_03,AUTH,"The text invokes memory, past suffering, and a millenary living culture, but the stronger discourse function is authenticity of emigrant cante rather than tradition-continuity as a separate claim.",29
1984-09-3-left-editorial,candil,Candil,1984-09,1984,HERIT_03,HERIT,"The article mentions collective memory and living culture, but it lacks a clear public heritage, safeguarding, or heritage-management frame.",20
1984-09-3-left-editorial,candil,Candil,1984-09,1984,CRIT_02,CRIT,"The passage mentions compás and orthodoxy, but mainly to subordinate technical criteria to essence, not to define a separate aesthetic evaluation.",21
1984-09-4-left-estudio-historico-literario-del-,candil,Candil,1984-09,1984,AUTH_01,AUTH,"The phrase 'verdadera carta de naturaleza' suggests legitimacy, but the stronger and clearer discourse function is roots/tradition rather than a direct authenticity claim.",24
1984-09-11-left-introduccion-a-la-discografia-an,candil,Candil,1984-09,1984,HERIT_03,HERIT,"Historical recording preservation is implied, but the visible text does not frame it as safeguarding or public heritage work.",19
1984-09-12-right-la-llave-de-oro-del-flamenco-y-e,candil,Candil,1984-09,1984,AUTH_01,AUTH,"The phrase 'sólo hay una verdad desnuda: cantar' suggests authenticity, but the passage mainly defines evaluative criteria for saeta performance.",20
1984-09-13-left-homenaje-a-rafael-romero,candil,Candil,1984-09,1984,CRIT_03,CRIT,"The notice says the order does not alter the artists' category, but this avoids ranking rather than constructing a clear hierarchy.",21
1984-09-13-right-pe-a-flamenca-de-jaen,candil,Candil,1984-09,1984,CRIT_02,CRIT,"The final comparison to 'una siguiriya' is aesthetically charged, but the passage is mainly poetic description and does not clearly apply a flamenco quality criterion.",25
1984-09-14-left-apunte-an-nimo,candil,Candil,1984-09,1984,CRIT_02,CRIT,"The martinete and siguiriya imagery is aesthetically charged, but the text is literary description rather than a clear evaluative criterion for flamenco quality.",23
1984-09-14-right-ellos-los-protagonistas-dicen-jo,candil,Candil,1984-09,1984,COMM_03,COMM,"Tablao and stage contexts are mentioned, but the clearest discourse function is apprenticeship through singing for dance, not a public/private setting contrast.",23
1984-09-17-left-ponencias-del-congreso-de-cacere,candil,Candil,1984-09,1984,HERIT_01,HERIT,"The phrase 'viejo patrimonio' appears, but the passage functions more as roots/continuity and regional authority than public heritage discourse.",20
1984-09-18-left-encuesta-realizada-en-el-congres,candil,Candil,1984-09,1984,CRIT_03,CRIT,"The complaint that twenty soleareros were ignored implies canon correction, but the visible evidence is better captured as expert-authority critique.",21
1984-09-20-left-conversaci-n-con-pi-ana-padre-ma,candil,Candil,1984-09,1984,HERIT_03,HERIT,"The recovery of lost cantes is visible, but the excerpt does not clearly frame it as public safeguarding or heritage policy.",21
1984-09-22-left-la-guitarra-flamenca,candil,Candil,1984-09,1984,CRIT_01,CRIT,"The text contains praise, but the clearest discourse function is hierarchical canonization rather than a developed critical review.",18
1984-09-22-right-buz-n-flamenco,candil,Candil,1984-09,1984,CRIT_01,CRIT,"The passage evaluates accuracy and reliability, but not an artist, performance, recording, style, venue, publication, or event in the primary review sense.",22
1984-09-23-right-hablan-las-pe-as,candil,Candil,1984-09,1984,COMM_03,COMM,"Festival and contest participation is announced, but the text does not contrast participatory settings with spectatorship or assign evaluative value to that relation.",23
1984-09-24-right-discografia-de-artistas-flamenco,candil,Candil,1984-09,1984,AUTH_02,AUTH,"The album title includes 'Pureza' and the text mentions 'pureza', but the passage does not clearly draw a boundary excluding impure or illegitimate flamenco.",24
1984-09-24-right-discografia-de-artistas-flamenco,candil,Candil,1984-09,1984,AUTH_03,AUTH,"Words such as 'añejos' and references to family/dynasty appear, but the strongest function is authenticity and evaluation rather than a developed tradition-continuity claim.",25
1984-11-3-right-editorial,candil,Candil,1984-11,1984,HERIT_02,HERIT,"The ending mentions public entities, federations, and the Department of Flamenco, but the visible passage is mostly administrative and does not clearly authorize flamenco as heritage through official recognition.",29
1984-11-4-right-las-canti-as-y-sus-derivaciones,candil,Candil,1984-11,1984,COMM_02,COMM,"The article mentions family-related terms and named local figures, but the visible text does not clearly grant community or family authority to judge flamenco.",25
1984-11-7-right-alexandre-el-valor-de-la-palabra,candil,Candil,1984-11,1984,AUTH_03,AUTH,"The quoted Nobel rationale mentions tradition and modern currents, but it concerns Aleixandre's poetry rather than flamenco or a flamenco-related practice.",23
1984-11-7-right-alexandre-el-valor-de-la-palabra,candil,Candil,1984-11,1984,PED_03,PED,"Academia Sueca is an institution, but the passage concerns literary recognition, not institutional access to flamenco learning.",17
1984-11-7-right-alexandre-el-valor-de-la-palabra,candil,Candil,1984-11,1984,CRIT_03,CRIT,"The text canonizes literary figures, but the evaluative hierarchy is about Spanish poetry, not flamenco discourse.",16
1984-11-10-right-la-ca-a-y-el-polo-por-ejemplo,candil,Candil,1984-11,1984,AUTH_03,AUTH,"The text mentions origin references and distant inheritance, but the main discourse function is boundary critique and hierarchy rather than continuity authorizing present practice.",24
1984-11-11-right-cr-nica-de-la-vi-quincena-de-fla,candil,Candil,1984-11,1984,PED_01,PED,"The ending says critics should teach, disseminate, and inform, but this is a normative aside about criticism rather than a concrete pedagogical authority relation.",24
1984-11-13-left-las-letras-flamencas-de-paco-sal,candil,Candil,1984-11,1984,PED_01,PED,"The line 'el campo es un libro abierto que enseña sabiduría' uses teaching language, but it is poetic content rather than flamenco pedagogical authority.",24
1984-11-13-right-la-bienal-ha-terminado-viva-la-b,candil,Candil,1984-11,1984,COMM_02,COMM,"The article mentions the Habichuela family and performers' children, but family presence is not clearly used as community authority or belonging work.",22
1984-11-13-right-la-bienal-ha-terminado-viva-la-b,candil,Candil,1984-11,1984,PED_03,PED,"The ending mentions learning at Matilde Corral's academy, but it is a brief biographical fact rather than institutional pedagogy being evaluated or authorized.",24
1984-11-15-left-carta-abierta-y-demasiado-imprec,candil,Candil,1984-11,1984,AUTH_02,AUTH,"The phrase 'cercenan hoy la verdad flamenca' suggests authenticity boundary work, but the visible excerpt supports anti-spectacle dilution more directly.",21
1984-11-15-left-carta-abierta-y-demasiado-imprec,candil,Candil,1984-11,1984,COMM_03,COMM,"The text criticizes a large inattentive public, but the public/private participatory contrast is not developed enough to code separately.",20
1984-11-18-left-buz-n-flamenco-a-juan-p-rez-s-nc,candil,Candil,1984-11,1984,HERIT_02,HERIT,"The reference to Vallejo having a street commemorating his name is official recognition, but the passage emphasizes aficionado gratitude and artistic ranking more than institutional heritage authorization.",27
1984-11-18-left-buz-n-flamenco-a-juan-p-rez-s-nc,candil,Candil,1984-11,1984,CRIT_02,CRIT,"Terms such as compás, eco, flamenquismo, and dulzura appear as aesthetic criteria, but the stronger coding is general evaluation and canonizing rank.",22
1984-11-19-left-discograf-a-flamenca,candil,Candil,1984-11,1984,AUTH_02,AUTH,"The opening contrast between innovation and flamenco orthodoxy suggests boundary work, but the passage ultimately values sincere innovation rather than excluding it as impure.",24
1984-11-19-left-discograf-a-flamenca,candil,Candil,1984-11,1984,CRIT_03,CRIT,"Camarón, Chacón, Morente, and Habichuela are treated as major figures, but the visible evidence is mainly review evaluation rather than explicit canon construction.",23
1984-11-20-left-hablan-las-pe-as,candil,Candil,1984-11,1984,PED_03,PED,"The Demófilo book prize concerns flamenco study and publication, but the visible excerpt is mostly contest administration rather than access to flamenco learning being thematized.",25
1984-11-20-left-hablan-las-pe-as,candil,Candil,1984-11,1984,CRIT_03,CRIT,"Rafael Romero is praised as cabal, but the passage does not strongly construct a broader canon or hierarchy.",18
1984-11-21-right-discograf-a-placas-del-archivo-y,candil,Candil,1984-11,1984,COMM_04,COMM,"The visible OCR contains gendered terms such as 'mujer', but the surrounding text is too damaged to establish identity-based discourse function.",22
1984-11-21-right-discograf-a-placas-del-archivo-y,candil,Candil,1984-11,1984,CRIT_01,CRIT,"The archive/record listing may concern flamenco recordings, but the visible text is mostly OCR-damaged fragments and does not support reliable evaluation.",23
1985-01-3-right-editorial,candil,Candil,1985-01,1985,AUTH_03,AUTH,"The editorial places flamenco in the history of the South, but its main force is political-cultural identity and expert framing rather than continuity or roots as such.",28
1985-01-4-right-aproximaciones-a-la-c-rdoba-flam,candil,Candil,1985-01,1985,AUTH_03,AUTH,"The article references historical precedents and cultural identity, but the stronger visible discourse is institutional heritage recognition rather than tradition-continuity authorization.",22
1985-01-4-right-aproximaciones-a-la-c-rdoba-flam,candil,Candil,1985-01,1985,PED_03,PED,"The word 'fiel' appears in relation to cultural identity, not faithful reproduction or learning access.",15
1985-01-7-left-gazhira-bailaora,candil,Candil,1985-01,1985,CRIT_01,CRIT,"The poem praises Gazhira's dance imagery, but it does not clearly function as critical evaluation with criteria under the codebook.",21
1985-01-7-left-gazhira-bailaora,candil,Candil,1985-01,1985,COMM_04,COMM,"The text is centered on a female dancer, but gender does not organize belonging, authority, or representation in a codeable way.",21
1985-01-7-right-el-cante-inventado,candil,Candil,1985-01,1985,PED_03,PED,"The article discusses innovation and creativity, but not learning, reproduction, or access to flamenco knowledge.",15
1985-01-7-right-el-cante-inventado,candil,Candil,1985-01,1985,CRIT_03,CRIT,"Named figures such as Pastora, Juan Talega, and Mairena imply a reduced elite, but hierarchy is secondary to boundary critique and aesthetic criteria.",23
1985-01-8-right-el-flamenco-oficial,candil,Candil,1985-01,1985,HERIT_03,HERIT,"The text calls for defense, diffusion, and good administration of flamenco, but the stronger frame is institutional authorization rather than safeguarding/living heritage.",23
1985-01-8-right-el-flamenco-oficial,candil,Candil,1985-01,1985,COMM_02,COMM,"Aficionados are mentioned as hopeful and requiring respect, but the passage does not clearly grant them authority to recognize or judge beyond stakeholder expectation.",24
1985-01-10-right-ellos-los-protagonistas-dicen-ma,candil,Candil,1985-01,1985,CRIT_03,CRIT,"Antonio is called a maestro and compared to an exceptional craftsman, but the stronger visible discourse concerns transmission and authority to confer recognition.",23
1985-01-10-right-ellos-los-protagonistas-dicen-ma,candil,Candil,1985-01,1985,AUTH_03,AUTH,"The family and forge imagery suggests continuity, but it is better captured as embodied/familial transmission than as tradition-continuity rhetoric.",21
1985-01-12-right-paco-el-manco,candil,Candil,1985-01,1985,CRIT_03,CRIT,"The comparison with Chacón, Vallejo, and Mairena invokes hierarchy, but it mainly supports the broader critical evaluation rather than a separate canon-making claim.",24
1985-01-14-left-la-tradici-n-oral-en-el-cante,candil,Candil,1985-01,1985,AUTH_02,AUTH,"The phrase 'en toda su pureza' appears, but no clear excluded impure or illegitimate target is drawn.",17
1985-01-14-right-palma-del-r-o-rinde-homenaje-a-m,candil,Candil,1985-01,1985,COMM_03,COMM,"The ritualized relation between artist and afición suggests participatory value, but the visible text does not clearly contrast it with public spectatorship.",22
1985-01-16-right-homenaje-de-fosforito-a-un-afici,candil,Candil,1985-01,1985,AUTH_03,AUTH,"The phrase 'escuela fosforera' could imply continuity, but the visible passage emphasizes affiliation and admiration more than tradition as authority.",20
1985-01-17-left-candil-popular-del-a-o,candil,Candil,1985-01,1985,CRIT_01,CRIT,"Praise of the lecture and performers is present, but the stronger discourse function is pedagogical authority and canon formation.",19
1985-01-17-right-constituida-la-fundaci-n-antonio,candil,Candil,1985-01,1985,AUTH_03,AUTH,"The foundation implies continuity after Mairena's death, but the visible text frames this mainly as institutional cultural protection rather than tradition/roots authority.",24
1985-01-18-left-quienes-fueron-los-maestros-migu,candil,Candil,1985-01,1985,AUTH_03,AUTH,"Historical continuity is present through older singers and styles, but the stronger visible functions are canonization, evaluation, oral transmission, and memory recovery.",22
1985-01-20-left-hablan-las-pe-as,candil,Candil,1985-01,1985,COMM_03,COMM,"There are peña and contest settings, but the visible text mostly lists organizations and does not clearly contrast participatory value against spectatorship.",22
1985-01-20-left-hablan-las-pe-as,candil,Candil,1985-01,1985,HERIT_02,HERIT,"Public sponsors and boards appear, but routine sponsorship and administration do not amount to authorized heritage discourse.",17
1985-01-22-left-discograf-a-flamenca,candil,Candil,1985-01,1985,COMM_04,COMM,"The text invokes a pueblo and shared culture, but identity framing does not clearly organize belonging or authority beyond heritage/tradition rhetoric.",22
1985-03-3-right-editorial,candil,Candil,1985-03,1985,AUTH_03,AUTH,"The desire for flamenco to be 'todo lo que fue' invokes continuity, but the stronger functions are purity boundary-work, heritage, and institutional/community authority.",25
1985-03-5-right-la-poes-a-espa-ola-de-la-postgue,candil,Candil,1985-03,1985,PED_03,PED,"The word 'escuela poética' appears, but it refers to literary classification rather than institutional or transnational access to flamenco learning.",20
1985-03-5-right-la-poes-a-espa-ola-de-la-postgue,candil,Candil,1985-03,1985,CRIT_03,CRIT,"The text discusses tendencies and schools, but the visible excerpt does not clearly rank or canonize flamenco artists or styles.",20
1985-03-8-right-sobre-la-palabra-payo-y-otros-ex,candil,Candil,1985-03,1985,HERIT_02,HERIT,"The word 'autoridad' appears, but the author explicitly denies personal authority and the passage is not about official or institutional heritage authorization.",22
1985-03-8-right-sobre-la-palabra-payo-y-otros-ex,candil,Candil,1985-03,1985,COMM_01,COMM,"The payo/non-gitano distinction implies insider/outsider identity, but the visible argument focuses more on ethnic framing and linguistic correction.",21
1985-03-9-right-ellos-los-protagonistas-dicen-jo,candil,Candil,1985-03,1985,HERIT_03,HERIT,"Family memory is present, but the strongest evidence is oral/familial transmission rather than public heritage or safeguarding discourse.",19
1985-03-9-right-ellos-los-protagonistas-dicen-jo,candil,Candil,1985-03,1985,AUTH_03,AUTH,"Family cantes and ancestors imply continuity, but the passage emphasizes learning by family assimilation more than tradition as an explicit value claim.",22
1985-03-13-left-algo-sobre-los-cantes-de-estilos,candil,Candil,1985-03,1985,HERIT_03,HERIT,"The language of Piñana as guardian suggests preservation, but the visible passage frames this more as pedagogical/master authority than public heritage safeguarding.",23
1985-03-15-right-manolo-de-huelva,candil,Candil,1985-03,1985,PED_02,PED,"Compás appears, but the main function is aesthetic evaluation rather than oral/embodied transmission.",14
1985-03-15-right-manolo-de-huelva,candil,Candil,1985-03,1985,COMM_02,COMM,"The homage by his paisanos indicates community affection, but it does not clearly authorize flamenco value beyond the stronger critical/canonical framing.",22
1985-03-17-left-aportaci-n-del-flamenco-a-los-ac,candil,Candil,1985-03,1985,AUTH_02,AUTH,"The text says some artists were 'muy poco flamenca,' but the stronger boundary concerns genre classification and critical hierarchy rather than a central purity exclusion.",25
1985-03-18-right-del-aciago-marzo-al-funesto-abri,candil,Candil,1985-03,1985,CRIT_03,CRIT,"Terms like 'reliquia intemporal' canonize Joselero, but the article already reaches the six-code maximum and stronger distinct functions are prioritized.",21
1985-03-18-right-del-aciago-marzo-al-funesto-abri,candil,Candil,1985-03,1985,HERIT_03,HERIT,"Memory and obituary framing are present, but the explicit heritage claim and other stronger discourse functions take precedence under the code limit.",22
1985-03-19-right-verg-enza-ajena,candil,Candil,1985-03,1985,CRIT_01,CRIT,"There is strong evaluative language, but it is better captured as expert/boundary critique of institutional policy under CRIT_04.",19
1985-03-20-right-buz-n-flamenco,candil,Candil,1985-03,1985,PED_03,PED,"The word 'escuelas' appears in relation to malagueñas, but it refers to style classification rather than institutional or transnational access to flamenco learning.",23
1985-03-20-right-buz-n-flamenco,candil,Candil,1985-03,1985,COMM_02,COMM,"Aficionados are addressed, but the dominant function is corrective expertise rather than community authority.",14
1985-03-23-right-discograf-a-flamenca,candil,Candil,1985-03,1985,AUTH_01,AUTH,"The phrase 'verdadero aficionado' appears, but it authorizes listener competence more than authenticity of flamenco itself.",16
1985-03-23-right-discograf-a-flamenca,candil,Candil,1985-03,1985,CRIT_04,CRIT,"The review exercises critical authority, but the stronger and more specific functions are evaluation, aesthetic criteria, and ranking.",18
1985-05-3-right-editorial,candil,Candil,1985-05,1985,AUTH_04,AUTH,"Mass media misrepresentation is criticized, but the visible text does not clearly frame television mediation itself as an authenticity threat distinct from degraded versions of jondo.",26
1985-05-3-right-editorial,candil,Candil,1985-05,1985,HERIT_03,HERIT,"Cultural reivindicación suggests safeguarding politics, but the strongest heritage evidence is the broader public-culture identity framing.",17
1985-05-4-left-el-tema-flamenco-y-2,candil,Candil,1985-05,1985,PED_01,PED,"The article is expository and scholarly, but the visible excerpt does not clearly position a flamenco teaching actor or method as authoritative.",22
1985-05-4-left-el-tema-flamenco-y-2,candil,Candil,1985-05,1985,PED_03,PED,The trigger 'guia' appears only as part of 'guiados' and does not concern access to flamenco learning.,17
1985-05-9-right-esteban-sanl-car,candil,Candil,1985-05,1985,COMM_02,COMM,"The narrator's afición is present, but it mainly frames personal memory rather than community authority or recognition.",18
1985-05-9-right-esteban-sanl-car,candil,Candil,1985-05,1985,HERIT_01,HERIT,"Shared Andalusian cultural value is implied, but the stronger visible heritage function is memory-work rather than explicit patrimony discourse.",20
1985-05-12-left-en-marcha-el-xiii-congreso-nacio,candil,Candil,1985-05,1985,HERIT_02,HERIT,"The program mentions institutional support and inauguration of a monument, but the visible passage functions mainly as an event schedule/administrative circular rather than explicit heritage authorization.",27
1985-05-12-left-en-marcha-el-xiii-congreso-nacio,candil,Candil,1985-05,1985,PED_03,PED,"The congress includes sessions, ponencias, and a conference, but the passage does not clearly frame these as flamenco knowledge transmission or access.",22
1985-05-12-right-el-dejillo-en-los-fandangos-de-h,candil,Candil,1985-05,1985,AUTH_01,AUTH,"Phrases such as 'expresión más genuina' indicate authenticity, but the stronger discourse function is local identity and continuity rather than a separate authenticity claim.",24
1985-05-12-right-el-dejillo-en-los-fandangos-de-h,candil,Candil,1985-05,1985,CRIT_02,CRIT,"The passage names musicality and dejillo as aesthetic qualities, but it mainly uses them for identity and hierarchy rather than a distinct evaluative criterion.",24
1985-05-13-right-curro-malena,candil,Candil,1985-05,1985,AUTH_03,AUTH,"Lebrija is described as having 'gran tradición cantaora', but the stronger visible claim concerns family/community transmission and insider learning.",20
1985-05-13-right-curro-malena,candil,Candil,1985-05,1985,PED_03,PED,"Discs are mentioned as a learning medium, but the passage rejects them in favor of embodied/local transmission rather than analyzing institutional or transnational access.",25
1985-05-16-right-la-alborea,candil,Candil,1985-05,1985,AUTH_03,AUTH,"The article discusses origins and ritual history, but much of this is etymological or descriptive rather than using tradition/continuity to authorize present practice.",24
1985-05-16-right-la-alborea,candil,Candil,1985-05,1985,HERIT_03,HERIT,"The text calls the rite extinct and describes ritual memory, but it does not clearly frame alboreá as public heritage or safeguarding work.",23
1985-05-17-right-tambi-n-extremadura-hace-homenaj,candil,Candil,1985-05,1985,CRIT_01,CRIT,"Phrases such as 'voz de platino' praise Pepe el Molinero, but the excerpt does not develop a sustained critical evaluation of his artistry.",23
1985-05-17-right-tambi-n-extremadura-hace-homenaj,candil,Candil,1985-05,1985,AUTH_03,AUTH,"Old singers and remembered repertoires suggest continuity, but the visible text frames the scene more as homage and memory than as tradition-based authorization.",24
1985-05-19-left-la-vieja-del-cante,candil,Candil,1985-05,1985,AUTH_04,AUTH,"The text suggests staged falseness and vulgar presentation, but does not clearly link commercial spectacle or public staging to loss of flamenco authenticity.",23
1985-05-19-left-la-vieja-del-cante,candil,Candil,1985-05,1985,CRIT_04,CRIT,"The critique is literary and metaphorical, but no critic, expert authority, or explicit boundary-policing discourse is clearly present.",19
1985-05-21-left-d-iscografia-flamenca,candil,Candil,1985-05,1985,AUTH_04,AUTH,"The word comercialidad appears, but it is treated as a stylistic facet rather than as an authenticity-threatening commercial force.",20
1985-05-21-left-d-iscografia-flamenca,candil,Candil,1985-05,1985,PED_03,PED,"The review mentions progression and professionalization, but does not discuss institutional learning, access, or pedagogy.",15
1985-05-21-right-pepe-de-la-matrona,candil,Candil,1985-05,1985,HERIT_03,HERIT,"The article emphasizes memory and conservation, but it does not frame this as public heritage safeguarding or community heritage politics.",20
1985-05-25-right-a-placas,candil,Candil,1985-05,1985,PED_02,PED,"Although the text says he learned the cantes of Luis El Quijá, it does not clearly frame that learning as authoritative lineage transmission.",23
1985-05-25-right-a-placas,candil,Candil,1985-05,1985,CRIT_04,CRIT,"The author corrects a published biographical error, but this is factual correction rather than expert boundary critique about proper flamenco.",20
1985-07-3-right-editorial,candil,Candil,1985-07,1985,CRIT_04,CRIT,"The editorial strongly polices the festival format, but the coded CRIT_01, CRIT_02, AUTH_04, and COMM_03 already capture the critique without adding a redundant expert-authority label.",26
1985-07-3-right-editorial,candil,Candil,1985-07,1985,HERIT_03,HERIT,"The article mentions the history of festivals but does not frame the issue as heritage safeguarding, public cultural memory, or policy.",21
1985-07-7-right-flamenco-de-la-uni-n-y-cartagena,candil,Candil,1985-07,1985,AUTH_01,AUTH,"The article legitimates non-Andalusian flamenco, but the clearest mechanism is roots and identity-belonging rather than an explicit authenticity claim.",21
1985-07-8-right-realidades-y-suposiciones-en-tor,candil,Candil,1985-07,1985,CRIT_03,CRIT,"The excerpt canonizes Andrés Segovia and Francisco Tárrega as guitar masters, but the visible evaluative discourse targets classical/universal guitar more than a flamenco actor, practice, or canon.",28
1985-07-8-right-realidades-y-suposiciones-en-tor,candil,Candil,1985-07,1985,PED_01,PED,"The word maestro appears repeatedly as an honorific, but the passage does not clearly frame teaching, transmission, or pedagogical authority in flamenco.",22
1985-07-10-right-dialoguillos-flamencos,candil,Candil,1985-07,1985,AUTH_02,AUTH,"Purity language is present, but the strongest visible discourse is a critique of purism and renewal rather than a stable purity boundary authorizing proper flamenco.",25
1985-07-10-right-dialoguillos-flamencos,candil,Candil,1985-07,1985,AUTH_03,AUTH,"The source/masters language evokes continuity, but it functions mainly as critical canon reference for guitar practice.",17
1985-07-11-right-naranjito-de-triana,candil,Candil,1985-07,1985,COMM_01,COMM,"The trigger word 'fuera' appears in a lyric rather than a social insider/outsider boundary, and the visible social material is better captured by community authority and participatory setting.",29
1985-07-11-right-naranjito-de-triana,candil,Candil,1985-07,1985,COMM_04,COMM,"Triana and gitano/castellano identities appear, but the passage emphasizes neighborhood convivencia and access more than identity as an explicit authority framework.",22
1985-07-14-right-ram-n-montoya-y-manolo-de-huelva,candil,Candil,1985-07,1985,CRIT_02,CRIT,"The text praises recording quality and historic value, but it does not clearly define flamenco quality through specific aesthetic criteria such as compás, duende, technique, or expression.",27
1985-07-16-left-guitarristas-compa-eros-y-amigos,candil,Candil,1985-07,1985,PED_02,PED,"The text mentions Ricardo as a disciple of Javier Molina and Antonio Moreno, but the dominant function is canonizing evaluation rather than a clear account of embodied or lineage transmission.",30
1985-07-17-right-les-gitans-dans,candil,Candil,1985-07,1985,PED_01,PED,"The article legitimates scholarship, but it does not present a teacher, school, method, or pedagogical authority transmitting flamenco knowledge.",19
1985-07-18-right-donde-hay-yeguas-potros-nacen,candil,Candil,1985-07,1985,AUTH_01,AUTH,"The phrase 'categoría de autenticidad y confianza' concerns a nickname and local trust among paisanos, not a clear authenticity claim about flamenco practice.",23
1985-07-18-right-donde-hay-yeguas-potros-nacen,candil,Candil,1985-07,1985,AUTH_03,AUTH,"The visible text mentions 'raíces filosóficas y líricas' of flamenco, but this remains broad description rather than a clear tradition-continuity claim authorizing present practice.",25
1985-07-23-right-hablan-las-penas,candil,Candil,1985-07,1985,PED_03,PED,"The article mentions a Director academia in the peña board, but this is only an administrative role listing without visible pedagogical discourse.",22
1985-07-23-right-hablan-las-penas,candil,Candil,1985-07,1985,CRIT_03,CRIT,"The contest prizes and required cantes imply ranking, but the text is mainly an administrative announcement rather than canon or hierarchy discourse.",22
1985-09-3-right-editorial,candil,Candil,1985-09,1985,CRIT_04,CRIT,"The editorial voice contests other analyses, but the passage does not clearly establish a critic, scholar, or expert authority beyond ordinary editorial judgment.",23
1985-09-4-left-hip-rbole-po-tica-en-las-coplas-,candil,Candil,1985-09,1985,PED_02,PED,"The text mentions oral tradition and one singer learning a malagueña from another, but it does not clearly frame this as authoritative embodied or lineage transmission.",26
1985-09-4-left-hip-rbole-po-tica-en-las-coplas-,candil,Candil,1985-09,1985,AUTH_03,AUTH,"The reference to tradición oral supports provenance, but it is not clearly used to authorize present flamenco value or continuity.",20
1985-09-4-right-prop-sito-de-la-palabra-payo-y-d,candil,Candil,1985-09,1985,AUTH_02,AUTH,"Words such as espúreo and false vocabulary draw a language-correctness boundary around caló, but not clearly a legitimate/improper flamenco boundary.",22
1985-09-4-right-prop-sito-de-la-palabra-payo-y-d,candil,Candil,1985-09,1985,AUTH_03,AUTH,"The article states an origin claim for flamenco in Andalucía, but the visible excerpt does not strongly use that origin to judge a present practice.",25
1985-09-6-left-a-vueltas-con-el-fandango,candil,Candil,1985-09,1985,CRIT_02,CRIT,"The text invokes criteria such as cante grande, cante menor, and inspiración jonda, but these are secondary to the stronger canon, evaluation, and conservation claims.",25
1985-09-6-left-a-vueltas-con-el-fandango,candil,Candil,1985-09,1985,HERIT_01,HERIT,"Patrimonio appears in the phrase patrimonio de sus creadores, but the framing is closer to conserving creator-linked tradition than public cultural heritage.",23
1985-09-7-left-versos-de-oto-o-para-macande,candil,Candil,1985-09,1985,HERIT_03,HERIT,"The poem mentions historical photography, memory, and survival, but these remain lyrical homage rather than clear public heritage or safeguarding discourse.",21
1985-09-7-left-versos-de-oto-o-para-macande,candil,Candil,1985-09,1985,CRIT_03,CRIT,"The phrase fotografía histórica suggests commemoration, but it does not clearly construct Macandé as part of a canon or hierarchy.",20
1985-09-7-right-notas-para-una-aproximaci-n-al-c,candil,Candil,1985-09,1985,AUTH_03,AUTH,"The excerpt discusses etymology, old folklore, and a proposed urban origin for bamberas, but the visible text mainly describes origins rather than using tradition or roots to authorize present flamenco value.",31
1985-09-7-right-notas-para-una-aproximaci-n-al-c,candil,Candil,1985-09,1985,PED_03,PED,"The Real Academia and dictionaries are cited as lexical sources, but the passage does not frame flamenco learning, institutional pedagogy, or access to flamenco knowledge.",25
1985-09-10-right-la-llave-de-oro,candil,Candil,1985-09,1985,COMM_04,COMM,"The reference to 'gitanería cantaora' links Mairena to a group identity, but the visible passage primarily canonizes him rather than developing identity-based belonging or representation.",26
1985-09-10-right-la-llave-de-oro,candil,Candil,1985-09,1985,AUTH_03,AUTH,"The article invokes inheritance-like terms such as 'acervo' and succession, but the clearest discourse function is canonical hierarchy and master authority rather than tradition/continuity as such.",28
1985-09-11-right-seg-n-un-apasionado-viajero-anda,candil,Candil,1985-09,1985,AUTH_02,AUTH,"The text devalues easy cantes and pseudo-afición, but it is framed more as critical/aesthetic judgment than an explicit purity boundary around legitimate flamenco.",25
1985-09-11-right-seg-n-un-apasionado-viajero-anda,candil,Candil,1985-09,1985,COMM_03,COMM,"The excerpt concerns public festival settings, but it does not clearly contrast public spectatorship with private or participatory flamenco as the basis of value.",24
1985-09-13-right-ellos-los-aficionados-tambi-n-di,candil,Candil,1985-09,1985,HERIT_02,HERIT,"Cultural institutions and the Junta de Andalucía appear as administrative actors, but the excerpt does not clearly frame flamenco as heritage or patrimony under official heritage authority.",27
1985-09-13-right-ellos-los-aficionados-tambi-n-di,candil,Candil,1985-09,1985,HERIT_03,HERIT,"The final visible passage mentions social support for old artists, but it is welfare-oriented rather than a clear safeguarding or living-heritage claim.",24
1985-09-15-left-sociedad-y-cante-flamenco,candil,Candil,1985-09,1985,COMM_04,COMM,"The book's claim that copla and cante are joint works of payos and gitanos invokes identity groups, but the visible review reports the argument without clearly making identity the basis of belonging or authority.",35
1985-09-15-left-sociedad-y-cante-flamenco,candil,Candil,1985-09,1985,CRIT_02,CRIT,"The review mentions artistic, terminological, metrical, and thematic aspects, but the excerpt does not clearly apply a specific flamenco aesthetic criterion such as compás, duende, technique, or depth.",28
1985-09-15-right-sim-n-serrano-de-haro,candil,Candil,1985-09,1985,HERIT_03,HERIT,"The trigger 'Recuerdo' introduces personal memory and career recollection, but it does not frame the material as public heritage, safeguarding, or collective memory-work.",24
1985-09-15-right-sim-n-serrano-de-haro,candil,Candil,1985-09,1985,CRIT_03,CRIT,"The text mentions important figures and 'auténticos creadores', but within the visible excerpt this mainly supports learning context rather than constructing a clear canon or hierarchy.",26
1985-09-16-right-las-letras-del-flamenco,candil,Candil,1985-09,1985,CRIT_01,CRIT,"The article contains broad evaluative language, but the strongest evaluative work is already captured by AUTH_02, AUTH_03, and CRIT_02.",19
1985-09-18-right-guitarristas-conocidos-compa-ero,candil,Candil,1985-09,1985,PED_02,PED,The anecdote about something 'enseñao' is playful and isolated; it does not establish flamenco learning or lineage transmission.,18
1985-09-18-right-guitarristas-conocidos-compa-ero,candil,Candil,1985-09,1985,AUTH_03,AUTH,"The article mentions history and resurgence, but the main visible discourse is critical evaluation and canonization rather than tradition as an authorizing principle.",23
1985-09-19-right-noticiario-flamenco,candil,Candil,1985-09,1985,AUTH_02,AUTH,"Pureza is listed as one criterion for an award, but the passage does not itself draw a clear impure/fake exclusion boundary.",22
1985-09-19-right-noticiario-flamenco,candil,Candil,1985-09,1985,HERIT_02,HERIT,"The award and jury confer recognition, but the visible excerpt does not clearly frame this as official or institutional heritage authority rather than critical prize administration.",26
1985-09-21-right-buzon-flamenco,candil,Candil,1985-09,1985,AUTH_03,AUTH,"The passage discusses origins and naming of cantes de Levante, but the visible text does not clearly use tradition or roots to authorize present flamenco practice.",26
1985-09-21-right-buzon-flamenco,candil,Candil,1985-09,1985,COMM_02,COMM,"The writer invokes an aficionado viewpoint, but the visible passage does not clearly grant aficionados collective authority beyond ordinary opinion.",20
1985-09-22-right-hablan-las-penas-ii-concurso-de-,candil,Candil,1985-09,1985,COMM_02,COMM,"Peñas are named as organizers and associations, but the text is a routine contest/directive notice without community authority or evaluative discourse.",22
1985-09-22-right-hablan-las-penas-ii-concurso-de-,candil,Candil,1985-09,1985,HERIT_02,HERIT,"Public institutions sponsor the contests, but the passage does not frame this as official heritage authorization or cultural patrimony.",19
1985-09-23-left-discograf-a-flamenca,candil,Candil,1985-09,1985,PED_03,PED,"The second review says the tonás/deblas/martinetes disc is useful 'para aprender, estudiar y asimilar,' but this is a brief recommendation rather than a developed access/transmission discourse.",29
1985-09-23-left-discograf-a-flamenca,candil,Candil,1985-09,1985,COMM_03,COMM,"The second review values listening 'en reunión cabal' and says there is no stage or public, but the passage does not strongly contrast participatory setting against public spectatorship.",28
1985-09-23-left-discograf-a-flamenca,candil,Candil,1985-09,1985,CRIT_02,CRIT,"Aesthetic terms such as grito, voz, and esquema melódico appear, but CRIT_01 and AUTH_02 capture the main evaluative force without overcoding.",21
1985-11-3-right-editorial,candil,Candil,1985-11,1985,COMM_01,COMM,"The text contests insider/outsider territorial boundaries, but COMM_04 more precisely captures the identity/geographic framing.",16
1985-11-3-right-editorial,candil,Candil,1985-11,1985,AUTH_03,AUTH,"The phrase 'venerable tradición flamenca' appears, but the main discourse function is Varea's legitimacy and identity framing rather than tradition as a separate continuity claim.",26
1985-11-3-right-editorial,candil,Candil,1985-11,1985,CRIT_01,CRIT,"The article praises Varea's artistry, but CRIT_03 better captures its canonizing function and avoids redundant evaluation coding.",18
1985-11-4-right-una-visi-n-del-gitano-andaluz-en,candil,Candil,1985-11,1985,CRIT_03,CRIT,"Although the text mentions 'mayor o menor aportación,' it describes a controversy over contribution rather than clearly ranking flamenco artists, styles, or canons.",23
1985-11-4-right-una-visi-n-del-gitano-andaluz-en,candil,Candil,1985-11,1985,CRIT_04,CRIT,"The article critiques literary stereotypes, but the visible excerpt does not clearly position a flamenco critic or expert as the authority policing flamenco boundaries.",24
1985-11-4-right-una-visi-n-del-gitano-andaluz-en,candil,Candil,1985-11,1985,AUTH_03,AUTH,"Historical arrival and cultural presence are discussed, but the visible excerpt does not clearly use tradition or continuity to authorize present flamenco practice.",23
1985-11-8-right-un-disco-sobre-los-cantes-de-ida,candil,Candil,1985-11,1985,CRIT_01,CRIT,"The article contains evaluative phrasing, but its main function is classification and boundary-setting rather than a review of a specific performance or recording.",24
1985-11-8-right-un-disco-sobre-los-cantes-de-ida,candil,Candil,1985-11,1985,PED_03,PED,"The article explains terminology and origins, but it does not clearly frame institutional or transnational learning access.",17
1985-11-10-left-aunque-no-quepa-en-el-papel,candil,Candil,1985-11,1985,PED_03,PED,"The text discusses bibliography and divulgation, but it evaluates scholarship more than it frames learning access or pedagogy.",18
1985-11-10-left-aunque-no-quepa-en-el-papel,candil,Candil,1985-11,1985,HERIT_03,HERIT,"The passage mentions studies and preservation-like concerns, but it does not clearly frame flamenco as public heritage or safeguarding work.",21
1985-11-11-left-acerca-de-la-memoria-una-vez-m-s,candil,Candil,1985-11,1985,COMM_04,COMM,The trigger word 'hombre' appears generically; it does not frame gender or identity as organizing flamenco authority.,17
1985-11-11-left-acerca-de-la-memoria-una-vez-m-s,candil,Candil,1985-11,1985,AUTH_03,AUTH,"Continuity with the past is implied, but the stronger discourse function is heritage memory/rescue rather than tradition as authority.",20
1985-11-11-left-acerca-de-la-memoria-una-vez-m-s,candil,Candil,1985-11,1985,COMM_03,COMM,"The ending contrasts dignified stage incorporation with singing for a señorito, but the visible excerpt does not develop a public/private participatory setting distinction.",24
1985-11-16-right-contrarr-plica-sobre-el-cal-y-lo,candil,Candil,1985-11,1985,COMM_03,COMM,"The text mentions publication and readers, but does not contrast participatory/private versus spectatorial/public flamenco settings.",17
1985-11-19-right-a-don-jos-m-rquez-cabello-endere,candil,Candil,1985-11,1985,PED_02,PED,"The word 'cuerpo' appears only inside a quoted letra and does not describe embodied, oral, familial, or lineage transmission.",19
1985-11-22-left-noticiario-flamenco,candil,Candil,1985-11,1985,AUTH_03,AUTH,"The phrase 'recuperación de sus raíces culturales' suggests roots and recovery, but the surrounding passage is mainly congratulatory award coverage rather than a developed tradition-continuity claim.",27
1985-11-22-left-noticiario-flamenco,candil,Candil,1985-11,1985,COMM_03,COMM,"The program is described as open to participation, but the passage does not contrast participatory flamenco with spectatorship or private/public setting strongly enough.",24
1985-11-23-left-hablan-las-pe-as,candil,Candil,1985-11,1985,COMM_02,COMM,"Peñas and tertulias are repeatedly listed, but mostly as organizers or administrative bodies without a clear claim that community actors authorize flamenco value.",23
1985-11-23-left-hablan-las-pe-as,candil,Candil,1985-11,1985,PED_03,PED,"The essay prize concerns flamenco scholarship and publication, but the notice is administrative and does not strongly frame learning access or institutional pedagogy.",23
1985-11-23-left-hablan-las-pe-as,candil,Candil,1985-11,1985,HERIT_02,HERIT,"Public sponsorship and prizes appear, but there is no explicit heritage or patrimonial recognition frame.",15
1985-11-23-right-palmas-a-comp-s-para-pasarela-po,candil,Candil,1985-11,1985,COMM_04,COMM,"The phrase 'seña de identidad genuinamente andaluz' frames Andalusian identity, but the main discourse function is better captured by praise, official recognition, and purity boundary-work.",26
1985-11-23-right-palmas-a-comp-s-para-pasarela-po,candil,Candil,1985-11,1985,AUTH_01,AUTH,"'Genuinamente andaluz' suggests authenticity, but it modifies identity framing rather than making a direct claim about genuinely proper flamenco practice.",20
1986-01-3-right-editorial,candil,Candil,1986-01,1986,AUTH_02,AUTH,"Hay lenguaje de desvirtuación y vulgaridad, pero el eje principal visible es la crítica institucional y patrimonial, no una frontera explícita de pureza flamenca.",24
1986-01-3-right-editorial,candil,Candil,1986-01,1986,HERIT_02,HERIT,"Se mencionan instituciones y la Confederación Andaluza de Peñas Flamencas, pero la evidencia visible no desarrolla claramente un mecanismo autorizado de patrimonialización.",22
1986-01-4-left-otro-aniversario-est-ril,candil,Candil,1986-01,1986,COMM_02,COMM,"Se mencionan paisanos, amigos y admiradores, pero no se les concede autoridad flamenca clara para reconocer o juzgar el arte.",20
1986-01-4-right-fernando-villal-n-0-la-aristocra,candil,Candil,1986-01,1986,PED_02,PED,"La palabra 'Generación' aparece como clasificación literaria, no como transmisión oral, corporal o de linaje flamenco.",16
1986-01-4-right-fernando-villal-n-0-la-aristocra,candil,Candil,1986-01,1986,COMM_04,COMM,"La referencia al pueblo y a lo popular sugiere identidad colectiva, pero no organiza claramente pertenencia o autoridad flamenca.",19
1986-01-10-right-carta-a-un-apasionado-viajero-an,candil,Candil,1986-01,1986,COMM_02,COMM,"La expresión 'aficionados de a pie' describe una actitud válida, pero no les otorga autoridad comunitaria clara para juzgar flamenco.",20
1986-01-10-right-carta-a-un-apasionado-viajero-an,candil,Candil,1986-01,1986,CRIT_03,CRIT,"Se enumeran cantaores importantes y frecuencias de contratación, pero la función visible es corregir sesgos críticos, no construir un canon propio.",21
1986-01-12-left-cantaora-en-verde,candil,Candil,1986-01,1986,AUTH_03,AUTH,"La imagen 'pueblo de las raíces al viento' es poética, pero no usa raíces/tradición para autorizar una práctica flamenca.",20
1986-01-12-left-cantaora-en-verde,candil,Candil,1986-01,1986,HERIT_03,HERIT,"La mención de memoria es metafórica dentro del poema y no formula salvaguarda, patrimonio vivo ni memoria colectiva como discurso cultural.",21
1986-01-12-left-cantaora-en-verde,candil,Candil,1986-01,1986,CRIT_02,CRIT,"Aparecen voz, quejas y cante, pero no se aplican como criterios explícitos de evaluación estética.",15
1986-01-12-right-guitaristas-conocidos-compa-eros,candil,Candil,1986-01,1986,AUTH_01,AUTH,The phrase 'auténtica plenitud' is poetic and not clearly an authenticity claim about proper flamenco.,15
1986-01-12-right-guitaristas-conocidos-compa-eros,candil,Candil,1986-01,1986,PED_03,PED,"Radio recordings, conferences, archives, institutes, and universities are mentioned, but the visible text does not clearly frame them as contested or authoritative learning access.",24
1986-01-13-right-ellos-los-protagonistas-dicen,candil,Candil,1986-01,1986,HERIT_03,HERIT,"The interview uses memory and loss, but it is mainly community autobiography rather than explicit public heritage or safeguarding discourse.",20
1986-01-13-right-ellos-los-protagonistas-dicen,candil,Candil,1986-01,1986,AUTH_03,AUTH,"There is nostalgia for an earlier Triana, but the visible text does not clearly use continuity or roots to authorize present practice.",22
1986-01-15-right-demasiado-f-cil-lo-tuvo-el-jurad,candil,Candil,1986-01,1986,COMM_04,COMM,The word 'hombres' appears in the jury discussion but does not function as gendered tradition or identity-group framing.,19
1986-01-15-right-demasiado-f-cil-lo-tuvo-el-jurad,candil,Candil,1986-01,1986,HERIT_02,HERIT,"The award has institutional features, but the visible text emphasizes critical/jury recognition more than heritage authority.",17
1986-01-17-left-la-sauceda-de-ronda-primer-festi,candil,Candil,1986-01,1986,CRIT_03,CRIT,"Calling it a possible first festival has historical-ranking implications, but the passage is primarily an origin/authenticity claim rather than canon hierarchy.",23
1986-01-17-right-luto-en-el-cante-extreme-o,candil,Candil,1986-01,1986,AUTH_03,AUTH,"The obituary invokes regional memory and biography, but does not clearly ground present flamenco value in tradition or roots.",19
1986-01-17-right-luto-en-el-cante-extreme-o,candil,Candil,1986-01,1986,HERIT_02,HERIT,"FEFEX and a federated peña appear, but the passage does not frame them as official heritage authorities.",17
1986-01-19-left-aunque-no-quepa-en-el-papel-agen,candil,Candil,1986-01,1986,PED_01,PED,"The text says the books are not for learning flamenco, so pedagogy is mentioned only to reject that function.",19
1986-01-19-right-el-sevillanito,candil,Candil,1986-01,1986,AUTH_02,AUTH,"The word 'puro' appears in the ending context, but it is lyrical obituary language and not a clear purity boundary around legitimate flamenco.",23
1986-01-20-right-pessoa-flamenco,candil,Candil,1986-01,1986,AUTH_04,AUTH,"The text mentions 'comercial' and nouvelle vague, but the main visible critique is aesthetic/boundary policing rather than a developed anti-commercial authenticity argument.",24
1986-01-21-left-m-s-sobre-silverio-franconetti-a,candil,Candil,1986-01,1986,CRIT_01,CRIT,"The article contains polemical criticism of opportunistic writers, but the stronger function is expert boundary correction rather than review-style evaluation of a flamenco work.",25
1986-01-22-left-hablan-las-pe-as,candil,Candil,1986-01,1986,COMM_03,COMM,"The article mentions peña activities and public meetings, but does not clearly contrast public/private or spectator/participant settings.",19
1986-01-23-left-discograf-a-flamenca,candil,Candil,1986-01,1986,AUTH_03,AUTH,"References to clásicos ecos, Chacón, solera, and revalorizar suggest continuity, but the visible discourse is primarily critical review rather than a sustained tradition-authorizing claim.",25
1986-01-23-right-buz-n-flamenco,candil,Candil,1986-01,1986,HERIT_03,HERIT,"The dispute involves memory and local cultural ownership, but the visible passage does not clearly frame it as public heritage safeguarding or heritage politics.",24
1986-01-23-right-buz-n-flamenco,candil,Candil,1986-01,1986,CRIT_03,CRIT,"Chacón and Piñana function as important reference figures, but the visible text does not clearly build a broader canon or ranking beyond the disputed attribution.",25
1986-03-3-right-editorial,candil,Candil,1986-03,1986,HERIT_02,HERIT,"The contest is institutionalized and publicly recognized, but the passage does not explicitly use heritage/patrimony or official heritage-listing mechanisms.",21
1986-03-3-right-editorial,candil,Candil,1986-03,1986,AUTH_01,AUTH,"Phrases such as verdad flamenca and genuino cuño imply authenticity, but the stronger emitted AUTH_02 captures the explicit purity boundary work.",21
1986-03-4-right-proceso-al-antigitanismo,candil,Candil,1986-03,1986,PED_02,PED,"The trigger window includes lexical material but does not show embodied, oral, familial, or lineage-based flamenco transmission.",18
1986-03-4-right-proceso-al-antigitanismo,candil,Candil,1986-03,1986,HERIT_03,HERIT,"The visible text mentions documents and archives, but it does not clearly frame safeguarding, living heritage, or community heritage responsibility.",20
1986-03-7-right-aunque-no-quepa-en-el-papel,candil,Candil,1986-03,1986,CRIT_01,CRIT,"There is review praise, but the stronger function is expert authorization rather than a separate aesthetic evaluation of a flamenco performance or work.",23
1986-03-8-right-la-visi-n-de-andaluc-a-en-rub-n-,candil,Candil,1986-03,1986,AUTH_03,AUTH,"The phrase about 'raíces de un pueblo' concerns Rubén Darío's literary and cultural perception, not flamenco value, continuity, or authority.",21
1986-03-8-right-la-visi-n-de-andaluc-a-en-rub-n-,candil,Candil,1986-03,1986,CRIT_02,CRIT,"The visible critical vocabulary concerns literary influence and admiration, not flamenco aesthetic criteria.",13
1986-03-12-right-respuesta-a-un-apasionado-racist,candil,Candil,1986-03,1986,CRIT_03,CRIT,"The sentence about the artist with the most festivals not necessarily being the most outstanding implies ranking, but it is secondary to the broader commercial/purity critique.",27
1986-03-14-right-cantes-de-ida-y-vuelta,candil,Candil,1986-03,1986,CRIT_03,CRIT,"Names such as Niño de Marchena and Manuel Vallejo are historically important, but the visible passage mainly corrects classification rather than constructing a ranking or canon.",26
1986-03-15-right-30-aniversario-del-concurso-naci,candil,Candil,1986-03,1986,COMM_02,COMM,"Aficionados and peña presidents are listed as members of the organizing commission, but the visible text does not clearly make their community status the basis of authority.",27
1986-03-25-right-y-va-de-humor-don-cayetano-y-el-,candil,Candil,1986-03,1986,PED_02,PED,"The passage says flamenco must be heard over years, but this is aesthetic acculturation rather than a clear oral or embodied transmission relation.",23
1986-03-26-right-hablan-las-penas,candil,Candil,1986-03,1986,HERIT_02,HERIT,"The award is an institutional distinction, but the visible text does not explicitly frame flamenco as heritage or public patrimony.",20
1986-03-27-left-buzon-flamenco,candil,Candil,1986-03,1986,CRIT_04,CRIT,"The letter questions a biographical inconsistency in Yerga's book, but it does not clearly grant or exercise expert critical authority beyond factual clarification.",24
1986-03-27-right-d-iscografia-flamenca,candil,Candil,1986-03,1986,CRIT_02,CRIT,"The text mentions criteria such as guitar, palmas, tamboril, and 3/4 or 3/8, but these are largely folded into broader criticism and boundary work already coded.",28
1986-05-3-right-editorial,candil,Candil,1986-05,1986,AUTH_04,AUTH,"The references to mercaderes and commercial or spurious threats suggest anti-commercial authenticity, but the stronger discourse function is institutional safeguarding.",21
1986-05-3-right-editorial,candil,Candil,1986-05,1986,AUTH_03,AUTH,"The phrase cultura genuinamente andaluza gives rooted value to lo jondo, but the passage mainly develops preservation and institutional coordination rather than tradition-continuity.",24
1986-05-4-left-jaleos-para-juana-la-del-revuelo,candil,Candil,1986-05,1986,COMM_04,COMM,"The poem mentions raza and Triana, but these function as lyrical imagery rather than a clear identity-based authority claim.",20
1986-05-4-right-a-cotaciones-a-un-proceso,candil,Candil,1986-05,1986,PED_03,PED,"The trigger term título appears, but the passage does not discuss learning, access, or institutional pedagogy.",16
1986-05-4-right-a-cotaciones-a-un-proceso,candil,Candil,1986-05,1986,HERIT_03,HERIT,"The article discusses collective memory and historical harm, but the visible excerpt does not clearly frame this as heritage safeguarding or public cultural value.",24
1986-05-6-left-pintor-de-guitarras,candil,Candil,1986-05,1986,CRIT_02,CRIT,"Terms such as cante grande, soleá, and compás appear, but they are used poetically rather than as evaluative criteria for a flamenco performance or artist.",25
1986-05-6-right-artistas-flamencos-en-ceuta,candil,Candil,1986-05,1986,COMM_04,COMM,Mentions of gitano and family identity are mainly biographical and do not clearly organize authority or belonging.,17
1986-05-8-left-el-flamenco-afluente-del-r-o-de-,candil,Candil,1986-05,1986,AUTH_03,AUTH,"The article invokes origins in the Andalusian people, but the visible evidence works more as identity and authenticity defense than tradition-continuity argument.",23
1986-05-9-left-por-fin-flamencolog-a-y-flamenc-,candil,Candil,1986-05,1986,PED_01,PED,"Definitions mention knowledge and expertise, but the passage does not frame teaching or transmission of flamenco knowledge.",17
1986-05-9-right-paco-de-luc-a-un-guitarrista-de-,candil,Candil,1986-05,1986,COMM_02,COMM,"Afición is mentioned in questions and in reference to aficionados, but the visible passage does not make aficionados the source of authority.",22
1986-05-11-left-flamenco-y-tradiciones-musicales,candil,Candil,1986-05,1986,PED_03,PED,"The proposed comparison of recordings suggests a research method, but not institutional or transnational access to flamenco learning.",18
1986-05-11-right-cr-nica-del-xi-concurso-nacional,candil,Candil,1986-05,1986,PED_02,PED,"The phrase 'visto y escuchado' refers to critical observation of contest phases, not oral or embodied transmission.",17
1986-05-11-right-cr-nica-del-xi-concurso-nacional,candil,Candil,1986-05,1986,CRIT_03,CRIT,"The article discusses prizes and awards, but the visible excerpt does not clearly construct a canon or durable hierarchy beyond contest results.",22
1986-05-13-left-aunque-no-quepa-en-el-papel-poes,candil,Candil,1986-05,1986,CRIT_04,CRIT,"The professor's qualification is praised, but the stronger visible function is review/evaluation of the study rather than explicit expert boundary-setting.",23
1986-05-13-left-aunque-no-quepa-en-el-papel-poes,candil,Candil,1986-05,1986,PED_02,PED,"The final passage implies intergenerational transmission, but the emphasis is on preservation through recording rather than oral, embodied, or lineage-based learning.",22
1986-05-15-left-cuchillo-un-extra-o-significado-,candil,Candil,1986-05,1986,AUTH_03,AUTH,"The article discusses the historical meaning of the word 'flamenco', but this is primarily etymological rather than a tradition or roots claim authorizing present flamenco practice.",26
1986-05-15-left-cuchillo-un-extra-o-significado-,candil,Candil,1986-05,1986,PED_03,PED,"The article cites books and investigators, but it does not frame institutional learning, access, or pedagogy as a discourse function.",20
1986-05-15-right-chismolog-a,candil,Candil,1986-05,1986,PED_03,PED,"The mention of a professor's volume indicates scholarly work, but the excerpt does not develop learning or institutional access enough for a separate pedagogy code.",26
1986-05-15-right-chismolog-a,candil,Candil,1986-05,1986,COMM_02,COMM,"The 'afición mayoritaria andaluza' is named as a public served by radio, but it is not clearly granted authority to judge or sustain flamenco.",24
1986-05-16-right-el-villancico-y-la-saeta,candil,Candil,1986-05,1986,HERIT_01,HERIT,"The article discusses folklore and national/regional culture, but it does not frame the saeta as public heritage or patrimony.",20
1986-05-16-right-el-villancico-y-la-saeta,candil,Candil,1986-05,1986,AUTH_01,AUTH,"The article legitimates the saeta through origin and aesthetics, but it does not explicitly claim authenticity or proper flamenco in the stricter sense.",23
1986-05-17-right-el-peso-de-una-localidad-cantaor,candil,Candil,1986-05,1986,PED_02,PED,"The text mentions a school and pupils, but the visible passage functions more as local lineage/canonization than as explicit embodied or oral transmission.",24
1986-05-18-left-m-s-sobre-el-ni-o-de-alcal-y-el-,candil,Candil,1986-05,1986,AUTH_01,AUTH,"Truth language concerns factual biographical accuracy, not authenticity or genuineness of flamenco practice.",13
1986-05-18-left-m-s-sobre-el-ni-o-de-alcal-y-el-,candil,Candil,1986-05,1986,COMM_02,COMM,"The caller is praised as a great aficionado, but the passage does not clearly grant him broader community authority to judge flamenco.",22
1986-05-19-left-un-adi-s-a-manolo-heras,candil,Candil,1986-05,1986,HERIT_03,HERIT,"The obituary remembers an artist and mentions history, but it does not clearly frame this as safeguarding, collective heritage, or public memory-work.",23
1986-05-19-left-un-adi-s-a-manolo-heras,candil,Candil,1986-05,1986,AUTH_01,AUTH,"The phrase about keeping his flamenco spirit alive is expressive biography, not a clear claim of genuine or proper flamenco.",20
1986-05-19-right-los-fandanguillos-de-huelva,candil,Candil,1986-05,1986,CRIT_03,CRIT,"The article rejects inferiority and asserts equivalence, but the stronger evidence is aesthetic criteria and boundary work rather than canon ranking.",21
1986-05-20-left-hablan-las-pe-as-concurso-de-can,candil,Candil,1986-05,1986,HERIT_02,HERIT,"The Cátedra confers institutional honors, but the visible text does not explicitly frame flamenco as heritage or patrimony.",18
1986-05-20-left-hablan-las-pe-as-concurso-de-can,candil,Candil,1986-05,1986,COMM_02,COMM,"Peñas and tertulias appear throughout, but most mentions are organizational notices; the clearer function is study, evaluation, and institutional prestige.",20
1986-05-21-left-buzon-flamenco,candil,Candil,1986-05,1986,CRIT_04,CRIT,"The article corrects a biographical/date error using civil and baptismal records, but the visible text does not clearly position the author as a flamenco-critical authority or evaluate flamenco practice.",31
1986-05-21-left-buzon-flamenco,candil,Candil,1986-05,1986,HERIT_03,HERIT,"The photocopies are described as important for the biography/history of a cantaor, but the passage does not frame this as public heritage safeguarding or collective memory-work.",28
1986-05-23-right-xiv-congreso-nacional-de-activid,candil,Candil,1986-05,1986,PED_03,PED,"The text mentions concepts, ponencias, and debates, but explicitly says the congress is not an aula and is not mainly about learning.",22
1986-05-23-right-xiv-congreso-nacional-de-activid,candil,Candil,1986-05,1986,HERIT_02,HERIT,"There is institutional sponsorship and honorary presidency, but the visible text does not explicitly frame flamenco as heritage or patrimony.",20
1986-07-3-right-editorial,candil,Candil,1986-07,1986,AUTH_01,AUTH,"The text mentions 'verdad flamenca' and 'vetas auténticas de jondura', but the stronger visible move is boundary-work against spurious manifestations, captured by AUTH_02.",24
1986-07-3-right-editorial,candil,Candil,1986-07,1986,CRIT_02,CRIT,"Duende and jondura appear as aesthetic criteria, but the article's main function is canonization and debate over critical authority rather than applying a distinct criterion to a specific performance.",30
1986-07-3-right-editorial,candil,Candil,1986-07,1986,AUTH_03,AUTH,"The Concurso Granadino and 1920s writers are historically invoked, but tradition/continuity is not the primary basis of authority in the visible argument.",23
1986-07-4-right-un-apret-n-de-manos,candil,Candil,1986-07,1986,HERIT_03,HERIT,"The text mentions a divide between two communities and peaceful coexistence, but the visible passage frames an ethnic-historical polemic rather than flamenco as public heritage, safeguarding, or community heritage.",30
1986-07-4-right-un-apret-n-de-manos,candil,Candil,1986-07,1986,CRIT_04,CRIT,"The author invokes documents, truth, and exhaustive study, but the exercised expert authority concerns historical treatment of gitanos in Spain and is explicitly described as moving away from flamenco.",29
1986-07-6-left-el-loco-que-canta,candil,Candil,1986-07,1986,HERIT_03,HERIT,"The poem uses the word memoria, but as lyric imagery rather than public heritage, safeguarding, or collective memory-work.",19
1986-07-6-left-el-loco-que-canta,candil,Candil,1986-07,1986,CRIT_02,CRIT,The poem evokes cante poetically but does not apply aesthetic criteria to judge or define flamenco quality.,17
1986-07-9-right-vida-y-cante-de-don-antonio-chac,candil,Candil,1986-07,1986,AUTH_02,AUTH,"Terms such as pureza, desvirtuar, and advenedizos appear in reported controversy, but the clearest visible discourse is critical historiographic boundary critique rather than a standalone purity boundary claim by the article.",31
1986-07-9-right-vida-y-cante-de-don-antonio-chac,candil,Candil,1986-07,1986,PED_01,PED,"The text says Chacón sang to enseñar al que no sabe, but this is a brief reported justification rather than a developed claim about pedagogical authority.",26
1986-07-10-right-informe-sobre-el-xiv-congreso-na,candil,Candil,1986-07,1986,COMM_03,COMM,"The text mentions democratic and participatory norms in debates, but this is congress procedure rather than a public/private or participant/spectator setting that defines flamenco value.",27
1986-07-10-right-informe-sobre-el-xiv-congreso-na,candil,Candil,1986-07,1986,HERIT_03,HERIT,"The phrase manifestación cultural suggests public cultural value, but the visible passage does not clearly frame flamenco as heritage to be safeguarded or contested.",24
1986-07-13-right-juan-carmona-habichuela,candil,Candil,1986-07,1986,COMM_02,COMM,"The prompt asks about afición and the account includes family context, but the visible passage does not clearly grant community or aficionado authority to judge flamenco.",26
1986-07-13-right-juan-carmona-habichuela,candil,Candil,1986-07,1986,CRIT_03,CRIT,"Juan El Ovejilla is called a monstruo of the guitar, but the passage functions mainly as apprenticeship evidence rather than sustained canon or hierarchy construction.",25
1986-07-16-left-las-coplas-de-paco-salguero,candil,Candil,1986-07,1986,AUTH_01,AUTH,"The dedication says 'por su verdad' and the poem uses truth-like language, but it does not clearly attribute flamenco authenticity or properness to a flamenco actor or practice.",29
1986-07-16-right-un-curso-de-flamenco-para-ense-a,candil,Candil,1986-07,1986,HERIT_03,HERIT,"The article links flamenco to schools, roots, and cultural initiative, but the visible discourse is primarily pedagogical rather than explicit safeguarding or heritage-management language.",25
1986-07-17-right-carta-abierta-a-cr-ticas-cerrada,candil,Candil,1986-07,1986,PED_02,PED,"Compás is central, but the visible passage debates aesthetic judgment rather than embodied/oral transmission or learning.",17
1986-07-19-left-porrina-de-badajoz-cantaor-extre,candil,Candil,1986-07,1986,COMM_01,COMM,"The text mentions triumphing 'fuera' and keeping ties to the homeland, but this is a local recognition narrative rather than a clear insider/outsider boundary of flamenco knowledge.",28
1986-07-21-right-fosforito-o-la-personalidad,candil,Candil,1986-07,1986,PED_01,PED,"The title 'Maestro' is used as an artistic honorific, not as evidence that Fosforito is positioned as an authorized teacher or transmitter in the visible text.",26
1986-07-22-left-hablan-las-penas,candil,Candil,1986-07,1986,CRIT_02,CRIT,"Terms such as 'fuerza', 'jondura' and 'compás' are evaluative criteria, but the selected CRIT_01 and CRIT_03 annotations already capture the main critical work.",23
1986-07-22-left-hablan-las-penas,candil,Candil,1986-07,1986,PED_01,PED,"The conference format and named experts suggest pedagogical mediation, but the article mostly reports the event and performances rather than asserting teaching authority.",23
1986-07-22-right-buzon-flamenco,candil,Candil,1986-07,1986,COMM_02,COMM,"The appeal to 'la afición' suggests community participation, but it asks for information rather than clearly granting aficionados authority to judge or sustain flamenco.",24
1986-07-22-right-buzon-flamenco,candil,Candil,1986-07,1986,CRIT_02,CRIT,"The reference to 'pellizco' and the cante's quality is evaluative, but the stronger critical act is the explicit judgment of the jury and recognition.",25
1986-07-23-left-d-iscografia-flamenca,candil,Candil,1986-07,1986,AUTH_01,AUTH,"Phrases such as 'voz flamenquísima' and 'sabe lo que es el flamenco' imply genuineness, but the dominant discourse function is critical evaluation rather than a standalone authenticity claim.",28
1986-07-23-left-d-iscografia-flamenca,candil,Candil,1986-07,1986,AUTH_03,AUTH,"References to Mairena, Juan Talega, Jerez, and personalismos evoke tradition, but they mainly serve aesthetic review criteria rather than an explicit continuity claim.",23
1986-09-3-right-editorial,candil,Candil,1986-09,1986,AUTH_04,AUTH,"The critique of marketing and publicity challenges market-based success, but it does not clearly frame commerce as corrupting authenticity.",20
1986-09-3-right-editorial,candil,Candil,1986-09,1986,COMM_02,COMM,"The reference to 'buenos aficionaos' indicates a knowledgeable community, but the passage does not clearly grant them authority to judge beyond reporting a discussion.",24
1986-09-3-right-editorial,candil,Candil,1986-09,1986,CRIT_04,CRIT,"The editorial exercises definitional authority, but the stronger observable functions are authenticity definition, aesthetic criteria, and canon formation.",18
1986-09-4-right-reflexiones-sobre-la-voz-y-la-co,candil,Candil,1986-09,1986,AUTH_03,AUTH,"The word tradición appears, but the stronger visible discourse concerns oral/vocal execution rather than continuity or roots as a present-value claim.",23
1986-09-4-right-reflexiones-sobre-la-voz-y-la-co,candil,Candil,1986-09,1986,CRIT_02,CRIT,"Voice and emotional tone are aesthetically important, but the passage mainly argues for method and oral transmission rather than applying criteria to evaluate a performance.",25
1986-09-8-right-el-concepto-de-justicia-en-el-pr,candil,Candil,1986-09,1986,AUTH_02,AUTH,"The passage contests exclusive Gitano ownership, but it does not use purity/fake/impurity boundary rhetoric.",16
1986-09-12-right-aunque-no-quepa-en-el-papel,candil,Candil,1986-09,1986,HERIT_02,HERIT,"Official support is mentioned, but the visible passage does not show an institution conferring heritage recognition or authorized heritage status.",20
1986-09-12-right-aunque-no-quepa-en-el-papel,candil,Candil,1986-09,1986,PED_02,PED,"Transmission of memory is clear, but the visible evidence is more heritage-memory and community authority than embodied or lineage-based learning.",22
1986-09-13-right-artistas-flamencos-en-ceuta,candil,Candil,1986-09,1986,PED_03,PED,"The book is described as a manual and pedagogically organized, but the main discourse function is review/critical authority rather than a broader claim about institutional learning access.",28
1986-09-14-right-enrique-orozco,candil,Candil,1986-09,1986,CRIT_01,CRIT,"There is praise of Vallejo/Manuel as complete and knowledgeable, but the truncated context makes the target wording slightly ambiguous and the stronger critical-authority passage is clearer.",28
1986-09-17-right-la-mayor-a-se-pronunci-por-chano,candil,Candil,1986-09,1986,AUTH_02,AUTH,"Pureza appears as an award criterion, but the passage does not clearly exclude impure or illegitimate flamenco forms.",18
1986-09-17-right-la-mayor-a-se-pronunci-por-chano,candil,Candil,1986-09,1986,HERIT_01,HERIT,"The phrase 'historia de nuestro pueblo' gives public cultural weight to flamenco, but the article remains primarily award/review discourse rather than explicit heritage framing.",25
1986-09-18-right-los-de-la-tercera-edad-en-catalu,candil,Candil,1986-09,1986,COMM_02,COMM,"Aficionados and peñas are present and supportive, but the visible text does not clearly grant them authority to define or judge flamenco.",22
1986-09-18-right-los-de-la-tercera-edad-en-catalu,candil,Candil,1986-09,1986,HERIT_03,HERIT,"The homage to elder artists suggests memory and respect, but the visible text does not clearly frame this as safeguarding or public heritage transmission.",24
1986-09-19-right-discograf-a-flamenca,candil,Candil,1986-09,1986,CRIT_03,CRIT,"There is value-bearing contrast between new and consecrated artists, but the stronger function is boundary critique and aesthetic evaluation rather than a sustained canon or ranking.",27
1986-09-22-left-buz-n-y-noticiario-flamenco,candil,Candil,1986-09,1986,CRIT_01,CRIT,"The plagiarism complaint is sharply evaluative, but it concerns writer ethics more than evaluation of flamenco art, performance, or publication quality.",21
1986-09-22-right-hablan-las-pe-as,candil,Candil,1986-09,1986,AUTH_04,AUTH,The phrase 'firmas comerciales' appears only as routine sponsorship information and does not frame commerce as an authenticity threat.,19
1986-09-22-right-hablan-las-pe-as,candil,Candil,1986-09,1986,CRIT_04,CRIT,"Jury decisions are present, but the text does not develop expert reasoning or boundary critique beyond reporting contest results.",19
1986-11-3-right-editorial,candil,Candil,1986-11,1986,HERIT_02,HERIT,"The article mentions 'Patrimonios de la Humanidad', but it does not rely on an actual official listing or institutional heritage mechanism.",21
1986-11-3-right-editorial,candil,Candil,1986-11,1986,COMM_01,COMM,"The article contests exclusivity over flamenco, but the stronger evidence concerns community identity framing rather than an explicit insider/outsider knowledge boundary.",22
1986-11-4-right-la-poes-a-popular-de-manuel-balm,candil,Candil,1986-11,1986,COMM_02,COMM,"The community is central to recognition, but the passage emphasizes patrimonialization more than community authority to judge flamenco.",18
1986-11-8-right-cantaores-conocidos-compa-eros-y,candil,Candil,1986-11,1986,PED_02,PED,"The visible text mentions listening to recordings, but does not clearly frame this as embodied, oral, or lineage-based transmission.",20
1986-11-11-right-sobre-el-piyayo,candil,Candil,1986-11,1986,AUTH_02,AUTH,"The phrase 'pureza del cante' appears, but the passage does not clearly draw a genuine/impure exclusion boundary.",18
1986-11-18-left-enderezando-entuertos,candil,Candil,1986-11,1986,AUTH_02,AUTH,"The identity boundary is strong, but the passage does not explicitly frame non-gitano cante as fake, impure, or corrupted flamenco.",21
1986-11-17-right-letras-flamencas,candil,Candil,1986-11,1986,HERIT_03,HERIT,"The phrase 'reliquias flamencas vivientes' evokes living memory, but the passage does not clearly frame safeguarding, public heritage, or community heritage responsibility.",22
1986-11-19-right-aunque-no-quepa-en-el-papel,candil,Candil,1986-11,1986,HERIT_03,HERIT,"The review discusses accumulated teachings and historical recordings, but does not clearly shift into safeguarding or public heritage discourse.",19
1986-11-20-right-e-hacian-pensar,candil,Candil,1986-11,1986,PED_02,PED,"The family line of cantaores suggests lineage, but the text does not clearly describe learning, transmission, or apprenticeship.",18
1986-11-21-left-ablan-las,candil,Candil,1986-11,1986,CRIT_02,CRIT,"Terms such as 'duende', 'cante jondo', and 'por derecho' carry aesthetic value, but the selected CRIT_01 and AUTH codes capture the main evaluative function more directly.",26
1986-11-22-left-podio,candil,Candil,1986-11,1986,COMM_02,COMM,"The text praises the constitution of a peña, but the passage does not clearly present the peña as exercising community authority to judge or define flamenco.",26
1986-11-22-right-iscografia-flamenca,candil,Candil,1986-11,1986,AUTH_04,AUTH,"The phrase 'alguna concesión mercantil' hints at commercial compromise, but the passage does not develop commerciality as an authenticity threat strongly enough for a separate code.",26
1986-11-23-left-noticiario-flamenco,candil,Candil,1986-11,1986,PED_03,PED,"The university publications and contest rules circulate flamenco knowledge, but the text is mainly administrative notice rather than evaluative learning or access discourse.",23
1986-11-23-left-noticiario-flamenco,candil,Candil,1986-11,1986,COMM_02,COMM,"Peñas and federations are mentioned, but mostly as administrative entities and funding recipients, not as community authorities judging or sustaining flamenco.",21
1987-01-3-right-flamenco-92,candil,Candil,1987-01,1987,CRIT_04,CRIT,"The editorial polices improper flamenco representations, but the same evidence is more directly captured as purity boundary work under AUTH_02.",20
1987-01-4-right-reflexiones-ante-la-revoluci-n-m,candil,Candil,1987-01,1987,PED_01,PED,"The phrase 'labor didáctica y hermenéutica' suggests pedagogical authority, but the visible excerpt does not develop a concrete teaching method or actor enough for a separate emitted code.",28
1987-01-8-left-de-mi-memoria-una-estampa,candil,Candil,1987-01,1987,HERIT_03,HERIT,"The poem invokes memory and an anonymous flamenco figure, but it does not frame this as collective heritage, safeguarding, or public cultural value.",23
1987-01-8-left-de-mi-memoria-una-estampa,candil,Candil,1987-01,1987,CRIT_01,CRIT,"The language is lyrical and evocative rather than an explicit evaluation of a flamenco artist, performance, or work.",18
1987-01-8-right-cantaores-conocidos-compa-eros-y,candil,Candil,1987-01,1987,AUTH_04,AUTH,"The article mentions 'cante comercial' and fashion-driven novelty, but the visible excerpt does not clearly frame commercialization itself as an authenticity threat.",23
1987-01-8-right-cantaores-conocidos-compa-eros-y,candil,Candil,1987-01,1987,COMM_02,COMM,Aficionados are mentioned as imitators of Marchena rather than as an authoritative community that judges or sustains flamenco.,18
1987-01-9-right-cantaores-conocidos-compa-eros-y,candil,Candil,1987-01,1987,PED_01,PED,"Although Mairena, Pastora, and Chacón are pedagogically important, the clearest visible evidence concerns informal lineage learning rather than formal pedagogical authority.",21
1987-01-9-right-cantaores-conocidos-compa-eros-y,candil,Candil,1987-01,1987,AUTH_02,AUTH,"The phrase about making cante return to its 'cauce natural' suggests boundary-work, but the excerpt does not clearly specify a legitimate/illegitimate flamenco binary.",25
1987-01-9-right-cantaores-conocidos-compa-eros-y,candil,Candil,1987-01,1987,CRIT_02,CRIT,"Compás is used as a competence marker, but the passage primarily constructs an insider/outsider boundary rather than applying compás as an aesthetic criterion.",24
1987-01-10-right-cantaores-andaluces,candil,Candil,1987-01,1987,HERIT_01,HERIT,"The text mentions 'Biblioteca de la cultura andaluza' and folklore, but it does not clearly frame flamenco as public heritage or patrimony.",22
1987-01-10-right-cantaores-andaluces,candil,Candil,1987-01,1987,COMM_04,COMM,"The article discusses marginalized performers and social injustice, but identity categories do not directly organize flamenco belonging or authority in the visible passage.",23
1987-01-11-left-podio,candil,Candil,1987-01,1987,HERIT_02,HERIT,"Institutions and a congress are praised, but the passage does not clearly frame their activity as authorized heritage recognition or heritage management.",22
1987-01-11-left-podio,candil,Candil,1987-01,1987,COMM_02,COMM,"The afición is invoked as a censoring public, but the main discourse function is critical condemnation rather than community authority.",20
1987-01-11-right-lucas-l-pez,candil,Candil,1987-01,1987,HERIT_02,HERIT,"The ITEAF receives official recognition and appears institutionally organized, but the visible passage frames this mainly as social aid for elderly artists rather than heritage authorization.",26
1987-01-11-right-lucas-l-pez,candil,Candil,1987-01,1987,AUTH_02,AUTH,"The word 'falsos' appears, but it refers to modesty/alardes rather than purity boundary-work around proper flamenco.",18
1987-01-15-left-precisiones-a-un-comentario-escr,candil,Candil,1987-01,1987,PED_03,PED,"The book is published by a university press, but the visible discussion does not clearly frame it as institutional learning access or pedagogy.",23
1987-01-15-right-forman-el-gigantesco-rbol-flamen,candil,Candil,1987-01,1987,CRIT_03,CRIT,"The tree/family metaphor organizes cantes genealogically, but the visible passage is more about origins than ranking or canon hierarchy.",20
1987-01-15-right-forman-el-gigantesco-rbol-flamen,candil,Candil,1987-01,1987,AUTH_02,AUTH,"The phrase 'cantes payos' appears, but the visible passage does not clearly draw a proper/improper purity boundary around those cantes.",21
1987-01-20-left-buzon-flamenco-respuesta-a-enriq,candil,Candil,1987-01,1987,AUTH_02,AUTH,"The 'gatos por liebres' language suggests deception, but the issue is attributional accuracy rather than purity or inauthentic flamenco boundary-work.",21
1987-01-20-left-buzon-flamenco-respuesta-a-enriq,candil,Candil,1987-01,1987,PED_03,PED,"References to recordings and cassettes allow verification, but they are used as evidence for correction rather than as a learning-access discourse.",22
1987-01-20-right-la-universidad-de-c-diz-inaugura,candil,Candil,1987-01,1987,HERIT_02,HERIT,"The university gives institutional support, but the visible passage emphasizes educational outreach more than official heritage designation or authorized patrimonial recognition.",21
1987-01-21-right-iscografia-flamenca,candil,Candil,1987-01,1987,AUTH_01,AUTH,"Although the excerpt contains 'lo cierto y verdad' and authenticity-adjacent language, the strongest discourse function is aesthetic evaluation of compás rather than a direct claim of authentic flamenco.",29
1987-01-23-left-noticiario-flamenco,candil,Candil,1987-01,1987,CRIT_03,CRIT,"Mairena is called 'insigne', but the visible passage primarily frames memorial and institutional preservation rather than constructing a detailed canon or ranking.",22
1987-03-3-right-editorial,candil,Candil,1987-03,1987,AUTH_03,AUTH,"The text invokes Fosforito's long trajectory and historiography, but the clearer authority claim is purity boundary-work rather than tradition/continuity alone.",23
1987-03-3-right-fosforito,candil,Candil,1987-03,1987,AUTH_01,AUTH,"The phrase «arte verdadero» suggests authenticity, but it is framed broadly as true art leaving a mark on the people rather than a direct claim about proper flamenco.",28
1987-03-3-right-fosforito,candil,Candil,1987-03,1987,COMM_02,COMM,"Popular voting and pueblo recognition appear, but the stronger function is canonizing Fosforito's rank rather than establishing afición or peña authority.",22
1987-03-11-left-alto-sentido-y-grado-poetico-en-,candil,Candil,1987-03,1987,PED_01,PED,"Fosforito corrects a lyric, but the passage frames this as artistic-poetic judgment rather than a teaching relation or pedagogical authority.",21
1987-03-11-right-antonio-fern-ndez-d-az-ayer-segu,candil,Candil,1987-03,1987,COMM_02,COMM,"The author says many aficionados share the ranking, but this mainly supports the hierarchy claim rather than independently positioning afición as judging authority.",23
1987-03-11-right-antonio-fern-ndez-d-az-ayer-segu,candil,Candil,1987-03,1987,HERIT_02,HERIT,"The text mentions a public homage, but it does not clearly develop official or institutional heritage authorization.",17
1987-03-12-left-cuantos-habremos,candil,Candil,1987-03,1987,AUTH_03,AUTH,"Family tradition and historical roots are mentioned as prestige markers, but the visible passage is primarily a critique of authority-claiming rather than an endorsement of tradition as value.",29
1987-03-12-left-cuantos-habremos,candil,Candil,1987-03,1987,CRIT_01,CRIT,"Fosforito is called a maestro later in the excerpt, but the evaluative detail is too brief compared with the clearer critique of prestige and lineage.",25
1987-03-13-left-fosforito-el-hombre,candil,Candil,1987-03,1987,AUTH_01,AUTH,"The phrase «téngase por cierto y verdadero» asserts sincerity of the author's statement, not authenticity of flamenco.",18
1987-03-13-left-fosforito-el-hombre,candil,Candil,1987-03,1987,PED_01,PED,The term Maestro appears as an honorific for Mairena and Fosforito rather than a clear teaching or transmission relation.,19
1987-03-13-right-fosforito-genio-contempor-neo-de,candil,Candil,1987-03,1987,CRIT_01,CRIT,"The article contains broad praise of Fosforito, but the stronger emitted CRIT_03 captures the main evaluative hierarchy without adding a separate generic evaluation code.",24
1987-03-17-right-fosforito-senor-del-cante,candil,Candil,1987-03,1987,COMM_02,COMM,"The text mentions aficionados founding a peña and discussing Fosforito, but the visible passage does not clearly grant those aficionados authority to judge or sustain flamenco.",26
1987-03-17-right-fosforito-senor-del-cante,candil,Candil,1987-03,1987,HERIT_02,HERIT,"Admission to the Patronato suggests institutional recognition, but the visible wording does not frame this as heritage or public cultural authorization.",21
1987-03-19-right-funcion-pedagogica-de-fosforito,candil,Candil,1987-03,1987,PED_03,PED,"The recommendation that he teach classes suggests access to flamenco knowledge, but the passage centers his personal pedagogical authority rather than institutional or transnational learning structures.",26
1987-03-19-right-funcion-pedagogica-de-fosforito,candil,Candil,1987-03,1987,HERIT_03,HERIT,"Rediscovering forgotten styles is preservation-adjacent, but the text does not clearly frame this as public heritage, safeguarding, or community heritage work.",22
1987-03-20-left-antonio-fernandez-diaz-fosforito,candil,Candil,1987-03,1987,CRIT_03,CRIT,"The article repeatedly uses 'gran' and homage language, but the visible text does not clearly construct a distinct canon or hierarchy beyond general praise and official recognition.",27
1987-03-20-left-antonio-fernandez-diaz-fosforito,candil,Candil,1987-03,1987,COMM_02,COMM,"Friendship and companionship with Mairena are central, but they are framed personally rather than as community or afición authority.",19
1987-03-21-right-p-uente-genil-nombro-a-fosforito,candil,Candil,1987-03,1987,CRIT_04,CRIT,"The text mentions critics and a flamencologist, but the strongest visible discourse is institutional/community recognition and ranking, not expert critical authority as such.",24
1987-03-27-right-fosforito-y-la-guitarra,candil,Candil,1987-03,1987,COMM_02,COMM,"Afición and friendship are mentioned, but they do not clearly function as community authority or insider validation in the visible excerpt.",21
1987-03-29-left-unas-lineas-para-antonio-fernand,candil,Candil,1987-03,1987,AUTH_02,AUTH,"The phrase 'afán de conocimiento y de pureza' is authenticity-adjacent, but the visible text does not draw a clear purity boundary against a devalued target.",26
1987-03-29-right-reflexiones-y-notas-sobre-el-fla,candil,Candil,1987-03,1987,CRIT_04,CRIT,"The excerpt mentions an entendido and a flamencólogo, but their authority is anecdotal and not developed enough as a critical authority claim.",22
1987-03-29-right-reflexiones-y-notas-sobre-el-fla,candil,Candil,1987-03,1987,COMM_03,COMM,"Listening is called a form of participation, but the visible fragment lacks a clear evaluative contrast between participatory and spectatorial settings.",21
1987-03-29-right-reflexiones-y-notas-sobre-el-fla,candil,Candil,1987-03,1987,COMM_01,COMM,"The statement that family belonging is not required gestures toward a boundary, but the excerpt is truncated before a stable insider/outsider argument is visible.",25
1987-03-31-left-sangre-entera-volcada-o-el-cante,candil,Candil,1987-03,1987,CRIT_02,CRIT,"The poem uses aesthetic language such as 'hondo' and 'grito', but it is too metaphorical to function clearly as a criterion-based evaluation.",23
1987-03-31-right-la-2-distinci-n-compas-del-cante,candil,Candil,1987-03,1987,HERIT_02,HERIT,"The award is institutional, but the passage frames it mainly as critical recognition rather than heritage authorization.",17
1987-03-32-left-de-el-tambien-se-ha-dicho,candil,Candil,1987-03,1987,PED_02,PED,"The mention of a family in flamenco for several generations suggests lineage, but the visible quote does not clearly frame transmission as authorizing knowledge.",24
1987-03-34-right-los-escritos-de-fosforito,candil,Candil,1987-03,1987,PED_01,PED,"The word 'Maestro' is used as an honorific for artistic status, not as evidence of teaching or pedagogical authority in the visible text.",23
1987-03-37-right-por-sus-dichos,candil,Candil,1987-03,1987,AUTH_03,AUTH,"Roots and Andalusia are mentioned, but the strongest visible move is a direct authenticity definition rather than a separate continuity argument.",21
1987-03-37-right-por-sus-dichos,candil,Candil,1987-03,1987,COMM_02,COMM,"Peñas and aficionados appear, but the passage primarily emphasizes safeguarding/pervivencia rather than community authority to judge.",17
1987-03-38-left-homenaje-a-un-cabal-cabalisimo,candil,Candil,1987-03,1987,AUTH_01,AUTH,The phrase 'más puro y aséptico sentido' modifies a denomination and does not define authentic flamenco.,16
1987-03-38-left-homenaje-a-un-cabal-cabalisimo,candil,Candil,1987-03,1987,CRIT_03,CRIT,The article uses honorific praise such as magisterio artístico but does not clearly construct a ranking or canon.,18
1987-03-38-right-agenda-1987,candil,Candil,1987-03,1987,AUTH_03,AUTH,The quoted language of roots and origins functions as aesthetic depth imagery rather than a tradition-continuity claim.,18
1987-03-38-right-agenda-1987,candil,Candil,1987-03,1987,COMM_02,COMM,"Afición appears as a group that vilifies some artists, but the passage centers expert critical judgment rather than community authority.",20
1987-03-39-left-medalla-al-erito-en-el-trabajo,candil,Candil,1987-03,1987,AUTH_03,AUTH,"The genealogy and early formation imply rootedness, but the stronger visible function is lineage-based transmission supporting the award.",19
1987-03-39-left-medalla-al-erito-en-el-trabajo,candil,Candil,1987-03,1987,CRIT_01,CRIT,"The motion contains evaluative praise, but the clearest critical move is hierarchical canonization rather than a separate review-like assessment.",20
1987-03-45-left-poemas-dedicados-a-perfecto,candil,Candil,1987-03,1987,AUTH_03,AUTH,"Memory and depth imagery appear, but there is no clear tradition-continuity or roots argument.",15
1987-03-45-left-poemas-dedicados-a-perfecto,candil,Candil,1987-03,1987,CRIT_01,CRIT,"The poem is broadly laudatory, but the most precise codeable evidence is its use of aesthetic criteria.",17
1987-03-45-right-letras-flamencas,candil,Candil,1987-03,1987,HERIT_02,HERIT,"The encyclopedia entries, street name, and trophies imply institutional recognition, but the visible text lists honors without an explicit heritage or patrimonial framing.",23
1987-03-45-right-letras-flamencas,candil,Candil,1987-03,1987,CRIT_02,CRIT,"The lyric window includes emotional language such as alma, sufrir, and fatiga, but these are song texts rather than aesthetic criteria used to evaluate flamenco quality.",26
1987-03-47-right-discograf-a-de-fosforito,candil,Candil,1987-03,1987,HERIT_02,HERIT,"The Cátedra de Flamencología and Fundación appointments are institutional recognitions, but the passage does not explicitly frame them as heritage authorization.",21
1987-03-47-right-discograf-a-de-fosforito,candil,Candil,1987-03,1987,CRIT_01,CRIT,"The article implies esteem through distinctions, but it does not make a direct qualitative assessment of a performance, recording, or style.",21
1987-05-3-right-editorial,candil,Candil,1987-05,1987,HERIT_02,HERIT,"The editorial discusses institutional support from ayuntamientos, diputaciones, and autonomous communities, but not heritage authorization or patrimonial recognition.",18
1987-05-4-right-otra-versi-n-de-los-tarantos,candil,Candil,1987-05,1987,PED_03,PED,"The visible text mentions title, staging, and artistic collaboration, but it does not discuss learning, access, institutional pedagogy, or transmission.",20
1987-05-4-right-otra-versi-n-de-los-tarantos,candil,Candil,1987-05,1987,COMM_04,COMM,"The plot summary includes gitano identity terms, but identity does not function to authorize belonging, representation, or flamenco authority in the visible commentary.",23
1987-05-6-left-tentativo,candil,Candil,1987-05,1987,HERIT_03,HERIT,"The poem invokes memory, flight, and 'pueblo', but the language is too metaphorical to establish public heritage, safeguarding, or community memory-work around flamenco.",24
1987-05-6-right-cumbre-flamenca-en-madrid,candil,Candil,1987-05,1987,COMM_02,COMM,"The article mentions afición as numerous and as a possible measure of interest, but the visible passage does not clearly grant aficionados authority to judge or sustain flamenco.",28
1987-05-9-left-carmen-amaya-reina-de-los-gitano,candil,Candil,1987-05,1987,COMM_02,COMM,"The phrase 'buenos aficionados' names a community audience, but the passage mainly concerns remembrance rather than granting aficionados authority to judge flamenco.",22
1987-05-9-right-algo-m-s-sobre-los-gitanos,candil,Candil,1987-05,1987,CRIT_03,CRIT,"The text calls Manuel Torre one of the best singers of all time, but this is a supporting reference rather than the main discourse function of the visible excerpt.",29
1987-05-9-right-algo-m-s-sobre-los-gitanos,candil,Candil,1987-05,1987,AUTH_01,AUTH,"The phrase 'auténticas fuentes de conocimiento' describes sources of knowledge, not the authenticity or properness of flamenco itself.",18
1987-05-11-right-otra-vez-televisi-n,candil,Candil,1987-05,1987,AUTH_03,AUTH,"The article mentions originario and arraigo popular for Extremaduran cantes, but the main function is critical evaluation of a television program rather than authorizing present practice through tradition or roots.",30
1987-05-12-left-aunque-no-quepa-en-el-papel,candil,Candil,1987-05,1987,PED_02,PED,"The article discusses testimony and memory, but it does not clearly describe a process of embodied or oral learning/transmission as such.",22
1987-05-12-right-ullos-uos-protagonistas-dicen-lo,candil,Candil,1987-05,1987,HERIT_03,HERIT,"The text gestures toward recovering family memories and local history, but the visible excerpt is too truncated to establish a clear heritage-safeguarding frame.",24
1987-05-16-right-pepe-aznalc-llar,candil,Candil,1987-05,1987,AUTH_01,AUTH,"The article values feeling and depth, but it does not explicitly claim that Aznalcóllar or a style is the true or genuine flamenco.",23
1987-05-17-right-in-memoriam-francisco-valls-tori,candil,Candil,1987-05,1987,COMM_02,COMM,"Afición is mentioned as the group that forgot him, but the passage does not clearly authorize aficionados as knowledgeable judges.",20
1987-05-17-right-in-memoriam-francisco-valls-tori,candil,Candil,1987-05,1987,CRIT_03,CRIT,"Antonio Mairena is briefly called 'gran', but the article does not develop a hierarchy or canon around him.",18
1987-05-18-left-buz-n-y-noticiario-flamenco,candil,Candil,1987-05,1987,CRIT_01,CRIT,"The text contains criticism of the prior review and of a book review, but the stronger function is a dispute over critical authority rather than a standalone review of an artistic object.",32
1987-05-18-left-buz-n-y-noticiario-flamenco,candil,Candil,1987-05,1987,PED_01,PED,"Mairena is called a source of knowledge, but the visible passage does not frame him as teaching or correcting within a pedagogical relation.",23
1987-05-19-left-podio,candil,Candil,1987-05,1987,HERIT_02,HERIT,"The monument to Porrina de Badajoz suggests public commemoration, but the visible passage uses it mainly as one merit among others rather than developing institutional heritage authority.",27
1987-05-19-left-podio,candil,Candil,1987-05,1987,CRIT_04,CRIT,"The column polices improper public uses of flamenco, but the stronger and clearer coding is general critical evaluation rather than explicit expert-authority discourse.",24
1987-05-19-right-ablan-las-pe-as,candil,Candil,1987-05,1987,COMM_02,COMM,"The peña setting and anniversary imply community activity, but the visible evidence mainly reports organization and pedagogy rather than asserting peña authority.",22
1987-05-21-right-gu-a-de-festivales-flamencos,candil,Candil,1987-05,1987,CRIT_03,CRIT,"The contest awards rank participants, but the passage is mostly an administrative results list and does not develop canon or hierarchy beyond prize reporting.",24
1987-05-21-right-gu-a-de-festivales-flamencos,candil,Candil,1987-05,1987,PED_03,PED,"Promotion of new values may support access, but there is no clear teaching, learning, workshop, or knowledge-transmission frame.",19
1987-07-3-right-editorial,candil,Candil,1987-07,1987,AUTH_02,AUTH,"The word 'espúreos' appears in relation to media/marketing results, but the passage is primarily about critical responsibility rather than drawing a pure/impure flamenco boundary.",26
1987-07-3-right-editorial,candil,Candil,1987-07,1987,PED_01,PED,"Knowledge is required of critics, but the article does not frame a teacher, school, method, or pedagogical authority.",18
1987-07-4-right-danzas-de-ida-y-vuelta,candil,Candil,1987-07,1987,HERIT_02,HERIT,"The text mentions chroniclers, travelers, and recognition, but it does not clearly show official or institutional heritage authorization.",18
1987-07-7-right-l-evenement-du-jeudi,candil,Candil,1987-07,1987,COMM_04,COMM,"The majority-gitano community is named, but the visible text more strongly emphasizes participatory living culture than identity-based authority.",20
1987-07-9-left-pena-padre,candil,Candil,1987-07,1987,CRIT_01,CRIT,"There is praise of singers and styles, but the strongest evaluative function is canon/model construction rather than a discrete review.",21
1987-07-9-right-adios-andr-s-segovia,candil,Candil,1987-07,1987,COMM_04,COMM,"The word 'hombres' appears, but it is generic praise of a male artist, not identity-group framing that structures flamenco authority.",21
1987-07-9-right-adios-andr-s-segovia,candil,Candil,1987-07,1987,PED_01,PED,"The text mentions Segovia making plans 'para enseñar algo más', but the excerpt does not develop teaching authority as a discourse function.",22
1987-07-11-right-pierre-loujys-el-flamenco-como-e,candil,Candil,1987-07,1987,CRIT_03,CRIT,"Although 'sublime' elevates flamenco, the passage is mainly boundary critique of distorted representation rather than canon/ranking construction.",18
1987-07-11-right-pierre-loujys-el-flamenco-como-e,candil,Candil,1987-07,1987,COMM_04,COMM,"The ending analyzes eroticized bodies and gendered feeling, but the visible excerpt does not clearly frame identity groups as sources of flamenco authority or belonging.",25
1987-07-13-left-ellos-los-protagonistas-dicen-pa,candil,Candil,1987-07,1987,COMM_04,COMM,"The local Huelva identity framing is strong, but the same evidence is more precisely captured as an insider/outsider boundary in COMM_01.",22
1987-07-13-left-ellos-los-protagonistas-dicen-pa,candil,Candil,1987-07,1987,AUTH_01,AUTH,"The phrase about making the fandango 'más flamenco' suggests authenticity, but the visible evidence is more about origin and local authority than a general authenticity claim.",26
1987-07-15-right-algunos-datos-nuevos-para-la-his,candil,Candil,1987-07,1987,AUTH_03,AUTH,"The article concerns early historical sources, but the visible text does not use roots or continuity to authorize present flamenco practice.",21
1987-07-15-right-algunos-datos-nuevos-para-la-his,candil,Candil,1987-07,1987,HERIT_01,HERIT,"The documents are historically valuable, but there is no explicit public heritage or patrimonial framing in the visible excerpt.",19
1987-07-19-right-aunque-no-quepa-en-el-papel-le-f,candil,Candil,1987-07,1987,PED_01,PED,"The word 'maestra' appears in 'obra maestra', but it means masterpiece and does not establish pedagogical authority.",17
1987-07-19-right-aunque-no-quepa-en-el-papel-le-f,candil,Candil,1987-07,1987,AUTH_02,AUTH,"Purity loss is mentioned, but the article's visible discourse primarily critiques that accusation rather than directly policing purity itself.",20
1987-07-21-right-iscografia-flamenca,candil,Candil,1987-07,1987,HERIT_03,HERIT,"The reissue of archival recordings suggests preservation, but the visible text frames them more as pedagogical and critical resources than as public heritage safeguarding.",24
1987-07-21-right-iscografia-flamenca,candil,Candil,1987-07,1987,AUTH_03,AUTH,"The phrase 'esencias de Jerez' evokes rooted tradition, but the stronger discourse function is canonizing the recordings and artists as indispensable references.",22
1987-07-22-right-noticiario-flamenco,candil,Candil,1987-07,1987,PED_01,PED,"The conferences transmit knowledge, but the stronger and more specific frame is institutional access to flamenco education in PED_03.",19
1987-07-22-right-noticiario-flamenco,candil,Candil,1987-07,1987,HERIT_03,HERIT,"School transmission could support cultural continuity, but the visible text does not explicitly frame flamenco as heritage or safeguarding.",19
1987-07-23-left-ablan-las-pe-as,candil,Candil,1987-07,1987,CRIT_03,CRIT,"The phrase 'mejor estudio monográfico' is an award criterion, but the excerpt does not itself construct a lasting canon or hierarchy of flamenco works.",24
1987-09-3-right-editorial,candil,Candil,1987-09,1987,CRIT_04,CRIT,"The call for 'juicio crítico honesto' suggests critical authority, but the stronger visible functions are authenticity, canon hierarchy, and institutional recognition.",21
1987-09-4-right-el-romancero-tradicional-gitano-,candil,Candil,1987-09,1987,COMM_04,COMM,The trigger word 'hombre' is generic in 'mientras haya en la tierra un hombre que cante' and does not create identity-group framing.,23
1987-09-8-left-duende,candil,Candil,1987-09,1987,CRIT_02,CRIT,"The poem invokes duende, but it does not apply duende as a criterion to evaluate a specific flamenco artist, performance, or practice.",22
1987-09-8-right-salvador-rueda-y-el-modernismo-a,candil,Candil,1987-09,1987,HERIT_03,HERIT,"The call to prevent Rueda's artistic attitudes from falling into oblivion suggests memory-work, but the visible passage frames literary recovery more than flamenco heritage or public cultural safeguarding.",30
1987-09-8-right-salvador-rueda-y-el-modernismo-a,candil,Candil,1987-09,1987,AUTH_03,AUTH,"The references to Andalusian land and living experience are roots-like, but they authorize Rueda's poetry generally rather than defining proper flamenco practice.",24
1987-09-10-right-flamenco-en-estado-primario,candil,Candil,1987-09,1987,COMM_01,COMM,"The phrase 'No estamos, pues, en tierra de infieles' gestures toward an insider boundary, but the excerpt does not develop a clear social exclusion or epistemic boundary beyond local praise.",30
1987-09-10-right-flamenco-en-estado-primario,candil,Candil,1987-09,1987,AUTH_03,AUTH,"The cultural week is described as having tradition and good practice, but the tradition claim is generic event framing rather than a roots/continuity claim authorizing flamenco.",27
1987-09-11-right-cr-nica-del-xxvii-festival-nacio,candil,Candil,1987-09,1987,PED_03,PED,"The pregón and thesis mediate knowledge about cante minero, but the visible passage emphasizes scholarly authority and evaluation more than learning access or pedagogy.",24
1987-09-11-right-cr-nica-del-xxvii-festival-nacio,candil,Candil,1987-09,1987,CRIT_02,CRIT,"Duende appears in the closing description, but it functions as atmospheric imagery rather than an applied aesthetic criterion.",18
1987-09-14-right-el-fandango-de-huelva-y-su-provi,candil,Candil,1987-09,1987,CRIT_01,CRIT,"The passage strongly criticizes prior studies, but this evaluative function is already captured more specifically by CRIT_04 as expert boundary critique.",21
1987-09-14-right-el-fandango-de-huelva-y-su-provi,candil,Candil,1987-09,1987,AUTH_01,AUTH,"The text opposes errors to truth and real sources, but the stronger visible claim concerns roots/continuity rather than a direct authenticity label such as true or genuine flamenco.",29
1987-09-17-right-benalm-dena-ha-subido-el-list-n,candil,Candil,1987-09,1987,HERIT_03,HERIT,"The congress includes cultural events and memory language, but the visible excerpt does not clearly frame flamenco as safeguarded or managed as public heritage.",24
1987-09-17-right-benalm-dena-ha-subido-el-list-n,candil,Candil,1987-09,1987,PED_03,PED,"The excerpt mentions ponencias, communications, a guitar method, and books, but mainly as congress materials rather than a discourse about learning access or institutional pedagogy.",25
1987-09-19-right-cantaores-conocidos-compa-eros-y,candil,Candil,1987-09,1987,AUTH_01,AUTH,"Pastora is called flamenca and gitana, but the stronger discourse function is critical/aesthetic evaluation rather than an explicit authenticity claim.",21
1987-09-20-left-las-soleares-de-juaniqu,candil,Candil,1987-09,1987,CRIT_03,CRIT,"Mairena is clearly elevated, but the strongest visible function is pedagogical and preservational rather than a separate ranking hierarchy.",19
1987-09-20-right-ablan-las-pe-as,candil,Candil,1987-09,1987,COMM_02,COMM,"Peñas and contests are listed, but the text mostly gives administrative information and does not grant community authority or insider legitimacy.",21
1987-09-20-right-ablan-las-pe-as,candil,Candil,1987-09,1987,CRIT_03,CRIT,"Prize lists appear, but they function as event results rather than a discourse of canon, hierarchy, or evaluative ranking beyond contest administration.",22
1987-09-21-right-las-letras-flamencas-de-emilio-b,candil,Candil,1987-09,1987,COMM_04,COMM,"The lyrics mention identity terms such as gitano/gachó, but they do not clearly frame authority, belonging, or representation in flamenco discourse.",22
1987-09-21-right-las-letras-flamencas-de-emilio-b,candil,Candil,1987-09,1987,CRIT_02,CRIT,"The lyrics are flamenco-themed, but no explicit aesthetic criterion or evaluative discourse is provided.",15
1987-09-22-left-noticiario-flamenco,candil,Candil,1987-09,1987,PED_03,PED,"The award category 'Enseñanza' names a conservatory guitar classroom, but the passage does not discuss institutional learning or access beyond a list item.",23
1987-09-22-right-buz-n-flamenco,candil,Candil,1987-09,1987,PED_02,PED,"The Amaya family passage mentions descendants becoming bailaoras and tocaores, but it does not clearly describe embodied, oral, or intergenerational transmission as an authority mechanism.",25
1987-09-22-right-buz-n-flamenco,candil,Candil,1987-09,1987,AUTH_02,AUTH,"The phrase 'no ha perdido su pureza' praises Chiquito de Triana, but the passage does not draw a clear purity boundary around legitimate versus illegitimate flamenco.",26
1987-09-23-left-podio,candil,Candil,1987-09,1987,COMM_02,COMM,"The article mentions peñas and afición, but the main discourse function is evaluative ranking rather than granting community authority to judge flamenco.",22
1987-09-23-right-la-pe-a-una-entidad-apol-tica,candil,Candil,1987-09,1987,HERIT_03,HERIT,"The article discusses support for cultural acts and future projects, but it does not frame flamenco as heritage requiring safeguarding or public-culture preservation.",24
1987-11-3-right-editorial,candil,Candil,1987-11,1987,HERIT_02,HERIT,"The article discusses the Junta, subsidies, congresses, federations, foundations, and journals, but the issue is institutional control and criticism rather than heritage authorization.",23
1987-11-3-right-editorial,candil,Candil,1987-11,1987,AUTH_04,AUTH,"The editorial rejects political instrumentalization of flamenco, but it does not frame commerce, public spectacle, or intimacy as affecting flamenco authenticity.",21
1987-11-4-right-importancia-de-las-letras-en-el-,candil,Candil,1987-11,1987,CRIT_01,CRIT,"The opening diagnosis of decadence and routine is evaluative, but the more specific visible discourse concerns authenticity loss, oral transmission, and safeguarding.",22
1987-11-6-left-poema-para-t-a-anica,candil,Candil,1987-11,1987,COMM_04,COMM,"The poem invokes gitano imagery, but identity terms function mainly as poetic atmosphere rather than explicit authority or belonging work.",20
1987-11-6-left-poema-para-t-a-anica,candil,Candil,1987-11,1987,AUTH_03,AUTH,"The references to memory and history are evocative, but they do not clearly ground present flamenco value in continuity or roots beyond praise of the artist.",26
1987-11-6-right-el-cante-extreme-o-ponencia,candil,Candil,1987-11,1987,PED_03,PED,"The excerpt mentions a research study and a recording, but the visible text does not clearly thematize learning access or pedagogy.",21
1987-11-6-right-el-cante-extreme-o-ponencia,candil,Candil,1987-11,1987,CRIT_04,CRIT,"The warning that classifications may cause confusion is critical, but the stronger function is regional-origin legitimation rather than expert boundary policing.",22
1987-11-9-right-la-fundaci-n-andaluza-de-flamenc,candil,Candil,1987-11,1987,CRIT_01,CRIT,"The article praises the initiative, but that praise mainly supports institutional authorization and canon-building rather than a separate review judgment.",21
1987-11-10-right-madrid-flamenco-corresponsal,candil,Candil,1987-11,1987,CRIT_04,CRIT,"The correspondent criticizes artist-public conduct and municipal funding choices, but the passage does not clearly invoke expert authority or police a proper/improper flamenco boundary beyond ordinary review criticism.",30
1987-11-10-right-madrid-flamenco-corresponsal,candil,Candil,1987-11,1987,HERIT_02,HERIT,"The Ayuntamiento's support and failed congress funding are institutional, but the visible text lacks explicit heritage or authorized-cultural-recognition framing.",22
1987-11-11-left-cuando-del-flamenco-se-hace-rito,candil,Candil,1987-11,1987,COMM_03,COMM,"The juerga is intimate and participatory, but the stronger claim is authenticity through intimacy rather than an explicit public/private participatory contrast.",22
1987-11-11-left-cuando-del-flamenco-se-hace-rito,candil,Candil,1987-11,1987,CRIT_02,CRIT,"Compás and flavor are praised, but the aesthetic-criteria function is secondary to general review praise.",16
1987-11-11-right-la-familia-fern-ndez-entre-trian,candil,Candil,1987-11,1987,COMM_02,COMM,"The mention that aficionados in peñas became interested in Curro indicates recognition, but it is brief and less central than lineage and identity authority.",24
1987-11-11-right-la-familia-fern-ndez-entre-trian,candil,Candil,1987-11,1987,CRIT_02,CRIT,"Rhythm, compás, and vocal qualities are mentioned as criteria, but the excerpt's dominant function is lineage/authenticity framing rather than sustained aesthetic analysis.",24
1987-11-16-left-plagio-de-rdago,candil,Candil,1987-11,1987,CRIT_04,CRIT,"The article concerns scholarly/source authority, but the clearest function is direct criticism of plagiarism rather than an expert critic being authorized as such.",24
1987-11-16-right-copia-parcial-de-una-carta-ya-hi,candil,Candil,1987-11,1987,CRIT_03,CRIT,"The excerpt invokes a better Chacón-era model and Tomás Pabón as exemplary, but this overlaps with the stronger aesthetic-evaluation and authenticity claims.",24
1987-11-16-right-copia-parcial-de-una-carta-ya-hi,candil,Candil,1987-11,1987,COMM_02,COMM,"Peñas flamencas are proposed as sources of material, but the passage does not strongly develop peña authority beyond practical transmission.",20
1987-11-18-right-aunque-no-quepa-en-el-papel-leta,candil,Candil,1987-11,1987,CRIT_04,CRIT,"The reviewer criticizes repetitive cassette-based performance habits, but the stronger code is aesthetic criteria about letras and melody.",19
1987-11-18-right-aunque-no-quepa-en-el-papel-leta,candil,Candil,1987-11,1987,HERIT_03,HERIT,"The poemario is tied to folklore and a cancionero, but the passage does not clearly frame this as safeguarding or public heritage work.",23
1987-11-19-right-loor-a-fosforito,candil,Candil,1987-11,1987,HERIT_02,HERIT,"The Congress and formal award proposal suggest institutional recognition, but the passage centers artistic prestige and community admiration rather than heritage authorization.",22
1987-11-20-left-cantaores-conocidos-compa-eros-y,candil,Candil,1987-11,1987,CRIT_01,CRIT,"There is evaluative praise throughout, but it overlaps with the stronger canon/hierarchy claim and was not emitted separately to avoid overcoding.",22
1987-11-21-right-iscografia-flamenca,candil,Candil,1987-11,1987,AUTH_03,AUTH,"The phrase 'surcos que marcaron los innegables caminos del cante' suggests continuity with established paths, but the stronger discourse function is critical evaluation and anti-vanguard boundary work.",28
1987-11-22-right-noticiario-flamenco,candil,Candil,1987-11,1987,CRIT_03,CRIT,"Contest prizes imply ranking, but the noticiario reports awards administratively without enough evaluative discourse.",14
1987-11-22-right-noticiario-flamenco,candil,Candil,1987-11,1987,CRIT_01,CRIT,"The apology mentions a specific malagueña and interpretation, but it does not clearly evaluate quality beyond explaining a misunderstanding.",19
1987-11-23-right-ablan-las-pe-as,candil,Candil,1987-11,1987,COMM_02,COMM,"The text lists peñas and juntas directivas, but mostly as administrative notices without clear community authority or recognition work.",19
1987-11-23-right-ablan-las-pe-as,candil,Candil,1987-11,1987,HERIT_03,HERIT,"Research and documentation may support safeguarding, but the visible text does not explicitly frame flamenco as heritage to be protected or transmitted.",22
1988-01-4-right-editorial,candil,Candil,1988-01,1988,AUTH_04,AUTH,"The passage is commercial order information, but it does not criticize commerce or link sales to authenticity.",17
1988-01-4-right-cumplimos-diez-a-os,candil,Candil,1988-01,1988,CRIT_01,CRIT,The praise of flamenco as beautiful overlaps with the emitted authenticity claim and does not add a distinct critical judgment target.,21
1988-01-4-right-cumplimos-diez-a-os,candil,Candil,1988-01,1988,CRIT_03,CRIT,"The mention of Demófilo, Don Preciso, and Núñez de Castro suggests a genealogy of researchers, but the excerpt does not clearly rank or canonize them beyond acknowledgement.",27
1988-01-4-right-cumplimos-diez-a-os,candil,Candil,1988-01,1988,COMM_02,COMM,"The passage thanks readers and collaborators as a collective, but it does not grant them authority to recognize or judge flamenco.",21
1988-01-5-left-poema-en-puente-genil,candil,Candil,1988-01,1988,COMM_02,COMM,"The poem mentions cabales and shared social presence, but it does not clearly present them as authorities who recognize, sustain, or judge flamenco.",23
1988-01-5-left-poema-en-puente-genil,candil,Candil,1988-01,1988,PED_02,PED,"The line about a child learning is poetic and ambiguous, without a clear claim about embodied or oral flamenco transmission.",20
1988-01-5-left-poema-en-puente-genil,candil,Candil,1988-01,1988,CRIT_03,CRIT,"Named artists appear in a commemorative poetic scene, but the visible text does not construct a clear canon or hierarchy.",20
1988-01-5-right-del-canto-al-cante-xv-congreso-n,candil,Candil,1988-01,1988,AUTH_03,AUTH,"The excerpt mentions traditional songs and possible origins, but the visible passage does not clearly use those origins to authorize present flamenco practice.",23
1988-01-11-left-rafael-belmonte-en-el-cante,candil,Candil,1988-01,1988,PED_01,PED,"The article mentions what earlier figures taught, but the visible passage emphasizes historical debt and authority more than a concrete pedagogical relation or method.",24
1988-01-11-right-cadalso-y-don-preciso-dos-activi,candil,Candil,1988-01,1988,PED_02,PED,"The retrieval hint points to generation, but the visible passage does not clearly describe embodied, oral, familial, or lineage-based transmission.",21
1988-01-13-right-pepe-marchena,candil,Candil,1988-01,1988,PED_03,PED,"The contest and prize are mentioned as career access, but the visible excerpt's stronger learning evidence concerns listening and accompaniment rather than institutional pedagogy.",25
1988-01-15-right-carta-a-mi-amigo-onofre-los-fand,candil,Candil,1988-01,1988,CRIT_01,CRIT,"There are evaluative phrases around the greatness of the cantes, but the clearest discourse function is corrective pedagogy rather than direct performance or repertoire review.",25
1988-01-15-right-carta-a-mi-amigo-onofre-los-fand,candil,Candil,1988-01,1988,COMM_02,COMM,"An aficionado's defense of the fandangos is mentioned, but the visible passage does not clearly grant that aficionado broader community authority.",22
1988-01-16-right-las-cabales-de-plata,candil,Candil,1988-01,1988,HERIT_02,HERIT,"The article mentions institutionalized awards and authorities, but it does not frame flamenco as heritage or patrimony.",17
1988-01-17-left-aunque-no-quepa-en-el-papel,candil,Candil,1988-01,1988,COMM_04,COMM,"The phrase 'nuestra antigua raza' suggests identity framing, but the visible passage does not develop a clear group authority or belonging claim.",22
1988-01-18-right-el-romance-en-el-cancionero-infa,candil,Candil,1988-01,1988,HERIT_02,HERIT,The word 'oficiales' appears inside the quoted romance narrative and does not indicate official heritage authorization.,16
1988-01-21-left-discograf-a-flamenca,candil,Candil,1988-01,1988,HERIT_03,HERIT,"The article invokes memory and popular wisdom, but the primary discourse is critical/authenticating rather than public heritage safeguarding.",19
1988-01-21-right-profesionales-de-la-informaci-n-,candil,Candil,1988-01,1988,HERIT_03,HERIT,"The word 'lugar' appears, but the visible passage concerns who counts as a professional critic, not safeguarding, memory, or living heritage.",21
1988-01-21-right-profesionales-de-la-informaci-n-,candil,Candil,1988-01,1988,CRIT_03,CRIT,"The trigger 'mejores criterios' is about openness to better arguments, not canon formation, hierarchy, or ranking of artists/styles.",19
1988-01-23-left-podio-y-picota,candil,Candil,1988-01,1988,COMM_03,COMM,"The paid recital/private homage distinction is used mainly to criticize presenter conduct, not to valorize participatory flamenco over public spectatorship.",21
1988-01-23-left-podio-y-picota,candil,Candil,1988-01,1988,CRIT_04,CRIT,"The article contains boundary critique, but the strongest visible function is general critical evaluation and identity-boundary contestation already captured by CRIT_01 and COMM_04.",24
1988-01-23-right-buz-n-y-noticiario-flamenco,candil,Candil,1988-01,1988,PED_03,PED,"The word 'acceso' concerns event entry, not access to flamenco knowledge, learning, or institutional pedagogy.",15
1988-01-23-right-buz-n-y-noticiario-flamenco,candil,Candil,1988-01,1988,HERIT_03,HERIT,'Portador' refers to a carnet holder and does not frame anyone as a living heritage carrier or transmitter.,18
1988-01-23-right-buz-n-y-noticiario-flamenco,candil,Candil,1988-01,1988,COMM_03,COMM,"The passage concerns administrative access to events, not an evaluative contrast between participatory/private and spectatorial/public flamenco settings.",19
1988-01-24-right-hablan-los-poetas,candil,Candil,1988-01,1988,COMM_02,COMM,"The phrase 'buenos aficionados' indexes knowledgeable listeners, but the visible passage does not clearly grant them judging authority beyond the reviewer's own evaluation.",24
1988-01-24-right-hablan-los-poetas,candil,Candil,1988-01,1988,CRIT_03,CRIT,"There is strong evaluation, but no stable canon, hierarchy, generation, or exemplary ranking is constructed in the visible excerpt.",19
1988-03-4-right-editorial,candil,Candil,1988-03,1988,CRIT_01,CRIT,"The editorial praises the new foundation and criticizes poorly organized festivals, but these evaluations are secondary to the heritage/institutional argument.",21
1988-03-5-right-la-religiosidad-en-el-cante-flam,candil,Candil,1988-03,1988,CRIT_04,CRIT,"The article cites flamencological sources, but the excerpt mainly uses them to support a cultural argument rather than to exercise critic/expert evaluative authority.",24
1988-03-8-right-lo-dijo-don-ram-n-montoya-y-tamb,candil,Candil,1988-03,1988,AUTH_01,AUTH,"The repeated claim to truth concerns factual correction about repertoire, not a genuineness claim about flamenco itself.",17
1988-03-10-right-antonio-pi-ana-como-se-a-de-iden,candil,Candil,1988-03,1988,AUTH_01,AUTH,"Phrases such as 'cante de verdad' support authenticity language, but the stronger and more specific discourse here is purity boundary-work and roots/continuity.",24
1988-03-11-left-letras-flamencas,candil,Candil,1988-03,1988,CRIT_03,CRIT,References to Juan Breva and El Canario are honorific but too poetic and brief to clearly construct a canon or hierarchy beyond admiration.,23
1988-03-11-right-flamenco-en-valencia,candil,Candil,1988-03,1988,COMM_02,COMM,"References to aficionados are present, but they mostly name the audience rather than clearly authorizing judgment or belonging.",18
1988-03-12-left-la-prosa-de-fosforito,candil,Candil,1988-03,1988,PED_02,PED,"The text mentions autodidactism and lived experience, but the passage evaluates literary ability rather than flamenco transmission.",17
1988-03-12-right-madrid-flamenco,candil,Candil,1988-03,1988,CRIT_04,CRIT,"Named commentators and Radio Nacional appear as prestigious presences, but the excerpt does not show them exercising critical judgment.",19
1988-03-13-right-antonio-el-rociero,candil,Candil,1988-03,1988,CRIT_02,CRIT,The discussion of dejillo and lyrical content functions mainly as authenticity boundary-work rather than a separate aesthetic-criteria judgment.,20
1988-03-16-left-en-recuerdo-de-navarro,candil,Candil,1988-03,1988,CRIT_04,CRIT,"Expert references such as Carlos de Luna and the UNESCO congress appear, but the article's strongest discourse is community and pedagogical authority rather than formal critic authority.",28
1988-03-16-right-cuando-el-cantaor-hace-cante-de-,candil,Candil,1988-03,1988,CRIT_02,CRIT,"Terms such as profundidad and grandeza imply aesthetic criteria, but the visible excerpt mainly uses them to authorize authenticity and creative adaptation rather than to review a specific performance.",29
1988-03-17-right-entrega-del-i-premio-de-periodis,candil,Candil,1988-03,1988,HERIT_03,HERIT,"The foundation's stated aim includes protection and promotion, but the article centers more on official/institutional authorization and prize adjudication than on living safeguarding practice.",26
1988-03-18-right-yerga-se-defiende,candil,Candil,1988-03,1988,COMM_02,COMM,"Aficionados and peñas are mentioned, but the visible passage uses them chiefly as sources and disputed audiences, not as a community granted authority to judge.",25
1988-03-19-right-discograf-a-flamenca,candil,Candil,1988-03,1988,AUTH_03,AUTH,"Ancestors and family references are present, but the dominant function is critical review rather than a developed continuity or roots claim.",21
1988-03-20-right-la-fundaci-n-andaluzas-de-flamen,candil,Candil,1988-03,1988,AUTH_03,AUTH,"The title of one research work mentions Andalusian traditions, but the article does not itself develop a tradition-continuity claim in the visible text.",24
1988-03-23-left-hablan-las-pe-as,candil,Candil,1988-03,1988,COMM_02,COMM,"The visible text lists several peñas and their new boards, but this is administrative reporting rather than a claim that peñas or aficionados possess authority to recognize, sustain, or judge flamenco.",31
1988-03-23-left-hablan-las-pe-as,candil,Candil,1988-03,1988,HERIT_02,HERIT,"The ending cites legal regulation around use of the term «nacional» for flamenco activities, but it does not frame flamenco as heritage or patrimony through official recognition.",27
1988-05-3-right-editorial,candil,Candil,1988-05,1988,HERIT_02,HERIT,"The conference is institutionally sponsored, but the visible passage does not frame flamenco as heritage or patrimony through official heritage recognition.",21
1988-05-3-right-editorial,candil,Candil,1988-05,1988,CRIT_02,CRIT,"The editorial names criteria for scholarly seriousness such as debate, musicology, and bibliography, but these judge a conference rather than defining aesthetic quality in flamenco performance or repertoire.",28
1988-05-4-right-la-uni-n-catedral-del-cante-mine,candil,Candil,1988-05,1988,HERIT_03,HERIT,"The language of protection and living tradition is suggestive, but the visible passage does not clearly shift into public heritage, safeguarding, or patrimonial framing.",24
1988-05-4-right-la-uni-n-catedral-del-cante-mine,candil,Candil,1988-05,1988,COMM_02,COMM,"The article addresses the «gran familia flamenca», but this is a communal invitation rather than a clear claim that aficionados or peñas authorize flamenco value.",25
1988-05-7-right-g-nesis-garc-a,candil,Candil,1988-05,1988,CRIT_04,CRIT,"García is clearly presented as knowledgeable, but the stronger fit is pedagogical authority and classification rather than critic/reviewer authority or boundary policing.",23
1988-05-7-right-g-nesis-garc-a,candil,Candil,1988-05,1988,PED_02,PED,"The interview mentions ancestros and maestros, but the visible text does not clearly describe embodied, oral, familial, or master-apprentice transmission.",21
1988-05-8-left-el-desgarro-minero-de-encarnaci-,candil,Candil,1988-05,1988,AUTH_01,AUTH,"The phrase 'genuinas familias' suggests genuineness, but it primarily describes family lineage rather than making a clear authenticity claim about proper flamenco.",22
1988-05-9-left-bases-para-los-distintos-concurs,candil,Candil,1988-05,1988,PED_03,PED,"The mention of possible 'desconocimiento' of mining styles suggests a knowledge/access issue, but it is not developed as pedagogy or institutional learning.",23
1988-05-9-right-mart-n-el-de-la-paula-en-alcal-d,candil,Candil,1988-05,1988,AUTH_02,AUTH,"Noel's antiflamenquismo attacks flamenco, but the visible excerpt does not clearly define legitimate versus illegitimate flamenco through purity boundary-work.",21
1988-05-11-right-del-capote-de-la-independencia-a,candil,Candil,1988-05,1988,COMM_02,COMM,"The article mentions Julio Antonio's flamenco afición and social ties with gitanos, but the visible text does not clearly present those communities as authorizing or judging flamenco.",28
1988-05-11-right-del-capote-de-la-independencia-a,candil,Candil,1988-05,1988,COMM_03,COMM,"Cafés Cantantes and live settings are described, but the visible excerpt does not clearly contrast participatory/private value against public or spectatorial flamenco.",23
1988-05-12-right-aunque-no-quepa-en-el-papel,candil,Candil,1988-05,1988,PED_01,PED,"The word 'maestro' appears, but the visible passage uses it as an honorific and memory marker rather than showing teaching authority.",21
1988-05-12-right-aunque-no-quepa-en-el-papel,candil,Candil,1988-05,1988,AUTH_03,AUTH,"The text invokes memory, roots, and history, but the stronger function is heritage-style memory work rather than a clear claim that tradition authorizes present flamenco practice.",27
1988-05-17-left-la-universidad-de-c-diz-celebr-s,candil,Candil,1988-05,1988,COMM_03,COMM,"The public is described as numerous and enthusiastic, but the passage does not contrast participatory/private flamenco with spectatorial/public settings.",21
1988-05-18-left-la-an-cdota,candil,Candil,1988-05,1988,COMM_02,COMM,"The anecdote involves tablao colleagues and jaleo, but it does not clearly grant community authority or recognition beyond ordinary social interaction.",21
1988-05-18-right-el-flamenco-a-la-escuela,candil,Candil,1988-05,1988,HERIT_03,HERIT,"The article frames flamenco as secular Andalusian culture needing school transmission, but the stronger visible discourse is pedagogical rather than explicit safeguarding or heritage management.",25
1988-05-18-right-el-flamenco-a-la-escuela,candil,Candil,1988-05,1988,AUTH_03,AUTH,"The phrase 'cultura secular del pueblo andaluz' invokes long-standing culture, but it is not developed as a continuity or roots claim authorizing present flamenco.",25
1988-05-19-right-la-fundaci-n-andaluza-de-flamenc,candil,Candil,1988-05,1988,CRIT_03,CRIT,"The phrase 'la mejor biblioteca especializada' is a ranking of the library, but it does not canonize flamenco artists, styles, works, or repertoires.",23
1988-05-24-right-noticiario-y-buz-n-flamenco,candil,Candil,1988-05,1988,HERIT_02,HERIT,"The visible text mentions a congress, official reception, registration, and institutional logistics, but these function as administrative event information rather than heritage authorization or patrimonial recognition.",26
1988-05-24-right-noticiario-y-buz-n-flamenco,candil,Candil,1988-05,1988,COMM_02,COMM,"The ending lists a flamenco association board, but it is a neutral roster without community authority, afición-based judgment, or belonging work.",22
1988-07-3-right-editorial,candil,Candil,1988-07,1988,CRIT_03,CRIT,"The text calls Camacho and González Climent 'maestros' and 'conspicuos exponentes', but the stronger visible function is critical evaluation and expert authority rather than canon formation.",26
1988-07-4-right-el-xxviii-festival-nacional-del-,candil,Candil,1988-07,1988,COMM_03,COMM,"The word 'participación' concerns low participation in a contest, not a public/private or participatory flamenco setting.",17
1988-07-4-right-el-xxviii-festival-nacional-del-,candil,Candil,1988-07,1988,CRIT_03,CRIT,"The text praises Vicente Amigo and discusses raising the bar, but the visible evidence mainly performs evaluation and boundary critique rather than sustained canon or ranking construction.",27
1988-07-7-right-conferencia-internacional-dos-si,candil,Candil,1988-07,1988,AUTH_01,AUTH,"The phrase 'lo genuino del alma andaluzí' suggests authenticity language, but in context it is lyrical commentary on Gala's reflection rather than a direct claim defining genuine flamenco.",29
1988-07-7-right-conferencia-internacional-dos-si,candil,Candil,1988-07,1988,COMM_04,COMM,"The text invokes Andalusian identity, but the visible passage does not clearly use that identity to define group belonging or authority within flamenco.",23
1988-07-11-left-viejo-carn-flamenco-aurelio-de-c,candil,Candil,1988-07,1988,PED_01,PED,"The word “maestro” appears as an honorific for Aurelio, but the visible passage does not position him as a teacher or pedagogical authority.",23
1988-07-11-left-viejo-carn-flamenco-aurelio-de-c,candil,Candil,1988-07,1988,HERIT_03,HERIT,"The introduction frames the serial as recovered notes and intrahistory, but the visible text does not clearly connect this recovery to public heritage safeguarding.",24
1988-07-13-right-ellos-los-protagonistas-dicen-la,candil,Candil,1988-07,1988,COMM_04,COMM,"The article mentions homage to a woman singer, but the visible text does not clearly use gender as an analytic frame for flamenco authority or belonging.",26
1988-07-13-right-ellos-los-protagonistas-dicen-la,candil,Candil,1988-07,1988,AUTH_01,AUTH,"The phrase “llevarlo dentro” implies inward authenticity, but the passage functions more directly as an aesthetic criterion for singing.",19
1988-07-15-right-madrid-flamenco,candil,Candil,1988-07,1988,CRIT_04,CRIT,"The text is a critical review and mentions “referencia crítica,” but it does not foreground critic or expert authority beyond ordinary reviewing.",22
1988-07-17-left-voces-del-futuro,candil,Candil,1988-07,1988,CRIT_02,CRIT,"The text praises Joselete's “estricto sentido del compás,” but this is secondary to the stronger heritage and authenticity framing.",20
1988-07-17-left-voces-del-futuro,candil,Candil,1988-07,1988,AUTH_03,AUTH,"The text mentions sources such as Manuel Torre and Antonio Mairena and recovery of local cantes, but the visible passage does not clearly make tradition/roots the primary authorizing move.",30
1988-07-17-right-las-grabaciones-de-manolo-de-hue,candil,Candil,1988-07,1988,CRIT_04,CRIT,"The author claims knowledge of recordings and corrects the historical record, but the stronger visible evidence is direct critical evaluation rather than a clearly institutionalized critic or expert-authority claim.",30
1988-07-18-right-carta-abierta-al-amigo-arrebola,candil,Candil,1988-07,1988,PED_01,PED,"Arrebola is called a professor, but the passage does not clearly frame him as pedagogically authorized to teach flamenco knowledge.",20
1988-07-19-left-discograf-a-flamenca,candil,Candil,1988-07,1988,AUTH_03,AUTH,"The article mentions historical evolution and older forms, but the clearest visible claims are pedagogical access, authenticity, and critical evaluation rather than a sustained tradition-continuity argument.",27
1988-07-19-left-discograf-a-flamenca,candil,Candil,1988-07,1988,PED_02,PED,"The phrase transmisión oral appears for the Viejo Medina style, but the passage does not develop embodied or lineage-based learning enough to code separately.",25
1988-07-20-left-hablan-las-pe-as,candil,Candil,1988-07,1988,COMM_03,COMM,"The contest notice uses participar only for eligibility, not as an evaluative participatory setting or public/private distinction.",18
1988-07-20-left-hablan-las-pe-as,candil,Candil,1988-07,1988,COMM_02,COMM,"Several peñas are listed, but the passage mostly reports organizational news rather than granting peñas authority to judge or sustain flamenco.",21
1988-07-20-right-noticiario-flamenco,candil,Candil,1988-07,1988,AUTH_03,AUTH,"Danza tradicional de Marruecos uses a tradition keyword, but it describes a non-flamenco program item and does not authorize flamenco through continuity or roots.",25
1988-07-20-right-noticiario-flamenco,candil,Candil,1988-07,1988,CRIT_03,CRIT,"Homenaje a los maestros del baile names masters in an event title, but the visible text is a program listing and does not itself construct a canon or hierarchy.",29
1988-07-20-right-noticiario-flamenco,candil,Candil,1988-07,1988,HERIT_02,HERIT,"The municipal archive exhibition and institutional sponsors suggest public cultural infrastructure, but the visible text is routine program and sponsorship information without explicit heritage authorization.",25
1988-07-21-right-buz-n-flamenco,candil,Candil,1988-07,1988,PED_03,PED,"The TV program would have expanded access to flamenco, but the passage emphasizes heritage responsibility and public neglect more than learning or pedagogy.",23
1988-07-21-right-buz-n-flamenco,candil,Candil,1988-07,1988,CRIT_04,CRIT,"The complaint criticizes TVE's cancellation, but it is not mainly an expert critical judgment policing flamenco boundaries.",18
1988-09-3-right-editorial,candil,Candil,1988-09,1988,COMM_02,COMM,"The text mentions habitual congress attendees and lived experience of lo jondo, but does not grant them community authority; it criticizes their resistance to scholarship.",25
1988-09-3-right-editorial,candil,Candil,1988-09,1988,PED_03,PED,"The congress is an institutional knowledge setting, but the visible passage evaluates papers rather than thematizing learning or access.",19
1988-09-3-right-xvi-congreso-nacional-de-activid,candil,Candil,1988-09,1988,AUTH_01,AUTH,"The phrase 'autenticidad de lo jondo' appears as an omitted debate topic, but the visible text does not itself substantively assert an authenticity claim.",24
1988-09-3-right-xvi-congreso-nacional-de-activid,candil,Candil,1988-09,1988,PED_03,PED,"The congress is a knowledge institution, but the passage criticizes its relevance rather than discussing learning access or pedagogy.",19
1988-09-8-right-el-flamenco-en-la-pintura,candil,Candil,1988-09,1988,COMM_01,COMM,The phrase 'fuera de lugar' is idiomatic and does not draw an insider/outsider flamenco boundary.,16
1988-09-8-right-el-flamenco-en-la-pintura,candil,Candil,1988-09,1988,HERIT_02,HERIT,"The Fundación Andaluza de Flamenco sponsors the exhibition, but the visible passage does not frame this as authorized heritage recognition.",20
1988-09-10-right-temas-flamencos,candil,Candil,1988-09,1988,PED_02,PED,"The text asks whether artists learned from older voices and toques, but this is a rhetorical support for historical continuity rather than a clear account of embodied or oral transmission.",30
1988-09-10-right-temas-flamencos,candil,Candil,1988-09,1988,CRIT_03,CRIT,"Silverio is called 'el gran sevillano' and other names are listed, but the passage mainly disputes origins rather than constructing a canon or ranking.",24
1988-09-11-right-la-historia-se-repite,candil,Candil,1988-09,1988,COMM_02,COMM,"The text mentions afición, but the stronger function is canonical and critical evaluation rather than community authority as such.",19
1988-09-12-right-ellos-los-protagonistas-dicen,candil,Candil,1988-09,1988,CRIT_01,CRIT,"Phrases such as 'uno de los mayores logros' praise the Foundation, but the main discourse function is institutional heritage legitimation.",20
1988-09-14-right-es-el-camino,candil,Candil,1988-09,1988,HERIT_03,HERIT,"The passage uses patrimonial transmission language, but the clearest function is pedagogy and lineage transmission rather than public heritage safeguarding.",20
1988-09-14-right-es-el-camino,candil,Candil,1988-09,1988,AUTH_04,AUTH,"The text mentions loss of intimacy, but it frames this as a tradeoff for technique and diffusion, not as an authenticity loss.",22
1988-09-15-right-utrera-y-su-comp-s,candil,Candil,1988-09,1988,COMM_02,COMM,"Utrera and local participants are strongly present, but the clearest coded function is aesthetic evaluation and lineage transmission, not community authority.",21
1988-09-15-right-utrera-y-su-comp-s,candil,Candil,1988-09,1988,COMM_04,COMM,"Gitano-andaluz and gitanismo appear, but identity terms are mostly descriptive and celebratory rather than organizing authority or belonging.",19
1988-09-16-right-triana-y-sevilla-en-la-andaluc-a,candil,Candil,1988-09,1988,CRIT_02,CRIT,"The excerpt uses aesthetic terms such as jondo, grande, and profundidad, but these mainly support authenticity and rootedness rather than a separate evaluative criterion.",24
1988-09-16-right-triana-y-sevilla-en-la-andaluc-a,candil,Candil,1988-09,1988,HERIT_03,HERIT,"The text evokes pueblo, memory, and continuity, but it does not clearly shift into public heritage safeguarding or policy.",19
1988-09-18-right-del-alma-de-andaluc-a,candil,Candil,1988-09,1988,HERIT_03,HERIT,"The dedication says CANDIL 'mantiene viva el ascua del Flamenco', but this is a brief honorific phrase rather than developed safeguarding or public-culture heritage discourse.",26
1988-09-18-right-del-alma-de-andaluc-a,candil,Candil,1988-09,1988,CRIT_02,CRIT,"Terms such as 'duende' and 'pasión' appear poetically, but they are not applied as explicit criteria for judging a performance or style.",22
1988-09-19-left-tiempo-igual-a-evoluci-n,candil,Candil,1988-09,1988,PED_02,PED,"The text mentions oral tradition, but mainly as a historiographic source and object of critique, not as an authoritative mode of embodied or lineage transmission.",25
1988-09-19-left-tiempo-igual-a-evoluci-n,candil,Candil,1988-09,1988,CRIT_02,CRIT,"References to diction, artistic polish, and expressive quality appear, but the core discourse function is about evolution and authenticity rather than a sustained aesthetic criteria framework.",26
1988-09-19-right-sobre-la-nana,candil,Candil,1988-09,1988,PED_01,PED,"A professor is quoted about the Nana, but the quote explains lullaby form rather than establishing flamenco pedagogical authority.",19
1988-09-19-right-sobre-la-nana,candil,Candil,1988-09,1988,AUTH_01,AUTH,"The article makes a strong origin claim, but it does not explicitly frame a practice as genuinely or truly flamenco beyond the Andalusian origin assertion already captured by AUTH_03.",29
1988-09-21-left-voces-del-futuro-juan-de-la-male,candil,Candil,1988-09,1988,CRIT_03,CRIT,"Statements such as 'Antonio Mairena ha sido el más completo de todos' rank artists, but this is a brief interview aside and less central than the article's stronger purity, lineage, community, and identity claims.",35
1988-09-21-left-voces-del-futuro-juan-de-la-male,candil,Candil,1988-09,1988,PED_03,PED,"Tablaos, festivals, and peñas are mentioned as learning sites, but the strongest learning evidence is lineage and community transmission rather than institutional or transnational access.",25
1988-09-22-left-podio-y-picota,candil,Candil,1988-09,1988,PED_01,PED,"The 'Decálogo para el buen aficionado' is called a norm, but the excerpt does not show enough of its content to establish a clear pedagogical authority code.",27
1988-09-22-left-podio-y-picota,candil,Candil,1988-09,1988,COMM_02,COMM,"Peña and aficionado authority are present in the background, but the strongest visible discourse is official commemoration and critical evaluation rather than community authorization.",24
1988-09-23-left-hablan-las-pe-as,candil,Candil,1988-09,1988,COMM_02,COMM,"Peñas and federations are mentioned throughout, but mostly as administrative bodies; the visible text does not clearly grant them flamenco-recognition or insider authority beyond ordinary organization.",27
1988-09-23-right-noticiario-flamenco,candil,Candil,1988-09,1988,COMM_01,COMM,"The word 'dentro' refers to travel expenses within Spain, not an insider/outsider boundary around flamenco belonging or knowledge.",19
1988-09-23-right-noticiario-flamenco,candil,Candil,1988-09,1988,CRIT_03,CRIT,"Prize names such as Silverio, Antonio, Ramón Montoya, and Manolo de Huelva invoke canonical figures, but the visible text lists awards rather than constructing a canon or ranking.",28
1988-11-4-left-a-juan-breva-una-voz-con-seis-cu,candil,Candil,1988-11,1988,AUTH_03,AUTH,References to history and memory are poetic and do not clearly use tradition or continuity to authorize present flamenco practice.,20
1988-11-4-left-a-juan-breva-una-voz-con-seis-cu,candil,Candil,1988-11,1988,CRIT_01,CRIT,"The poem is laudatory, but its main discourse function is canonizing homage rather than concrete critical assessment of a performance or recording.",22
1988-11-4-right-el-flamenco-en-la-prensa,candil,Candil,1988-11,1988,CRIT_01,CRIT,"The text says flamenco has been judged and commented on in the press, but it does not itself evaluate a specific artist, performance, or work in the visible excerpt.",29
1988-11-4-right-el-flamenco-en-la-prensa,candil,Candil,1988-11,1988,AUTH_03,AUTH,"The passage discusses oral tradition and historical origins, but primarily as historiographical evidence rather than as a continuity claim authorizing present flamenco value.",23
1988-11-7-left-el-flamenco-entendimiento-o-sent,candil,Candil,1988-11,1988,COMM_02,COMM,"La mención a los aficionados introduce una comunidad de reflexión, pero no les atribuye claramente autoridad para reconocer, sostener o juzgar el flamenco.",23
1988-11-9-right-exposici-n-de-antonio-povedano,candil,Candil,1988-11,1988,CRIT_03,CRIT,"La comparación con Fernanda y Chocolate tiene fuerza canónica, pero funciona sobre todo como analogía expresiva y no como una jerarquía desarrollada de artistas o escuelas.",26
1988-11-10-right-un-apunte-m-s-para-la-peque-a-hi,candil,Candil,1988-11,1988,COMM_02,COMM,"Las peñas, amigos y andaluces flamencos aparecen como comunidad de apoyo, pero el pasaje final funciona más claramente como promoción/conservación que como atribución de autoridad comunitaria para juzgar.",29
1988-11-11-right-xvi-congreso-nacional-de-activid,candil,Candil,1988-11,1988,COMM_03,COMM,"La frase sobre participar activamente en los congresos critica la falta de participación, pero no contrasta de forma suficiente una relación público/privada o espectador/participante propia de la práctica flamenca.",31
1988-11-11-right-xvi-congreso-nacional-de-activid,candil,Candil,1988-11,1988,COMM_01,COMM,"El trigger 'fuera' no marca una frontera social de dentro/fuera del flamenco, sino un uso no pertinente para insider/outsider.",21
1988-11-14-right-carta-abierta-a-pedro-s-nchez-or,candil,Candil,1988-11,1988,PED_01,PED,"Aunque se habla de método y conocimiento, el pasaje no presenta a González Climent como autoridad de enseñanza o transmisión pedagógica.",21
1988-11-14-right-carta-abierta-a-pedro-s-nchez-or,candil,Candil,1988-11,1988,COMM_04,COMM,"La referencia a 'un pueblo concreto' vincula jondismo y cultura, pero no organiza claramente pertenencia, representación o autoridad identitaria dentro del flamenco.",22
1988-11-15-left-viejo-carn-flamenco,candil,Candil,1988-11,1988,PED_02,PED,"Morente describes childhood exposure, neighborhood peña, and family fiestas, but the visible passage emphasizes improvised early experience more than authoritative oral or lineage transmission.",24
1988-11-15-left-viejo-carn-flamenco,candil,Candil,1988-11,1988,PED_03,PED,"The correspondence-course advertisement mentions instruction, but it is advertising copy and not part of a discourse about flamenco authority or meaningful access.",23
1988-11-18-left-cantaor-el-mochuelo,candil,Candil,1988-11,1988,COMM_02,COMM,"The Peña Juan Breva and aficionados are mentioned as a study setting, but the visible passage does not clearly grant the group collective authority beyond the speakers' opinions.",28
1988-11-18-left-cantaor-el-mochuelo,candil,Candil,1988-11,1988,CRIT_03,CRIT,"The comparison with Sebastián «Pena Padre» is evaluative, but it functions mainly as aesthetic assessment rather than constructing a broader canon or hierarchy.",23
1988-11-18-right-aunque-no-quepa-en-el-papel,candil,Candil,1988-11,1988,HERIT_01,HERIT,"The reviewer calls flamenco 'nuestro arte', but this does not develop a public heritage or patrimonial frame.",17
1988-11-19-right-las-alas-del-coraz-n,candil,Candil,1988-11,1988,PED_01,PED,"The essay explains a lyric phrase to readers, but it does not position a flamenco teacher, school, or method as pedagogically authoritative.",22
1988-11-19-right-las-alas-del-coraz-n,candil,Candil,1988-11,1988,HERIT_03,HERIT,"The call for more coplas to be recopiled suggests documentation, but it lacks public heritage, safeguarding, or community responsibility framing.",20
1988-11-20-right-pilar-l-pez,candil,Candil,1988-11,1988,COMM_04,COMM,"The passage contrasts flat land and mountain zones, but this is geographic-aesthetic framing rather than identity-group belonging or authority.",21
1988-11-20-right-pilar-l-pez,candil,Candil,1988-11,1988,AUTH_03,AUTH,"The claim that deep flamenco dance belongs to flat land hints at rootedness, but the passage functions more clearly as an aesthetic criterion than a tradition-continuity claim.",28
1988-11-21-right-desaparece-el-aula-de-flamencolo,candil,Candil,1988-11,1988,AUTH_01,AUTH,The phrase 'verdadera categoría' and 'verdadera antropología' are evaluative but do not clearly assert authenticity or genuine flamenco properness.,19
1988-11-22-right-jaima-cultural-andaluza-en-catar,candil,Candil,1988-11,1988,COMM_02,COMM,"The word 'afición' appears as an applauding audience, but the visible passage does not grant that community authority to judge or sustain flamenco.",23
1988-11-22-right-jaima-cultural-andaluza-en-catar,candil,Candil,1988-11,1988,PED_02,PED,"The term 'Compás Extremeño' is a group name in an event report, not evidence of embodied or oral transmission.",19
1988-11-22-right-jaima-cultural-andaluza-en-catar,candil,Candil,1988-11,1988,CRIT_02,CRIT,"Aesthetic terms such as rhythm, taste, and wisdom appear, but the review mainly offers general praise rather than developing distinct criteria beyond CRIT_01.",23
1989-01-3-right-candil-a-o-12-doce,candil,Candil,1989-01,1989,AUTH_04,AUTH,"The passage names 'consumo' and success as threats, but it does not specifically contrast commercial spectacle or intimate co-presence as authenticity markers.",23
1989-01-4-left-reflexiones-sobre-la-etapa-de-re,candil,Candil,1989-01,1989,PED_02,PED,"The retrieval trigger points to imitation, but the visible passage does not develop embodied, oral, familial, or lineage-based transmission.",20
1989-01-4-left-reflexiones-sobre-la-etapa-de-re,candil,Candil,1989-01,1989,AUTH_01,AUTH,"The phrase 'verdadero artista flamenco' supports the critical hierarchy, but the passage does not separately make an authenticity claim beyond that evaluation.",22
1989-01-7-right-el-carbonero-un-fandanguero-exce,candil,Candil,1989-01,1989,AUTH_02,AUTH,"The reference to purists and superficiality signals a purity debate, but the passage mainly reports opposing opinions rather than clearly drawing its own purity boundary.",25
1989-01-8-right-aurelio-sell-nondedeu,candil,Candil,1989-01,1989,HERIT_03,HERIT,"The mention of 'memorias flamencas' suggests memory-work, but the excerpt treats it mainly as a forthcoming book project rather than public heritage safeguarding.",24
1989-01-8-right-aurelio-sell-nondedeu,candil,Candil,1989-01,1989,CRIT_02,CRIT,"The word 'profundidad' appears, but the visible context refers to depth of discussion, not an aesthetic criterion for flamenco quality.",20
1989-01-13-left-por-entre-los-cantes-de-levante-,candil,Candil,1989-01,1989,HERIT_02,HERIT,"The passage values expert authority, but it does not clearly invoke official or institutional heritage authorization.",16
1989-01-13-left-por-entre-los-cantes-de-levante-,candil,Candil,1989-01,1989,PED_03,PED,"The word 'interpretativo' appears in analysis of style, but the excerpt does not concern learning access or institutional/transnational pedagogy.",20
1989-01-14-left-una-voz-con-alma-daniela-pineda,candil,Candil,1989-01,1989,CRIT_01,CRIT,"The poem is strongly praising Mairena, but the emitted authenticity and aesthetic-criteria codes capture the main discourse functions more precisely.",21
1989-01-14-right-cinco-a-os-de-la-desaparici-n-de,candil,Candil,1989-01,1989,COMM_02,COMM,"The great Jerez afición is mentioned, but the excerpt does not clearly make that community the source of authority; it mainly discusses recognition and canonization.",25
1989-01-16-left-flamenco-y-musicolog-a,candil,Candil,1989-01,1989,CRIT_02,CRIT,"Terms such as voice, rhythm, timbre, and expressive melody are discussed as transcription problems, but they are not applied as evaluative criteria for judging flamenco quality.",26
1989-01-19-left-la-m-sica-andalus,candil,Candil,1989-01,1989,AUTH_03,AUTH,"The text discusses historical origins and survival of Andalusí music, but the visible claim is more patrimonial and critical than a direct tradition-continuity authorization of flamenco practice.",28
1989-01-19-right-en-torno-a-pilar-l-pez-jos-n-ez-,candil,Candil,1989-01,1989,CRIT_03,CRIT,"The text compares Pilar López with canonical figures such as La Macarrona, La Malena, and La Mejorana, but the emitted critical evaluation and aesthetic-criteria codes already capture the main evaluative work conservatively.",33
1989-01-19-right-en-torno-a-pilar-l-pez-jos-n-ez-,candil,Candil,1989-01,1989,HERIT_02,HERIT,"The award and jury ceremony provide institutional recognition, but the passage primarily functions as a review of performance rather than heritage authorization.",22
1989-01-22-left-ii-acto-de-presentaci-n-de-publi,candil,Candil,1989-01,1989,HERIT_03,HERIT,"The text mentions continuity and cultivation of flamenco activities, but the visible evidence is more specifically institutional authorization and university mediation than safeguarding or living-heritage work.",27
1989-01-23-left-noticiario-flamenco,candil,Candil,1989-01,1989,CRIT_01,CRIT,"The praise of Antonio Povedano concerns plastic arts rather than a flamenco artist, performance, style, or event, so it does not meet the target condition.",25
1989-03-3-right-editorial,candil,Candil,1989-03,1989,CRIT_01,CRIT,"The strong negative language evaluates institutional conduct, but CRIT_04 captures the more specific expert/editorial authority and boundary-policing function.",20
1989-03-5-right-de-la-discriminaci-n-en-el-cante,candil,Candil,1989-03,1989,AUTH_02,AUTH,"The article contests racism, localism, and discrimination, but the visible text does not clearly draw a pure/impure boundary around legitimate flamenco.",22
1989-03-5-right-de-la-discriminaci-n-en-el-cante,candil,Candil,1989-03,1989,CRIT_03,CRIT,"Phrases such as 'grupo musicalmente superior y selecto' suggest hierarchy, but the clearer discourse function is broad critical evaluation rather than canon/ranking.",23
1989-03-6-left-viejo-carn-flamenco,candil,Candil,1989-03,1989,COMM_04,COMM,"Gitano/andaluz identity is central to the purity claim, but it is already captured through AUTH_02's boundary work rather than a separate identity-framing code.",26
1989-03-6-left-viejo-carn-flamenco,candil,Candil,1989-03,1989,AUTH_03,AUTH,"Triana and Ronda are framed as origins or schools, but the clearest function is canon hierarchy/ranking rather than tradition-continuity rhetoric.",22
1989-03-8-right-enderezando-entuertos,candil,Candil,1989-03,1989,AUTH_01,AUTH,"The repeated appeal to 'verdad' concerns factual discographic correction, not a claim that a person, style, or practice is genuinely flamenco.",21
1989-03-8-right-enderezando-entuertos,candil,Candil,1989-03,1989,AUTH_02,AUTH,"Although the author rejects improper names and false attributions, the boundary is primarily factual/classificatory rather than pure versus impure flamenco.",21
1989-03-10-left-ni-o-de-cabra,candil,Candil,1989-03,1989,COMM_02,COMM,"The text mentions a 'gran aficionado y mecenas', but the reference is brief and mostly biographical, not a clear claim that afición or community standing authorizes flamenco value.",28
1989-03-11-left-aurelio-de-c-diz-y-el-mal-gusto,candil,Candil,1989-03,1989,CRIT_02,CRIT,"The text uses duende and expression as criteria, but this is tightly embedded in the broader explicit critical evaluation already captured by CRIT_01.",23
1989-03-12-left-reflexiones-y-conclusiones-sobre,candil,Candil,1989-03,1989,CRIT_04,CRIT,"The article discusses critics, ponencias, debate, and documentation, but the visible excerpt is mainly procedural rather than exercising expert critical authority over flamenco quality.",24
1989-03-12-right-sem-foro,candil,Candil,1989-03,1989,AUTH_02,AUTH,"The phrase 'agresiones con sedicentes propósitos de renovación' hints at boundary policing, but the visible excerpt does not provide enough context to identify the excluded practices precisely.",27
1989-03-12-right-sem-foro,candil,Candil,1989-03,1989,AUTH_03,AUTH,"Successors of named artists and Andalusian patrimony imply continuity, but the stronger visible discourse is heritage and belonging rather than tradition-continuity rhetoric.",23
1989-03-13-right-podio-y-picota-ventolera,candil,Candil,1989-03,1989,CRIT_04,CRIT,"The column uses a tribunal/censure voice and polices media treatment of flamenco, but the main visible evidence is direct evaluation and canon ranking already captured by CRIT_01 and CRIT_03.",30
1989-03-13-right-podio-y-picota-ventolera,candil,Candil,1989-03,1989,COMM_02,COMM,"The afición, peñas, and tertulias are mentioned as affected audiences and settings, but the passage does not clearly grant them authority to judge or sustain flamenco.",26
1989-03-14-left-petenera-de-vida-y-bronce,candil,Candil,1989-03,1989,AUTH_03,AUTH,"The reference to Paterna de Rivera as her cuna suggests roots, but the visible text is primarily poetic commemoration rather than a clear tradition/continuity claim authorizing present flamenco.",29
1989-03-14-right-cante-gitano-andaluz,candil,Candil,1989-03,1989,COMM_04,COMM,"The title and lyrics use gitano-andaluz identity language, but the visible text consists of song/verse lines without a clear discourse function defining belonging, authority, or representation.",28
1989-03-15-left-para-el-recuerdo,candil,Candil,1989-03,1989,COMM_03,COMM,"The closing statement that people in peñas should know how to listen suggests participatory listening norms, but the brief aphorism is too general to establish a public/private or participant/spectator contrast.",32
1989-03-16-right-aunque-no-quepa-en-el-papel,candil,Candil,1989-03,1989,COMM_02,COMM,"The text criticizes those who call themselves aficionados without really being so, but the visible span primarily supports critical boundary-policing rather than community authority as a separate code.",29
1989-03-17-right-noticiario,candil,Candil,1989-03,1989,COMM_02,COMM,"Peñas and aficionados appear in listings and audience description, but those mentions alone do not clearly authorize flamenco value beyond the stronger participatory-setting evidence.",25
1989-03-17-right-noticiario,candil,Candil,1989-03,1989,CRIT_01,CRIT,"The text contains broad praise such as 'Triunfo bien merecido', but the more specific evaluative discourse is captured under CRIT_02.",20
1989-03-23-left-hablan-las-pe-as,candil,Candil,1989-03,1989,COMM_03,COMM,"The lunch is described as friendship and camaraderie, but there is no clear contrast between participatory/private and public/spectatorial flamenco settings.",22
1989-03-23-left-hablan-las-pe-as,candil,Candil,1989-03,1989,CRIT_01,CRIT,Phrases such as 'muchos éxitos' and 'feliz andadura flamenca' are formulaic well-wishing rather than substantive critical evaluation.,18
1989-03-24-right-discografia-flamenca,candil,Candil,1989-03,1989,CRIT_03,CRIT,"References to Antonio Mairena, Charamusco, and Manolo Vargas evoke canonical figures, but the main function is performance comparison rather than constructing a clear hierarchy or canon.",26
1989-03-24-right-discografia-flamenca,candil,Candil,1989-03,1989,COMM_04,COMM,Mentions of gitano identity and family appear largely biographical and do not independently organize authority or belonging in the review.,20
1989-05-3-right-festivales-flamencos,candil,Candil,1989-05,1989,AUTH_03,AUTH,"The article situates festivals historically, but it does not use tradition or roots as a positive authority for present flamenco practice.",21
1989-05-3-right-festivales-flamencos,candil,Candil,1989-05,1989,HERIT_02,HERIT,"Institutions are mentioned as promoters, but the passage lacks explicit authorized heritage mechanisms such as official listing, declaration, or heritage tutelage.",21
1989-05-4-left-desde-el-valle-flamenco-lecci-n-,candil,Candil,1989-05,1989,HERIT_03,HERIT,"Memory and cultural transmission are present, but the visible excerpt is more clearly pedagogical and canonical than public-heritage safeguarding.",20
1989-05-4-left-desde-el-valle-flamenco-lecci-n-,candil,Candil,1989-05,1989,PED_03,PED,"The school context suggests institutional learning access, but the stronger evidence is the teacher's pedagogical authority and mediation rather than institutionalized flamenco pedagogy.",24
1989-05-5-left-viejo-carn-flamenco,candil,Candil,1989-05,1989,AUTH_02,AUTH,"Purity is mentioned as a criterion, but the visible excerpt more strongly supports canon/ranking around Enrique as a model than independent purity boundary-work.",25
1989-05-5-left-viejo-carn-flamenco,candil,Candil,1989-05,1989,CRIT_01,CRIT,"There are evaluative remarks about performances and contests, but the more specific codes for canon hierarchy and expert boundary authority capture the discourse function more precisely.",26
1989-05-11-left-la-propaganda-flamenca,candil,Candil,1989-05,1989,CRIT_03,CRIT,"The text names major poster artists and says the cartel reaches a 'cumbre', but the visible passage does not clearly construct a flamenco-specific canon or ranking.",27
1989-05-13-right-la-osada-ignorancia,candil,Candil,1989-05,1989,PED_01,PED,"The phrase 'tutoría correctora' suggests training, but it is used as part of a performance critique rather than a sustained claim about pedagogical authority.",24
1989-05-14-left-la-malague-a-es-de-m-laga,candil,Candil,1989-05,1989,COMM_01,COMM,"The reference to 'los no iniciados' marks an audience knowledge difference, but it is secondary to the corrective origin argument and not enough for a separate insider/outsider boundary code.",30
1989-05-14-right-sentimiento-y-raz-n,candil,Candil,1989-05,1989,CRIT_03,CRIT,"The text discusses discriminatory distinctions among cantes, but the visible excerpt mostly contests hierarchy rather than constructing a clear ranking.",20
1989-05-16-left-siguiriyas-nombre-de-un-cante-pl,candil,Candil,1989-05,1989,AUTH_03,AUTH,"The article investigates origins and nomenclature, but the visible origin discussion is largely etymological and historical rather than using roots to authorize present flamenco value.",25
1989-05-16-left-siguiriyas-nombre-de-un-cante-pl,candil,Candil,1989-05,1989,COMM_01,COMM,The retrieval trigger 'fuera' does not function as an insider/outsider social boundary in the visible excerpt.,17
1989-05-16-right-silverio-franconetti,candil,Candil,1989-05,1989,COMM_03,COMM,"The balcony/listening scene suggests communal listening, but the passage does not clearly contrast participatory versus spectatorial settings as a discourse function.",22
1989-05-19-right-a-ana-m-rquez-bailaora-poema,candil,Candil,1989-05,1989,COMM_04,COMM,"The poem uses gendered and bodily imagery, but it does not clearly make identity a basis of authority, belonging, or representation.",21
1989-05-21-left-homenaje-en-francia-a-una-ex-bai,candil,Candil,1989-05,1989,PED_01,PED,"La Joselito is said to teach, but the clearest discourse function concerns transnational institutional access rather than her personal pedagogical authority.",21
1989-05-21-right-razones-de-una-propuesta,candil,Candil,1989-05,1989,AUTH_04,AUTH,"The article criticizes recording companies and sales pressure, but the strongest boundary language is broader purity/contamination rather than a distinct anti-commercial authenticity claim.",25
1989-05-22-left-podio-y-picota-ventolera,candil,Candil,1989-05,1989,AUTH_03,AUTH,"The phrase 'renovadores del flamenco tradicional' invokes tradition, but the visible passage does not clearly use tradition or continuity as the main authorizing basis.",24
1989-05-22-right-discografia-flamenca,candil,Candil,1989-05,1989,CRIT_04,CRIT,"The review polices the boundary of 'nuevas formas', but that function is already captured by AUTH_02 and CRIT_01 without needing an additional overlapping code.",24
1989-05-23-right-aunque-no-quepa-en-el-papel,candil,Candil,1989-05,1989,PED_02,PED,"The call to transmit Caló to children is clear cultural transmission, but it is not specifically flamenco knowledge or pedagogy in the visible text.",24
1989-05-24-right-noticiario-flamenco,candil,Candil,1989-05,1989,COMM_02,COMM,"Peñas and congress participants are mentioned, but the visible text emphasizes institutional organization rather than community authority or insider recognition.",20
1989-05-25-right-hablan-las-pe-as,candil,Candil,1989-05,1989,COMM_02,COMM,"The many peña notices identify clubs and contests, but mostly as routine organizational information without clear community authority discourse.",19
1989-05-26-right-premium-iben-alcazar-premium-cri,candil,Candil,1989-05,1989,AUTH_03,AUTH,"The advertisement mentions 'siguiendo la tradición de nuestros maestros cerveceros', but the tradition claim concerns beer production, not flamenco.",19
1989-07-3-right-sevillanas-show-editorial,candil,Candil,1989-07,1989,CRIT_04,CRIT,"The text criticizes commercial sevillanas, but the stronger and less duplicative coding is the authenticity/anti-commercial boundary work.",19
1989-07-5-right-viejo-carn-flamenco-manolo-carac,candil,Candil,1989-07,1989,CRIT_01,CRIT,"There are several explicit evaluations of singers, but they are already captured through the stronger canon/hierarchy code.",18
1989-07-8-left-el-tesoro-escondido,candil,Candil,1989-07,1989,PED_02,PED,"Family conservation implies intergenerational transmission, but the visible passage emphasizes origin and legitimacy more than a learning process.",18
1989-07-8-left-el-tesoro-escondido,candil,Candil,1989-07,1989,HERIT_03,HERIT,"The vocabulary of conservation and hidden treasure is present, but it is not framed as public heritage, institutional safeguarding, or community heritage policy.",23
1989-07-9-left-juan-friede,candil,Candil,1989-07,1989,COMM_02,COMM,"The article mentions aficionados and gatherings, but the core discourse is Friede's expert interpretation rather than afición as community authority.",21
1989-07-9-left-juan-friede,candil,Candil,1989-07,1989,AUTH_04,AUTH,"The remembered tavern scene is intimate, but the passage does not clearly contrast intimacy with commercial or public performance as authenticity evidence.",22
1989-07-9-right-opini-n-sobre-flamenco,candil,Candil,1989-07,1989,AUTH_01,AUTH,"The article asserts truth and falsehood, but the clearest discourse is identity/origin boundary work rather than a separate authenticity claim.",21
1989-07-10-left-recuerdo-de,candil,Candil,1989-07,1989,CRIT_01,CRIT,"There is evaluative language about cultural affinity, but it functions mainly as legitimation through roots rather than a review of a performance or artist.",24
1989-07-11-left-joaqu-n-vargas-soto-el-cojo-de-m,candil,Candil,1989-07,1989,AUTH_01,AUTH,"The article argues for factual truth in attribution, but it does not clearly frame a practice as genuinely or properly flamenco.",21
1989-07-13-right-paquito-de-la-isla,candil,Candil,1989-07,1989,COMM_03,COMM,"The interview atmosphere is intimate, but it is presented as personal reunion rather than a broader participatory flamenco setting.",19
1989-07-13-right-paquito-de-la-isla,candil,Candil,1989-07,1989,COMM_04,COMM,Mentions of hombre and feminine absence are incidental and do not organize flamenco identity or authority.,16
1989-07-15-left-cantaores-de-granada,candil,Candil,1989-07,1989,AUTH_03,AUTH,"The text evokes tradition and historical continuity, but the clearer discourse is memory preservation of voices rather than tradition as authority.",21
1989-07-16-left-curiosidades-flamencas,candil,Candil,1989-07,1989,AUTH_04,AUTH,"The author speculates about comerciabilidad, but the visible critique is primarily genre-boundary criticism rather than anti-commercial authenticity.",19
1989-07-17-left-el-flamenco-en-la-poes-a-y-en-la,candil,Candil,1989-07,1989,COMM_03,COMM,The retrieval trigger 'publicando' is only about publication history and does not create a public/private participatory setting.,18
1989-07-17-left-el-flamenco-en-la-poes-a-y-en-la,candil,Candil,1989-07,1989,AUTH_01,AUTH,"The word 'verdadero' supports praise of Ferrán, but the stronger evidence is canonization and aesthetic evaluation rather than a separate authenticity claim.",22
1989-07-21-left-poema,candil,Candil,1989-07,1989,CRIT_03,CRIT,"The phrase 'tres veces bueno' praises the trio, but the poetic context is too elliptical for a confident ranking or canon claim.",22
1989-07-24-left-noticiario-flamenco,candil,Candil,1989-07,1989,COMM_02,COMM,"Neighborhood, family, and Peña-like community terms appear, but the visible text does not clearly present a community actor as authorizing or judging flamenco.",24
1989-07-25-left-hablan-las-pe-as-amigas,candil,Candil,1989-07,1989,COMM_02,COMM,"Peñas and federations are mentioned as organizers, but the passage is mainly administrative and does not clearly claim community authority or insider recognition.",23
1989-07-25-left-hablan-las-pe-as-amigas,candil,Candil,1989-07,1989,CRIT_03,CRIT,"Contest prizes and winners are mentioned, but the visible text does not construct a broader canon, hierarchy, or evaluative ranking beyond routine competition logistics.",24
1989-07-25-right-buz-n,candil,Candil,1989-07,1989,PED_02,PED,"Pastora is described as learning songs by hearing them from José Medina, but the stronger discourse function in the article is historical correction and lineage/origin authorization rather than pedagogy.",30
1989-07-26-right-iben-alcazar-premium-criviza-spi,candil,Candil,1989-07,1989,AUTH_03,AUTH,"The advertisement mentions beer-making tradition, but it is unrelated to flamenco and therefore outside the code's scope.",19
1989-07-26-right-iben-alcazar-premium-criviza-spi,candil,Candil,1989-07,1989,CRIT_01,CRIT,"The advertisement praises the beer, but it does not evaluate any flamenco-related target.",14
1989-09-3-right-a-pedro-s-nchez,candil,Candil,1989-09,1989,PED_01,PED,"The text mentions Pedro's discipline of learning and ability to project flamenco, but it does not clearly position him as an authorized teacher or pedagogical method.",27
1989-09-4-left-carta,candil,Candil,1989-09,1989,AUTH_01,AUTH,"The repeated word 'verdad' concerns moral or factual truth around a dispute, not a clear authenticity claim about flamenco practice.",20
1989-09-4-left-carta,candil,Candil,1989-09,1989,COMM_02,COMM,The final greeting to the Peña and 'amiga flamenca de corazón' signals community affiliation but does not clearly authorize judgment through community belonging.,23
1989-09-4-right-miguel-de-linares-y,candil,Candil,1989-09,1989,COMM_04,COMM,"The phrase 'serio, para hombres, para cabales' has gendered and identity language, but the visible excerpt does not develop a clear identity-based tradition model.",25
1989-09-8-left-el-pr-ximo-monogr-fico-sobre-ans,candil,Candil,1989-09,1989,HERIT_01,HERIT,"The phrase 'dignidad de una cultura cantada inigualable' elevates flamenco culturally, but it does not clearly frame it as public heritage or patrimony.",23
1989-09-8-left-el-pr-ximo-monogr-fico-sobre-ans,candil,Candil,1989-09,1989,CRIT_01,CRIT,"General praise of Climent's contribution is present, but the stronger discourse function is expert authority and canonization.",18
1989-09-9-right-manolo-barrios,candil,Candil,1989-09,1989,COMM_02,COMM,"Aficionados and cabales appear, but the strongest function is critique of their limits rather than community-based authorization.",18
1989-09-9-right-manolo-barrios,candil,Candil,1989-09,1989,HERIT_03,HERIT,"The language of rescue and dignification is preservation-adjacent, but it lacks a clear public-heritage or safeguarding frame.",19
1989-09-10-right-cantes-nuevos,candil,Candil,1989-09,1989,AUTH_01,AUTH,"Authenticity is named as a debate criterion, but the passage does not itself assert that a specific cante is authentic.",20
1989-09-10-right-cantes-nuevos,candil,Candil,1989-09,1989,AUTH_03,AUTH,"Roots and traditional styles are mentioned, but mainly as objects for classification and debate rather than as an explicit tradition-continuity claim.",22
1989-09-11-right-la-debla,candil,Candil,1989-09,1989,AUTH_03,AUTH,"The article discusses linguistic origin, but the visible passage is mainly etymological and methodological rather than using origin to authorize present flamenco value.",23
1989-09-11-right-la-debla,candil,Candil,1989-09,1989,CRIT_01,CRIT,"Phrases such as 'hermosa toná' and 'melancólica y bella toná' are evaluative, but they are incidental to the etymological argument rather than a sustained critical assessment of a performance, artist, or style.",32
1989-09-12-left-xvii-congreso-nacional,candil,Candil,1989-09,1989,COMM_02,COMM,"Peña and peñistas appear, but the stronger visible function is the valued participatory setting rather than an explicit claim that peñas possess authority to judge or sustain flamenco.",28
1989-09-12-left-xvii-congreso-nacional,candil,Candil,1989-09,1989,AUTH_03,AUTH,"Jerez is described as a place of 'esencias jondas,' but the visible passage is more atmospheric than a clear tradition-continuity argument.",22
1989-09-16-left-poema,candil,Candil,1989-09,1989,COMM_04,COMM,"The poem uses identity terms such as 'gitana' and 'raza,' but they function as poetic imagery rather than constructing authority, belonging, or representation in a discursive argument.",27
1989-09-16-left-poema,candil,Candil,1989-09,1989,HERIT_03,HERIT,"The phrase 'yo te hago memoria cantaora' is evocative, but it does not clearly frame collective memory, safeguarding, or community heritage work.",22
1989-09-16-right-coplas,candil,Candil,1989-09,1989,AUTH_03,AUTH,"The coplas mention serranas, pastores, and bandoleros, but these are lyrical motifs rather than an argument grounding flamenco value in tradition, roots, or continuity.",24
1989-09-17-left-hacia-d-nde-vamos,candil,Candil,1989-09,1989,CRIT_01,CRIT,"The visible ending criticizes current tendencies and contest outcomes, but the stronger function is boundary-policing critique rather than a discrete review of an artist, performance, or event.",28
1989-09-17-left-hacia-d-nde-vamos,candil,Candil,1989-09,1989,CRIT_03,CRIT,"The text distinguishes 'buenos cantaores' from 'menos buenos,' but the visible excerpt does not develop a clear canon, ranking, or hierarchy beyond that brief comparative concern.",26
1989-09-19-left-el-desprop-sito-estriba-en-m,candil,Candil,1989-09,1989,COMM_02,COMM,"The afición is addressed as deserving respect, but the visible excerpt does not clearly grant aficionados authority to judge or sustain flamenco.",22
1989-09-21-left-la-minor-a-de-los-caballistas-ba,candil,Candil,1989-09,1989,AUTH_04,AUTH,"Commercialization is mentioned, but the author explicitly says it is not used pejoratively, so no anti-commercial authenticity claim is present.",21
1989-09-21-left-la-minor-a-de-los-caballistas-ba,candil,Candil,1989-09,1989,PED_02,PED,"Tradition and transmission are implied around Silverio's knowledge, but the visible span does not clearly describe oral, embodied, familial, or lineage-based learning.",24
1989-09-22-right-el-mito-de-las-bailarinas-gadita,candil,Candil,1989-09,1989,PED_02,PED,"The word 'escuchando' appears in a historical example, but it does not describe flamenco learning or embodied/oral transmission.",19
1989-09-22-right-el-mito-de-las-bailarinas-gadita,candil,Candil,1989-09,1989,HERIT_03,HERIT,"Place and memory-like language appear, but the visible text is about historical argument, not safeguarding or community heritage work.",20
1989-09-24-left-andaluc-a-siempre-maltratada,candil,Candil,1989-09,1989,HERIT_01,HERIT,"The text strongly invokes culture and values, but it does not explicitly frame flamenco as patrimonio/heritage or use a clear public-heritage category.",24
1989-09-24-right-podio-y-picota-ventolera,candil,Candil,1989-09,1989,AUTH_01,AUTH,"The article praises flamenco's universal importance, but the stronger function is cultural identity and critical condemnation rather than a direct authenticity claim.",23
1989-09-26-left-discografia-flamenca,candil,Candil,1989-09,1989,COMM_02,COMM,"Afición is mentioned, but the visible passage does not clearly grant aficionados authority to judge or sustain flamenco.",18
1989-09-26-right-iben-alca-ar-premium-crivera-lup,candil,Candil,1989-09,1989,AUTH_03,AUTH,"The word tradition appears in beer advertising, but it is unrelated to flamenco tradition or authority.",16
1989-11-3-right-los-impremiables-editorial,candil,Candil,1989-11,1989,COMM_04,COMM,"The text mentions gitano/payo accusations, but the visible passage focuses on critical reputation rather than identity-based belonging or representation.",21
1989-11-4-left-otras-formas-de-avanzar,candil,Candil,1989-11,1989,PED_01,PED,"Calixto Sánchez is praised as cantaor and pedagogue, but the stronger discourse function is the institutional access/transmission of flamenco in schools.",22
1989-11-4-left-otras-formas-de-avanzar,candil,Candil,1989-11,1989,HERIT_03,HERIT,"Generational transmission is present, but the passage is more directly about pedagogy than public heritage safeguarding.",16
1989-11-5-left-memorable-preg-n-flamenco-de-nav,candil,Candil,1989-11,1989,COMM_02,COMM,"Aficionados are mentioned as moved spectators, but they are not clearly positioned as authorities who judge or sustain flamenco.",19
1989-11-6-left-isabel-fern-ndez,candil,Candil,1989-11,1989,CRIT_01,CRIT,"The praise of her labor as 'incansable y provechosa' is evaluative, but it is closely tied to the official-recognition frame already captured by HERIT_02.",25
1989-11-6-right-viejo-carn-flamenco,candil,Candil,1989-11,1989,CRIT_03,CRIT,"'Maestro en ciernes' and 'primera fila' imply status hierarchy, but the stronger visible function is general evaluation and community recognition.",20
1989-11-10-right-del-i-concurso-regional-de-cante,candil,Candil,1989-11,1989,COMM_02,COMM,"Peñas organize the contest, but the passage mainly reports administrative organization rather than community authority or insider recognition.",18
1989-11-11-left-belleza-positiva-del-drama-andal,candil,Candil,1989-11,1989,CRIT_04,CRIT,"The article invokes named writers and scholars, but the main supported functions are identity framing, canonization, aesthetic criteria, and roots discourse.",21
1989-11-12-left-enderezando-entuertos,candil,Candil,1989-11,1989,COMM_02,COMM,"The article addresses aficionados and mentions the afición as witnesses, but its strongest discourse functions are authenticity correction, teaching, and critical evaluation.",22
1989-11-13-right-cantar-por-grana-nas-paco,candil,Candil,1989-11,1989,AUTH_03,AUTH,"The article mentions origin and sources, but the strongest function is critical canon-making rather than tradition/continuity as an independent authority claim.",23
1989-11-14-left-vi-distinci-n-comp-s-del-cante,candil,Candil,1989-11,1989,AUTH_02,AUTH,"The closing phrase 'gratificación de la pureza' praises purity, but it does not clearly exclude or devalue an impure target.",20
1989-11-14-left-vi-distinci-n-comp-s-del-cante,candil,Candil,1989-11,1989,CRIT_02,CRIT,"The article mentions hondura, compás, and entrega, but these are not developed as distinct aesthetic criteria beyond the award/canon frame.",21
1989-11-16-left-homenaje-a-juan-carmona-habichue,candil,Candil,1989-11,1989,COMM_02,COMM,"The peña is mentioned as organizer and venue context, but the visible text does not clearly grant peña/community authority to recognize or judge flamenco.",25
1989-11-16-left-homenaje-a-juan-carmona-habichue,candil,Candil,1989-11,1989,HERIT_01,HERIT,"The phrase 'patrimonio de todos' refers to the cultural venue/public facility, not clearly to flamenco as collective heritage.",19
1989-11-16-left-homenaje-a-juan-carmona-habichue,candil,Candil,1989-11,1989,CRIT_04,CRIT,"The author criticizes restricted access to the venue, but the boundary critique is civic/institutional rather than a flamenco purity or expert-critical boundary.",24
1989-11-17-right-canal-sur-y-el-flamenco,candil,Candil,1989-11,1989,AUTH_02,AUTH,"The term 'más puro' appears, but no impure, fake, or degraded target is clearly excluded in the visible text.",19
1989-11-17-right-canal-sur-y-el-flamenco,candil,Candil,1989-11,1989,PED_03,PED,"Broadcast programming broadens access, but the visible text does not clearly frame this as learning or pedagogy.",17
1989-11-17-right-canal-sur-y-el-flamenco,candil,Candil,1989-11,1989,CRIT_01,CRIT,"The program's light and sound are called new and respectful, but this is secondary to the cultural/identity framing and not a distinct critical review.",26
1989-11-19-left-entrevista-con-juan-casillas,candil,Candil,1989-11,1989,COMM_02,COMM,"The family afición supports the transmission code, but the visible passage does not clearly grant the family independent authority to judge or sustain flamenco beyond biographical formation.",27
1989-11-21-right-una-revoluci-n-en-el-an-lisis-de,candil,Candil,1989-11,1989,AUTH_01,AUTH,The phrase 'verdadera fotografía' describes the sonagram metaphorically and does not claim authentic or proper flamenco.,16
1989-11-21-right-una-revoluci-n-en-el-an-lisis-de,candil,Candil,1989-11,1989,PED_03,PED,"The text explains acoustic principles, but it is mainly presenting analytical technology rather than thematizing access to flamenco learning.",19
1989-11-23-right-noticiario-flamenco,candil,Candil,1989-11,1989,CRIT_04,CRIT,"The juries and inapelable rulings are administrative contest rules, not visible expert critical discourse or boundary policing.",17
1989-11-23-right-noticiario-flamenco,candil,Candil,1989-11,1989,HERIT_02,HERIT,"The Junta sponsorship and Confederación organization are institutional facts, but the passage lacks explicit heritage or public-cultural authorization language.",20
1989-11-24-left-hablan-las-pe-as,candil,Candil,1989-11,1989,HERIT_03,HERIT,"The special prize 'Para fomentar el cante de Trilla' suggests promotion of a local cante, but the visible text remains a contest rule without clear safeguarding or public-heritage framing.",30
1989-11-24-left-hablan-las-pe-as,candil,Candil,1989-11,1989,PED_03,PED,"The requirement to interpret groups of cantes is a contest eligibility rule, not institutional learning or access to flamenco knowledge.",20
1989-11-24-left-hablan-las-pe-as,candil,Candil,1989-11,1989,COMM_02,COMM,"Several peñas appear as organizers or administrative bodies, but the excerpt does not grant them community authority to recognize or judge flamenco beyond routine operations.",25
1989-11-26-left-discografia-flamenca,candil,Candil,1989-11,1989,AUTH_01,AUTH,The phrase 'auténticamente seleccionadas' modifies the act of selection rather than asserting authentic flamenco value.,15
1989-11-26-right-premium-iben-alcazar-premium-grw,candil,Candil,1989-11,1989,AUTH_03,AUTH,"The word 'tradición' refers to beer-making tradition, not flamenco or flamenco-related cultural authority.",15
1990-01-3-right-editorial,candil,Candil,1990-01,1990,AUTH_01,AUTH,"The phrase 'auténticas expresiones de jondura' is evaluative, but the stronger discourse functions here are canon formation and gendered historiographic critique.",21
1990-01-4-right-paco-vallecillo-in-memoriam,candil,Candil,1990-01,1990,HERIT_02,HERIT,"The Medalla de Andalucía is mentioned, but the passage does not frame the medal as heritage authorization of flamenco.",19
1990-01-5-left-manuel-cano-in-memoriam-paco-val,candil,Candil,1990-01,1990,PED_01,PED,"Cano is clearly a teaching authority, but the stronger and more specific code is institutional learning access through the conservatory and publications.",22
1990-01-6-right-a-pepe-polluelas-ram-n-porras,candil,Candil,1990-01,1990,AUTH_02,AUTH,"The text contrasts flamenco's 'esencias' with detractors, cuplé singers, and brothel flamenquerías, but the stronger visible discourse function is the public/private community setting rather than a clean purity boundary.",31
1990-01-7-right-eduardo-de-la-malena-in-memoriam,candil,Candil,1990-01,1990,AUTH_03,AUTH,"The article mentions nineteenth-century roots and traditions, but these claims mainly support Eduardo's ranking and artistic evaluation rather than a separate continuity argument.",25
1990-01-8-right-m-sica-culta-y,candil,Candil,1990-01,1990,CRIT_02,CRIT,"Compás and musical features appear, but the central function is boundary critique of analytical authority rather than applying aesthetic criteria to a performance.",23
1990-01-12-right-cante-y-toque-dos-aires-distinto,candil,Candil,1990-01,1990,CRIT_04,CRIT,"The phrase 'ordinaria y de mal gusto' critiques improper solo guitar behavior, but it is covered by the broader aesthetic-criteria code rather than requiring a separate boundary-critique code.",30
1990-01-13-left-jorge-camacho,candil,Candil,1990-01,1990,CRIT_02,CRIT,"Terms such as duende, arte, and spiritual expression appear, but the strongest visible discourse is broad evaluation and canonization rather than a distinct applied aesthetic criterion.",26
1990-01-13-right-antonia-la-negra,candil,Candil,1990-01,1990,CRIT_03,CRIT,"The father says Tomás Pavón was the best, but the visible passage treats this mainly as biographical memory rather than sustained canon formation.",23
1990-01-13-right-antonia-la-negra,candil,Candil,1990-01,1990,PED_03,PED,"An academy is mentioned hypothetically in a past scene, but the visible evidence does not center institutional access to learning.",20
1990-01-15-right-de-desp-naperros-p-arriba,candil,Candil,1990-01,1990,HERIT_03,HERIT,"The article mentions legacy and not forgetting, but it does not clearly shift into safeguarding or public heritage-management discourse.",20
1990-01-15-right-de-desp-naperros-p-arriba,candil,Candil,1990-01,1990,AUTH_01,AUTH,"The phrase 'puramente andaluz' authorizes origin, but it is better captured as tradition/roots than as a separate authenticity claim.",20
1990-01-16-left-interrogantes-dimes-y-diretes-so,candil,Candil,1990-01,1990,AUTH_01,AUTH,"The repeated language of truth concerns factual accuracy about historical figures, not authenticity of flamenco practice.",16
1990-01-18-right-opini-n-a-las-caba-as-baj-a-los-,candil,Candil,1990-01,1990,COMM_03,COMM,"The article contrasts humble and palace settings, but the contrast is about social elevation and recognition rather than participatory public/private flamenco practice.",23
1990-01-18-right-opini-n-a-las-caba-as-baj-a-los-,candil,Candil,1990-01,1990,CRIT_03,CRIT,"The award suggests canonization, but the visible passage is better captured as institutional recognition and broad evaluation than a distinct hierarchy.",21
1990-01-19-right-el-solitario-int-rprete-sui-g-ne,candil,Candil,1990-01,1990,PED_03,PED,"The trigger term 'título' appears, but the passage does not clearly concern institutional, transnational, or access-oriented flamenco learning.",19
1990-01-19-right-el-solitario-int-rprete-sui-g-ne,candil,Candil,1990-01,1990,COMM_02,COMM,"The phrase 'aficionado práctico' suggests participant credibility, but the visible passage mainly develops a bibliographic correction rather than community authority.",20
1990-01-20-right-bibliograf-a,candil,Candil,1990-01,1990,AUTH_02,AUTH,"The word 'espúreo' appears near the end, but it criticizes ideology generally rather than drawing a purity boundary around legitimate flamenco.",21
1990-01-21-left-poemas-paco-arana,candil,Candil,1990-01,1990,COMM_04,COMM,"The poem uses gendered and gitana descriptors, but they mainly function as praise and imagery rather than a developed identity-based authority claim.",23
1990-01-22-left-noticiario,candil,Candil,1990-01,1990,HERIT_03,HERIT,"The documentation center implies preservation, but the visible text emphasizes access and institutional funding more than safeguarding or living heritage.",20
1990-01-23-left-hablan-las-pe-as,candil,Candil,1990-01,1990,COMM_02,COMM,"Peñas organize the events and elections, but the visible text is mostly administrative and does not clearly make peña sociability or afición an authority claim.",25
1990-01-23-left-hablan-las-pe-as,candil,Candil,1990-01,1990,CRIT_03,CRIT,"Prize structures imply ranking, but the passage mainly lists contest rules rather than constructing a canon or hierarchy beyond the competition format.",22
1990-01-24-right-buz-n-flamenco,candil,Candil,1990-01,1990,HERIT_02,HERIT,"The excerpt includes a councillor signature and cultural-office context, but the visible text does not clearly frame official heritage authorization.",21
1990-01-24-right-buz-n-flamenco,candil,Candil,1990-01,1990,AUTH_02,AUTH,"The phrase 'auténticas mentiras falsas' is polemical, but it targets false statements rather than drawing a stable genuine/impure flamenco boundary.",21
1990-01-26-left-discografia,candil,Candil,1990-01,1990,AUTH_03,AUTH,"The beer advertisement mentions tradition, but it is not flamenco-related and cannot support a flamenco tradition code.",18
1990-01-26-left-discografia,candil,Candil,1990-01,1990,PED_03,PED,"Her conservatory post is listed biographically without a visible claim about teaching, access, or institutional transmission.",16
1990-03-3-right-editorial,candil,Candil,1990-03,1990,HERIT_02,HERIT,"The postponed homage mentions institutions, but the visible note is logistical rather than an official heritage-authorization claim.",18
1990-03-3-right-editorial,candil,Candil,1990-03,1990,AUTH_03,AUTH,"The recovered 'códice' language suggests continuity, but the clearer discourse function is boundary critique against degrading interpolations.",17
1990-03-4-left-eduardo-toldr,candil,Candil,1990-03,1990,HERIT_03,HERIT,The word 'conservan' refers to composers keeping notes and does not frame safeguarding or living heritage.,16
1990-03-4-left-eduardo-toldr,candil,Candil,1990-03,1990,COMM_04,COMM,"The ending makes ethnic generalizations about gitanos and payos, but in the visible text this functions mainly as taste/evaluation rather than a clear belonging or representation framework.",28
1990-03-10-right-ellos-los-protagonistas-dicen-ch,candil,Candil,1990-03,1990,PED_02,PED,"The son who sings Camarón rather than his father's things hints at transmission, but the visible passage does not clearly authorize lineage learning.",24
1990-03-10-right-ellos-los-protagonistas-dicen-ch,candil,Candil,1990-03,1990,AUTH_01,AUTH,The phrase 'auténtico genio' praises Camarón's genius; the stronger authenticity boundary appears later in the critique of innovations.,19
1990-03-12-left-aunque-no-quepa-en-el-papel-cant,candil,Candil,1990-03,1990,COMM_04,COMM,"The text discusses Andalusian and Gitano groups, but the visible passage mainly uses them in an origin theory rather than clearly defining present belonging or authority.",26
1990-03-12-right-opini-n-m-s-luz-sobre-los-hist-r,candil,Candil,1990-03,1990,COMM_02,COMM,"An aficionado is mentioned as an interlocutor, but the passage does not grant aficionados collective authority; instead it challenges this particular aficionado's claims.",24
1990-03-14-left-pe-a-flamenca-femenina,candil,Candil,1990-03,1990,COMM_03,COMM,"The peña is described as a welcoming setting, but the visible passage does not clearly contrast participatory intimacy with public spectatorship.",21
1990-03-15-right-discografia,candil,Candil,1990-03,1990,AUTH_01,AUTH,"The phrase 'auténtica escuela flamenca' appears, but in context it functions mainly as critical evaluation and canon formation rather than a separate authenticity claim.",24
1990-03-16-left-algunos-aspectos-de-la-represent,candil,Candil,1990-03,1990,PED_02,PED,"The passage mentions family and generational imagery, but the visible excerpt emphasizes origin and conservation more than explicit learning or transmission.",21
1990-03-16-left-algunos-aspectos-de-la-represent,candil,Candil,1990-03,1990,COMM_04,COMM,"The article announces focus on the mother figure, but the visible excerpt does not provide enough developed evidence of identity-group framing beyond that setup.",25
1990-03-18-right-la-di-spora-del-flamenco-pe-a-fl,candil,Candil,1990-03,1990,COMM_02,COMM,"The Rennes peña is described as defending cante, but the visible evidence is better captured as transnational pedagogy and authenticity boundary-work.",22
1990-03-20-left-cantes-nuevos,candil,Candil,1990-03,1990,AUTH_03,AUTH,"Traditional styles are invoked as a reference point, but the passage mainly performs aesthetic analysis and cataloging rather than grounding present value in tradition.",24
1990-03-20-right-cr-nica-de-la-final-del-i-concur,candil,Candil,1990-03,1990,COMM_02,COMM,"Peñas are mentioned as a flamenco public watching the final, but they are not clearly granted authority to judge or sustain flamenco in the visible text.",26
1990-03-21-right-de-la-ra-z-y-la-evoluci-n-del-ca,candil,Candil,1990-03,1990,COMM_04,COMM,"The Andalusian people are central to the origin narrative, but the strongest discourse functions are roots/continuity, oral transmission, and purity boundary-work.",23
1990-03-21-right-de-la-ra-z-y-la-evoluci-n-del-ca,candil,Candil,1990-03,1990,CRIT_02,CRIT,"The text uses aesthetic vocabulary such as Tierra, Pueblo, Dolor, Grito y Arte, but the main function is definitional-authenticating rather than a specific critical evaluation.",26
1990-03-24-left-noticiario-flamenco,candil,Candil,1990-03,1990,PED_01,PED,"The conference explains flamenco characteristics, but the excerpt does not clearly position the speaker as pedagogically authoritative beyond reporting a talk.",21
1990-05-3-right-editorial,candil,Candil,1990-05,1990,AUTH_03,AUTH,"The phrase 'legado recibido' suggests inheritance, but the stronger discourse function is heritage safeguarding rather than tradition-continuity authorization.",19
1990-05-4-left-la-lealtad-y-la-amistad-en-paco-,candil,Candil,1990-05,1990,AUTH_03,AUTH,"The 'semilla' and future fruits metaphor suggests legacy, but it is chiefly moral tribute rather than flamenco tradition-continuity discourse.",20
1990-05-4-left-la-lealtad-y-la-amistad-en-paco-,candil,Candil,1990-05,1990,COMM_02,COMM,"The author invokes those who knew him, but this does not clearly grant community authority to recognize or judge flamenco.",20
1990-05-4-right-jos-n-ez-de-castro-g-mez,candil,Candil,1990-05,1990,COMM_02,COMM,"The 'resonante eco entre los aficionados' phrase mentions aficionados, but it does not clearly make them an authorizing community.",19
1990-05-4-right-jos-n-ez-de-castro-g-mez,candil,Candil,1990-05,1990,HERIT_03,HERIT,"Discography and institutions may support transmission, but the excerpt does not explicitly frame them as safeguarding or living heritage.",19
1990-05-5-right-se-ora-madre-polluelas,candil,Candil,1990-05,1990,COMM_03,COMM,"The phrase 'en la intimidad de mi familia' is personal remembrance, not a value-bearing public/private flamenco setting.",19
1990-05-5-right-se-ora-madre-polluelas,candil,Candil,1990-05,1990,CRIT_02,CRIT,The closing mention of singing and 'cante' is evocative but does not apply an aesthetic criterion to judge flamenco quality.,20
1990-05-6-left-viejo-carn-flamenco,candil,Candil,1990-05,1990,AUTH_01,AUTH,"The boundary around cantaores implies legitimacy, but the visible wording is more directly a community/insider authority claim than an explicit authenticity claim.",23
1990-05-13-left-garc-a-lorca-y-el-flamenco,candil,Candil,1990-05,1990,COMM_04,COMM,"The word 'hombres' appears, but it does not organize flamenco authority or belonging through identity-group framing.",17
1990-05-18-left-v-semana-de-estudios-flamencos,candil,Candil,1990-05,1990,CRIT_02,CRIT,"The Vicente Amigo passage names criteria such as dominio, sincronización, frescura, and creatividad, but these mainly support the emitted overall critical evaluation.",22
1990-05-19-right-juan-moreno-maya-el-pele-y-vicen,candil,Candil,1990-05,1990,COMM_02,COMM,"Family and aficionado references appear, but the clearest discourse function is pedagogical formation rather than community authority.",17
1990-05-22-left-vii-trofeo-lucas-l-pez,candil,Candil,1990-05,1990,PED_02,PED,"The phrase 'han bebido en las fuentes' suggests influence, but the excerpt does not clearly describe embodied, oral, or lineage-based learning as transmission.",24
1990-05-24-left-jugando-al-despiste,candil,Candil,1990-05,1990,AUTH_02,AUTH,"The article mentions 'pureza' and questions the concept, but the visible excerpt does not sustain a clear purity boundary that excludes a specific improper flamenco form.",26
1990-05-25-left-buz-n-flamenco,candil,Candil,1990-05,1990,AUTH_03,AUTH,"The request invokes tradition and lost styles, but the stronger discourse function is safeguarding/recovery and community knowledge rather than an explicit tradition-continuity claim authorizing present practice.",28
1990-05-26-left-discografia,candil,Candil,1990-05,1990,PED_02,PED,"The article lists family relations to flamenco artists, but it does not state that knowledge or authority was transmitted through that lineage.",22
1990-05-26-right-premium-iben-alcazar-premium-cri,candil,Candil,1990-05,1990,AUTH_03,AUTH,"The advertisement mentions 'tradición de nuestros maestros cerveceros', but it concerns beer production rather than flamenco.",16
1990-05-26-right-premium-iben-alcazar-premium-cri,candil,Candil,1990-05,1990,CRIT_01,CRIT,"The praise evaluates a beer product, not a flamenco artist, performance, style, venue, publication, or event.",16
1990-07-3-right-editorial,candil,Candil,1990-07,1990,HERIT_02,HERIT,"University institutions are central, but the stronger evidence concerns pedagogy and public identity rather than official heritage authorization mechanisms.",19
1990-07-4-left-viejo-carn-flamenco,candil,Candil,1990-07,1990,CRIT_03,CRIT,"There are comparative claims about lesser-known relatives being elevated, but the passage mainly critiques unsupported canon-making rather than building a stable hierarchy itself.",25
1990-07-8-left-xxvi-concurso-nacional-de,candil,Candil,1990-07,1990,COMM_03,COMM,"The word participar appears, but it refers to contest participation and does not construct a participatory/public-private flamenco setting.",20
1990-07-8-left-xxvi-concurso-nacional-de,candil,Candil,1990-07,1990,COMM_02,COMM,"Aficionados and the peña are mentioned as participants in the event, but their authority to judge or define flamenco is not the main discourse function in the visible span.",29
1990-07-9-left-flamenco-en-la-universidad,candil,Candil,1990-07,1990,COMM_04,COMM,"The article mentions gitano students and racist/xenophobic discourse, but the visible passage mainly reports inclusion in the seminar rather than defining flamenco authority through identity framing.",27
1990-07-9-left-flamenco-en-la-universidad,candil,Candil,1990-07,1990,CRIT_01,CRIT,"There is performance praise, but the article's dominant discourse functions are institutional pedagogy and legitimation; additional review coding would be less central.",23
1990-07-9-right-esa-m-sica-viene-de-la-tierra,candil,Candil,1990-07,1990,CRIT_03,CRIT,"The phrase 'figuras cumbres' and praise of Mairena suggest hierarchy, but the visible evidence more directly authorizes expertise and lineage than canon construction.",23
1990-07-11-left-pedro-s-nchez-y-ram-n-porras,candil,Candil,1990-07,1990,PED_02,PED,"The account mentions listening and expanding knowledge, but the visible span does not clearly frame embodied/oral transmission as authoritative enough for a separate code.",25
1990-07-13-right-bamberas,candil,Candil,1990-07,1990,AUTH_04,AUTH,"The rejected offer of money and fame hints at anti-commercial authenticity, but the clearer discourse function is purity boundary-work against pseudo-flamenco.",24
1990-07-14-left-un-ejemplo-a-seguir,candil,Candil,1990-07,1990,CRIT_02,CRIT,"Mentions of voice, garra, solera, and accompaniment are evaluative, but the article mostly gives broad performance judgments rather than defining stable aesthetic criteria.",23
1990-07-14-right-legado-flamenco,candil,Candil,1990-07,1990,COMM_03,COMM,"The text contrasts a small circle of faithful listeners and the wider public, but the main discourse function is safeguarding/diffusion rather than participatory setting.",25
1990-07-15-right-una-evidencia-ignorada-durante-c,candil,Candil,1990-07,1990,HERIT_02,HERIT,"The text mentions conferences, actas, a foundation, and university activity, but these are context for scholarly debate rather than institutional heritage authorization.",22
1990-07-18-left-camilo-salinas-y-rafael-e-bejara,candil,Candil,1990-07,1990,COMM_02,COMM,"The article praises groups of friends, aficionados, and a peña foundation, but the stronger visible function is transnational mediation rather than community authority as such.",25
1990-07-18-left-camilo-salinas-y-rafael-e-bejara,candil,Candil,1990-07,1990,CRIT_01,CRIT,"There is praise of Salinas and Bejarano's work, but it overlaps with the more specific authenticity and hierarchy claims already emitted.",22
1990-07-18-right-buz-n-flamenco,candil,Candil,1990-07,1990,CRIT_04,CRIT,"The author corrects a reference work, but the visible excerpt does not strongly foreground the author's expert status beyond the act of evaluation.",24
1990-07-19-right-evocaci-n-de-pastora-pav-n-ni-a-,candil,Candil,1990-07,1990,AUTH_03,AUTH,"The passage invokes origins of the cantes, but the stronger visible claim is an expert classificatory correction rather than a broad tradition-continuity argument.",24
1990-07-19-right-evocaci-n-de-pastora-pav-n-ni-a-,candil,Candil,1990-07,1990,COMM_02,COMM,"The bar discussions include aficionados and shared knowledge, but the passage mainly emphasizes Pastora's individual pedagogical authority.",18
1990-07-21-left-bibliograf-a,candil,Candil,1990-07,1990,PED_03,PED,"The review section mediates knowledge to readers, but the visible discourse is more specifically critical and bibliographic than pedagogical access.",20
1990-07-21-left-bibliograf-a,candil,Candil,1990-07,1990,COMM_03,COMM,"The trigger refers to publications, not to public/private participatory flamenco settings.",12
1990-07-26-left-discografia-flamenca,candil,Candil,1990-07,1990,AUTH_03,AUTH,"The text mentions older forms and influences, but the past is not clearly used to authorize present practice beyond normal review description.",22
1990-07-23-left-hablan-las-pe-as,candil,Candil,1990-07,1990,COMM_03,COMM,"The visible text mentions a gala and tablao setting, but does not clearly contrast public/private or participatory/spectatorial value.",20
1990-07-24-left-noticiario-flamenco,candil,Candil,1990-07,1990,CRIT_02,CRIT,"Terms such as falta de compenetración and distonía point to performance criteria, but the dominant discourse is moral-critical rather than a sustained aesthetic criterion.",25
1990-07-25-right-agosto-y-los-flamencos-llamados-,candil,Candil,1990-07,1990,HERIT_03,HERIT,"The article remembers deceased artists, but the visible text does not clearly frame this as public heritage safeguarding or community heritage politics.",22
1990-07-25-right-agosto-y-los-flamencos-llamados-,candil,Candil,1990-07,1990,CRIT_04,CRIT,"The legal advice about recordings is prescriptive, but it concerns copyright procedure rather than critical or flamenco-boundary authority.",19
1990-07-26-right-iben-alcazar-premium-cenveza-eut,candil,Candil,1990-07,1990,AUTH_03,AUTH,The phrase 'siguiendo la tradición de nuestros maestros cerveceros' is beer advertising and does not authorize flamenco tradition or continuity.,20
1990-09-3-right-editorial,candil,Candil,1990-09,1990,CRIT_02,CRIT,"The phrase 'Hondura, duende y gusto' appears only as a listed section title, not as an applied aesthetic criterion in the visible text.",23
1990-09-4-left-viejo-carn-flamenco-anselmo-gonz,candil,Candil,1990-09,1990,COMM_01,COMM,"The text contrasts people who know flamenco with those who speak without knowing, but this is covered more directly by CRIT_04 expert-authority discourse.",24
1990-09-7-left-el-ni-o-de-la-ribera,candil,Candil,1990-09,1990,CRIT_03,CRIT,"The mentions of 'todos los grandes' and 'el que más ha grabado' suggest status, but the visible passage does not build a sufficiently explicit canon or ranking beyond general praise.",30
1990-09-9-right-xviii-congreso-nacional-de-activ,candil,Candil,1990-09,1990,COMM_01,COMM,"The trigger word 'dentro' refers to scheduling within congress days, not an insider/outsider boundary around flamenco belonging.",18
1990-09-13-right-el-flamenco-entre-las-m-sicas-or,candil,Candil,1990-09,1990,PED_03,PED,"The phrase 'futura investigación y pedagogía del Flamenco' gestures toward pedagogy, but the visible passage does not develop an institutional or access-oriented learning discourse.",25
1990-09-13-right-el-flamenco-entre-las-m-sicas-or,candil,Candil,1990-09,1990,PED_02,PED,"The retrieval trigger is not supported by visible oral, embodied, lineage, or intergenerational transmission discourse.",15
1990-09-15-right-contribuci-n-a-la-etimolog-a-de-,candil,Candil,1990-09,1990,CRIT_03,CRIT,"The phrase 'impulso definitivo' ranks a general philological contribution, but the visible claim is not clearly a flamenco canon or hierarchy.",21
1990-09-15-right-contribuci-n-a-la-etimolog-a-de-,candil,Candil,1990-09,1990,COMM_04,COMM,"The references to 'el hombre' and 'todos los pueblos' are generic linguistic categories, not identity framing that shapes flamenco belonging or authority.",22
1990-09-20-left-musicolog-a-del-flamenco-3-er-ca,candil,Candil,1990-09,1990,HERIT_03,HERIT,"The text mentions representation and traditional music, but it does not frame flamenco as public heritage, safeguarding, or community memory.",20
1990-09-20-left-musicolog-a-del-flamenco-3-er-ca,candil,Candil,1990-09,1990,CRIT_02,CRIT,"Terms such as rhythm, melisma, and melodic nuclei are used analytically rather than as explicit aesthetic criteria for judging quality.",20
1990-09-22-right-hondura-duende-y-gusto,candil,Candil,1990-09,1990,CRIT_03,CRIT,"The final claim that no unanimous best singer will exist mentions ranking, but mainly rejects ranking rather than constructing a canon or hierarchy.",23
1990-09-23-left-cante-hondo,candil,Candil,1990-09,1990,CRIT_02,CRIT,"Terms such as tono, cabal, acompasado, and compás appear in poetic description, but the article does not clearly apply them as critical criteria.",23
1990-09-23-left-cante-hondo,candil,Candil,1990-09,1990,AUTH_04,AUTH,"The intimate setting suggests authenticity, but the text does not explicitly oppose intimacy to commercial or staged flamenco.",18
1990-09-23-right-campanilleros,candil,Candil,1990-09,1990,HERIT_03,HERIT,"The poem invokes memory and campanilleros, but it does not clearly frame them as safeguarding, living heritage, or public cultural memory.",21
1990-09-23-right-campanilleros,candil,Candil,1990-09,1990,AUTH_03,AUTH,"The nostalgic poetic language is not enough to ground an explicit tradition, continuity, or roots claim.",16
1990-09-24-left-bibliograf-a,candil,Candil,1990-09,1990,PED_03,PED,"The book analyzes flamenco copla and popular lyric systematically, but the visible text does not clearly frame it as access to learning or institutional pedagogy.",25
1990-09-24-left-bibliograf-a,candil,Candil,1990-09,1990,HERIT_01,HERIT,"Popular and flamenco poetry are discussed as study objects, but the text does not clearly invoke public heritage or patrimonial value.",21
1990-09-25-right-que-nadie-se-fie-de-su-memoria,candil,Candil,1990-09,1990,AUTH_01,AUTH,"The article corrects factual errors about artists and recordings, but it does not clearly claim that one practice is genuinely or properly flamenco.",23
1990-09-26-left-discografia-flamenca,candil,Candil,1990-09,1990,CRIT_03,CRIT,"The review praises Manolo de Badajoz and regional performers, but it does not clearly construct a broader canon or explicit ranking beyond aesthetic evaluation.",24
1990-09-26-right-premium-iben-alcazar-premium-cri,candil,Candil,1990-09,1990,AUTH_03,AUTH,"The advertisement mentions brewing tradition, but it is unrelated to flamenco and therefore fails the codebook's flamenco-discourse condition.",20
1990-09-27-left-discografia-flamenca,candil,Candil,1990-09,1990,PED_01,PED,"Carmen Amaya is called her teacher, but the passage gives only biographical information and does not foreground pedagogical authority or transmission.",21
1990-11-5-left-fernanda-y-bernarda-o-la-reclama,candil,Candil,1990-11,1990,COMM_04,COMM,"The text uses identity-inflected language such as 'gitanísimos pellizcos', but identity is not developed enough as the basis of belonging, authority, or representation.",24
1990-11-5-left-fernanda-y-bernarda-o-la-reclama,candil,Candil,1990-11,1990,CRIT_04,CRIT,"Ricardo Molina is quoted as a poet and scholar, but the main discourse function is aesthetic evaluation and canonization rather than expert-authority framing.",24
1990-11-10-right-por-cabales,candil,Candil,1990-11,1990,AUTH_03,AUTH,"The Utrera origin framing suggests roots and locality, but the strongest discourse function is evaluative and canonizing rather than a distinct continuity claim.",23
1990-11-11-left-las-ni-as,candil,Candil,1990-11,1990,AUTH_03,AUTH,"Phrases such as 'herencia natural' and 'a la manera de Utrera' suggest tradition and roots, but they overlap with the clearer familial transmission and canonization codes already emitted.",28
1990-11-11-left-las-ni-as,candil,Candil,1990-11,1990,COMM_04,COMM,"Gitana identity is repeatedly invoked, but the clearest functional claim in the selected evidence is familial transmission rather than a separate identity-boundary argument.",24
1990-11-11-right-a-fernanda-y-bernarda,candil,Candil,1990-11,1990,CRIT_03,CRIT,"Superlative phrases such as 'más alto nivel' imply hierarchy, but the article's central function is direct critical evaluation rather than a broader canon-ranking claim.",26
1990-11-12-left-expresi-n-vivencial-del-cante-gi,candil,Candil,1990-11,1990,AUTH_03,AUTH,"'vieja tradición del cante puro' suggests tradition, but the stronger visible discourse is inherited transmission and identity-based authorization.",19
1990-11-12-left-expresi-n-vivencial-del-cante-gi,candil,Candil,1990-11,1990,CRIT_03,CRIT,"'capítulo de gloria' and 'base inamovible' are canonizing, but adding this would over-code a truncated excerpt where heritage, lineage, and identity are more distinct.",25
1990-11-13-left-de-do-a-bernarda-a-la-ilustr-sim,candil,Candil,1990-11,1990,CRIT_01,CRIT,"The article contains broad praise, but the stronger function is canonization and authenticity boundary work rather than a discrete review judgment.",21
1990-11-14-left-fernanda-y-bernarda-en-mairena-d,candil,Candil,1990-11,1990,COMM_02,COMM,"Afición and pueblo are invoked, but the clearer coding function is tradition/canon legitimation rather than community authority independently exercised.",20
1990-11-14-right-dos-gitanas-en,candil,Candil,1990-11,1990,COMM_04,COMM,"Gitana identity is repeatedly foregrounded, but most uses function as descriptive/honorific framing rather than a distinct argument about identity-based authority.",22
1990-11-15-right-utrera-y-sus-cantaoras,candil,Candil,1990-11,1990,HERIT_02,HERIT,"Awards and institutions are mentioned, but the passage does not clearly frame them as heritage authorization or public cultural heritage management.",21
1990-11-16-left-ole-viva-utrera,candil,Candil,1990-11,1990,AUTH_01,AUTH,"The article presents their art as genuinely rooted, but the clearest authenticity mechanism is origin/continuity, captured by AUTH_03.",19
1990-11-17-left-notas-p-stumas,candil,Candil,1990-11,1990,COMM_04,COMM,"The text mentions race and gitano identity, but the strongest visible discourse function is canonizing and rooting the cante rather than explicitly defining identity-based belonging or authority.",28
1990-11-17-right-retrato-del-ngel-moreno-a-fernan,candil,Candil,1990-11,1990,COMM_04,COMM,"References to pueblo and desposeídos suggest collective identity, but they remain poetic background rather than a clear boundary of belonging or authority.",22
1990-11-18-right-poes-as-y-cantes-salvador-de-qui,candil,Candil,1990-11,1990,COMM_04,COMM,"The retrieval-window reference to mujeres is ordinary conversation content and does not frame flamenco identity, belonging, or authority.",19
1990-11-22-right-fernanda-de-utrera-y-el-cante-po,candil,Candil,1990-11,1990,COMM_02,COMM,"The text invokes the afición of Jerez and cabales, but the visible passage does not clearly grant them authority beyond reception of Fernanda's cante.",25
1990-11-25-left-la-sole-de-fernanda,candil,Candil,1990-11,1990,CRIT_01,CRIT,"The article contains broad praise, but the stronger, more specific evidence is captured under aesthetic criteria and canon hierarchy.",19
1990-11-29-right-premium-iben-alcazar-premium-chi,candil,Candil,1990-11,1990,AUTH_03,AUTH,"The ad mentions 'siguiendo la tradición de nuestros maestros cerveceros', but the tradition claim concerns beer production, not flamenco or flamenco-related cultural authority.",24
1991-01-3-right-flamenco-y-marginalidad,candil,Candil,1991-01,1991,CRIT_01,CRIT,"The article strongly criticizes identifying flamenco with marginality, but the clearer discourse function is identity, continuity, and institutional heritage recognition rather than aesthetic evaluation.",24
1991-01-5-right-viejo-carn-flamenco-pepe-el-de-l,candil,Candil,1991-01,1991,COMM_02,COMM,"Ordóñez is called an extraordinary aficionado, but the visible passage does not clearly make afición itself the basis of authority beyond biographical praise.",23
1991-01-5-right-viejo-carn-flamenco-pepe-el-de-l,candil,Candil,1991-01,1991,CRIT_02,CRIT,"The ending classifies cantes and mentions compás, but the visible evidence is more taxonomic than a fully developed aesthetic criterion.",20
1991-01-10-left-carta-abierta-a-agust-n-g-mez,candil,Candil,1991-01,1991,PED_01,PED,"The word maestro is used for Anselmo González Climent, but the passage concerns editorial chronology and revision rather than teaching authority.",21
1991-01-10-left-carta-abierta-a-agust-n-g-mez,candil,Candil,1991-01,1991,AUTH_03,AUTH,Respecting manuscript chronology is not enough to make a tradition-continuity claim about flamenco practice.,15
1991-01-11-left-fernanda-y-bernarda-homenaje-nac,candil,Candil,1991-01,1991,COMM_02,COMM,"Peñas, readers, and family are present, but the strongest visible function is homage/canonization rather than community authority to judge.",20
1991-01-11-left-fernanda-y-bernarda-homenaje-nac,candil,Candil,1991-01,1991,COMM_04,COMM,"The article foregrounds Gitano and female identities, but the cited evidence does not clearly develop identity categories as an analytical authority structure beyond representation in the homage.",27
1991-01-13-left-gabriel-moreno,candil,Candil,1991-01,1991,COMM_04,COMM,"Linares/Málaga identity and family origin are discussed, but much of it is biographical self-location rather than a clear authority claim.",22
1991-01-13-left-gabriel-moreno,candil,Candil,1991-01,1991,COMM_01,COMM,"The statement that cante has no doors rejects gatekeeping, but it does not construct a stable insider/outsider boundary.",19
1991-01-15-left-pastora-y-la-casa-de-los-pabones,candil,Candil,1991-01,1991,AUTH_01,AUTH,"The phrase 'flamenco auténtico' appears, but the stronger supported function in the visible ending is aesthetic criteria and canonization rather than a distinct authenticity claim.",25
1991-01-15-left-pastora-y-la-casa-de-los-pabones,candil,Candil,1991-01,1991,HERIT_03,HERIT,"The text mentions memoria, but the function is familial lineage transmission rather than public heritage safeguarding or community heritage politics.",20
1991-01-19-right-opini-n-el-flamenco-en-la-pintur,candil,Candil,1991-01,1991,AUTH_03,AUTH,"The phrase 'arte secular' suggests age, but the visible passage does not clearly use continuity or roots to authorize present flamenco practice.",22
1991-01-19-right-opini-n-el-flamenco-en-la-pintur,candil,Candil,1991-01,1991,HERIT_03,HERIT,"The wording about perpetuation through painting is memory-like, but it lacks a public heritage or safeguarding frame.",18
1991-01-21-right-en-defensa-del-cante-jondo-o-el-,candil,Candil,1991-01,1991,CRIT_03,CRIT,"The retrieval trigger 'gran' occurs in a descriptive phrase about exotic theatre, but it does not itself construct a flamenco canon or ranking.",23
1991-01-21-right-en-defensa-del-cante-jondo-o-el-,candil,Candil,1991-01,1991,COMM_01,COMM,"The phrase 'desde el interior' suggests proximity, but it is not a clear insider/outsider boundary around flamenco belonging.",19
1991-01-25-right-eleg-a-por-do-a-concha-piquer,candil,Candil,1991-01,1991,AUTH_01,AUTH,"The phrase 'auténticas creaciones' praises originality, but it does not clearly claim flamenco authenticity or properness.",16
1991-01-25-right-eleg-a-por-do-a-concha-piquer,candil,Candil,1991-01,1991,HERIT_03,HERIT,"The text calls for memory, fidelity, and a monument, but it remains an elegiac tribute rather than a clear public heritage/safeguarding frame for flamenco.",25
1991-01-26-left-aunque-no-quepa-en-el-papel,candil,Candil,1991-01,1991,AUTH_03,AUTH,"The text discusses local history, cimientos, and Alcalá traditions, but the stronger visible function is canon formation and pedagogical mediation.",20
1991-01-26-left-aunque-no-quepa-en-el-papel,candil,Candil,1991-01,1991,COMM_02,COMM,"The phrase 'aficionado de raza' suggests insider authority, but the passage does not clearly develop afición as the basis of authority beyond praising the investigator.",25
1991-01-26-left-aunque-no-quepa-en-el-papel,candil,Candil,1991-01,1991,AUTH_01,AUTH,"The phrase 'auténticos enseñantes' refers to genuine teachers in a general sense, not to authentic flamenco.",16
1991-01-27-left-flamenca,candil,Candil,1991-01,1991,AUTH_01,AUTH,"The phrase 'auténticamente personal e inimitable' praises personal style, but it does not clearly claim that the flamenco itself is genuine or proper.",23
1991-01-27-left-flamenca,candil,Candil,1991-01,1991,HERIT_03,HERIT,"The disc is framed as homage and rediscovery for aficionados, but the passage does not clearly develop safeguarding, public heritage, or living-memory discourse.",24
1991-01-27-right-vii-distinci-n-comp-s-del-cante,candil,Candil,1991-01,1991,HERIT_02,HERIT,"The award confers public recognition, but the passage does not frame it as official or institutional heritage authorization.",18
1991-01-28-left-enderezando-entuertos,candil,Candil,1991-01,1991,COMM_02,COMM,"The writer calls himself a 'viejo aficionado', but the discourse function is mainly expert correction rather than community belonging or peña authority.",22
1991-01-28-left-enderezando-entuertos,candil,Candil,1991-01,1991,CRIT_01,CRIT,"There are judgments about errors, but they concern factual misattribution rather than aesthetic evaluation of an artist, recording, or performance.",20
1991-01-29-left-noticiario-flamenco,candil,Candil,1991-01,1991,PED_03,PED,"The biography mentions conservatory study, teachers, courses, and a thesis, but these are mostly descriptive rather than evaluative claims about learning access or institutional pedagogy.",25
1991-01-29-left-noticiario-flamenco,candil,Candil,1991-01,1991,HERIT_02,HERIT,"The doctoral thesis and competition prize are institutional facts, but the excerpt does not clearly frame them as heritage authorization.",20
1991-01-29-right-hablan-las-pe-as-nuevas-juntas-d,candil,Candil,1991-01,1991,COMM_02,COMM,"Peñas and associations are listed, but the passage is administrative and does not claim community authority to recognize, sustain, or judge flamenco.",22
1991-01-29-right-hablan-las-pe-as-nuevas-juntas-d,candil,Candil,1991-01,1991,CRIT_03,CRIT,"Contest prizes are listed, but the excerpt reports results without constructing a broader canon, hierarchy, or evaluative ranking beyond routine award order.",22
1991-01-29-right-hablan-las-pe-as-nuevas-juntas-d,candil,Candil,1991-01,1991,HERIT_02,HERIT,"Local officials and institutions appear in prize delivery, but there is no explicit heritage or official cultural-authorization discourse.",19
1991-03-3-left-manuel-vallejo-en-el-centenario-,candil,Candil,1991-03,1991,AUTH_02,AUTH,"The phrase 'distorsionador del flamenco puro' appears as an accusation by detractors, but the article mainly dismisses it rather than developing a clear purity boundary.",25
1991-03-5-left-viejo-carn-flamenco,candil,Candil,1991-03,1991,AUTH_02,AUTH,"The text mentions 'razones de pureza', but presents them as confused and unintelligible rather than establishing a clear legitimate/illegitimate flamenco boundary.",22
1991-03-5-left-viejo-carn-flamenco,candil,Candil,1991-03,1991,CRIT_02,CRIT,"Technical terms such as temple and ritmo appear, but the strongest discourse function is critique of jury procedure rather than a stable aesthetic criterion.",24
1991-03-8-left-jos-antonio-d-az-fern-ndez-chaqu,candil,Candil,1991-03,1991,COMM_02,COMM,"Aficionados and family networks appear, but the visible excerpt mostly describes biography and learning rather than granting community authority to judge flamenco.",22
1991-03-8-left-jos-antonio-d-az-fern-ndez-chaqu,candil,Candil,1991-03,1991,CRIT_03,CRIT,"Contest prizes and important figures are mentioned, but the excerpt does not build a clear canon or hierarchy beyond biographical milestones.",21
1991-03-11-left-el-flamenco-descrito-en-1850-por,candil,Candil,1991-03,1991,PED_03,PED,"The text concerns scholarly access to flamenco knowledge, but it is framed as historical/musicological research rather than learning access or pedagogy.",22
1991-03-11-left-el-flamenco-descrito-en-1850-por,candil,Candil,1991-03,1991,HERIT_01,HERIT,"The article discusses historical value and Andalusian art, but it does not clearly frame flamenco as public heritage or patrimony.",20
1991-03-15-left-el-doble-homenaje,candil,Candil,1991-03,1991,PED_01,PED,"The phrase 'fuimos conscientes de su enseñanza' suggests learning from Romero, but it is too metaphorical and not clearly about authorized flamenco pedagogy.",23
1991-03-15-left-el-doble-homenaje,candil,Candil,1991-03,1991,COMM_02,COMM,"The peña and friendship setting is present, but the passage does not clearly make community authority the basis of flamenco judgment beyond the homage itself.",25
1991-03-15-right-memoria-de-rafael-romero,candil,Candil,1991-03,1991,CRIT_02,CRIT,"Terms such as 'sobriedad interpretativa' and 'cante puro' imply aesthetic criteria, but the stronger discourse function here is authenticity and heritage rescue.",22
1991-03-17-right-rafael-romero-romero-el-gallina-,candil,Candil,1991-03,1991,HERIT_02,HERIT,"Awards and a street naming are mentioned, but the passage reports honors biographically rather than making institutional heritage authority the central discourse.",22
1991-03-18-right-rafael-romero,candil,Candil,1991-03,1991,PED_02,PED,"The article mentions oral tradition, but the main learning/access mechanism in the cited passage is the recording anthology rather than embodied oral lineage.",24
1991-03-19-right-recuerdos-y-reflexiones-en-torno,candil,Candil,1991-03,1991,COMM_01,COMM,"The opening contrasts the initiated few with those who left the gathering, but this is not developed enough to ground the article's main authority claim.",26
1991-03-19-right-recuerdos-y-reflexiones-en-torno,candil,Candil,1991-03,1991,AUTH_01,AUTH,"The phrase 'auténtica antología' functions mainly as evaluative emphasis on the recordings, not a clear authenticity claim about flamenco properness.",20
1991-05-3-left-editorial,candil,Candil,1991-05,1991,CRIT_01,CRIT,"The article contains broad praise, but the stronger discourse function is canonization rather than a discrete performance review.",18
1991-05-3-right-manuel-martin-acad-mico,candil,Candil,1991-05,1991,AUTH_02,AUTH,"The phrase about a legacy being prostituted suggests purity-boundary rhetoric, but it is reported as the critic's stance and is better captured under CRIT_04.",26
1991-05-4-left-viejo-carn-flamenco-jarrito-pepe,candil,Candil,1991-05,1991,COMM_04,COMM,"The text says Antonio is 'más gitano en sus cantes,' but the visible excerpt does not sufficiently develop identity as a basis of authority.",24
1991-05-9-left-francisco-d-az-garc-a-curro-de-u,candil,Candil,1991-05,1991,AUTH_01,AUTH,"The word 'auténticos' appears for cantes de Triana, but the surrounding passage is more centrally about roots and origin than a developed authenticity claim.",24
1991-05-9-left-francisco-d-az-garc-a-curro-de-u,candil,Candil,1991-05,1991,CRIT_03,CRIT,"The comment about a major figure appearing every forty years suggests canon hierarchy, but it is too general and truncated for confident coding.",23
1991-05-10-right-sucinta-cr-nica-de-unas-jornadas,candil,Candil,1991-05,1991,COMM_02,COMM,"The Peña Flamenca organizes homage activities, but the visible excerpt does not clearly grant the peña community authority beyond event organization.",21
1991-05-10-right-sucinta-cr-nica-de-unas-jornadas,candil,Candil,1991-05,1991,HERIT_03,HERIT,"The homage to Canalejas has commemorative value, but the visible passage does not sufficiently frame it as collective heritage safeguarding or contested memory-work.",24
1991-05-13-left-cantes-aut-ctonos-de-ja-n,candil,Candil,1991-05,1991,COMM_02,COMM,La mención al ambiente familiar aparece dentro de una copla de quintos y no confiere autoridad comunitaria sobre el flamenco.,20
1991-05-16-right-homenaje-a-paco-vallecillo,candil,Candil,1991-05,1991,COMM_04,COMM,La palabra 'hombre' y las referencias a gitanos no organizan por sí solas una frontera identitaria o autoridad de grupo en el fragmento visible.,24
1991-05-17-right-opini-n-paco-de-luc-a-flamenco-u,candil,Candil,1991-05,1991,HERIT_03,HERIT,"La palabra 'lugar' no activa una lógica de patrimonio vivo, salvaguardia o memoria comunitaria en el fragmento.",17
1991-05-17-right-opini-n-paco-de-luc-a-flamenco-u,candil,Candil,1991-05,1991,AUTH_02,AUTH,"Aunque se defiende la flamencura de la obra, no se excluye claramente un objeto como falso, impuro o ilegítimo.",19
1991-05-19-left-coplas-de-verde-luna,candil,Candil,1991-05,1991,CRIT_02,CRIT,La mención 'cantando por soleá' aparece dentro de una copla y no evalúa ni define calidad flamenca.,17
1991-05-19-right-carlos-cruz,candil,Candil,1991-05,1991,PED_01,PED,"'No precisaste de escuelas' niega la necesidad de formación formal, pero no establece una autoridad pedagógica concreta ni un método de transmisión.",22
1991-05-19-right-carlos-cruz,candil,Candil,1991-05,1991,AUTH_02,AUTH,'oro puro' funciona como metáfora lírica del dolor y no como frontera de pureza flamenca.,15
1991-05-21-left-rojo-el-alpargatero-en-la-uni-n-,candil,Candil,1991-05,1991,CRIT_04,CRIT,"The article corrects prior chronology using archival evidence, but the visible text does not clearly position the author as a flamenco-critical authority policing artistic boundaries.",26
1991-05-21-left-rojo-el-alpargatero-en-la-uni-n-,candil,Candil,1991-05,1991,AUTH_03,AUTH,"The historical reconstruction concerns origins and dates, but it does not clearly use tradition or continuity to authorize present flamenco value.",21
1991-05-21-right-una-historia-en-coplas-la-traged,candil,Candil,1991-05,1991,HERIT_03,HERIT,"The text contains memory and preservation language, but the visible excerpt does not clearly frame the romance as public heritage or assign communal safeguarding responsibility.",25
1991-05-21-right-una-historia-en-coplas-la-traged,candil,Candil,1991-05,1991,COMM_04,COMM,"The persecuted gitanos are central to the romance, but the visible analysis does not clearly use identity to authorize belonging or define flamenco authority.",24
1991-05-26-left-aunque-no-quepa-en-el-papel,candil,Candil,1991-05,1991,HERIT_03,HERIT,"The concern over books, learning, and loss of clientele suggests cultural continuity, but it lacks explicit public heritage or safeguarding discourse.",21
1991-05-26-left-aunque-no-quepa-en-el-papel,candil,Candil,1991-05,1991,CRIT_04,CRIT,"The text mentions testimony from journalists and cantaores, but the visible excerpt does not clearly grant expert critical authority beyond ordinary review evidence.",23
1991-05-27-left-enderezando-entuertos,candil,Candil,1991-05,1991,PED_01,PED,"The author instructs readers by giving genealogical data, but the main function is corrective critical authority rather than a teacher or method being legitimated.",24
1991-05-27-left-enderezando-entuertos,candil,Candil,1991-05,1991,AUTH_01,AUTH,"The correction concerns genealogical truth, not a claim that a flamenco style, practice, or performer is genuinely flamenco.",18
1991-07-9-right-de-pregones-y-fandangos-malague-,candil,Candil,1991-07,1991,CRIT_02,CRIT,"The text mentions voice and style, but the visible passage mostly traces origins and nomenclature rather than applying aesthetic criteria to judge performance quality.",24
1991-07-12-right-manuel-vallejo-o-el-ruise-or-fla,candil,Candil,1991-07,1991,HERIT_03,HERIT,"The proposed peña suggests memory-work, but the visible text lacks explicit heritage, safeguarding, or public-culture framing.",18
1991-07-14-left-homenaje-al-veterano-cantaor-mad,candil,Candil,1991-07,1991,PED_01,PED,"The word maestro appears for Chacón, but in the visible passage it functions mainly as an honorific and ranking rather than a teaching authority.",24
1991-07-15-left-la-intertextualidad-como-recurso,candil,Candil,1991-07,1991,AUTH_03,AUTH,"The text mentions pervivencias and traditional compositions, but the visible passage is mainly analytical rather than using tradition to authorize present flamenco value.",23
1991-07-15-left-la-intertextualidad-como-recurso,candil,Candil,1991-07,1991,COMM_01,COMM,The trigger 'fuera' appears only inside examples and discussion; it does not create an insider/outsider boundary around flamenco belonging or knowledge.,22
1991-07-17-left-dos-discursos-hom-logos,candil,Candil,1991-07,1991,AUTH_01,AUTH,"The passage says 'lo auténtico', but the stronger visible discourse is roots/tradition and heritage legitimation rather than a separate claim of proper flamenco authenticity.",25
1991-07-17-left-dos-discursos-hom-logos,candil,Candil,1991-07,1991,CRIT_03,CRIT,"The text mentions understanding 'mejor' and elevates the arts, but it does not create a concrete canon, ranking, or hierarchy among artists, styles, or works.",25
1991-07-19-right-la-alegr-a-de-la-huerta,candil,Candil,1991-07,1991,CRIT_04,CRIT,"The article cites books and travelers, but the visible excerpt does not clearly position them as expert critical authorities policing flamenco value.",22
1991-07-19-right-la-alegr-a-de-la-huerta,candil,Candil,1991-07,1991,HERIT_01,HERIT,"The passage discusses folklore and local roots, but it does not clearly shift into public heritage or patrimony discourse.",19
1991-07-23-left-siguiriyas-gitanas,candil,Candil,1991-07,1991,COMM_04,COMM,"The poem uses gendered and Gitana imagery, but it does not clearly construct flamenco belonging, authority, representation, or tradition as a discourse function.",23
1991-07-23-right-cantaor,candil,Candil,1991-07,1991,AUTH_03,AUTH,"The phrase 'memoria antepasada' suggests ancestry, but the poem does not clearly use continuity or roots to authorize a present flamenco practice.",22
1991-07-24-left-aunque-no-quepa-en-el-papel,candil,Candil,1991-07,1991,PED_02,PED,"The text calls Soto an 'augusto descendiente de los Torre', but it does not describe oral, embodied, familial, or intergenerational transmission as a learning process.",25
1991-07-24-left-aunque-no-quepa-en-el-papel,candil,Candil,1991-07,1991,CRIT_04,CRIT,"The Arriate team's introduction is praised, but expert authority is secondary and not developed enough to warrant a separate code.",21
1991-07-25-left-hablan-las-pe-as,candil,Candil,1991-07,1991,COMM_02,COMM,"Peñas are named as section actors, but the visible text mainly reports organizational facts rather than assigning afición or peñas authority to judge or sustain flamenco.",26
1991-07-26-right-discografia-flamenca,candil,Candil,1991-07,1991,HERIT_03,HERIT,"The phrase 'se perpetúa el arte y el nombre' suggests preservation, but the review's dominant function is critical and authenticity evaluation rather than explicit heritage safeguarding.",27
1991-07-26-right-discografia-flamenca,candil,Candil,1991-07,1991,COMM_02,COMM,"Peñas and aficionados appear as valuing communities, but the strongest visible evidence is the authenticity claim rather than a separate sustained community-authority argument.",24
1991-07-27-left-bailaoras-de-hoy,candil,Candil,1991-07,1991,COMM_04,COMM,"The phrase 'brazos de mujer' is gendered, but it functions as aesthetic description rather than a broader claim about identity, belonging, or authority in flamenco.",25
1991-07-27-left-bailaoras-de-hoy,candil,Candil,1991-07,1991,PED_02,PED,"The text states she was a disciple of Adelita Domingo, but the visible passage does not develop lineage transmission as a source of authority.",24
1991-09-3-left-editorial,candil,Candil,1991-09,1991,PED_03,PED,"The congress includes formal ponencias and debate, but the visible passage evaluates organization and scholarship more than access to flamenco learning.",21
1991-09-3-right-los-intelectuales-ante-el-flamen,candil,Candil,1991-09,1991,HERIT_02,HERIT,"The university is called a high cultural institution, but the visible passage frames the event primarily as pedagogy and critical discourse rather than official heritage authorization.",26
1991-07-23-left-siguiriyas-gitanas,candil,Candil,1991-07,1991,COMM_04,COMM,"The poem addresses a 'gitana', but the visible text does not use identity to define flamenco belonging, authority, representation, or transmission.",21
1991-07-24-left-aunque-no-quepa-en-el-papel,candil,Candil,1991-07,1991,PED_02,PED,"The reference to being a descendant of the Torre family suggests lineage, but the passage does not describe learning or transmission through that lineage.",24
1991-07-24-left-aunque-no-quepa-en-el-papel,candil,Candil,1991-07,1991,CRIT_03,CRIT,"The Torre descent lends prestige, but the visible passage does not clearly rank or canonize José Giorgio Soto through that comparison.",21
1991-09-4-left-viejo-carn-flamenco,candil,Candil,1991-09,1991,COMM_02,COMM,"The phrase 'buenos aficionados' appears, but it mainly names an affected audience rather than granting aficionados authority to recognize or sustain flamenco.",22
1991-09-4-left-viejo-carn-flamenco,candil,Candil,1991-09,1991,COMM_04,COMM,"Ethnic terms such as casta, tribu, and pangitanismo appear, but the visible passage is chiefly a critique of Mairena's authority rather than a sustained identity-based belonging frame.",29
1991-09-8-right-francisco-almagro-herrera,candil,Candil,1991-09,1991,AUTH_03,AUTH,"The interview mentions origins and roots of history, but the visible excerpt does not develop the claim enough to authorize present flamenco through continuity.",24
1991-09-11-right-existe-una-cultura-andaluza,candil,Candil,1991-09,1991,CRIT_04,CRIT,"The text criticizes institutions and academics, but the primary function is cultural defense rather than expert critical authority or boundary critique within flamenco.",23
1991-09-12-left-acercamiento-a-la-discograf-a-de,candil,Candil,1991-09,1991,PED_03,PED,"Creativity and reproduction are discussed in relation to recordings and style, not as a learning or pedagogical transmission issue.",19
1991-09-14-left-el-flamenco-y-el-teatro,candil,Candil,1991-09,1991,COMM_01,COMM,"The trigger 'fuera' appears in 'fuera de serie', an idiomatic quality judgment rather than an insider/outsider boundary.",18
1991-09-15-right-por-carceleras,candil,Candil,1991-09,1991,COMM_03,COMM,"The fin de fiesta creates shared participation, but the passage does not contrast participatory flamenco with spectatorship as a value-bearing setting.",22
1991-09-15-right-por-carceleras,candil,Candil,1991-09,1991,COMM_04,COMM,"The text frames prisoners through social marginality and equality, but not as a flamenco identity group authorized to represent or transmit flamenco.",22
1991-09-16-right-el-jaleo-fue-madre-de-la-solea,candil,Candil,1991-09,1991,AUTH_03,AUTH,"The article debates origins of soleá, but the main visible discourse is classificatory correction rather than grounding present value in tradition or continuity.",23
1991-09-16-right-el-jaleo-fue-madre-de-la-solea,candil,Candil,1991-09,1991,COMM_01,COMM,"The Badajoz/Triana contrast creates a knowledge hierarchy, but it is better captured as community authority and embodied learning than as an insider/outsider boundary.",25
1991-09-18-left-xxvii-concurso-nacional-de-taran,candil,Candil,1991-09,1991,COMM_03,COMM,"Participation is discussed as contest turnout and incentives, not as participatory setting or public/private flamenco value.",17
1991-09-18-left-xxvii-concurso-nacional-de-taran,candil,Candil,1991-09,1991,CRIT_04,CRIT,"The jury is listed, including critics and peña representatives, but the visible passage does not substantially frame their expertise as the basis of authority.",24
1991-09-19-right-el-cantar-del-arriero,candil,Candil,1991-09,1991,CRIT_03,CRIT,"The word 'gran' appears in 'gran sorpresa', but it does not construct a canon, hierarchy, or ranking.",17
1991-09-21-left-por-siguiri-as,candil,Candil,1991-09,1991,CRIT_02,CRIT,"The poem uses terms such as esencia and compás, but they function poetically rather than as explicit aesthetic criteria for judging or defining flamenco value.",25
1991-09-23-left-dos-libros,candil,Candil,1991-09,1991,PED_02,PED,"The visible text mentions oral popular tradition as a source for examples, but the discourse function is primarily textbook pedagogy rather than embodied or oral transmission.",26
1991-09-24-right-flamenca,candil,Candil,1991-09,1991,AUTH_01,AUTH,"Phrases such as 'genuina calidad' and 'cantaora por derecho' suggest properness, but the visible passage functions mainly as critical praise rather than a distinct authenticity claim.",26
1991-09-25-left-noticiario-flamenco,candil,Candil,1991-09,1991,CRIT_01,CRIT,"The cassette and painting passages contain evaluation, but the stronger discourse functions are expert/jury authority and authenticity boundary policing.",20
1991-09-25-left-noticiario-flamenco,candil,Candil,1991-09,1991,HERIT_02,HERIT,"Institutions organize the research grant and certamen, but the visible heritage language is better captured by collective memory rather than official heritage authorization.",23
1991-09-25-right-buz-n-flamenco,candil,Candil,1991-09,1991,COMM_04,COMM,"The phrase 'del pueblo' suggests collective identity, but the visible passage uses it mainly to describe origins of cantes rather than to define identity-based belonging or authority.",28
1991-11-3-left-editorial,candil,Candil,1991-11,1991,CRIT_03,CRIT,"Pastora, Vallejo, and Canalejas are called paradigmatic examples, but the passage uses them mainly to illustrate a stylistic point rather than build an extended canon or ranking.",27
1991-11-3-right-algunas-reflexiones-sobre-el-art,candil,Candil,1991-11,1991,HERIT_02,HERIT,"Public and teaching institutions are assigned responsibility, but the visible passage does not clearly frame this as heritage, patrimony, listing, or authorized heritage management.",24
1991-11-5-left-viejo-carn-flamenco,candil,Candil,1991-11,1991,PED_03,PED,"Publication makes González Climent's thought accessible to readers, but the passage frames this more as critical-theoretical authority than as a learning-access discourse.",25
1991-11-10-left-juanito-maravillas,candil,Candil,1991-11,1991,COMM_02,COMM,"The interview mentions flamenco tradition in the family, but the visible passage functions mainly as biography rather than claiming family/community authority to judge or authorize flamenco.",27
1991-11-10-left-juanito-maravillas,candil,Candil,1991-11,1991,AUTH_03,AUTH,"The phrase 'tradición flamenca en tu familia' indicates lineage background, but the passage does not clearly use that tradition to authorize present flamenco value.",24
1991-11-10-left-juanito-maravillas,candil,Candil,1991-11,1991,COMM_03,COMM,"The closing informal cante gathering is evocative, but it is described narratively rather than contrasted with public spectatorship or used to define participatory authenticity.",24
1991-11-11-right-cr-nica-del-xix-congreso-de-acti,candil,Candil,1991-11,1991,COMM_01,COMM,"The visible text mentions borders and opening frontiers, but these are metaphorical/geographical rather than a clear insider-outsider boundary around flamenco authority.",23
1991-11-11-right-cr-nica-del-xix-congreso-de-acti,candil,Candil,1991-11,1991,AUTH_04,AUTH,"The city is described as intimist and cordial, but intimacy is attached to local hospitality rather than to flamenco authenticity.",20
1991-11-14-right-d-nde-moraron-los-duendes,candil,Candil,1991-11,1991,AUTH_03,AUTH,"The text mentions provincial roots, but mainly to dispute an event label rather than to authorize flamenco value through rooted continuity.",21
1991-11-14-right-d-nde-moraron-los-duendes,candil,Candil,1991-11,1991,COMM_02,COMM,"The audience is described as 'público generalmente entendido', but it is a contextual explanation rather than a claim that aficionados possess authority to judge or sustain flamenco.",27
1991-11-17-left-el-flamenco-evoluci-n-y-tradici-,candil,Candil,1991-11,1991,PED_03,PED,"The essay is explanatory and classificatory, but the visible text does not clearly foreground teaching access, institutional pedagogy, or transnational learning.",21
1991-11-17-left-el-flamenco-evoluci-n-y-tradici-,candil,Candil,1991-11,1991,COMM_01,COMM,"The word 'fuera' appears in a classificatory phrase about what is left outside flamenco, but the boundary is stylistic/technical rather than social insider-outsider belonging.",26
1991-11-19-left-ensayo-de-una-tipolog-a,candil,Candil,1991-11,1991,AUTH_02,AUTH,"The text denies that added instruments adulterate cantes, but the central discourse is critique of dogmatic boundary policing rather than the author's own purity boundary.",26
1991-11-19-left-ensayo-de-una-tipolog-a,candil,Candil,1991-11,1991,PED_02,PED,"Mairena learning the siguiriya from Pepe Torre indicates transmission, but the visible passage emphasizes creative recreation more than embodied/oral lineage authority.",22
1991-11-23-left-bendito-seas-t-tulo-de-opera-fla,candil,Candil,1991-11,1991,COMM_03,COMM,"The text says artists followed the taste of the paying public and filled theatres, but it explains market pressure rather than contrasting participatory/private flamenco with spectatorial/public flamenco as a value boundary.",33
1991-11-23-left-bendito-seas-t-tulo-de-opera-fla,candil,Candil,1991-11,1991,AUTH_04,AUTH,"The visible passage discusses theatres, paying publics, and commercial interests, but it does not frame commerce as weakening or strengthening flamenco authenticity.",22
1991-11-24-left-los-cantes-flamencos-de-daniel-p,candil,Candil,1991-11,1991,HERIT_01,HERIT,"The phrase 'patrimonio de la poesía flamenca' appears, but in context it functions more as a literary corpus or stock of themes than as public heritage discourse.",27
1991-11-24-left-los-cantes-flamencos-de-daniel-p,candil,Candil,1991-11,1991,PED_01,PED,"The prologue writer and specialists are mentioned, but the text does not clearly position them as authoritative teachers or mediators of flamenco knowledge.",23
1991-11-24-right-aunque-no-quepa-en-el-papel,candil,Candil,1991-11,1991,COMM_02,COMM,"The text mentions 'buenos aficionados', but it uses the phrase to describe human interest rather than to grant aficionados authority to recognize or judge flamenco.",25
1991-11-24-right-aunque-no-quepa-en-el-papel,candil,Candil,1991-11,1991,HERIT_03,HERIT,"Memory and biographical cataloguing are present, but the visible passage does not clearly frame them as public heritage safeguarding or community heritage work.",23
1991-11-26-left-discografia-flamenca,candil,Candil,1991-11,1991,CRIT_03,CRIT,"The quoted judgment that Concha Vargas is 'la bailaora gitana más completa de la actualidad' is clearly hierarchical, but it appears in a separate appended profile rather than the main discography review, so it is not emitted under the default 0–3 code limit.",44
1991-11-26-left-discografia-flamenca,candil,Candil,1991-11,1991,AUTH_03,AUTH,"The review uses añejo and solera language, but the stronger discourse function is evaluative and pedagogical rather than tradition-continuity authorization.",21
1992-01-3-left-editorial,candil,Candil,1992-01,1992,AUTH_02,AUTH,"The editorial strongly rejects lumping flamenco with frivolous stereotypes, but the emitted CRIT_04 better captures the explicit critical boundary-policing discourse without overcoding purity.",24
1992-01-3-left-editorial,candil,Candil,1992-01,1992,CRIT_01,CRIT,"The text criticizes Vaz de Soto's generalization, but the stronger function is expert boundary critique rather than simple evaluation.",20
1992-01-3-right-apuntes-sobre-la-sole-y-la-sigui,candil,Candil,1992-01,1992,CRIT_04,CRIT,"The text has a strong theoretical voice defining categories, but the emitted CRIT_03 and CRIT_02 more directly capture the visible hierarchy and aesthetic criteria.",24
1992-01-6-right-juan-g-mez-belmonte,candil,Candil,1992-01,1992,CRIT_04,CRIT,"The critique of jurors clearly concerns judging authority, but it overlaps strongly with the emitted AUTH_02 boundary around who is authentically flamenco enough to judge.",25
1992-01-6-right-juan-g-mez-belmonte,candil,Candil,1992-01,1992,AUTH_01,AUTH,"The phrase 'verdad del cante almeriense' suggests authenticity, but the visible text does not develop it beyond introductory characterization.",19
1992-01-8-left-la-ni-a-de-ecija,candil,Candil,1992-01,1992,AUTH_01,AUTH,"The phrase 'auténtica copla andaluza' appears, but it is secondary to the evaluative praise of the artist and does not clearly develop an authenticity claim about the form.",28
1992-01-8-left-la-ni-a-de-ecija,candil,Candil,1992-01,1992,COMM_04,COMM,"The text mentions 'tierra de origen', but this functions as local pride in an homage rather than a clear identity-based authority claim.",23
1992-01-12-right-viii-distinci-n-comp-s-del-cante,candil,Candil,1992-01,1992,HERIT_02,HERIT,"The prize is an institutional recognition mechanism, but the article does not frame it explicitly as heritage or public cultural patrimony.",21
1992-01-12-right-viii-distinci-n-comp-s-del-cante,candil,Candil,1992-01,1992,COMM_03,COMM,"The act is described as intimate despite a crowded setting, but the passage does not use that setting to define participatory flamenco value.",23
1992-01-13-right-viii-festival-de-oto-o,candil,Candil,1992-01,1992,AUTH_03,AUTH,"The text invokes roots in Lorca and La Argentinita, but the stronger emitted code is CRIT_03 because the passage uses them as prestigious artistic antecedents rather than a direct tradition-continuity claim.",32
1992-01-13-right-viii-festival-de-oto-o,candil,Candil,1992-01,1992,PED_03,PED,"The review asks for wider circulation for the knowledge and enjoyment of the afición, but the main discourse is promotion and evaluation rather than pedagogy or access to learning.",29
1992-01-14-right-alre-de-la-fiesta-gitana,candil,Candil,1992-01,1992,AUTH_03,AUTH,"Several references to family and race suggest continuity, but the stronger visible discourse function is identity-based evaluation rather than explicit tradition or roots authority.",25
1992-01-18-right-algo-que-ya-es-historia,candil,Candil,1992-01,1992,HERIT_03,HERIT,"The homage and memory language could suggest communal remembrance, but the visible excerpt does not clearly frame this as heritage or safeguarding discourse.",23
1992-01-21-right-aunque-no-quepa-en-el-papel,candil,Candil,1992-01,1992,HERIT_01,HERIT,"The article invokes popular culture and collective respect, but it does not clearly frame flamenco as patrimony or heritage in the visible text.",23
1992-01-21-right-aunque-no-quepa-en-el-papel,candil,Candil,1992-01,1992,AUTH_03,AUTH,"Demófilo is described as foundational to modern flamencology, but the passage mainly canonizes scholarship rather than grounding present flamenco practice in tradition or roots.",24
1992-01-23-left-discografia-flamenca,candil,Candil,1992-01,1992,CRIT_02,CRIT,"The text uses criteria such as compás, sabor añejo, sencillez, and raíz, but these overlap heavily with the broader critical evaluation already emitted.",23
1992-01-23-left-discografia-flamenca,candil,Candil,1992-01,1992,CRIT_04,CRIT,"There is criticism of record-industry priorities, but the main boundary work is better captured by AUTH_04's anti-commercial authenticity frame.",22
1992-01-23-right-hablan-las-pe-as,candil,Candil,1992-01,1992,HERIT_03,HERIT,"The phrase 'defensa del Flamenco' suggests protection, but there is no clear heritage, safeguarding, or public-culture framing.",18
1992-01-23-right-hablan-las-pe-as,candil,Candil,1992-01,1992,CRIT_01,CRIT,"The praise evaluates the administrative team rather than a flamenco artist, performance, recording, style, or event.",16
1992-01-24-left-poes-a-flamenca,candil,Candil,1992-01,1992,COMM_04,COMM,"The poems mention payos and gitanos, but the passage does not use identity categories to authorize belonging, representation, or flamenco authority.",21
1992-01-25-left-testimonios-de-la-prensa-andaluz,candil,Candil,1992-01,1992,CRIT_04,CRIT,"The article mentions critical viewpoints and methodology, but the visible excerpt mainly describes the study's object rather than exercising authoritative flamenco criticism.",23
1992-01-25-left-testimonios-de-la-prensa-andaluz,candil,Candil,1992-01,1992,HERIT_01,HERIT,The excerpt discusses culture and identity but does not clearly frame copla or flamenco as public heritage/patrimony.,18
1992-01-28-left-buz-n-flamenco,candil,Candil,1992-01,1992,COMM_01,COMM,"The text contains conflict within the flamenco field, but it does not clearly draw an insider/outsider boundary around belonging.",20
1992-01-28-left-buz-n-flamenco,candil,Candil,1992-01,1992,CRIT_03,CRIT,"The contestant is ranked below others in a contest, but the excerpt does not construct a broader canon, hierarchy, or exemplary status beyond the immediate judging decision.",27
1992-01-29-right-final-de-una-larga-rese-a-de-pla,candil,Candil,1992-01,1992,HERIT_03,HERIT,"The long index of discographic entries could support archival access in a broader context, but the visible text is primarily a list without explicit safeguarding, memory, or public-culture framing.",30
1992-01-29-right-final-de-una-larga-rese-a-de-pla,candil,Candil,1992-01,1992,CRIT_03,CRIT,"The artist list may resemble a canon, but no value hierarchy or exemplary status is asserted in the visible text.",20
1992-01-30-left-noticiario-flamenco-xiii-concurs,candil,Candil,1992-01,1992,CRIT_03,CRIT,"The contest rules list prizes and phases, but they do not yet rank artists or construct a canon in the visible passage.",22
1992-01-30-left-noticiario-flamenco-xiii-concurs,candil,Candil,1992-01,1992,PED_03,PED,"The contest is institutional, but the passage concerns eligibility, expenses, and prizes rather than learning, pedagogy, or access to flamenco knowledge.",21
1992-01-31-left-tocaores-de-hoy,candil,Candil,1992-01,1992,PED_02,PED,"The word 'heredero' and family relations suggest lineage, but the passage remains biographical and does not frame transmission as authority or pedagogy.",22
1992-01-31-left-tocaores-de-hoy,candil,Candil,1992-01,1992,CRIT_03,CRIT,"Awards and notable collaborators are listed, but the visible text does not itself construct a canon or ranking.",18
1992-03-3-left-editorial,candil,Candil,1992-03,1992,AUTH_01,AUTH,"The phrase 'música genuinamente andaluza' supports authenticity language, but the stronger discourse function is the exclusion of trivialized aflamencado from proper flamenco.",22
1992-03-3-left-editorial,candil,Candil,1992-03,1992,CRIT_01,CRIT,"There is clear negative evaluation, but CRIT_04 captures the critic/editorial boundary-policing and institutional critique more precisely.",18
1992-03-3-right-apuntes-sobre-la-sole-y-la-sigui,candil,Candil,1992-03,1992,PED_01,PED,"The word 'maestro' appears, but it is not used to establish teaching authority or pedagogy.",15
1992-03-3-right-apuntes-sobre-la-sole-y-la-sigui,candil,Candil,1992-03,1992,COMM_01,COMM,"The word 'dentro' appears only as a spatial/style phrase, not as insider-outsider social boundary work.",17
1992-03-6-left-vicente-soto-sordera-la-ra-z-jer,candil,Candil,1992-03,1992,COMM_02,COMM,"The Peña Flamenca de Jaén and aficionados are present, but the excerpt does not clearly grant them authority to define or judge flamenco beyond ordinary audience interest.",27
1992-03-6-left-vicente-soto-sordera-la-ra-z-jer,candil,Candil,1992-03,1992,CRIT_01,CRIT,"There is evaluative language about the recital and his brother, but CRIT_02 captures the more specific aesthetic criteria actually used.",20
1992-03-8-right-gitanos-y-moriscos,candil,Candil,1992-03,1992,COMM_04,COMM,"Gypsies and Moriscos are discussed as identity groups, but the visible text mainly develops historical comparison and origin theory rather than clearly assigning present flamenco authority or belonging through identity.",30
1992-03-13-right-enderezando-entuertos-y-ense-and,candil,Candil,1992-03,1992,CRIT_01,CRIT,"There is extensive praise of Luis Maravilla, but CRIT_03 and CRIT_04 more specifically capture the canonizing and corrective functions of the article.",22
1992-03-15-left-alre-de-la-fiesta-gitana,candil,Candil,1992-03,1992,COMM_04,COMM,"The article uses gitano identity language, but the strongest visible function is aesthetic and continuity-based legitimation rather than a clear claim about identity-group authority.",26
1992-03-15-left-alre-de-la-fiesta-gitana,candil,Candil,1992-03,1992,PED_02,PED,"Family learning is mentioned for La Negra, but it is brief biographical context and not developed as authoritative embodied or oral transmission.",22
1992-03-18-right-enhorabuena-carmen,candil,Candil,1992-03,1992,COMM_02,COMM,"The phrase 'Los aficionados de esta tierra podemos seguir presumiendo' shows community pride, but it does not clearly grant aficionados authority to judge beyond the critical praise already coded.",29
1992-03-20-left-hemeroteca-flamenca,candil,Candil,1992-03,1992,PED_01,PED,"The word 'maestro' appears as an honorific for a respected figure, not as pedagogical authority or teaching.",17
1992-03-20-left-hemeroteca-flamenca,candil,Candil,1992-03,1992,HERIT_03,HERIT,The word 'Recuerdo' introduces a personal recollection and does not itself establish safeguarding or memory-work.,16
1992-03-24-left-testimonios-de-la-prensa-andaluz,candil,Candil,1992-03,1992,CRIT_02,CRIT,The term 'alma' is part of identity discourse rather than an applied aesthetic criterion for judging performance quality.,18
1992-03-24-left-testimonios-de-la-prensa-andaluz,candil,Candil,1992-03,1992,AUTH_03,AUTH,"The passage concerns authenticity and identity more than continuity, roots, or preservation of a valued past.",16
1992-03-27-right-aunque-no-quepa-en-el-papel,candil,Candil,1992-03,1992,CRIT_02,CRIT,"Terms such as 'hondura' and 'desgarro' are evocative aesthetic language, but the clearer function here is review/evaluation of books.",20
1992-03-27-right-aunque-no-quepa-en-el-papel,candil,Candil,1992-03,1992,PED_03,PED,"Pedagogical activities are mentioned as credentials, not as a substantive discussion of learning access or institutional pedagogy.",17
1992-03-28-right-flamenca,candil,Candil,1992-03,1992,AUTH_03,AUTH,"References to 'raíces' and 'casta' support a rootedness idiom, but the dominant visible discourse is critical evaluation of the recording.",20
1992-03-28-right-flamenca,candil,Candil,1992-03,1992,AUTH_04,AUTH,"Commerciality is criticized, but it functions primarily as critical boundary evaluation rather than a sustained authenticity claim.",17
1992-03-29-left-noticiario-flamenco,candil,Candil,1992-03,1992,CRIT_03,CRIT,"The item lists events, organizers, places, and artists; names such as Granada are not used to build a canon or hierarchy.",21
1992-03-29-left-noticiario-flamenco,candil,Candil,1992-03,1992,HERIT_02,HERIT,"Institutional organizers and Expo venues are listed, but there is no explicit heritage authorization or patrimonial framing.",17
1992-03-30-left-buz-n-flamenco,candil,Candil,1992-03,1992,COMM_02,COMM,"The Peña Flamenca and aficionados are praised for supporting the event, but the passage does not clearly grant them authority to judge or define flamenco.",25
1992-03-31-left-tocaores-de-hoy,candil,Candil,1992-03,1992,CRIT_03,CRIT,"Awards and critical praise suggest status, but the excerpt does not clearly rank Cepero within a canon or hierarchy.",19
1992-03-31-left-tocaores-de-hoy,candil,Candil,1992-03,1992,AUTH_03,AUTH,"The phrase about the legitimate sound of Jerez links artistry to place, but the passage mainly functions as critical evaluation rather than tradition/roots authorization.",25
1992-05-3-left-editorial,candil,Candil,1992-05,1992,HERIT_03,HERIT,"The editorial discusses dignification and future projection, but it does not clearly frame flamenco as public heritage or safeguarding.",19
1992-05-3-right-apuntes-sobre-la-sole-y-la-sigui,candil,Candil,1992-05,1992,PED_02,PED,"The excerpt mentions initiation into cante grande, but it does not clearly describe oral, embodied, familial, or lineage-based transmission.",20
1992-05-3-right-apuntes-sobre-la-sole-y-la-sigui,candil,Candil,1992-05,1992,AUTH_03,AUTH,"Regional contrasts evoke rootedness, but the visible text mainly classifies aesthetic meanings rather than authorizing present practice through tradition or continuity.",21
1992-05-5-right-leo-aguilar-y-ram-n-porras,candil,Candil,1992-05,1992,PED_03,PED,"The Japanese listener imitating major singers suggests transnational technical study, but the passage uses it mainly to criticize imitation and loss of creativity rather than to discuss access to learning.",30
1992-05-5-right-leo-aguilar-y-ram-n-porras,candil,Candil,1992-05,1992,CRIT_03,CRIT,"The reference to the three components being in the canons of flamenco is definitional, but the excerpt does not develop a strong hierarchy or canon beyond that statement.",28
1992-05-7-right-cr-nica-de-la-vii-semana-de-estu,candil,Candil,1992-05,1992,AUTH_04,AUTH,"The word 'cercanas' appears in relation to cortijos and caserías, but it is only geographic setting, not intimacy as authenticity.",20
1992-05-7-right-cr-nica-de-la-vii-semana-de-estu,candil,Candil,1992-05,1992,CRIT_02,CRIT,"The description of Pepa Montes uses criteria such as taconeo, arm movement, and compás, but CRIT_01 already captures the chronicle's main evaluative function.",24
1992-05-10-left-manuel-cano-andaluz-universal-no,candil,Candil,1992-05,1992,PED_03,PED,"Books, guides, and recordings support research access, but the visible discourse is more about scholarly authority and recognition than pedagogy or learner access.",23
1992-05-10-left-manuel-cano-andaluz-universal-no,candil,Candil,1992-05,1992,HERIT_03,HERIT,"The text praises diffusion and asks for reeditions, but it lacks a clear safeguarding or living-heritage frame.",18
1992-05-12-left-el-taranto,candil,Candil,1992-05,1992,HERIT_03,HERIT,"The phrase 'documento vivo' appears, but it refers to a recording as historical evidence rather than living heritage or safeguarding.",20
1992-05-13-right-los-pasos-del-maestro-silverio-e,candil,Candil,1992-05,1992,PED_03,PED,"The word 'escuelas' refers to institutions hosting concerts, not flamenco learning or institutional pedagogy.",14
1992-05-13-right-los-pasos-del-maestro-silverio-e,candil,Candil,1992-05,1992,AUTH_03,AUTH,"The article is historical and continuity-oriented, but the clearest visible discourse is community afición, canonization, and institutional recognition rather than tradition as an explicit authority claim.",27
1992-05-15-right-flamenco-en-cornell,candil,Candil,1992-05,1992,PED_03,PED,"Talks and lectures occur in the festival, but the excerpt mainly evaluates scholarship and performance rather than access to learning.",20
1992-05-15-right-flamenco-en-cornell,candil,Candil,1992-05,1992,CRIT_02,CRIT,"Terms such as jondura, compás, taconeo, and formalism appear, but CRIT_01 already captures the main performance evaluation without needing a separate criteria code.",23
1992-05-17-left-alre-de-la-fiesta-gitana,candil,Candil,1992-05,1992,CRIT_01,CRIT,"Several artists are evaluated, but the stronger functions are identity framing, canonization, and lineage transmission.",15
1992-05-17-left-alre-de-la-fiesta-gitana,candil,Candil,1992-05,1992,AUTH_02,AUTH,"Purity is attributed to Juan Talega, but the passage does not clearly draw an exclusionary pure/impure boundary.",18
1992-05-20-right-angel-de-alora-in-memoriam,candil,Candil,1992-05,1992,CRIT_03,CRIT,"Calling him the last master suggests canonical status, but the more precise code is lineage transmission.",16
1992-05-21-left-coplas-y-poemas,candil,Candil,1992-05,1992,PED_02,PED,"The poem invokes oral and bodily feeling, but it does not describe transmission or learning.",15
1992-05-22-left-vestir-de-limpio-a-la-copla,candil,Candil,1992-05,1992,CRIT_01,CRIT,"The article evaluates Sérvula Palacios and her book, but the stronger discourse functions are boundary critique, heritage safeguarding, tradition renewal, and transmission.",22
1992-05-22-left-vestir-de-limpio-a-la-copla,candil,Candil,1992-05,1992,COMM_04,COMM,"The article mentions collective memory and a persecuted oral culture, but identity categories do not clearly organize belonging or authority as a separate function.",24
1992-05-23-left-prodigio-del-cante,candil,Candil,1992-05,1992,AUTH_04,AUTH,"The text invokes intimate feeling, but not as a contrast between authentic intimacy and public/commercial spectacle.",17
1992-05-23-right-aportaci-n-a-la-figura-de-luis-m,candil,Candil,1992-05,1992,CRIT_01,CRIT,"The article praises Molina and his accompaniment, but its main visible discourse is biographical correction and comparative status rather than sustained performance evaluation.",23
1992-05-23-right-aportaci-n-a-la-figura-de-luis-m,candil,Candil,1992-05,1992,HERIT_03,HERIT,"The article preserves biographical memory, but it does not clearly frame this as public heritage or collective safeguarding.",18
1992-05-24-left-aunque-no-quepa-en-el-papel,candil,Candil,1992-05,1992,COMM_03,COMM,"The retrieval trigger 'publicación' is only a reference to the reviewed publication, not a public/private participatory setting.",18
1992-05-24-left-aunque-no-quepa-en-el-papel,candil,Candil,1992-05,1992,HERIT_03,HERIT,"The piece discusses folklore and memory-adjacent cultural work, but the visible excerpt lacks a clear public heritage or safeguarding frame.",21
1992-05-25-left-flamenca,candil,Candil,1992-05,1992,AUTH_02,AUTH,"The review contrasts orthodox/rooted flamenco with modern or salsa-inflected material, but it does not use strong impure/fake/spurious exclusion language.",23
1992-05-25-left-flamenca,candil,Candil,1992-05,1992,CRIT_02,CRIT,"Compás, tarantos, tarantas, and virtuosismo are aesthetic criteria, but the review's stronger functions are evaluation, authenticity questioning, and boundary critique.",21
1992-05-25-right-de-la-teor-a-a-la-pr-ctica,candil,Candil,1992-05,1992,PED_02,PED,"The trigger 'práctica' appears, but the visible argument is institutional/analytical pedagogy rather than oral or embodied lineage transmission.",19
1992-05-25-right-de-la-teor-a-a-la-pr-ctica,candil,Candil,1992-05,1992,HERIT_03,HERIT,"The article concerns pedagogy and transmission, but does not frame flamenco as public heritage or safeguarding.",16
1992-05-28-left-buz-n-flamenco-r-plicas,candil,Candil,1992-05,1992,AUTH_03,AUTH,"The comparison 'Alora es a la Malagueña, como Jerez es a las Bulerías' evokes local rootedness, but it is brief and mainly part of factual biographical response.",27
1992-05-28-left-buz-n-flamenco-r-plicas,candil,Candil,1992-05,1992,PED_01,PED,"The phrase 'me aleccionas' appears, but the exchange does not clearly establish pedagogical authority beyond disagreement.",16
1992-05-28-right-noticiario-flamenco,candil,Candil,1992-05,1992,COMM_03,COMM,"The publication/distribution to peñas is circulation information, not a public/private participatory setting.",14
1992-05-28-right-noticiario-flamenco,candil,Candil,1992-05,1992,CRIT_03,CRIT,"Awards and biographies suggest status, but the roundup format does not clearly construct a sustained canon beyond institutional recognition.",19
1992-07-3-left-editorial,candil,Candil,1992-07,1992,CRIT_04,CRIT,"The editorial mentions diatribes against Camarón's innovations, but it does not dwell enough on expert boundary policing as a separate function.",22
1992-07-4-left-aproximaci-n-a-la-figura-de-cama,candil,Candil,1992-07,1992,AUTH_02,AUTH,"The retrieval trigger 'pura' appears in the phrase 'pura coherencia', which is not flamenco purity boundary-work.",17
1992-07-4-left-aproximaci-n-a-la-figura-de-cama,candil,Candil,1992-07,1992,HERIT_02,HERIT,"The article mentions demands for a posthumous Llave de Oro, but it is discussed as a current fervor rather than endorsed institutional recognition.",23
1992-07-5-right-camar-n-abandon-su-isla,candil,Candil,1992-07,1992,COMM_02,COMM,"Aficionados and artists gather and mourn, but the visible text mostly reports attendance rather than clearly granting them authority to judge or sustain flamenco.",24
1992-07-10-right-la-esperanza-de-creer-en-los-due,candil,Candil,1992-07,1992,COMM_01,COMM,"The phrase 'no iniciados' marks audience familiarity, but the passage does not strongly construct an insider/outsider authority boundary.",19
1992-07-15-right-a-un-flamenco-inolvidable,candil,Candil,1992-07,1992,HERIT_01,HERIT,"The text invokes collective culture and memory, but it does not explicitly frame flamenco as patrimonio or public heritage.",19
1992-07-15-right-a-un-flamenco-inolvidable,candil,Candil,1992-07,1992,COMM_04,COMM,"Gitano-Andalusian identity is present, but the stronger function is elegiac canonization and memory rather than defining group authority or belonging.",21
1992-07-16-right-al-camar-n-de-la-isla,candil,Candil,1992-07,1992,CRIT_02,CRIT,"The poem uses words such as 'jondo' and refers to Camarón's voice, but the visible text is primarily elegiac/poetic and does not clearly apply an aesthetic criterion as critical judgment.",32
1992-07-17-right-camar-n-la-misma-verdad-distinta,candil,Candil,1992-07,1992,CRIT_03,CRIT,"The article calls Camarón a 'leyenda viva' and discusses creators/restorers, but the stronger visible discourse is expert reception and inherited gitano conception rather than a sustained ranking.",28
1992-07-18-right-camar-n-de-la-isla-algo-m-s-que-,candil,Candil,1992-07,1992,CRIT_01,CRIT,"There is clear evaluative praise, but it largely supports the stronger canonization and boundary-critique codes already emitted.",18
1992-07-19-right-camar-n-para-siempre-recuerdos-y,candil,Candil,1992-07,1992,COMM_02,COMM,"The older Gitano listener's response suggests community recognition, but the excerpt does not clearly present him as an authority who judges or sustains flamenco for others.",27
1992-07-19-right-camar-n-para-siempre-recuerdos-y,candil,Candil,1992-07,1992,HERIT_03,HERIT,"The ending reflects memory and remembrance, but it remains personal and affective rather than public cultural safeguarding or community heritage work.",21
1992-07-22-right-el-caro-precio-de-la-gloria-la-f,candil,Candil,1992-07,1992,CRIT_04,CRIT,"The phrase 'dogma y herejía' signals polemic, but the visible text does not clearly exercise expert authority to police a specific proper/improper flamenco boundary.",25
1992-07-22-right-el-caro-precio-de-la-gloria-la-f,candil,Candil,1992-07,1992,PED_03,PED,"The text says Camarón connected a wide youth audience with the flamenco environment, but this is audience expansion rather than institutional or transnational learning access.",25
1992-07-23-right-muerte-anunciada,candil,Candil,1992-07,1992,AUTH_03,AUTH,"The passage mentions tradition and synchronizing the archaic with the modern, but the stronger visible discourse function is authenticity/evaluation rather than tradition as an independent authority claim.",28
1992-07-23-right-muerte-anunciada,candil,Candil,1992-07,1992,COMM_02,COMM,"Aficionados are mentioned as mourners and followers, but they are not clearly positioned as authoritative judges in the visible text.",20
1992-07-25-left-pasi-n-muerte-y-ascensi-n-a-los-,candil,Candil,1992-07,1992,AUTH_03,AUTH,"The text invokes old masters, ancestors, and flamenco rivers, but this functions poetically more than as a clear tradition-continuity authority claim.",22
1992-07-25-left-pasi-n-muerte-y-ascensi-n-a-los-,candil,Candil,1992-07,1992,COMM_02,COMM,"The community's devotion is visible, but the passage does not clearly make aficionados or community participants judges of flamenco value.",21
1992-07-26-left-gracia-y-hondura-juan,candil,Candil,1992-07,1992,PED_03,PED,"The passage mentions interpreting classics and listening to old recordings, but it does not clearly frame learning, access, or transmission.",20
1992-07-26-left-gracia-y-hondura-juan,candil,Candil,1992-07,1992,AUTH_04,AUTH,"Commercial recordings are mentioned, but the text does not frame commerce as weakening or strengthening authenticity in a sustained way.",20
1992-07-27-right-alre-de-la-fiesta-gitana,candil,Candil,1992-07,1992,COMM_02,COMM,"The aficionado appears as a reference audience, but not as an authoritative community actor.",14
1992-07-27-right-alre-de-la-fiesta-gitana,candil,Candil,1992-07,1992,CRIT_02,CRIT,"Duendes are mentioned, but not clearly applied as a distinct evaluative criterion beyond the broader critical judgment already coded.",19
1992-07-29-left-camar-n-de-la-isla,candil,Candil,1992-07,1992,PED_03,PED,"Young singers imitate him, but the visible text frames this mainly as influence and style formation rather than a learning/access discourse.",22
1992-07-29-left-camar-n-de-la-isla,candil,Candil,1992-07,1992,COMM_02,COMM,"Aficionados are mentioned as audiences created by him, but not clearly as community authorities who judge or sustain value.",19
1992-07-29-left-camar-n-de-la-isla,candil,Candil,1992-07,1992,COMM_04,COMM,"The phrase voz gitanísima invokes identity, but it functions primarily as an aesthetic criterion rather than broader identity-based authority framing.",21
1992-09-3-right-apuntes-sobre-la-sole-y-la-sigui,candil,Candil,1992-09,1992,HERIT_03,HERIT,"The word 'memoria' appears only as ordinary recollection and does not frame safeguarding, living heritage, or public cultural memory.",19
1992-09-3-right-apuntes-sobre-la-sole-y-la-sigui,candil,Candil,1992-09,1992,AUTH_03,AUTH,"The ending mentions regional tradition in a bullfighting analogy, but the visible excerpt does not clearly use flamenco tradition or roots to authorize a present practice.",26
1992-09-7-left-ocho-im-genes-de-ocasi-n,candil,Candil,1992-09,1992,CRIT_03,CRIT,"Terms such as 'mítico cantaor' and named artists suggest canonical status, but the passage mainly documents photographs rather than constructing a ranking or hierarchy.",24
1992-09-8-right-por-malague-as,candil,Candil,1992-09,1992,COMM_01,COMM,"The contrast between Málaga singers and a singer 'de fuera de la tierra' implies local belonging, but the passage functions more as authenticity/tradition and criticism than as an insider-outsider social boundary.",33
1992-09-9-left-loli-la-revoltosa,candil,Candil,1992-09,1992,COMM_04,COMM,"The article notes Loli is a woman and discusses female relatives, but the visible passage does not use gender itself to define flamenco authority or representation.",26
1992-09-9-left-loli-la-revoltosa,candil,Candil,1992-09,1992,CRIT_01,CRIT,"The introductory praise suggests artistic value, but the stronger discourse functions are lineage, transmission, and purity.",16
1992-09-12-left-i-congreso-de-cr-ticos-de-arte-f,candil,Candil,1992-09,1992,HERIT_02,HERIT,"There is official approval and institutional procedure, but the passage does not frame flamenco as heritage or patrimony.",18
1992-09-12-left-i-congreso-de-cr-ticos-de-arte-f,candil,Candil,1992-09,1992,COMM_02,COMM,"The Peña Flamenca hosts the event, but this is organizational context rather than a claim that peña community authorizes flamenco value.",21
1992-09-12-right-ja-n-cuna-de-la-asociaci-n-de-cr,candil,Candil,1992-09,1992,COMM_02,COMM,"The passage mentions afición flamenca, but the visible text does not clearly grant aficionados community authority independent of the critics' association.",21
1992-09-13-right-la-bienal-ese-hermoso-disparate-,candil,Candil,1992-09,1992,AUTH_02,AUTH,"The phrase 'oferta auténticamente flamenca' implies a boundary, but the stronger visible discourse is critical evaluation of programming and authority rather than a developed purity exclusion.",26
1992-09-14-left-bienal-x27-92-la-consumaci-n-de-,candil,Candil,1992-09,1992,AUTH_04,AUTH,"The critique mentions budget and spectacle, but commercialization is not clearly framed as the cause of authenticity loss in the visible text.",22
1992-09-14-left-bienal-x27-92-la-consumaci-n-de-,candil,Candil,1992-09,1992,PED_03,PED,"The text asks what the world could learn about flamenco, but it is a rhetorical criticism of the Bienal rather than a clear discourse about pedagogy or access.",28
1992-09-15-left-poes-a-jos-luis,candil,Candil,1992-09,1992,CRIT_02,CRIT,"The poem uses aesthetic imagery around guitar, soleá, and toque, but it does not clearly define or apply criteria for judging flamenco quality.",23
1992-09-15-left-poes-a-jos-luis,candil,Candil,1992-09,1992,COMM_04,COMM,"The phrase 'pañuelo de un pueblo altivo' invokes collective identity poetically, but it does not clearly organize authority, belonging, or representation.",21
1992-09-16-right-jos-heredia-joselete-figura-cant,candil,Candil,1992-09,1992,AUTH_03,AUTH,"References to 'añejos cantaores' and evoking Manuel Torre or Pastora Pavón suggest continuity, but the visible passage mainly uses them as aesthetic comparison rather than tradition-authority discourse.",28
1992-09-16-right-jos-heredia-joselete-figura-cant,candil,Candil,1992-09,1992,PED_03,PED,"The recommendation that he 'amplía su formación' is advisory, but it does not clearly discuss institutional or transnational access to flamenco knowledge.",22
1992-09-17-left-sobre-el-gratuito-invento-del-ca,candil,Candil,1992-09,1992,PED_02,PED,"Oral transmission is mentioned in relation to Mairena, but the visible passage mainly uses it as contested evidence of authenticity rather than clearly describing embodied/oral pedagogy.",27
1992-09-17-left-sobre-el-gratuito-invento-del-ca,candil,Candil,1992-09,1992,AUTH_03,AUTH,"The passage concerns origins, but the strongest discourse function is exclusionary authenticity boundary-work rather than tradition/continuity authorizing present practice.",21
1992-09-18-right-cr-nica-del-xx-congreso-de-arte-,candil,Candil,1992-09,1992,CRIT_04,CRIT,"The article is a congress chronicle, but the visible excerpt does not clearly position a critic or expert voice as an authority policing flamenco boundaries.",25
1992-09-18-right-cr-nica-del-xx-congreso-de-arte-,candil,Candil,1992-09,1992,HERIT_01,HERIT,"The Columbus/New World framing suggests public culture, but the visible passage does not clearly frame flamenco as heritage or patrimony.",21
1992-09-23-left-el-arte-de-mario-maya-y-el-miste,candil,Candil,1992-09,1992,HERIT_03,HERIT,"The word representación appears, but the article is evaluating performances rather than framing public heritage, memory, or safeguarding.",18
1992-09-24-left-presentado-el-libro-antonio-mair,candil,Candil,1992-09,1992,AUTH_03,AUTH,"The article discusses historical recordings and evolution, but the visible discourse primarily authorizes the book institutionally and critically rather than grounding present practice in tradition.",25
1992-09-24-left-presentado-el-libro-antonio-mair,candil,Candil,1992-09,1992,HERIT_03,HERIT,"Discography and publication preserve access to Mairena's work, but the passage lacks explicit safeguarding or living-heritage framing.",19
1992-09-24-right-aunque-no-quepa-en-el-papel,candil,Candil,1992-09,1992,AUTH_01,AUTH,"The quoted claim that cante flamenco is a 'creación del pueblo español' is discussed, but the article's main function is critical evaluation of poetic truth rather than directly asserting authenticity.",31
1992-09-24-right-aunque-no-quepa-en-el-papel,candil,Candil,1992-09,1992,AUTH_02,AUTH,"The author disputes some of Lorca's claims about cantes gitanos, but the visible passage does not draw a sustained purity or exclusion boundary around proper flamenco.",27
1992-09-25-left-enderezando-entuertos,candil,Candil,1992-09,1992,AUTH_01,AUTH,"The article repeatedly invokes truth, but the target is biographical accuracy rather than authenticity of flamenco practice or performance.",19
1992-09-25-left-enderezando-entuertos,candil,Candil,1992-09,1992,CRIT_03,CRIT,"Artists such as Silverio and El Pena hijo are described as important, but the visible discourse mainly concerns factual correction rather than canon formation.",24
1992-09-27-right-alre-de-la-fiesta-gitana,candil,Candil,1992-09,1992,HERIT_03,HERIT,"The passage uses language of preservation and posthumous justice, but it does not clearly frame these figures through public heritage or safeguarding institutions.",23
1992-09-27-right-alre-de-la-fiesta-gitana,candil,Candil,1992-09,1992,PED_02,PED,"The text names inheritance and legacies, but does not clearly describe oral, embodied, familial, or intergenerational transmission as a learning process.",21
1992-09-30-left-las-poes-as-de-los-gitanos-publi,candil,Candil,1992-09,1992,AUTH_02,AUTH,"The text discusses whether flamenco should be interpreted as Gitano, but the visible passage critiques evidence rather than drawing a purity boundary around legitimate flamenco.",25
1992-09-30-left-las-poes-as-de-los-gitanos-publi,candil,Candil,1992-09,1992,AUTH_03,AUTH,"The article concerns historical sources and origins, but the strongest visible function is critical-documentary evaluation and access to source material.",21
1992-09-34-right-qu-date-con-el-cante,candil,Candil,1992-09,1992,HERIT_03,HERIT,"The phrase «EL FLAMENCO VIVO» is a program title or slogan here, not a clear living-heritage discourse.",18
1992-11-3-left-anselmo-gonz-lez-climent,candil,Candil,1992-11,1992,COMM_01,COMM,"The text mentions official and pangitanista sectors, but the visible passage does not clearly construct an insider/outsider boundary around belonging.",21
1992-11-3-left-anselmo-gonz-lez-climent,candil,Candil,1992-11,1992,AUTH_03,AUTH,"The editorial concerns historiography and recognition, but it does not clearly ground present flamenco value in tradition, roots, or continuity.",20
1992-11-3-right-anselmo-gonz-lez-climent-o-el-si,candil,Candil,1992-11,1992,AUTH_02,AUTH,"The passage mentions demands for exclusive fidelity to flamenco, but it critiques that attitude rather than itself drawing a clear purity boundary.",22
1992-11-3-right-anselmo-gonz-lez-climent-o-el-si,candil,Candil,1992-11,1992,COMM_01,COMM,"The text discusses competition and suspicion around shared aficiones, but not a clear insider/outsider boundary of flamenco belonging.",19
1992-11-9-right-percepciones-epistolares-sobre-l,candil,Candil,1992-11,1992,CRIT_03,CRIT,"Neville's pedestal/monument metaphor canonizes González Climent, but CRIT_04 and PED_03 more directly capture the correspondence's authorizing and knowledge-access function.",23
1992-11-9-right-percepciones-epistolares-sobre-l,candil,Candil,1992-11,1992,AUTH_03,AUTH,"The passage invokes historical proof, but does not clearly ground present flamenco value in tradition or continuity.",17
1992-11-13-right-en-torno-a-anselmo,candil,Candil,1992-11,1992,AUTH_02,AUTH,"Purism is mentioned critically, but the passage does not itself define proper flamenco by excluding impure forms.",17
1992-11-13-right-en-torno-a-anselmo,candil,Candil,1992-11,1992,HERIT_02,HERIT,"The monographic homage is called just and deserved, but there is no explicit institutional heritage authorization beyond publication tribute.",19
1992-11-14-left-para-anselmo,candil,Candil,1992-11,1992,CRIT_04,CRIT,"The line «sé quien sabe» suggests personal authority, but the poem does not clearly evaluate or authorize flamenco knowledge in a codeable discourse function.",24
1992-11-14-left-para-anselmo,candil,Candil,1992-11,1992,AUTH_01,AUTH,"The word «verdad» appears, but it is poetic and personal rather than a claim about authentic flamenco.",17
1992-11-14-right-homenaje-al-amigo,candil,Candil,1992-11,1992,PED_02,PED,"The article mentions listening and singers, but does not clearly describe oral or embodied lineage transmission as a learning process.",20
1992-11-14-right-homenaje-al-amigo,candil,Candil,1992-11,1992,COMM_04,COMM,"The text frames Andalusian/Argentine identity, but identity does not clearly organize flamenco authority or belonging beyond tribute language.",19
1992-11-15-left-dos-soleares,candil,Candil,1992-11,1992,CRIT_01,CRIT,"The introductory note calls the selected poems significant, but it does not clearly evaluate flamenco artistry or a flamenco-critical target.",21
1992-11-15-left-dos-soleares,candil,Candil,1992-11,1992,AUTH_03,AUTH,"The poems use soleá-like form and cante imagery, but there is no explicit tradition, continuity, or roots claim authorizing flamenco value.",22
1992-11-16-left-derroteros-pedro,candil,Candil,1992-11,1992,COMM_04,COMM,"Gitano identity is central, but the strongest visible discourse concerns purity, setting, and the café cantante rather than identity representation alone.",21
1992-11-16-left-derroteros-pedro,candil,Candil,1992-11,1992,AUTH_03,AUTH,"The article discusses classic masters and historical continuity, but the visible discourse is primarily a contested purity and setting argument.",20
1992-11-17-left-la-intimidad-flamenca-de-ricardo,candil,Candil,1992-11,1992,HERIT_02,HERIT,"The trigger word «declarara» refers to an illness, not to an official declaration or institutional heritage authorization.",17
1992-11-17-left-la-intimidad-flamenca-de-ricardo,candil,Candil,1992-11,1992,AUTH_01,AUTH,"The passage discusses accepted truths, but it concerns critical verification rather than authentic flamenco as such.",16
1992-11-18-right-gonz-lez-climent-y-la-d-cada-pro,candil,Candil,1992-11,1992,AUTH_01,AUTH,"The phrase «bien dicho» and references to roots suggest valued cante, but the clearer function is tradition/continuity and aesthetic evaluation.",21
1992-11-18-right-gonz-lez-climent-y-la-d-cada-pro,candil,Candil,1992-11,1992,COMM_03,COMM,"The text mentions juergas and gatherings, but not enough to code a sustained public/private participatory contrast.",17
1992-11-20-left-discurso-de-ingreso-en-la-real-a,candil,Candil,1992-11,1992,PED_02,PED,"The word «generación» appears, but the visible passage does not describe lineage or embodied/oral transmission of flamenco knowledge.",19
1992-11-20-left-discurso-de-ingreso-en-la-real-a,candil,Candil,1992-11,1992,HERIT_01,HERIT,"The discourse concerns Andalusian identity and transatlantic belonging, but it does not explicitly frame flamenco as heritage or patrimony.",19
1992-11-25-left-segunda-reuni-n-con-fosforito-an,candil,Candil,1992-11,1992,HERIT_03,HERIT,"The passage is memory-rich, but it does not frame the memories as public heritage, safeguarding, or collective heritage work.",20
1992-11-25-left-segunda-reuni-n-con-fosforito-an,candil,Candil,1992-11,1992,COMM_04,COMM,"The Gitano wedding description involves identity/custom, but the visible excerpt does not clearly connect it to flamenco authority, belonging, or representation.",22
1992-11-33-left-o-do-al-cante-pedro,candil,Candil,1992-11,1992,AUTH_03,AUTH,"His ancestral devotion and Andalusian background are mentioned, but the text does not clearly ground flamenco value in tradition or continuity.",21
1992-11-33-left-o-do-al-cante-pedro,candil,Candil,1992-11,1992,HERIT_03,HERIT,"Reproducing radio texts helps preserve access, but the passage does not explicitly use safeguarding or public heritage framing.",18
1992-11-36-right-tauromagia,candil,Candil,1992-11,1992,CRIT_03,CRIT,"The poem credits Anselmo with inventing «Tauromagia», but the text concerns tauromachy rather than flamenco discourse.",16
1992-11-36-right-tauromagia,candil,Candil,1992-11,1992,AUTH_01,AUTH,"The poem uses language of revelation and essence-like insight, but not in relation to flamenco authenticity.",17
1992-11-37-right-gonz-lez-climent-flamenc-logo-lu,candil,Candil,1992-11,1992,HERIT_02,HERIT,"Recognition and identity language are strong, but the visible passage does not clearly involve official or institutional heritage authorization.",19
1992-11-37-right-gonz-lez-climent-flamenc-logo-lu,candil,Candil,1992-11,1992,AUTH_01,AUTH,"The passage values true self-recognition, but it is primarily identity and pedagogical discourse rather than an authenticity claim about proper flamenco.",22
1992-11-41-left-en-memoria-de-anselmo,candil,Candil,1992-11,1992,AUTH_01,AUTH,"The phrase «más pura substancia flamenca» suggests authenticity, but the passage is mainly praising Climent's service and expertise rather than defining authentic flamenco.",24
1992-11-41-left-en-memoria-de-anselmo,candil,Candil,1992-11,1992,HERIT_03,HERIT,"The text describes collecting records and preserving correspondence, but not as explicit safeguarding or public heritage work.",17
1992-11-42-left-a-modo-de-homenaje,candil,Candil,1992-11,1992,COMM_02,COMM,"The phrase 'aficionao de lujo y amigo común' identifies a socially valued aficionado, but the visible passage mainly uses him as a source of information rather than granting community authority over flamenco judgment.",33
1992-11-43-left-aunque-no-quepa-en-el-papel,candil,Candil,1992-11,1992,HERIT_03,HERIT,"The publication of documentation has a memory-preservation feel, but the visible text frames it more as literary-critical value than public heritage safeguarding.",24
1992-11-43-left-aunque-no-quepa-en-el-papel,candil,Candil,1992-11,1992,PED_03,PED,"The correspondence concerns flamenco knowledge and contest organization, but the excerpt does not clearly frame the book as teaching or widening access to flamenco knowledge.",25
1992-11-44-left-de-l-tambi-n-se-ha-dicho-selecci,candil,Candil,1992-11,1992,COMM_04,COMM,"The phrase 'gitana del más castizo caléismo' links Carmen Amaya to identity-based authority, but the surrounding passage primarily performs aesthetic and canonical evaluation rather than sustained identity-group framing.",30
1992-11-44-left-de-l-tambi-n-se-ha-dicho-selecci,candil,Candil,1992-11,1992,AUTH_01,AUTH,"The wording 'hondas de verdad' suggests genuineness, but it mainly functions as aesthetic praise of depth rather than a broader authenticity claim about proper flamenco.",25
1992-11-47-left-carta-p-stuma-de-paco,candil,Candil,1992-11,1992,COMM_02,COMM,"The reference to people who 'comulgan en un mismo ideal' suggests shared flamenco affiliation, but it does not clearly grant aficionado or community authority.",24
1992-11-47-right-anselmo-gonz-lez-climent-cat-log,candil,Candil,1992-11,1992,PED_03,PED,"The catalogue lists publications and institutions, but it does not clearly frame access to flamenco knowledge as a learning process.",20
1993-01-3-left-editorial,candil,Candil,1993-01,1993,AUTH_03,AUTH,"The text mentions popular tradition, but the stronger discourse function is oral transmission and scholarly legitimation rather than a direct tradition-continuity claim.",23
1993-01-3-right-castellanos-y-otros-extranjeros,candil,Candil,1993-01,1993,PED_03,PED,"The word 'título' appears, but the discussion is about classification of a public spectacle, not learning or institutional access.",19
1993-01-5-left-josefa-bastos-otero,candil,Candil,1993-01,1993,COMM_02,COMM,"The father is called 'un gran aficionao', but this is family biography and does not grant community authority.",18
1993-01-5-left-josefa-bastos-otero,candil,Candil,1993-01,1993,PED_01,PED,"A teacher is mentioned giving classes, but the passage does not position him as an authoritative mediator of flamenco knowledge.",20
1993-01-5-left-josefa-bastos-otero,candil,Candil,1993-01,1993,PED_03,PED,The question about sevillanas as an introductory vehicle is too brief to establish a broader institutional or transnational learning-access discourse.,21
1993-01-7-left-del-ayer-al-futuro-caracter-stic,candil,Candil,1993-01,1993,HERIT_03,HERIT,"The phrase 'vivido y vivo, no momificado' suggests living practice, but the visible text does not clearly frame flamenco as public heritage or safeguarding.",24
1993-01-7-left-del-ayer-al-futuro-caracter-stic,candil,Candil,1993-01,1993,CRIT_01,CRIT,"There are evaluative descriptions of historical reception, but the stronger coded function is prescription of critical criteria rather than a discrete review judgment.",23
1993-01-10-right-ix-distinci-n-comp-s-del-cante,candil,Candil,1993-01,1993,CRIT_03,CRIT,"The award and majority vote imply distinction, but the visible text does not strongly construct a broader canon or hierarchy beyond this single prize.",24
1993-01-11-left-recordando-al-beni-de-c-diz-jos-,candil,Candil,1993-01,1993,COMM_02,COMM,"The phrase 'entre cabales' hints at insider afición, but it is not developed enough as community authority or recognition.",19
1993-01-11-left-recordando-al-beni-de-c-diz-jos-,candil,Candil,1993-01,1993,CRIT_03,CRIT,"References to 'grandes figuras' and 'insigne cantaor' are honorific, but they do not create a clear canon or ranking.",19
1993-01-12-left-flamenca,candil,Candil,1993-01,1993,CRIT_03,CRIT,"The text names historically significant figures, but the main function is to assess the album rather than construct a hierarchy or canon.",22
1993-01-12-left-flamenca,candil,Candil,1993-01,1993,AUTH_04,AUTH,"Commercial distribution problems are discussed, but not as a threat to authenticity or intimate flamenco value.",16
1993-01-13-left-a-prop-sito-de-la-conferencia-de,candil,Candil,1993-01,1993,CRIT_03,CRIT,"The article mentions generations and new creators, but mainly to criticize omission rather than to establish a hierarchy.",18
1993-01-17-right-noticiario-flamenco-francisco-hi,candil,Candil,1993-01,1993,PED_03,PED,"The text mentions serious formation, study, and research, but it functions mainly as praise of the artist rather than a distinct discourse on institutional or transnational learning access.",28
1993-01-18-right-cantos-y-cantes-de-la-saeta,candil,Candil,1993-01,1993,COMM_01,COMM,"The trigger 'dentro' appears in a classificatory/musicological phrase, not as an insider-outsider boundary.",15
1993-01-18-right-cantos-y-cantes-de-la-saeta,candil,Candil,1993-01,1993,PED_02,PED,"The visible tail mentions Parrilla as a disciple and inherited family practice, but the excerpt does not develop transmission as the main validating discourse.",24
1993-03-3-left-editorial,candil,Candil,1993-03,1993,AUTH_03,AUTH,"The editorial invokes history and remembrance, but the stronger visible discourse is canonization and authenticity rather than continuity as an independent claim.",22
1993-03-4-left-tom-s-pab-n-cien-a-os,candil,Candil,1993-03,1993,AUTH_02,AUTH,"Purity language appears, but it does not clearly exclude a devalued target in the visible span.",16
1993-03-4-left-tom-s-pab-n-cien-a-os,candil,Candil,1993-03,1993,CRIT_04,CRIT,"The author critiques exaggerated praise, but the excerpt does not primarily authorize a critic or expert as a separate boundary-policing authority.",22
1993-03-6-left-sobre-algunas-teor-as-antigitan-,candil,Candil,1993-03,1993,COMM_01,COMM,"The opening cites outsider rhetoric against French authors, but the stronger sustained discourse concerns identity-group framing around Gitano and Andalusian origin claims.",23
1993-03-6-left-sobre-algunas-teor-as-antigitan-,candil,Candil,1993-03,1993,HERIT_02,HERIT,"The word 'autoridad' appears, but the passage critiques scholarly citation as evidence rather than invoking official or institutional heritage authorization.",20
1993-03-12-right-cantes-de-levante-cantes-mineros,candil,Candil,1993-03,1993,COMM_01,COMM,"The word 'dentro' appears, but it marks classificatory inclusion rather than an insider/outsider social boundary.",16
1993-03-17-right-siguiriyas-gitanas,candil,Candil,1993-03,1993,COMM_04,COMM,"The poem uses gendered and gitana imagery, but it does not clearly make identity function as flamenco authority, belonging, representation, or community boundary-work.",24
1993-03-18-left-ritmos-de-ida-de-vuelta-y-de-vai,candil,Candil,1993-03,1993,COMM_03,COMM,"The article mentions expansion of the public in café-cante history, but the visible text does not clearly contrast participatory/private versus spectatorial/public settings as a value claim.",29
1993-03-18-left-ritmos-de-ida-de-vuelta-y-de-vai,candil,Candil,1993-03,1993,AUTH_03,AUTH,"The article discusses historical evolution and transatlantic circulation, but tradition/continuity is not clearly used to authorize present flamenco practice.",20
1993-03-20-right-alre-de-la-fiesta-gitana,candil,Candil,1993-03,1993,COMM_04,COMM,"Gitano identity is central vocabulary, but the coded authenticity and purity claims already capture the evident discourse function more directly than a separate identity-framing code.",26
1993-03-24-left-aunque-no-quepa-en-el-papel-jos-,candil,Candil,1993-03,1993,AUTH_01,AUTH,"The phrase 'un auténtico tesoro' praises the cassette as valuable, but it does not assert flamenco authenticity or properness.",19
1993-03-24-left-aunque-no-quepa-en-el-papel-jos-,candil,Candil,1993-03,1993,HERIT_03,HERIT,"The review values archival recordings, period texts, and historical sources, but it does not clearly frame them as public heritage safeguarding or living heritage.",24
1993-03-25-left-noticiario-flamenco-congreso-de-,candil,Candil,1993-03,1993,CRIT_02,CRIT,"Knowledge, study, and local accent operate as evaluative criteria, but this overlaps with the clearer negative evaluation and pedagogy/access codes already emitted.",23
1993-03-25-left-noticiario-flamenco-congreso-de-,candil,Candil,1993-03,1993,COMM_04,COMM,"Gitano identity shapes the polemic, but the visible discourse function is more precisely the purity boundary around repertoire and learning.",20
1993-03-25-left-noticiario-flamenco-congreso-de-,candil,Candil,1993-03,1993,HERIT_02,HERIT,"The congress notice lists official figures and institutions, but it is routine event organization rather than explicit authorized heritage discourse.",20
1993-03-25-right-todos-los-festivales-flamencos,candil,Candil,1993-03,1993,HERIT_03,HERIT,"The listings mention memoria and homenajes, but these appear as routine festival dedications rather than sustained public heritage or safeguarding discourse.",21
1993-03-25-right-todos-los-festivales-flamencos,candil,Candil,1993-03,1993,COMM_02,COMM,"Peñas organize several events, but the visible text does not grant them special community authority beyond administrative organization.",18
1993-05-3-left-editorial,candil,Candil,1993-05,1993,HERIT_02,HERIT,"Institutions and subsidies are discussed, but the passage critiques political opportunity rather than authorized heritage recognition.",16
1993-05-3-left-editorial,candil,Candil,1993-05,1993,CRIT_03,CRIT,"The text proposes a historiographic period called the Festival Flamenco, but the visible passage primarily critiques the festival phenomenon rather than building a canon or ranking artists.",27
1993-05-4-left-silverio-franconetti-aproximaci-,candil,Candil,1993-05,1993,CRIT_04,CRIT,"The author invokes documents and research, but the visible text mainly establishes historical evidence rather than exercising critic or expert authority to police boundaries.",24
1993-05-10-left-el-disparate-flamenco,candil,Candil,1993-05,1993,COMM_04,COMM,"The text mentions primitive communities and bodas gitanas, but these references do not clearly organize flamenco authority or belonging in the visible passage.",23
1993-05-10-left-el-disparate-flamenco,candil,Candil,1993-05,1993,PED_03,PED,"The discussion implies interpretation and access to meaning, but it does not thematize learning institutions, outsiders, or transnational access.",19
1993-05-11-left-emilio-gonz-lez-de-herv-s,candil,Candil,1993-05,1993,CRIT_02,CRIT,"The poem mentions rhythms and 'gran verdad', but it does not function as critical evaluation or define flamenco quality criteria.",20
1993-05-12-left-jos-menese-scott-rafael,candil,Candil,1993-05,1993,COMM_02,COMM,"The family singing reference is suggestive, but it functions mainly as biography rather than clear community authority or recognition.",19
1993-05-12-left-jos-menese-scott-rafael,candil,Candil,1993-05,1993,COMM_04,COMM,"The phrase 'suenan muy gitano' invokes identity, but the visible excerpt does not clearly make identity the basis of authority or belonging.",22
1993-05-14-left-el-lenguaje-de-la-cr-tica-flamen,candil,Candil,1993-05,1993,CRIT_03,CRIT,"The trigger 'gran' is intensifying language here; the excerpt does not construct a canon, hierarchy, or ranking.",17
1993-05-18-left-sinopsis-hist-rica-de-los-cantes,candil,Candil,1993-05,1993,AUTH_02,AUTH,The earlier phrase 'plata pura' is literal historical description of silver and was not used as purity boundary-work around flamenco.,21
1993-05-18-left-sinopsis-hist-rica-de-los-cantes,candil,Candil,1993-05,1993,HERIT_03,HERIT,"The text discusses conservation and survival of cantes, but the visible excerpt frames this more as lineage/tradition than public heritage or safeguarding policy.",24
1993-05-21-right-alre-de-la-fiesta-gitana,candil,Candil,1993-05,1993,PED_02,PED,"References to family relations and inherited singing are present, but the excerpt does not clearly frame them as authoritative transmission.",20
1993-05-21-right-alre-de-la-fiesta-gitana,candil,Candil,1993-05,1993,CRIT_03,CRIT,"The text includes strong praise, but it does not clearly construct a broader canon or hierarchy beyond individual evaluation.",19
1993-05-24-left-el-flamenco-en-la-universidad,candil,Candil,1993-05,1993,PED_01,PED,"The article discusses teaching, but the strongest evidence concerns institutional access and program structure rather than a clearly authorized teacher or method.",22
1993-05-25-right-aunque-no-quepa-en-el-papel,candil,Candil,1993-05,1993,PED_01,PED,"Terms such as magisterio and conocedor appear, but they function mainly as artistic status or biographical description rather than teaching authority.",21
1993-07-3-left-editorial,candil,Candil,1993-07,1993,PED_01,PED,"Mairena is called maestro y guía, but the visible passage emphasizes canonization and tradition recovery more than explicit pedagogy.",19
1993-07-4-left-antonio-mairena-la-necesidad-del,candil,Candil,1993-07,1993,AUTH_02,AUTH,"The final warning against mixing forms suggests boundary-work, but the visible excerpt does not clearly name an impure or illegitimate target.",22
1993-07-5-right-antonio-mairena-ante-los-valores,candil,Candil,1993-07,1993,PED_01,PED,"The ending says Mairena created a school, but in the visible excerpt this mainly supports canon status rather than explicit teaching authority.",22
1993-07-12-left-el-recuerdo-de-una-vida-consagra,candil,Candil,1993-07,1993,PED_03,PED,"The language about divulgation and knowledge transmission is present, but it is secondary to authenticity/tradition claims and not clearly about institutional or transnational learning access.",26
1993-07-14-left-a-antonio-mirena-poes-a,candil,Candil,1993-07,1993,CRIT_03,CRIT,"The poem is honorific, but the visible lines do not clearly construct a ranking or canon beyond poetic legitimation.",19
1993-07-14-right-oda-a-antonio-mairena,candil,Candil,1993-07,1993,AUTH_02,AUTH,"The phrase 'pura y misteriosa fuente' uses purity language, but it is a poetic image rather than purity boundary-work around legitimate flamenco.",23
1993-07-14-right-oda-a-antonio-mairena,candil,Candil,1993-07,1993,CRIT_02,CRIT,"The poem evokes duende-like imagery and affect, but it does not clearly apply aesthetic criteria as a critical judgment.",20
1993-07-15-left-manuel-mairena,candil,Candil,1993-07,1993,COMM_04,COMM,"Gitano/family identity appears, but the stronger visible discourse function is family-community authority and embodied transmission rather than broad identity-group framing.",23
1993-07-17-right-alre-de-la-fiesta-gitana,candil,Candil,1993-07,1993,COMM_04,COMM,"Gitano identity language is prominent, but the coded passages mainly evaluate and traditionalize artists rather than explicitly defining community belonging or representation.",22
1993-07-17-right-alre-de-la-fiesta-gitana,candil,Candil,1993-07,1993,CRIT_01,CRIT,"There is broad evaluative praise throughout, but CRIT_02 and CRIT_03 capture the specific aesthetic and hierarchical functions more precisely.",19
1993-07-22-left-flamenca,candil,Candil,1993-07,1993,CRIT_03,CRIT,"The article contains exemplary language about first versions and current soloists, but the stronger evidence is evaluative and aesthetic rather than a clear canon or ranking claim.",27
1993-07-22-right-aunque-no-quepa-en-el-papel,candil,Candil,1993-07,1993,PED_01,PED,"The word 'maestro' appears for Mairena, but the visible passage mainly ranks him as a specialist rather than showing him teaching or transmitting knowledge.",24
1993-07-24-left-juan-francisco-reyes-osuna-el-ca,candil,Candil,1993-07,1993,AUTH_01,AUTH,"The article repeatedly asserts the 'verdadero nombre', but this is primarily a factual biographical correction rather than an authenticity claim about proper flamenco.",23
1993-07-24-left-juan-francisco-reyes-osuna-el-ca,candil,Candil,1993-07,1993,COMM_02,COMM,"Aficionados are asked to rectify records, but they are not clearly positioned as the source of authority; documentary research is.",20
1993-07-25-right-noticiario-flamenco,candil,Candil,1993-07,1993,AUTH_01,AUTH,"The phrase 'más legítimos de la escuela guitarrística jerezana' suggests properness, but the stronger discourse function here is critical-aesthetic evaluation.",21
1993-07-25-right-noticiario-flamenco,candil,Candil,1993-07,1993,CRIT_01,CRIT,"There is general praise throughout the excerpt, but the emitted CRIT_02 and CRIT_03 capture the more specific evaluative functions.",19
1993-09-3-left-editorial,candil,Candil,1993-09,1993,CRIT_01,CRIT,"The article contains strong praise, but the emitted CRIT_03 captures the more specific ranking and canonizing function.",17
1993-09-3-left-editorial,candil,Candil,1993-09,1993,AUTH_04,AUTH,"The text values an intimate, non-protocol path, but it does not clearly frame commercial/public distance as an authenticity threat.",21
1993-09-3-right-un-d-a-con-diego,candil,Candil,1993-09,1993,COMM_03,COMM,"The article values a private family fiesta, but the stronger and clearer discourse function is the explicit insider/outsider boundary.",20
1993-09-3-right-un-d-a-con-diego,candil,Candil,1993-09,1993,AUTH_04,AUTH,"The private intimate setting carries authenticity force, but there is no clear contrast with commercial or staged flamenco.",18
1993-09-4-right-la-guitarra-creadora-de-diego-de,candil,Candil,1993-09,1993,AUTH_03,AUTH,"The wording 'renovada pero vieja como el mundo' and 'cultura popular y milenaria' suggests continuity, but the strongest evidence is aesthetic and pedagogical.",23
1993-09-4-right-la-guitarra-creadora-de-diego-de,candil,Candil,1993-09,1993,CRIT_03,CRIT,"The text says José Naranjo created a school and Diego surpassed him, but the passage is more focused on lineage and aesthetic criteria than broad canon construction.",27
1993-09-6-right-glosario-antol-gico-a-diego-del-,candil,Candil,1993-09,1993,AUTH_01,AUTH,"The text uses 'auténtica' and 'música auténtica', but these claims are better captured by the canonizing and aesthetic evaluation of Diego's style.",23
1993-09-6-right-glosario-antol-gico-a-diego-del-,candil,Candil,1993-09,1993,COMM_04,COMM,"The term 'hombre' appears in the excerpt, but it is descriptive and does not organize identity-based authority or representation.",20
1993-09-9-right-junto-al-r-o-espartero,candil,Candil,1993-09,1993,CRIT_01,CRIT,"The text is strongly appreciative, but its discourse is poetic evocation rather than a direct review or explicit critical judgment.",20
1993-09-9-right-junto-al-r-o-espartero,candil,Candil,1993-09,1993,AUTH_01,AUTH,"The passage treats the music as deeply affecting, but does not clearly assert genuineness or proper flamenco.",17
1993-09-10-left-joaqu-n-jim-nez-dom-nguez-el-sal,candil,Candil,1993-09,1993,PED_02,PED,"The text mentions preparation by Alfredo Benítez and transmission, but the stronger function is aesthetic and canonical rather than embodied lineage pedagogy.",22
1993-09-12-right-deontolog-a-y-funciones-de-la-cr,candil,Candil,1993-09,1993,COMM_03,COMM,"The excerpt mentions public opinion, but it is about information ethics rather than participatory public/private flamenco settings.",18
1993-09-16-left-el-coraz-n-manda-rafael,candil,Candil,1993-09,1993,CRIT_03,CRIT,"Named artists and experts are listed, but the passage does not clearly build a broader canon or rank beyond ordinary recognition.",21
1993-09-17-right-aunque-no-quepa-en-el-papel-jos-,candil,Candil,1993-09,1993,PED_02,PED,"The retrieval window contains a trigger fragment, but the visible text does not clearly describe embodied, oral, familial, or lineage transmission.",21
1993-09-17-right-aunque-no-quepa-en-el-papel-jos-,candil,Candil,1993-09,1993,AUTH_02,AUTH,"The passage contests the exclusion of some styles as 'no flamencos', but it mainly legitimates belonging rather than drawing a purity boundary that excludes another target.",26
1993-09-18-right-alre-de-la-fiesta-gitana-miguel-,candil,Candil,1993-09,1993,CRIT_03,CRIT,"The text uses phrases such as 'gran genio' and names notable artists, but the clearest functions are aesthetic evaluation and lineage transmission rather than canon construction.",26
1993-09-22-right-el-xxi-congreso-de-arte-flamenco,candil,Candil,1993-09,1993,CRIT_04,CRIT,"The call for official bodies to consult experts suggests expert authority, but the strongest visible discourse is institutional heritage and pedagogy.",21
1993-09-22-right-el-xxi-congreso-de-arte-flamenco,candil,Candil,1993-09,1993,AUTH_03,AUTH,"The text invokes oral tradition and origins, but these are mainly framed through heritage preservation and institutional study rather than a present-value tradition claim.",25
1993-09-23-left-discograf-a-flamenca-rafael,candil,Candil,1993-09,1993,PED_03,PED,"The booklet is said to guide comprehension and analysis, but the stronger claim is evaluative and research-oriented rather than access across learning institutions or publics.",26
1993-09-23-left-discograf-a-flamenca-rafael,candil,Candil,1993-09,1993,CRIT_02,CRIT,"The article mentions tonal treatment, style details, and sound quality, but the emitted CRIT_01 covers the main evaluative function without needing a separate aesthetic-criteria code.",26
1993-09-23-right-noticiario-flamenco,candil,Candil,1993-09,1993,HERIT_03,HERIT,"The zambombas and publications suggest local cultural continuity, but the visible text reads mainly as event programming rather than explicit safeguarding or heritage discourse.",24
1993-09-26-left-cartas-al-director-agust-n-g-mez,candil,Candil,1993-09,1993,CRIT_01,CRIT,"The passage criticizes Cerrejón and praises several artists, but the main discourse function is expert boundary-setting and historical correction captured by CRIT_04.",23
1993-09-26-left-cartas-al-director-agust-n-g-mez,candil,Candil,1993-09,1993,PED_03,PED,"The ending mentions teaching guitar, but it is biographical and not enough to establish institutional or transnational learning access.",19
1993-11-3-left-editorial,candil,Candil,1993-11,1993,CRIT_03,CRIT,"The phrase 'auténtica ferralla del templo del flamenco' is strongly honorific, but it functions more as community legitimation than as canon/ranking.",22
1993-11-4-left-los-subrayados-de-anselmo-gonz-l,candil,Candil,1993-11,1993,PED_02,PED,"The phrase 'saber práctico' appears in a quoted debate, but the visible passage contests the term rather than clearly framing oral/embodied transmission.",23
1993-11-4-left-los-subrayados-de-anselmo-gonz-l,candil,Candil,1993-11,1993,CRIT_01,CRIT,"There are evaluative remarks such as 'Mentira', but the main discourse function is expert boundary dispute rather than review-style evaluation.",21
1993-11-5-right-jos-manuel-rodr-guez-el-mistela-,candil,Candil,1993-11,1993,HERIT_03,HERIT,"The excerpt mentions memory of masters, but this functions more as pedagogical authority than public heritage or safeguarding discourse.",19
1993-11-5-right-jos-manuel-rodr-guez-el-mistela-,candil,Candil,1993-11,1993,COMM_04,COMM,"The phrase 'baile en hombre' and 'sin afeminamientos' has gendered force, but the visible passage is more clearly purity/aesthetic boundary work than a broader identity-group framing.",28
1993-11-9-left-futuro-de-la-cr-tica-flamenca,candil,Candil,1993-11,1993,COMM_02,COMM,"The text mentions 'personas conocedoras del flamenco' and aficionados, but it mainly critiques their inadequate critical authority rather than granting community authority.",22
1993-11-11-left-estudios-flamencos,candil,Candil,1993-11,1993,HERIT_02,HERIT,"Universities and congresses are institutional settings, but the visible passage frames them as research authority rather than authorized heritage recognition.",20
1993-11-13-right-cante-en-la-bodega-poes-a-manuel,candil,Candil,1993-11,1993,COMM_04,COMM,"The text contains local and gitano identity language, but the stronger visible discourse is the participatory setting and inherited continuity rather than an explicit identity-boundary claim.",27
1993-11-14-left-ayer-y-hoy-del-flamenco-en-catal,candil,Candil,1993-11,1993,COMM_04,COMM,"Catalan and Andalusian identities are central, but the visible evidence functions more directly as historical legitimation and ranking than as a distinct identity-belonging frame.",25
1993-11-17-left-aunque-no-quepa-en-el-papel-jos-,candil,Candil,1993-11,1993,CRIT_02,CRIT,"The article mentions pureza and authentic/false boundaries, but the dominant function is critic authority and boundary policing rather than a separate aesthetic-criteria discussion.",25
1993-11-17-right-alre-de-la-fiesta-gitana-miguel-,candil,Candil,1993-11,1993,COMM_04,COMM,"Gitano and Jerez identity terms are present, but the passage uses them mainly to support lineage transmission and canonization rather than to develop a separate identity-belonging argument.",28
1993-11-21-left-m-s-sobre-pedro-mart-n-alonso-el,candil,Candil,1993-11,1993,CRIT_04,CRIT,"The author corrects biographical errors using documentary evidence, but the passage does not clearly grant critic or flamencologist authority as a separate discourse function beyond factual correction.",27
1993-11-21-right-cartas-al-director,candil,Candil,1993-11,1993,PED_03,PED,"Aunque se habla de copiar, reproducir y comparar modelos melódicos, el foco no es el aprendizaje o acceso pedagógico sino la polémica crítica sobre autoría y originalidad.",27
1993-11-22-right-opini-n,candil,Candil,1993-11,1993,COMM_04,COMM,"La frase sobre el flamenco como manifestación cultural nacida del pueblo andaluz apunta a identidad colectiva, pero la función principal del pasaje es distinguir conocimiento legítimo de participación ignorante.",29
1993-11-22-right-opini-n,candil,Candil,1993-11,1993,CRIT_03,CRIT,"Hay comparaciones y elogios del trabajo de Diego Clavel, pero no se construye una jerarquía canónica sostenida más allá de la defensa polémica.",23
1993-11-24-right-que-pena-de-jerez,candil,Candil,1993-11,1993,COMM_04,COMM,"La identidad local jerezana estructura el texto, pero la codificación más precisa es la frontera insider/outsider creada por esa identidad.",21
1993-11-24-right-que-pena-de-jerez,candil,Candil,1993-11,1993,CRIT_03,CRIT,"Jerez es elevado como centro flamenco, pero el pasaje no desarrolla una jerarquía artística comparativa suficiente más allá de la autenticidad y la crítica comunitaria.",25
1993-11-25-left-noticiario-flamenco,candil,Candil,1993-11,1993,CRIT_01,CRIT,El elogio de Quique Paredes está subsumido por la formulación jerárquica generacional más específica de CRIT_03.,16
1994-01-3-left-editorial,candil,Candil,1994-01,1994,CRIT_04,CRIT,"La revista declara una línea editorial hacia baile y guitarra, pero no desarrolla una autoridad crítica experta o una frontera crítica suficiente para emitir este código.",26
1994-01-3-left-editorial,candil,Candil,1994-01,1994,AUTH_03,AUTH,"Sacromonte y los tablaos históricos sugieren trayectoria y raíz, pero el argumento principal es autenticidad y evaluación estética, no continuidad tradicional como tal.",23
1994-01-4-right-juan-pe-a-fern-ndez,candil,Candil,1994-01,1994,AUTH_03,AUTH,"The question about whether a child continues the artistic tradition mentions continuity, but the excerpt does not develop it as an authorizing tradition claim.",24
1994-01-10-right-los-estudios-flamencos-contempor,candil,Candil,1994-01,1994,AUTH_04,AUTH,"The ending mentions bright scenographies and instrumental enrichments, but it does not clearly frame them as corrupting authenticity.",18
1994-01-17-right-entrega-de-la-x-distinci-n-comp-,candil,Candil,1994-01,1994,HERIT_02,HERIT,"The award and jury confer recognition, but the visible text does not clearly frame this as heritage or patrimonial authority rather than ordinary artistic distinction.",25
1994-01-20-left-los-romances-antiguos,candil,Candil,1994-01,1994,PED_02,PED,"The text describes remembered oral singing by a nurse and a rural worker, but it does not clearly frame this as authoritative learning or transmission of flamenco knowledge.",28
1994-01-27-right-aunque-no-quepa-en-el-papel,candil,Candil,1994-01,1994,CRIT_04,CRIT,"Although Juan de la Plata is identified as a critic and the text reviews his work, the visible passage does not clearly position critical expertise itself as the source of authority.",31
1994-01-28-right-and-jar-en-paz-con-rafael-romero,candil,Candil,1994-01,1994,COMM_02,COMM,"Peñas and disciples are mentioned as supporters, but the dominant discourse function is public commemoration rather than community authority to judge flamenco.",22
1994-01-29-right-noticiario-flamenco,candil,Candil,1994-01,1994,AUTH_02,AUTH,"The words pureza and ortodoxia appear, but they function mainly as aesthetic criteria within praise rather than drawing a clear purity boundary against excluded forms.",25
1994-01-30-left-hablan-las-pe-as-nuevas-juntas-d,candil,Candil,1994-01,1994,PED_02,PED,"The article mentions El Merengue as a disciple of Antonio del Lunar, but this is brief biographical lineage without a clear discourse of transmission or authority.",26
1994-03-3-left-editorial,candil,Candil,1994-03,1994,COMM_04,COMM,"The phrase 'Pueblo andaluz' frames a collective identity, but the passage mainly argues for cultural responsibility and social protection rather than identity-based authority within flamenco.",26
1994-03-7-left-si-fu-ramos-catalanes,candil,Candil,1994-03,1994,HERIT_03,HERIT,"The text invokes collective identity and defense of 'lo nuestro', but the visible excerpt does not clearly frame flamenco as heritage safeguarding or living heritage.",25
1994-03-7-left-si-fu-ramos-catalanes,candil,Candil,1994-03,1994,CRIT_04,CRIT,"The piece is polemical criticism, but it does not clearly position a critic, scholar, reviewer, or expert discourse as authoritative.",20
1994-03-8-left-todos-por-el-oro,candil,Candil,1994-03,1994,AUTH_02,AUTH,"The text uses purity language, but the stronger visible function is positive authenticity and aesthetic evaluation rather than exclusion of a clearly identified impure target.",25
1994-03-8-left-todos-por-el-oro,candil,Candil,1994-03,1994,AUTH_03,AUTH,"The article invokes ancestral traditions, but the selected codes already capture the main legitimating work and the tradition claim is not developed as a separate discourse function.",27
1994-03-10-left-tertulia-en-torno-a-fernanda-y-b,candil,Candil,1994-03,1994,AUTH_03,AUTH,"Tradition and continuity are central, but PED_02 more precisely captures the visible oral-lineage transmission claim.",16
1994-03-10-left-tertulia-en-torno-a-fernanda-y-b,candil,Candil,1994-03,1994,CRIT_01,CRIT,"There is explicit criticism of contemporary flamenco, but the emitted hierarchy and boundary codes capture the more specific discourse functions.",20
1994-03-15-right-eleg-a-a-dolores-parral,candil,Candil,1994-03,1994,HERIT_03,HERIT,"The elegiac tone remembers a flamenco figure, but the visible text does not clearly frame collective memory, safeguarding, or public heritage work.",22
1994-03-16-left-enrique-jim-nez-ram-rez-enrique-,candil,Candil,1994-03,1994,COMM_03,COMM,"The tablao is mentioned as a setting for Enrique's early exposure, but the visible text does not contrast participatory/private and public/spectatorial flamenco as a value boundary.",29
1994-03-16-left-enrique-jim-nez-ram-rez-enrique-,candil,Candil,1994-03,1994,PED_01,PED,"A teacher is mentioned, but the stronger and more precise discourse function is lineage and embodied/familial transmission rather than institutional or formal pedagogical authority.",25
1994-03-19-right-flamenca,candil,Candil,1994-03,1994,HERIT_02,HERIT,"RTVE is praised as a public entity supporting flamenco recordings, but the passage does not clearly frame this as heritage authorization or patrimonial management.",24
1994-03-19-right-flamenca,candil,Candil,1994-03,1994,CRIT_04,CRIT,"The text contrasts RTVE with commercial recording companies, but the critique is not developed as expert boundary-policing of proper or improper flamenco.",23
1994-03-20-left-aunque-no-quepa-en-el-papel,candil,Candil,1994-03,1994,AUTH_04,AUTH,"The phrase about avoiding professional indignities suggests moral concern, but it does not clearly frame commercial spectacle as weakening authenticity.",20
1994-03-21-left-quejas-por-el-estado-del-centro-,candil,Candil,1994-03,1994,AUTH_03,AUTH,"The phrase 'raíces del pueblo andaluz' invokes roots, but the main discourse function is institutional living-heritage management rather than tradition authorizing a specific practice.",25
1994-03-24-left-noticiario-flamenco,candil,Candil,1994-03,1994,CRIT_04,CRIT,"The text mentions selection procedures and organization, but the visible excerpt does not show expert judgment or boundary-policing being exercised.",21
1994-03-26-left-hablan-las-pe-as,candil,Candil,1994-03,1994,CRIT_02,CRIT,"The Serranito dictionary excerpt applies aesthetic criteria to guitar technique, but the article already has stronger discourse functions in the Canal Sur protest and heritage framing.",26
1994-07-3-left-editorial,candil,Candil,1994-07,1994,HERIT_02,HERIT,"The text mentions public recognition and administration, but it mainly criticizes neglect rather than showing official heritage authorization.",18
1994-07-4-left-la-poca-dorada-diego-del-gastor-,candil,Candil,1994-07,1994,COMM_01,COMM,"The narrator notes being a rare foreigner interested in flamenco, but the passage does not clearly draw an insider/outsider authority boundary.",22
1994-07-9-left-aportaci-n-de-los-gitanos-a-la-c,candil,Candil,1994-07,1994,HERIT_01,HERIT,"The phrase 'señas de identidad de la cultura andaluza' suggests public cultural value, but the stronger visible function is identity-based historical authorization rather than explicit heritage discourse.",28
1994-07-12-left-un-manifiesto-sobre-los-cantes-d,candil,Candil,1994-07,1994,HERIT_03,HERIT,"The text mentions history and remembering, but the visible passage frames this mainly as tradition and valuation rather than public heritage safeguarding.",22
1994-07-14-left-modernidad-y-flamenco-rafael,candil,Candil,1994-07,1994,AUTH_03,AUTH,"The text mentions traditions, but the stronger discourse function is critique of commercialization and community authority rather than a direct continuity claim.",22
1994-07-15-right-a-don-fernando-ca-as-merch-n-man,candil,Candil,1994-07,1994,AUTH_01,AUTH,"The word 'auténtico' appears in 'matrimonio auténtico', but it concerns legal/familial status, not flamenco authenticity.",16
1994-07-15-right-a-don-fernando-ca-as-merch-n-man,candil,Candil,1994-07,1994,PED_02,PED,"The article reconstructs genealogy, but it does not frame flamenco knowledge as transmitted through lineage.",15
1994-07-16-left-poemas-y-coplas,candil,Candil,1994-07,1994,CRIT_02,CRIT,"Terms such as 'duende', 'compás', and 'voz jonda' appear poetically, but they are not applied as explicit evaluative criteria in critical discourse.",22
1994-07-16-left-poemas-y-coplas,candil,Candil,1994-07,1994,AUTH_03,AUTH,"The poem invokes memory, antiquity, and estirpe, but it does not make a clear tradition-continuity argument about flamenco authority.",20
1994-07-17-left-la-poderosa-figura-de,candil,Candil,1994-07,1994,COMM_04,COMM,"The text names Carmen Amaya as a gitana del Somorrostro, but identity primarily supports canonization and commemoration rather than a broader identity-boundary argument.",24
1994-07-19-left-para-los-lectores-de-candil,candil,Candil,1994-07,1994,AUTH_01,AUTH,"The phrase «el auténtico Antonio Pozo» identifies the real person behind the stage name, but it does not make a flamenco authenticity claim.",23
1994-07-19-left-para-los-lectores-de-candil,candil,Candil,1994-07,1994,CRIT_02,CRIT,"The cante jondo/cante serio taxonomy names genres, but the visible passage does not clearly apply those terms as evaluative criteria.",21
1994-07-23-right-discograf-a-flamenca-rafael,candil,Candil,1994-07,1994,CRIT_04,CRIT,"The attack on obstructive collectors is critical, but the stronger emitted codes already capture heritage access and pedagogical mediation without overcoding.",21
1994-07-23-right-discograf-a-flamenca-rafael,candil,Candil,1994-07,1994,COMM_02,COMM,"Aficionados are mentioned as beneficiaries of access, but they are not clearly granted independent communal authority to judge or sustain flamenco.",21
1994-07-24-left-a-manuel-martin-martin-el-de-la-,candil,Candil,1994-07,1994,PED_03,PED,"The word «escuela» appears, but here it functions mainly as stylistic/canonical lineage rather than institutional or access-oriented pedagogy.",20
1994-07-24-left-a-manuel-martin-martin-el-de-la-,candil,Candil,1994-07,1994,HERIT_03,HERIT,"The trigger «Recuerda» is retrieval scaffolding or ordinary polemical memory, not public heritage or safeguarding discourse.",16
1994-07-26-left-pastora-pab-n-cruz-afortunada-en,candil,Candil,1994-07,1994,COMM_04,COMM,"The article strongly frames Pastora through gender and romance, but the identity framing does not clearly organize flamenco belonging, authority, or representation.",22
1994-07-26-left-pastora-pab-n-cruz-afortunada-en,candil,Candil,1994-07,1994,CRIT_03,CRIT,"The list of Vicente Amigo's prizes and honors signals status, but it reads mainly as biographical enumeration rather than canon-building discourse.",23
1994-09-3-left-editorial,candil,Candil,1994-09,1994,CRIT_01,CRIT,"The praise of Morente's independence is evaluative, but the more specific critical-authority and anti-commercial authenticity codes capture the discourse function.",23
1994-09-3-left-editorial,candil,Candil,1994-09,1994,HERIT_01,HERIT,"The editorial values flamenco culturally, but it does not frame it explicitly as patrimonio, heritage, or public cultural memory.",19
1994-09-4-left-la-poca-dorada-mis-encuentros-co,candil,Candil,1994-09,1994,PED_03,PED,"The word 'guiarles' appears in a political discussion about Franco and Spaniards, not flamenco learning or access to knowledge.",19
1994-09-11-left-nano-de-jerez-rafael,candil,Candil,1994-09,1994,PED_01,PED,"Antonio Mairena's 'magisterio' is mentioned, but the visible excerpt does not provide enough detail on teaching or correction beyond artistic influence.",22
1994-09-13-left-poes-a-emilio-gonz-lez-de-herv-s,candil,Candil,1994-09,1994,AUTH_03,AUTH,"The poem evokes Silverio and traditional forms, but it does not clearly use the past to authorize present flamenco practice.",20
1994-09-14-right-bienal-x27-94-la-desproporci-n-p,candil,Candil,1994-09,1994,COMM_03,COMM,"The trigger 'privado' occurs in 'se le ha privado', meaning deprived; it is not a public/private participatory setting contrast.",20
1994-09-15-right-cr-nica-del-xxii-congreso-de-art,candil,Candil,1994-09,1994,COMM_02,COMM,"The phrase 'no siempre bien entendido y aceptado en los ambientes jondos' suggests reception by flamenco circles, but the visible excerpt does not clearly grant those circles authority.",28
1994-09-19-right-alre-de-la-fiesta-gitana-miguel-,candil,Candil,1994-09,1994,PED_01,PED,"Fernanda Romero's academy is mentioned, but the passage does not frame her teaching as authoritative transmission.",17
1994-09-19-right-alre-de-la-fiesta-gitana-miguel-,candil,Candil,1994-09,1994,COMM_02,COMM,"Family and neighborhood affiliations appear, but most are biographical rather than explicit community authority claims.",15
1994-09-23-left-i-congreso-provincial-sobre-los-,candil,Candil,1994-09,1994,HERIT_02,HERIT,"Many institutions sponsor the congress, but sponsorship alone does not constitute authorized heritage discourse.",14
1994-09-23-left-i-congreso-provincial-sobre-los-,candil,Candil,1994-09,1994,PED_03,PED,"Educational aspects are listed as a work block, but the visible text does not develop a clear learning-access discourse.",20
1994-09-25-left-iii-encuentros-flamencos-de-gran,candil,Candil,1994-09,1994,HERIT_03,HERIT,"The trigger word 'lugar' appears only inside a correction of a sung lyric, not in heritage or memory-work discourse.",20
1994-09-25-left-iii-encuentros-flamencos-de-gran,candil,Candil,1994-09,1994,AUTH_04,AUTH,"The text mentions economic and artistic investment, but not as an authenticity threat or anti-commercial claim.",17
1994-09-26-left-agust-n-g-mez-crispado-tozudo-y-,candil,Candil,1994-09,1994,AUTH_01,AUTH,"The repeated language of truth concerns factual correction in a polemic, not authenticity or proper flamenco.",16
1994-09-26-left-agust-n-g-mez-crispado-tozudo-y-,candil,Candil,1994-09,1994,PED_03,PED,"Mentions of copying and listening appear in a dispute over attribution, not as a developed learning or transmission-access claim.",20
1994-09-29-left-adi-s-montoyita,candil,Candil,1994-09,1994,COMM_04,COMM,"Caló/gitano identity is mentioned, but the article mainly uses family lineage rather than identity-group framing to authorize flamenco.",20
1994-09-29-left-adi-s-montoyita,candil,Candil,1994-09,1994,CRIT_01,CRIT,"There is some praise of individual relatives, but the stronger discourse function is lineage and canonization rather than performance review.",20
1994-09-30-left-aunque-no-quepa-en-el-papel-bibl,candil,Candil,1994-09,1994,CRIT_03,CRIT,"References to a second edition and to Paco Serrano's international successes suggest status, but the central discourse is review evaluation rather than canon construction.",25
1994-11-3-left-editorial,candil,Candil,1994-11,1994,COMM_02,COMM,"The masthead mentions Peña Flamenca de Jaén, but this is administrative metadata and does not itself authorize community judgment.",19
1994-11-5-right-paco-la-persona-d,candil,Candil,1994-11,1994,PED_03,PED,"Creativity and work cycles are discussed, but the visible passage does not clearly frame institutional/transnational learning or access.",19
1994-11-7-right-integrados-apocal-pticos,candil,Candil,1994-11,1994,PED_02,PED,"The phrase about lived experience in madrugadas suggests experiential knowledge, but it functions more as tradition-based authorization than explicit transmission or apprenticeship.",23
1994-11-11-left-carta-entre-guitarras-f-lix-de-u,candil,Candil,1994-11,1994,PED_02,PED,"The text mentions Paco growing among family guitarists and his brother as first maestro, but the visible passage mainly uses this as biography rather than developing transmission as a discourse function.",31
1994-11-12-left-al-l-mite-de-la-propia-superaci-,candil,Candil,1994-11,1994,PED_01,PED,"Sabicas and Paco's father are pedagogically important, but the clearer discourse function is lived family transmission rather than formal pedagogical authority.",22
1994-11-17-left-di-logos-desde-la-m-sica-cl-sica,candil,Candil,1994-11,1994,HERIT_01,HERIT,"The text invokes universal culture and civilization, but it does not clearly frame flamenco as public heritage or patrimony.",19
1994-11-19-left-francisco-s-nchez-paco-de-luc-a-,candil,Candil,1994-11,1994,PED_01,PED,"The word 'maestro' appears, but it functions as an honorific for Paco de Lucía rather than as evidence of teaching or pedagogical authority.",23
1994-11-19-left-francisco-s-nchez-paco-de-luc-a-,candil,Candil,1994-11,1994,COMM_02,COMM,"The reference to 'aficionados' is part of a respectful disclaimer and does not grant them authority to recognize, sustain, or judge flamenco.",22
1994-11-20-right-paco-de-luc-a-compositor-y-guita,candil,Candil,1994-11,1994,HERIT_03,HERIT,"The phrase 'ensuciado su memoria' concerns Camarón's reputation in a dispute, but it does not frame memory as collective heritage or public cultural safeguarding.",25
1994-11-22-left-paco-de-luc-a-interpreta-a-don-m,candil,Candil,1994-11,1994,AUTH_01,AUTH,"The phrase 'jondo cabal' praises flamenco depth and completeness, but the passage does not explicitly claim authenticity or proper flamenco.",20
1994-11-22-right-paco-de-luc-a-poes-a-daniel,candil,Candil,1994-11,1994,AUTH_03,AUTH,"References to Falla, Camarón, soleá, and fragua evoke flamenco associations, but they do not clearly use tradition or roots to authorize present practice.",23
1994-11-22-right-paco-de-luc-a-poes-a-daniel,candil,Candil,1994-11,1994,CRIT_03,CRIT,"The poem compares Paco with Camarón and Falla, but the comparison is analogical rather than a clear ranking or canon-building hierarchy.",22
1994-11-23-left-unas-palabras-para-paco,candil,Candil,1994-11,1994,AUTH_03,AUTH,"The text ends with the fragment 'tradición y', so there is not enough visible evidence to establish a tradition/continuity claim.",21
1994-11-24-left-una-nueva-era-de-la-m-sica-flame,candil,Candil,1994-11,1994,PED_03,PED,"The text says Paco's style created a school and influenced younger flamencos, but it does not directly frame institutional, transnational, or access-oriented learning.",25
1994-11-25-right-paco-de-luc-a-artista-y-andaluz-,candil,Candil,1994-11,1994,HERIT_03,HERIT,"The passage includes memory language, but the stronger discourse function is civic/institutional recognition through a monument.",17
1994-11-27-left-tres-recuerdos-de-paco-de-luc-a-,candil,Candil,1994-11,1994,HERIT_03,HERIT,"The text is structured around memory and recollection, but it does not clearly frame these memories as public heritage safeguarding or community heritage work.",24
1994-11-27-right-paco-de-luc-a-c-diz-y-el-flamenc,candil,Candil,1994-11,1994,COMM_04,COMM,"References to gitana, árabe, folklore nacional, gaditano, and souls flamencas suggest identity framing, but the visible passage mainly uses them as origin/aesthetic imagery rather than clearly defining group belonging or authority.",32
1994-11-28-left-gloria-de-esta-espa-a-nuestra,candil,Candil,1994-11,1994,PED_01,PED,The phrase 'pa que le enseñara al mundo' is poetic praise and does not establish a concrete pedagogical authority or teaching relation.,22
1994-11-30-left-paco-de-luc-a-poes-a-fernando,candil,Candil,1994-11,1994,AUTH_03,AUTH,"The poem mentions Algeciras, Andalucía, and birth/origin, but these are mainly laudatory place markers rather than a developed roots-or-continuity claim.",23
1994-11-30-right-tu-guitarra,candil,Candil,1994-11,1994,CRIT_02,CRIT,"The poem uses qualities such as mystery, freedom, and truth, but it does not clearly apply them as flamenco-specific criteria for judging quality.",24
1994-11-31-left-paco-de-luc-a-excelso-creador,candil,Candil,1994-11,1994,HERIT_02,HERIT,"The article lists institutional awards and official recognitions, but it does not clearly frame them as heritage authorization or patrimonial recognition.",21
1994-11-32-left-paco-de-luc-a-francisco-del,candil,Candil,1994-11,1994,CRIT_02,CRIT,"The text uses aesthetic vocabulary, but the clearest function is broad evaluative praise already captured under CRIT_01.",17
1994-11-33-left-paco-de-luc-a-es-aparte,candil,Candil,1994-11,1994,PED_03,PED,"The trigger word creativity appears, but the learning discourse is familial and disciplined rather than institutional or transnational access.",19
1994-11-34-left-jos-luis,candil,Candil,1994-11,1994,CRIT_01,CRIT,"There is broad praise of Paco's artistry, but the stronger and more specific evaluative function is canon/hierarchy under CRIT_03.",21
1994-11-34-left-jos-luis,candil,Candil,1994-11,1994,HERIT_02,HERIT,"Awards and institutions appear, but the passage does not frame flamenco as public heritage or patrimony.",16
1994-11-35-right-glosas,candil,Candil,1994-11,1994,AUTH_01,AUTH,"The phrase 'creador auténtico' appears, but the stronger discourse function is tradition/continuity rather than a distinct authenticity claim.",19
1994-11-35-right-glosas,candil,Candil,1994-11,1994,HERIT_03,HERIT,"Memory and marginalization are invoked poetically, but the passage does not clearly frame public heritage safeguarding or community heritage work.",20
1995-01-3-left-editorial,candil,Candil,1995-01,1995,AUTH_02,AUTH,"The editorial mentions delimiting and redefining jondo content, but it does not itself draw a clear pure/impure or proper/improper flamenco boundary.",23
1995-01-3-left-editorial,candil,Candil,1995-01,1995,COMM_01,COMM,"The phrase 'extramuros del Flamenco' appears, but it concerns verbal aggression outside the field rather than a clear insider/outsider authority boundary.",22
1995-01-11-left-perfil-humano-y-flamenco-de-el-c,candil,Candil,1995-01,1995,HERIT_03,HERIT,"The text mentions extinction and memory, but the visible excerpt frames this mainly as lineage and homage rather than explicit public heritage safeguarding.",23
1995-01-14-left-el-flamenco-dos-est-ticas-manuel,candil,Candil,1995-01,1995,AUTH_03,AUTH,"The root/branch metaphor suggests continuity, but the stronger function is safeguarding a marginalized aesthetic rather than authorizing by tradition alone.",21
1995-01-16-left-tangos-de-c-diz-campanilleros-co,candil,Candil,1995-01,1995,COMM_04,COMM,"The lyric says the foreigner's soul becomes 'gitana', but this is poetic song text rather than an article-level discourse move defining flamenco belonging or authority.",27
1995-01-17-left-al-mundillo-del-arte-flamenco,candil,Candil,1995-01,1995,COMM_02,COMM,"The aficionado and peña context is visible, but the stronger evidence concerns safeguarding, authenticity, institutional study, and participatory conduct rather than peña authority itself.",24
1995-01-18-right-por-malague-as-paco,candil,Candil,1995-01,1995,AUTH_02,AUTH,"The phrase 'puro libelo' uses 'puro' as an intensifier for polemical writing, not as purity boundary-work around flamenco.",19
1995-01-18-right-por-malague-as-paco,candil,Candil,1995-01,1995,COMM_02,COMM,"The text mentions aficionados and the pueblo, but does not clearly grant community authority separate from the author's critical-evidentiary authority.",22
1995-01-20-left-el-an-lisis-contrastivo-en-la-in,candil,Candil,1995-01,1995,AUTH_03,AUTH,"The opening mentions recovery of historical roots and original patterns, but the clearest discourse work is authentication through transmission and rigorous method.",22
1995-01-20-left-el-an-lisis-contrastivo-en-la-in,candil,Candil,1995-01,1995,CRIT_02,CRIT,"Terms such as 'esencialidad' and 'solemnidad' are evaluative, but the excerpt does not provide enough separate aesthetic-criteria discussion to justify another emitted code.",24
1995-01-22-right-som-flamencs-o-el-flamenco-triun,candil,Candil,1995-01,1995,PED_02,PED,"The text mentions Mayte Martín's hard and fertile learning, but it does not clearly describe oral, embodied, familial, or lineage-based transmission.",23
1995-01-24-right-cantes-y-sus-escuelas-o-sus-int-,candil,Candil,1995-01,1995,AUTH_03,AUTH,"Origins and continuity are discussed, but the stronger visible discourse function is pedagogical lineage transmission rather than a separate tradition-authority claim.",22
1995-01-26-left-una-aclaraci-n,candil,Candil,1995-01,1995,PED_02,PED,"There are references to collected material and artistic convivencia, but the passage is mainly an attribution dispute rather than a clear account of learning or transmission.",26
1995-03-3-left-enrique-morente-premio-nacional-,candil,Candil,1995-03,1995,CRIT_04,CRIT,"Purists and detractors are mentioned, but the stronger visible function is institutional legitimation and canon-elevation rather than critic-authority discourse.",21
1995-03-3-right-la-poca-dorada-finca-espartero,candil,Candil,1995-03,1995,COMM_03,COMM,"Participation in a disappearing way of life is visible, but the stronger coded claims are authenticity and institutional access rather than a separate public/private participatory contrast.",27
1995-03-7-left-juan-habichuela-un-espejo-de-vir,candil,Candil,1995-03,1995,AUTH_03,AUTH,"The text uses traditional and lineage language, but the stronger visible function is biographical formation and canonizing lineage rather than an explicit tradition-continuity claim authorizing present practice.",28
1995-03-11-right-la-saeta-alcalaina,candil,Candil,1995-03,1995,HERIT_01,HERIT,"The excerpt has local memory and collective culture, but it does not clearly use a public heritage or patrimony frame.",20
1995-03-14-left-xi-distinci-n-comp-s-del-cante,candil,Candil,1995-03,1995,HERIT_02,HERIT,"The award and jury confer recognition, but the visible text does not frame this as heritage or patrimonial authorization.",19
1995-03-15-left-iv-itinerario-flamenco-a-la-verd,candil,Candil,1995-03,1995,HERIT_02,HERIT,"The Consejería sponsorship is institutional, but the passage does not clearly use heritage or official patrimonial recognition as the basis of value.",22
1995-03-16-right-una-nueva-llave-de-oro,candil,Candil,1995-03,1995,CRIT_01,CRIT,"The article evaluates the award procedure, but the stronger and more specific functions are expert boundary critique and canon/ranking criteria.",21
1995-03-20-right-el-fandango-y-o-los-verdiales-ta,candil,Candil,1995-03,1995,PED_03,PED,"The article mentions didactic classification and interpretation difficulty, but the visible text does not center learning access or institutional pedagogy.",20
1995-03-25-right-aunque-no-quepa-en-el-papel,candil,Candil,1995-03,1995,AUTH_01,AUTH,"The word 'verdaderas' refers to real contributions in a review context, not to genuine or proper flamenco authenticity.",18
1995-03-25-right-aunque-no-quepa-en-el-papel,candil,Candil,1995-03,1995,CRIT_03,CRIT,"Moraíto Chico is called one of the outstanding tocaores of his promotion, but this appears in a brief biographical note rather than sustained canon construction.",25
1995-05-3-left-editorial,candil,Candil,1995-05,1995,COMM_02,COMM,"The text calls Olivares an 'aficionao', but does not clearly make afición itself the source of authority.",17
1995-05-4-left-la-poca-dorada-finca-espartero,candil,Candil,1995-05,1995,CRIT_01,CRIT,The final praise of a deep performance is vivid but too brief in the visible excerpt to support a separate review code beyond the participatory-authenticity frame.,27
1995-05-6-left-roque-montoya-jarrito-otro-flame,candil,Candil,1995-05,1995,COMM_02,COMM,"The text mentions friendships and the flamenco environment, but does not clearly grant community authority to recognize or judge flamenco.",20
1995-05-6-left-roque-montoya-jarrito-otro-flame,candil,Candil,1995-05,1995,CRIT_03,CRIT,"Jarrito is praised as a friend and caballero, but the passage does not canonize or rank him among exemplary flamenco artists.",21
1995-05-6-right-la-personalidad-flamenca-y-human,candil,Candil,1995-05,1995,CRIT_03,CRIT,"The phrase 'lo han hecho grande' elevates community workers, but the main discourse function is afición/community authority rather than a ranked canon of artists.",25
1995-05-8-right-homenaje-a-pepe-cruz-alfonso,candil,Candil,1995-05,1995,HERIT_03,HERIT,"The text is elegiac and memory-heavy, but the visible excerpt does not clearly frame the remembrance as public cultural safeguarding.",21
1995-05-10-left-la-poes-a-y-el-baile-flamenco,candil,Candil,1995-05,1995,COMM_04,COMM,The reference to 'hombres' is generic historical language and does not clearly organize flamenco authority through identity-group framing.,19
1995-05-13-right-manuel-torre-y-los-artistas-del-,candil,Candil,1995-05,1995,COMM_02,COMM,"Family networks are central, but the stronger function is lineage/identity framing rather than aficionado or peña community authority.",19
1995-05-13-right-manuel-torre-y-los-artistas-del-,candil,Candil,1995-05,1995,CRIT_04,CRIT,"The mention of data and documentation shows scholarship, but no critic or expert is clearly exercising evaluative authority in the visible excerpt.",22
1995-05-17-left-camar-n-el-genio-perdido-domingo,candil,Candil,1995-05,1995,AUTH_03,AUTH,"The references to orthodoxy, old cantes, and old/new mixture are present, but the dominant function is critical evaluation rather than a distinct tradition-continuity claim.",26
1995-05-18-left-jerez-su-cuna-lo-acogi-con-arte-,candil,Candil,1995-05,1995,HERIT_03,HERIT,"The final call for institutions to care about flamenco suggests support, but the visible passage does not clearly frame flamenco as public heritage or safeguarding.",25
1995-05-19-left-discografia-flamenca-rafael,candil,Candil,1995-05,1995,AUTH_03,AUTH,"Orthodox/classical formation is important, but the clearer discourse function is aesthetic and boundary critique rather than continuity as a separate claim.",22
1995-05-20-left-presencia-de-c-ntico-en-el-flame,candil,Candil,1995-05,1995,CRIT_02,CRIT,"The passage links sentiment, music, voice, and lyrical word to flamenco, but this functions more as broad aesthetic reflection than applied evaluative criteria for a specific performance.",27
1995-05-21-left-antiguos-cantos-de-linares-jos,candil,Candil,1995-05,1995,PED_01,PED,"The ending notes that an artist teaches at the Conservatorio de Jerez, but this is neutral biography without pedagogical authority or transmission stakes.",23
1995-07-8-left-el-presidente-de-la,candil,Candil,1995-07,1995,COMM_02,COMM,"The text mentions aficionados and the Peña Flamenca de Jaén, but the strongest visible claims concern heritage identity, knowledge mediation, and purity boundary-work rather than community authority.",28
1995-07-8-left-el-presidente-de-la,candil,Candil,1995-07,1995,CRIT_04,CRIT,"The anti-commercial critique could support boundary critique, but it substantially overlaps with the emitted AUTH_02 purity-boundary claim.",19
1995-07-8-right-junta-de-andalucia,candil,Candil,1995-07,1995,AUTH_03,AUTH,"The text says Candil studies the roots and evolution of flamenco, but the phrase is mainly about the publication's analytical scope rather than using roots to authorize a present practice.",31
1995-07-42-left-flamenco,candil,Candil,1995-07,1995,PED_03,PED,"Entries such as 'FLAMENCO EN LA ESCUELA' and 'Los Cursos de Iniciación al Flamenco en la Escuela' suggest institutional learning topics, but they are index headings without visible discourse function.",30
1995-07-42-left-flamenco,candil,Candil,1995-07,1995,CRIT_03,CRIT,"Index entries such as 'Paco de Lucía, flamenco universal' could imply canonical status, but the visible text only lists titles and references.",22
1995-07-57-right-el-jaleo-fue-madre-de-la-sole,candil,Candil,1995-07,1995,CRIT_01,CRIT,"The bibliographic index contains labels such as 'Crítica' and discographic titles, but these are headings/list entries rather than visible evaluative discourse.",22
1995-09-3-right-flamenquismo-y-modernismo,candil,Candil,1995-09,1995,AUTH_03,AUTH,"The section announces hypotheses about origins and persistence, but the visible excerpt uses these mostly as historical framing rather than to authorize present flamenco through roots or continuity.",28
1995-09-3-right-flamenquismo-y-modernismo,candil,Candil,1995-09,1995,PED_03,PED,The trigger 'título' appears in a bibliographic aside; there is no clear institutional or transnational learning/access discourse.,18
1995-09-12-left-cr-nica-del-xxiii-congreso-de-ar,candil,Candil,1995-09,1995,HERIT_03,HERIT,"The phrase 'culturas vivas' and the memory of events suggest cultural vitality, but the visible passage does not clearly frame safeguarding, heritage responsibility, or contested heritage politics.",27
1995-09-12-left-cr-nica-del-xxiii-congreso-de-ar,candil,Candil,1995-09,1995,PED_03,PED,"Conferences and historical summaries are mentioned, but the excerpt does not clearly foreground learning access or institutional pedagogy.",18
1995-09-14-left-con-el-congreso-como-excusa,candil,Candil,1995-09,1995,COMM_02,COMM,"The text mentions aficionados from peñas, but they are not clearly positioned as authoritative judges or sustainers of flamenco in the visible excerpt.",23
1995-09-15-left-los-congresos-de-arte-flamenco-e,candil,Candil,1995-09,1995,COMM_02,COMM,"The phrase 'buenos aficionaos' praises committed organizers, but the stronger discourse function is institutional-pedagogical and heritage conservation.",18
1995-09-15-right-santiago-donday,candil,Candil,1995-09,1995,COMM_04,COMM,"Identity terms such as 'gitano' and 'masculino' appear, but the short text does not clearly use them to organize belonging, authority, or representation.",23
1995-09-17-left-jos-luis-postigo,candil,Candil,1995-09,1995,COMM_02,COMM,"Family friends and aficionados are mentioned as part of the artist's environment, but the excerpt emphasizes learning trajectory rather than community authority.",23
1995-09-20-left-aunque-no-quepa-en-el-papel,candil,Candil,1995-09,1995,COMM_04,COMM,"The text uses gendered imagery around Carmen Amaya, but it does not clearly make identity-group framing the basis of flamenco belonging or authority.",24
1995-09-21-left-una-nueva-llave-de-oro,candil,Candil,1995-09,1995,COMM_04,COMM,"The text mentions origins such as payo, gitano, Sevilla, Jerez, Córdoba, and Cádiz, but the visible passage uses them mainly to reject origin-based exclusion rather than to frame an identity group as authoritative.",34
1995-09-23-left-tito-ortiz-a-comp-s,candil,Candil,1995-09,1995,COMM_03,COMM,"The venue and audience are described vividly, but the visible passage does not clearly contrast participatory/private flamenco with spectatorial/public flamenco as a value framework.",26
1995-09-25-right-i-encuentro-flamenco-y-universid,candil,Candil,1995-09,1995,AUTH_01,AUTH,"The phrases 'genuino Cante de Levante' and 'puras excelencias' have authenticity force, but they are embedded mainly in performance evaluation and are covered more precisely by CRIT_02 here.",28
1995-11-3-left-falla-y-el-cante-jondo,candil,Candil,1995-11,1995,PED_03,PED,"The text calls for rigorous musical studies of flamenco, but the visible passage is more about a research deficit than access, teaching, or institutional pedagogy.",25
1995-11-3-right-la-escuela-de-antonio-mairena,candil,Candil,1995-11,1995,CRIT_04,CRIT,"The skeptical reference to Nuevo Flamenco and 'actuales (flamencos?)' suggests boundary critique, but the stronger visible discourse centers on Mairena's school rather than a developed critique of those groups.",30
1995-11-4-right-antonio-bonilla-un-cantaor-en-el,candil,Candil,1995-11,1995,CRIT_01,CRIT,"Bonilla is praised as a quality cantaor, but the dominant discourse function is canon correction and community recognition rather than a standalone review.",23
1995-11-6-left-paqui-lara-por-las-vereas-del-ar,candil,Candil,1995-11,1995,AUTH_03,AUTH,"The interview names lines such as Mairena, La Niña de los Peines, and Fernanda de Utrera, but the visible passage does not develop tradition or continuity as an explicit authorizing claim.",31
1995-11-6-left-paqui-lara-por-las-vereas-del-ar,candil,Candil,1995-11,1995,COMM_02,COMM,"Afición appears in a question, but the passage mainly describes personal initiation and learning rather than community authority.",18
1995-11-9-left-rafael-salazar-motos-rafael-fari,candil,Candil,1995-11,1995,AUTH_04,AUTH,"The article mentions commercial dedication to copla, but it does not clearly frame commerce itself as corrupting authenticity.",18
1995-11-9-right-el-adios-a-rafael-farina,candil,Candil,1995-11,1995,COMM_04,COMM,"The text uses identity markers such as 'gitano de los pies a la cabeza' and 'charro de cuna', but they function mostly as biographical/color descriptors rather than a developed authority or belonging claim.",34
1995-11-9-right-el-adios-a-rafael-farina,candil,Candil,1995-11,1995,AUTH_03,AUTH,"The closing says Farina's art remains alive, but the passage is elegiac memory rather than a clear tradition-continuity claim authorizing present practice.",24
1995-11-11-right-para-antonio-murciano-gonz-lez-a,candil,Candil,1995-11,1995,COMM_04,COMM,"The poem names gitano and Andalusian/local identities, but they function mainly as imagery rather than a clear identity-based authority claim.",22
1995-11-12-right-aunque-no-quepa-en-el-papel,candil,Candil,1995-11,1995,CRIT_03,CRIT,"The text says the book could serve as a university manual and uses 'definitivo', but it does not clearly canonize or rank the work against other flamenco books.",28
1995-11-14-left-avante-claro,candil,Candil,1995-11,1995,CRIT_04,CRIT,"The review critiques heterodox/commercial-sounding elements, but the stronger evidence is direct purity boundary-work and aesthetic evaluation rather than expert-authority discourse.",24
1995-11-14-right-noche-flamenca-en-sanl-car,candil,Candil,1995-11,1995,COMM_02,COMM,"The peña community is visible, but the stronger discourse function is the participatory/intimate setting rather than explicit community authority to judge.",22
1995-11-15-left-carta-abierta-a-yerga-lancharro,candil,Candil,1995-11,1995,COMM_02,COMM,"Aficionados are mentioned as possible verifiers, but the article does not clearly grant them independent community authority.",17
1995-11-16-left-enderezando-entuertos,candil,Candil,1995-11,1995,AUTH_01,AUTH,"The phrase about artistic essence could imply authenticity, but the visible argument is mainly an aesthetic-critical claim about voice and artistry.",22
1995-11-16-left-enderezando-entuertos,candil,Candil,1995-11,1995,COMM_04,COMM,"The text contrasts gitano and non-gitano voice types, but the passage functions mainly as aesthetic evaluation rather than identity-based belonging.",22
1995-11-17-right-nostalgias-guitarr-sticas-madril,candil,Candil,1995-11,1995,COMM_03,COMM,"The home tertulias are evocative, but the passage emphasizes learning and remembrance more than a public/private participatory boundary.",19
1995-11-17-right-nostalgias-guitarr-sticas-madril,candil,Candil,1995-11,1995,AUTH_03,AUTH,"References to the orthodox line of Ramón Montoya suggest continuity, but this is not developed enough beyond pedagogical lineage to emit separately.",22
1995-11-19-left-homenaje-a-antonio-murciano,candil,Candil,1995-11,1995,HERIT_01,HERIT,"The event has public cultural value, but the visible text does not explicitly frame flamenco as heritage or patrimony.",19
1995-11-19-right-pre-flamenco-en-barcelona-a-fine,candil,Candil,1995-11,1995,CRIT_03,CRIT,"The excerpt includes references to 'mejores coplas' in a bibliographic title, but this does not itself construct a canon or hierarchy in the visible argument.",25
1995-11-19-right-pre-flamenco-en-barcelona-a-fine,candil,Candil,1995-11,1995,HERIT_01,HERIT,"The article treats flamenco as historical culture, but does not clearly frame it as public heritage or patrimonio.",18
1996-01-3-left-la-reno-vaci-n,candil,Candil,1996-01,1996,AUTH_03,AUTH,"The editorial mentions continuity of the project, but the passage does not ground flamenco's value in tradition or roots.",20
1996-01-11-left-100-n-meros-cien-satisfacciones,candil,Candil,1996-01,1996,CRIT_02,CRIT,"The review applies criteria such as compás, creatividad, flamencura, and melodía, but CRIT_01 captures the main performance evaluation sufficiently.",19
1996-01-11-left-100-n-meros-cien-satisfacciones,candil,Candil,1996-01,1996,HERIT_02,HERIT,"Institutional financial support is mentioned, but it is routine publication support rather than explicit heritage authorization.",16
1996-01-12-right-el-futuro-de-las-revistas-de-fla,candil,Candil,1996-01,1996,COMM_03,COMM,The retrieval trigger 'publicación' does not indicate a public/private participatory setting in the visible text.,16
1996-01-12-right-el-futuro-de-las-revistas-de-fla,candil,Candil,1996-01,1996,CRIT_03,CRIT,"The article mentions generations, but it does not clearly rank or canonize them in the visible excerpt.",17
1996-01-14-left-muri-antonio-un-rey-sin-sombra,candil,Candil,1996-01,1996,COMM_04,COMM,"The phrase 'bailarines gitanos' includes identity framing, but the excerpt uses it mainly as a ranking label rather than a developed claim about group authority or belonging.",27
1996-01-14-left-muri-antonio-un-rey-sin-sombra,candil,Candil,1996-01,1996,CRIT_01,CRIT,"The biography includes praise and success language, but CRIT_03 better captures the clear ranking/canonization function.",16
1996-01-17-left-multitudinario-homenaje-de-despe,candil,Candil,1996-01,1996,CRIT_03,CRIT,"El Habichuela is described as an example to follow, but the article's strongest functions are community homage, boundary work, and performance evaluation.",23
1996-01-17-left-multitudinario-homenaje-de-despe,candil,Candil,1996-01,1996,AUTH_04,AUTH,"Commercial matices are mentioned for Chiquetete, but the passage does not develop a full anti-commercial authenticity argument beyond boundary critique.",21
1996-01-18-left-la-noche-de-enrique,candil,Candil,1996-01,1996,AUTH_03,AUTH,"Morente says he is enamored of the orthodox, but the visible passage mainly reports his balance of innovation and received teaching rather than grounding value in tradition.",27
1996-01-18-left-la-noche-de-enrique,candil,Candil,1996-01,1996,CRIT_04,CRIT,"The jury exercises judgment, but HERIT_02 better captures the institutional award mechanism and public authorization.",15
1996-01-19-right-la-rumba-catalana-de-la-habanera,candil,Candil,1996-01,1996,HERIT_02,HERIT,"The trigger 'reconocer' appears, but the passage does not involve official heritage recognition or institutional authorization.",16
1996-01-19-right-la-rumba-catalana-de-la-habanera,candil,Candil,1996-01,1996,CRIT_03,CRIT,"The geography of cante is discussed, but the visible text does not clearly create a hierarchy or canon.",18
1996-01-24-right-catalu-a-pionera-de-la-did-ctica,candil,Candil,1996-01,1996,HERIT_02,HERIT,"The article was a communication to a congress, but the visible argument does not frame Amat through official heritage recognition.",20
1996-01-24-right-catalu-a-pionera-de-la-did-ctica,candil,Candil,1996-01,1996,CRIT_03,CRIT,"Calling Catalonia 'pionera' has ranking force, but the stronger coding is pedagogical authority and corrective critical argument.",17
1996-03-3-left-juan-talega,candil,Candil,1996-03,1996,CRIT_01,CRIT,"The article praises Talega and criticizes innovations, but those judgments are better captured by canonization and authenticity boundary work.",19
1996-03-3-left-juan-talega,candil,Candil,1996-03,1996,COMM_04,COMM,"Gitano clan identity is central to transmission, but the visible evidence functions more specifically as oral-lineage pedagogy.",18
1996-03-3-right-la-epoca-dorada,candil,Candil,1996-03,1996,COMM_03,COMM,"The article evokes fiesta and lived sociability, but the visible excerpt does not clearly contrast participatory settings with spectatorship as a distinct discourse function beyond the anti-theatrical authenticity claim.",30
1996-03-7-left-qu-pasa-con-el-flamenco-de-hoy,candil,Candil,1996-03,1996,PED_02,PED,"The text mentions vivencias and accumulated experience, but it does not clearly describe oral, embodied, familial, or lineage transmission as the mechanism of learning.",24
1996-03-12-left-matilde-coral-sabidur-a-flamenca,candil,Candil,1996-03,1996,PED_01,PED,"The opening mentions official recognition of her classes, but the visible passage mainly authorizes her through public experience and community formation rather than a concrete teaching authority claim.",28
1996-03-12-left-matilde-coral-sabidur-a-flamenca,candil,Candil,1996-03,1996,HERIT_02,HERIT,"Official recognition is mentioned, but the passage does not frame the issue as heritage, listing, patrimony, or institutional heritage authority.",20
1996-03-16-left-manuel-yerga-lancharro-en-las-d-,candil,Candil,1996-03,1996,HERIT_01,HERIT,"The final note calls flamenco 'nuestro arte singular' and Andalucía its mother, but it does not explicitly shift into patrimony, public heritage, or cultural policy framing.",26
1996-03-17-left-se-nos-fue-am-s-rodr-quez-rey,candil,Candil,1996-03,1996,HERIT_02,HERIT,"The Aula Militar de Cultura and peñas are named, but they do not clearly confer official heritage recognition or authorized heritage status.",22
1996-03-17-left-se-nos-fue-am-s-rodr-quez-rey,candil,Candil,1996-03,1996,CRIT_02,CRIT,"The text praises Rancapino's ending of a malagueña as 'magistralmente', but it does not develop a clear aesthetic criterion beyond generic praise.",23
1996-03-19-left-la-fascinaci-n-literaria-por-el-,candil,Candil,1996-03,1996,AUTH_01,AUTH,"The purity claim also implies authenticity, but the stronger visible discourse function is purity/contamination boundary work.",17
1996-03-22-right-la-comunicaci-n-catalu-a-pionera,candil,Candil,1996-03,1996,HERIT_02,HERIT,"The Ayuntamiento de Córdoba and specialist publications suggest institutional cultural work, but the visible text frames this mainly as scholarship, not explicit heritage authorization.",24
1996-03-22-right-la-comunicaci-n-catalu-a-pionera,candil,Candil,1996-03,1996,PED_03,PED,"The article concerns guitar history and didactics in the title, but the visible excerpt does not clearly frame learning access or pedagogy as a discourse function.",26
1996-03-24-right-el-flamenco-ante-la-juventud,candil,Candil,1996-03,1996,COMM_03,COMM,"The text discusses participants, receivers, and age groups, but it does not clearly contrast participatory social settings with spectatorship.",19
1996-03-24-right-el-flamenco-ante-la-juventud,candil,Candil,1996-03,1996,CRIT_02,CRIT,"Terms such as sublime, sentir, and ensimismamiento suggest aesthetic criteria, but they are used mainly to explain youth access rather than to evaluate a performance or style.",27
1996-03-26-left-noticiario-flamenco,candil,Candil,1996-03,1996,PED_03,PED,"The congress program lists didáctica, profesores, communications, and roundtables, but this is routine scheduling rather than a clear discourse about institutional learning access.",23
1996-03-26-left-noticiario-flamenco,candil,Candil,1996-03,1996,CRIT_02,CRIT,"Sessions on 'La estética del cante/baile/toque' name aesthetic topics, but the visible text does not state or apply evaluative criteria.",22
1996-03-26-left-noticiario-flamenco,candil,Candil,1996-03,1996,HERIT_02,HERIT,"The university, city reception, congress, and Bienal indicate institutional context, but no explicit heritage or official cultural-authorization discourse is present.",21
1996-05-17-left-manuel-balmaseda-gonz-lez,candil,Candil,1996-05,1996,HERIT_01,HERIT,"The text calls the cancionero an 'herencia', but the frame is mainly literary/familial and charitable rather than clearly public cultural heritage.",22
1996-05-17-left-manuel-balmaseda-gonz-lez,candil,Candil,1996-05,1996,CRIT_03,CRIT,"Balmaseda is praised and linked to Demófilo and Pitre, but the visible text does not clearly build a flamenco canon or ranking.",22
1996-05-22-right-homenaje-a-fausto-olivares,candil,Candil,1996-05,1996,CRIT_03,CRIT,"Some listed titles mention roots, canons, and jondo colors, but titles alone do not provide enough discourse function for coding.",20
1996-05-23-right-salgan-por-esas-ventanas-los-tra,candil,Candil,1996-05,1996,PED_02,PED,"Although compás appears, the passage describes aesthetic reaction and inspiration rather than embodied oral transmission or learning.",17
1996-05-23-right-salgan-por-esas-ventanas-los-tra,candil,Candil,1996-05,1996,AUTH_01,AUTH,"Terms such as 'puros' and 'ortodoxos' appear, but the stronger visible function is aesthetic valuation and rootedness, not a direct authenticity claim about proper flamenco.",25
1996-05-25-right-que-ya-no-estaba-pero-est,candil,Candil,1996-05,1996,CRIT_03,CRIT,"The phrase 'mejor que nadie' is comparative, but it is too brief and elegiac to establish a broader hierarchy or canon.",21
1996-05-25-right-que-ya-no-estaba-pero-est,candil,Candil,1996-05,1996,AUTH_01,AUTH,"The phrase 'puro, oscuro amor biológico' is poetic description of the paintings, not a direct authenticity claim about flamenco.",19
1996-05-26-right-fausto-olivares,candil,Candil,1996-05,1996,COMM_02,COMM,"Afición and shared conversations appear, but the stronger coding evidence concerns critical boundary work rather than community authority.",18
1996-05-26-right-fausto-olivares,candil,Candil,1996-05,1996,AUTH_03,AUTH,"Recovery and asentamiento are mentioned, but the passage does not clearly ground present value in roots, origin, or continuity.",19
1996-05-29-right-acotaciones-al-mundo-de-fausto-o,candil,Candil,1996-05,1996,CRIT_03,CRIT,"The Peña is called a 'referencia obligada', but the visible passage does not build a sustained hierarchy or canon.",19
1996-05-29-right-acotaciones-al-mundo-de-fausto-o,candil,Candil,1996-05,1996,PED_03,PED,"The text mentions the Escuela de Bellas Artes, but this is biographical context rather than a claim about flamenco learning or access.",22
1996-05-31-right-el-arte-de-fausto-olivares,candil,Candil,1996-05,1996,CRIT_03,CRIT,"The text compares Fausto to European movements and Spanish traditions, but it does not clearly rank him within a canon.",20
1996-05-33-right-poema-a-fausto-olivares,candil,Candil,1996-05,1996,CRIT_01,CRIT,"The poem praises the painting indirectly, but the stronger evidence is aesthetic characterization rather than explicit critical assessment.",18
1996-05-33-right-poema-a-fausto-olivares,candil,Candil,1996-05,1996,AUTH_01,AUTH,"The term 'jondo' evokes authenticity-adjacent value, but the poem does not explicitly assert genuine or proper flamenco.",18
1996-05-35-left-fausto-eterno-candil,candil,Candil,1996-05,1996,HERIT_03,HERIT,"The poem memorializes Fausto, but it does not clearly frame collective safeguarding, living heritage, or public heritage responsibility.",18
1996-05-35-left-fausto-eterno-candil,candil,Candil,1996-05,1996,AUTH_03,AUTH,"Several traditional palos are invoked, but they function mainly as poetic metaphors rather than a continuity or roots argument.",19
1996-05-36-left-fausto-y-su-b-squeda-pict-rica,candil,Candil,1996-05,1996,COMM_04,COMM,"The article repeatedly frames femininity, but it concerns Olivares's pictorial treatment of women rather than identity organizing flamenco belonging or authority.",22
1996-05-39-right-fausto-en-su-duraci-n,candil,Candil,1996-05,1996,COMM_04,COMM,"The text repeatedly mentions women as subjects of the paintings, but this does not organize flamenco identity, belonging, or authority.",20
1996-05-41-left-los-colores-jondos-de-fausto-oli,candil,Candil,1996-05,1996,COMM_01,COMM,"Words such as 'adentros', 'dentro' and 'fuera de compás' appear, but they are introspective or idiomatic rather than insider/outsider boundary work.",22
1996-05-41-left-los-colores-jondos-de-fausto-oli,candil,Candil,1996-05,1996,PED_01,PED,"The article mentions Olivares's teaching activity, but does not frame him as an authoritative flamenco teacher or transmitter.",19
1996-05-42-right-descr-dito-de-los-c-nones,candil,Candil,1996-05,1996,PED_01,PED,"The article says Fausto does not try to 'aleccionarnos', but this is not a positive claim about flamenco pedagogy or pedagogical authority.",22
1996-05-42-right-descr-dito-de-los-c-nones,candil,Candil,1996-05,1996,AUTH_04,AUTH,"The critique of official avant-garde and provincial costumbrismo has boundary force, but it is not specifically about commercial spectacle or intimate authenticity.",23
1996-05-43-right-fausto-olivares-en-las-cuevas-ce,candil,Candil,1996-05,1996,COMM_02,COMM,"References to 'amigos del cante' and shared cante nights evoke community, but the visible passage does not clearly grant that group authority to judge or sustain flamenco.",27
1996-05-44-right-fausto-olivares-la-persona,candil,Candil,1996-05,1996,CRIT_01,CRIT,"The excerpt praises Fausto as an artist and person, but the visible text does not connect the evaluation to flamenco or a flamenco-related artistic criterion.",26
1996-05-44-right-fausto-olivares-la-persona,candil,Candil,1996-05,1996,COMM_01,COMM,"The trigger word 'fuera' appears only in an ordinary subjunctive construction, not as an insider/outsider boundary.",17
1996-05-46-right-el-mundo-en-sus-ojos,candil,Candil,1996-05,1996,CRIT_02,CRIT,"The word 'duende' appears, but it is not clearly applied as an aesthetic criterion for judging a performance or artwork.",20
1996-05-46-right-el-mundo-en-sus-ojos,candil,Candil,1996-05,1996,COMM_04,COMM,"The text describes Fausto as a man and older-brother figure, but gender does not organize flamenco authority or belonging.",20
1996-05-49-left-25-de-julio-de-1995,candil,Candil,1996-05,1996,CRIT_02,CRIT,"References to seguiriya, fandango, sones, and letras are poetic memorial language rather than applied criteria of flamenco quality.",18
1996-05-49-left-25-de-julio-de-1995,candil,Candil,1996-05,1996,PED_02,PED,"The phrase 'letras nuevas por memorizar' suggests repertoire memory, but the passage does not frame transmission, learning, or lineage authority.",20
1996-09-3-left-a-ram-n-porras,candil,Candil,1996-09,1996,AUTH_03,AUTH,"The editorial mentions eighteen years of accumulated work and history, but does not use the past to authorize proper flamenco through roots or continuity.",24
1996-09-3-left-a-ram-n-porras,candil,Candil,1996-09,1996,CRIT_03,CRIT,"Porras is called a 'referente,' but the passage mainly authorizes his critical guidance rather than constructing a broader canon or hierarchy.",21
1996-09-3-right-creador-y-recreador,candil,Candil,1996-09,1996,CRIT_03,CRIT,"Terms such as maestro, genio, and mejor cante elevate Mairena, but the visible excerpt's main discourse function is transmission and recreation rather than explicit canon ranking.",27
1996-09-5-left-lorca-en-la-memoria-propuesta-fl,candil,Candil,1996-09,1996,COMM_04,COMM,"The text invokes el pueblo and collective mourning, but identity categories do not clearly organize flamenco authority or belonging.",19
1996-09-6-left-el-flamenco-y-el-pueblo-bases-pa,candil,Candil,1996-09,1996,COMM_04,COMM,"The article strongly frames flamenco through Andalusian and popular-class identity, but this is already captured by the emitted heritage/public-culture codes and does not separately define insider authority.",30
1996-09-6-left-el-flamenco-y-el-pueblo-bases-pa,candil,Candil,1996-09,1996,PED_03,PED,"The ending mentions cursillos, seminarios, and formación de nuevas generaciones, but this is subordinate to the broader safeguarding policy rather than a developed learning-access argument.",26
1996-09-12-right-poema,candil,Candil,1996-09,1996,CRIT_02,CRIT,"The poem uses flamenco-adjacent imagery such as sonidos negros, pena, and lamentos, but it does not apply these as criteria for judging flamenco quality.",25
1996-09-13-left-don-manuel-de-falla-y-el-cante-j,candil,Candil,1996-09,1996,AUTH_03,AUTH,"References to childhood sources, tierra, and cante jondo suggest rootedness, but the visible excerpt mainly performs historical/canonical evaluation rather than using tradition to authorize present flamenco practice.",28
1996-09-23-left-flamenco-en-la-universidad-compl,candil,Candil,1996-09,1996,AUTH_01,AUTH,"The article defends practitioner knowledge and says flamenco need not apologize, but it does not directly label a form or practice as authentic flamenco.",24
1996-09-24-left-un-centenario-el-personaje,candil,Candil,1996-09,1996,AUTH_04,AUTH,"The retrieval trigger 'cercanía' is temporal proximity to a centenary, not intimacy or co-presence used as an authenticity marker.",20
1996-09-24-left-un-centenario-el-personaje,candil,Candil,1996-09,1996,HERIT_03,HERIT,"The centenary and homage have memory-work overtones, but the visible text does not clearly frame flamenco as safeguarded public heritage.",21
1996-09-26-left-manuel-yerga-lancharro-ni-quito-,candil,Candil,1996-09,1996,CRIT_04,CRIT,"The narrator strongly endorses Varea's testimony, but the passage is more an authorship/transmission dispute than an exercise of critic or expert review authority.",25
1996-11-3-left-que-tu-voz-no-se-pierda,candil,Candil,1996-11,1996,AUTH_03,AUTH,"The article notes orthodoxy and teachings of predecessors, but these are better captured by explicit pedagogical transmission and aesthetic evaluation codes.",21
1996-11-3-right-celebraci-n-del-xxiv-congreso-de,candil,Candil,1996-11,1996,CRIT_03,CRIT,"The phrase 'deberían estar canonizados' praises the organizers, but it is hyperbolic event praise rather than stable canon formation around artists, works, or styles.",24
1996-11-8-left-xxiv-congreso-de-flamenco,candil,Candil,1996-11,1996,HERIT_03,HERIT,"The verbs estudiar, difundir, and conservar suggest safeguarding, but the visible passage mainly stresses university authorization, so HERIT_02 is the more precise code.",23
1996-11-10-left-la-est-tica-del-flamenco,candil,Candil,1996-11,1996,AUTH_03,AUTH,"The article surveys historical influences and origins, but the visible text does not clearly use roots or continuity to authorize present proper flamenco.",23
1996-11-13-right-la-cultura-de-la-sangre,candil,Candil,1996-11,1996,AUTH_03,AUTH,"Roots and memory are invoked, but they are embedded in the broader authenticity and aesthetic argument already captured by AUTH_01 and CRIT_02.",22
1996-11-17-left-ideas-generales-para-un-debate-s,candil,Candil,1996-11,1996,AUTH_03,AUTH,"The phrase 'lo que hemos recibido' gestures toward inherited repertoire, but the main function is aesthetic guidance rather than a developed tradition-continuity claim.",24
1996-11-17-right-sobre-la-poes-a-del-cante,candil,Candil,1996-11,1996,AUTH_01,AUTH,"The word 'genuinos' appears, but the stronger visible function is tradition/source-based renewal rather than an explicit claim that a flamenco object is truly or properly flamenco.",28
1996-11-18-right-la-est-tica-plural-del-baile-fla,candil,Candil,1996-11,1996,AUTH_02,AUTH,"The phrase 'arte puro' appears, but it praises Farruco's jumps rather than drawing a purity boundary around legitimate versus illegitimate flamenco.",22
1996-11-20-left-la-est-tica-y-el-braceo,candil,Candil,1996-11,1996,PED_01,PED,"The interview is described as 'lección y experiencia', but the visible passage chiefly performs criticism and correction rather than establishing a teaching relation or pedagogical authority.",26
1996-11-21-right-y-se-despertaron-los-duendes-en-,candil,Candil,1996-11,1996,AUTH_03,AUTH,"The phrase 'raíces como pueblo' appears, but the visible passage refers broadly to local cultural roots rather than using tradition or roots to authorize a specific flamenco practice.",28
1996-11-21-right-y-se-despertaron-los-duendes-en-,candil,Candil,1996-11,1996,COMM_02,COMM,"Peñas and promoters are addressed, but they are not clearly positioned as possessing community authority to judge or sustain flamenco in the visible text.",24
1996-11-22-right-el-flamenco-en-asturias,candil,Candil,1996-11,1996,HERIT_01,HERIT,"The article discusses regional culture and history, but it does not clearly frame flamenco as public heritage or patrimony in the visible text.",23
1996-11-22-right-el-flamenco-en-asturias,candil,Candil,1996-11,1996,AUTH_03,AUTH,"The text describes flamenco influence on El Presi's feeling and style, but it does not use roots or continuity as an authority claim for proper flamenco.",27
1996-11-23-right-ix-semana-cultural-la-gaviota,candil,Candil,1996-11,1996,AUTH_03,AUTH,"The opening quotation mentions guitar inheritance and popular origin, but it mainly praises the guitar generally rather than grounding a flamenco practice in tradition with clear authority stakes.",28
1996-11-24-right-escuela-de-arte-flamenco-de-este,candil,Candil,1996-11,1996,HERIT_02,HERIT,"The speaker seeks administrative support, but the visible excerpt does not clearly frame the school through official heritage recognition or patrimonial authorization.",22
1996-11-24-right-escuela-de-arte-flamenco-de-este,candil,Candil,1996-11,1996,COMM_04,COMM,"The project is tied to Andalucía and Estepona, but identity language is too general in the visible excerpt to show identity-based authority or belonging.",25
1996-11-26-left-noticiario-flamenco,candil,Candil,1996-11,1996,CRIT_04,CRIT,"Critics, investigators, and journalists are mentioned as participants, but the excerpt does not show them exercising evaluative or boundary-setting authority.",21
1996-11-26-left-noticiario-flamenco,candil,Candil,1996-11,1996,HERIT_03,HERIT,"Sections such as historical recordings suggest preservation activity, but the text does not clearly frame this as safeguarding or public heritage work.",22
1997-01-3-left-pepe-marchena,candil,Candil,1997-01,1997,CRIT_01,CRIT,"The article contains broad praise of Marchena's knowledge and creativity, but that evaluative function is already captured through the more specific canon and critical-boundary codes.",27
1997-01-3-left-pepe-marchena,candil,Candil,1997-01,1997,AUTH_02,AUTH,"Terms such as orthodoxy and rajos gitanos suggest purity debates, but the visible passage does not itself draw a clear genuine/impure flamenco boundary.",24
1997-01-3-right-el-cante-ante-la-melancol-a-y-el,candil,Candil,1997-01,1997,AUTH_02,AUTH,"The excerpt discusses an ideology of purity, but the author's own discourse contests that ideology rather than drawing a purity boundary around legitimate flamenco.",25
1997-01-3-right-el-cante-ante-la-melancol-a-y-el,candil,Candil,1997-01,1997,PED_03,PED,"Scientific knowledge and research are invoked, but the excerpt does not clearly discuss institutional or transnational learning access.",18
1997-01-11-right-las-fronteras-del-arte,candil,Candil,1997-01,1997,AUTH_02,AUTH,"The article discusses purism and 'fronteras del Flamenco', but the visible text mainly opens debate rather than clearly excluding a specific impure or illegitimate form.",25
1997-01-13-left-jos-merc-paradigma-de-lo-jondo,candil,Candil,1997-01,1997,COMM_02,COMM,"The peña is mentioned as commissioning a profile, but the visible text does not clearly make peña or aficionado community authority the basis of evaluation.",25
1997-01-13-left-jos-merc-paradigma-de-lo-jondo,candil,Candil,1997-01,1997,CRIT_03,CRIT,"Mercé is strongly elevated, but the visible excerpt does not clearly construct a broader canon or hierarchy beyond individual critical praise.",21
1997-01-17-right-poema,candil,Candil,1997-01,1997,COMM_04,COMM,"The phrase 'martinete gitano' marks identity, but the poem does not clearly use identity to define authority, belonging, or representation.",20
1997-01-17-right-poema,candil,Candil,1997-01,1997,AUTH_03,AUTH,"The poem evokes eternity and old forge imagery, but it does not clearly ground present flamenco value in tradition, continuity, or origins.",22
1997-01-18-left-la-est-tica-del-toque,candil,Candil,1997-01,1997,AUTH_03,AUTH,"Tradition is discussed, but the visible passage mainly contests tradition-versus-progress boundary claims rather than grounding authority in continuity or roots.",22
1997-01-18-left-la-est-tica-del-toque,candil,Candil,1997-01,1997,AUTH_01,AUTH,"The phrase 'pura y auténtica comprensión' evaluates rhythmic understanding, not the authenticity of flamenco itself as a practice or actor.",20
1997-01-21-left-forman-el-gigantesco-rbol-flamen,candil,Candil,1997-01,1997,AUTH_02,AUTH,"The author mentions having worked to 'velar por la pureza del cante', but the visible text does not clearly identify an excluded impure target.",24
1997-01-21-left-forman-el-gigantesco-rbol-flamen,candil,Candil,1997-01,1997,COMM_04,COMM,"The text mentions 'cantes payos', but the visible passage does not clearly use identity framing to define authority or belonging.",20
1997-01-25-right-flamenca,candil,Candil,1997-01,1997,AUTH_02,AUTH,"The text contrasts orthodoxy, hybridism, and vanguardist listening, but it ultimately accepts hybrid works rather than excluding them as illegitimate.",20
1997-01-25-right-flamenca,candil,Candil,1997-01,1997,CRIT_04,CRIT,"The reviewer discusses modernism and hybridism, but the clearest function is general critical evaluation rather than expert boundary policing.",19
1997-01-26-right-el-cante-de-la-petenera,candil,Candil,1997-01,1997,COMM_04,COMM,"Jewish, Gitano, Andalusian, Cádiz, and Paterna identities appear in origin arguments, but the stronger visible function is roots/authenticity rather than identity-based authority.",24
1997-01-26-right-el-cante-de-la-petenera,candil,Candil,1997-01,1997,CRIT_02,CRIT,"Terms such as emotive, melancholic, sentimental, and duende are present, but they mostly report others' classification rather than applying an aesthetic criterion in the author's own evaluation.",28
1997-01-27-right-recordando-a-carmen-amaya,candil,Candil,1997-01,1997,COMM_04,COMM,"The text names Amaya as woman and gitana, but the visible function is commemoration and canonization rather than identity-group authority.",21
1997-01-28-right-festival-flamenco-homenaje-a-man,candil,Candil,1997-01,1997,COMM_02,COMM,"The text notes public affection and flamenco entities, but it does not clearly present the community as an authority judging or sustaining flamenco.",23
1997-01-29-right-aunque-no-quepa-en-el-papel,candil,Candil,1997-01,1997,PED_03,PED,"The book is called a manual for non-initiates and a documented study, but the stronger visible functions are review evaluation and insider/outsider authenticity boundary work.",27
1997-01-29-right-aunque-no-quepa-en-el-papel,candil,Candil,1997-01,1997,COMM_04,COMM,"Gitano and payo identity categories structure the example, but the clearest coded boundary is insider versus outsider trust rather than broad identity-group representation.",24
1997-01-30-left-luto-y-llanto-por-la-muerte-de-e,candil,Candil,1997-01,1997,COMM_02,COMM,"The whole town and aficionados accompany the funeral, but the passage mainly describes mourning rather than assigning community authority to judge flamenco.",22
1997-03-3-left-chano-lobato,candil,Candil,1997-03,1997,COMM_04,COMM,"Cádiz identity is repeatedly invoked, but the clearest function is aesthetic and traditional legitimation rather than identity boundary-making.",19
1997-03-3-left-chano-lobato,candil,Candil,1997-03,1997,AUTH_03,AUTH,"The phrase 'viniendo de atrás' suggests continuity, but the stronger visible function is evaluative tribute and community recognition.",18
1997-03-4-left-chano-lobato-y-las-canti-as-de-c,candil,Candil,1997-03,1997,PED_02,PED,"The excerpt mentions listening and repertoire loss, but it does not clearly describe embodied, oral, familial, or lineage-based transmission.",20
1997-03-11-right-radiografia-de-chano-lobato,candil,Candil,1997-03,1997,CRIT_04,CRIT,"The complaint about 'determinadas autoridades flamencas' is clear, but the stronger coding target is institutional recognition rather than expert boundary critique.",21
1997-03-13-right-a-chano-lobato-en-apasionado-hom,candil,Candil,1997-03,1997,PED_01,PED,"The text mentions Chano's knowledge and repertory, but it does not clearly position him as an authorized teacher or pedagogical mediator.",22
1997-03-17-left-chano-lobato-un-eslab-n-perdido,candil,Candil,1997-03,1997,AUTH_01,AUTH,The phrase ‘auténticos flamencos de antaño’ supports the tradition code more directly than a separate genuineness claim about Chano himself.,20
1997-03-17-right-de-macaca-a-chano,candil,Candil,1997-03,1997,CRIT_04,CRIT,"The quote attributed to Pepe ‘El de la Matrona’ authorizes Macaca, but the article does not foreground a sustained critic or expert authority claim beyond that citation.",27
1997-03-18-right-chano-un-lujo-del-sur,candil,Candil,1997-03,1997,HERIT_02,HERIT,"The phrase ‘reconocer oficialmente’ suggests official recognition, but the visible text gives no institutional or heritage mechanism.",17
1997-03-19-right-una-entre-mil-cr-nicas-chano-lob,candil,Candil,1997-03,1997,AUTH_01,AUTH,"The language of pureza and legitimidad suggests authenticity, but it is already captured through the more specific aesthetic-criteria judgment in CRIT_02.",22
1997-03-19-right-una-entre-mil-cr-nicas-chano-lob,candil,Candil,1997-03,1997,CRIT_04,CRIT,"A flamencologist and conference speaker mediate the judgments, but the article foregrounds the judgments themselves more than expert authority as a separate discourse function.",24
1997-03-20-right-del-baile-al-cante-y-del-cante-a,candil,Candil,1997-03,1997,CRIT_03,CRIT,"The text calls Chano a general cantaor, but the stronger function is pedagogical explanation of how dance accompaniment forms a complete singer.",22
1997-03-24-right-retrato-de-cantaor-con-sal,candil,Candil,1997-03,1997,COMM_02,COMM,"The barrio concentration of flamencos suggests community grounding, but the visible evidence functions more clearly as a learning/transmission context.",20
1997-03-24-right-retrato-de-cantaor-con-sal,candil,Candil,1997-03,1997,CRIT_02,CRIT,"Duende is discussed briefly, but the quoted passage is more about Chano's bodily feeling than an applied criterion for evaluating a performance.",23
1997-03-30-left-jos-n-ez-de-castro-g-mez-la-aleg,candil,Candil,1997-03,1997,AUTH_01,AUTH,"The phrase 'genuino de Cádiz' and the criterion of pureza suggest authenticity, but the article mainly uses them as part of critical evaluation and award criteria.",26
1997-03-30-left-jos-n-ez-de-castro-g-mez-la-aleg,candil,Candil,1997-03,1997,AUTH_03,AUTH,"Cádiz and Los Puertos are described through history and rancio abolengo, but the central discourse is Chano's evaluation and institutional recognition.",22
1997-03-30-right-una-sencilla-manera-de-ser-impor,candil,Candil,1997-03,1997,COMM_03,COMM,"The text mentions La Privadilla, Villa Rosa, fiestas, and juergas, but these settings are biographical rather than a clear public/private participatory value contrast.",24
1997-03-30-right-una-sencilla-manera-de-ser-impor,candil,Candil,1997-03,1997,AUTH_04,AUTH,"The references to night, juerga, and direct acquaintance suggest intimate sociality, but they are not explicitly framed as more authentic than public or commercial flamenco.",25
1997-03-33-right-carta-a-chano-lobato,candil,Candil,1997-03,1997,PED_03,PED,The reference to conferences and illustration is not enough to make learning or access the central discourse function.,18
1997-03-34-right-chano-lobato-un-cantaor-gaditano,candil,Candil,1997-03,1997,AUTH_01,AUTH,"Although 'puro' and 'flamencura' appear, the stronger function is tradition-continuity and critical canonization rather than a distinct authenticity claim.",20
1997-03-35-left-mis-diversiones-con-chano,candil,Candil,1997-03,1997,HERIT_02,HERIT,"The Compás del Cante award is mentioned, but the visible text does not frame it as heritage authorization or public cultural policy.",22
1997-03-36-left-el-comp-s-brujo,candil,Candil,1997-03,1997,COMM_04,COMM,"The payo/gitano comparison is mentioned as a contradiction around compás, but the passage does not develop identity as a stable authority framework.",23
1997-03-37-left-chano-labato-cantaor-singular,candil,Candil,1997-03,1997,COMM_03,COMM,"The audience response and communication are important to the review, but the text does not clearly contrast participatory/private versus spectatorial/public settings.",23
1997-05-3-left-camar-n-a-los-cinco-a-os-de-su-m,candil,Candil,1997-05,1997,AUTH_03,AUTH,"The phrase about recovering roots supports tradition discourse, but the stronger visible function is the contrast between marketed studio production and intimate/live authenticity.",24
1997-05-3-left-camar-n-a-los-cinco-a-os-de-su-m,candil,Candil,1997-05,1997,CRIT_01,CRIT,"The article evaluates Camarón positively, but the more precise critical function is canonization through irreplaceability.",15
1997-05-3-right-con-el-g-ito-asom-el-duende,candil,Candil,1997-05,1997,PED_01,PED,"The text mentions lessons and teachers, but the visible passage mainly uses them as biography rather than clearly authorizing a pedagogical method.",22
1997-05-3-right-con-el-g-ito-asom-el-duende,candil,Candil,1997-05,1997,CRIT_04,CRIT,"The ending critiques improper flamenco boundary-making, but AUTH_02 captures the same purity boundary more directly.",16
1997-05-6-right-un-joven-cantaor-de-70-a-os,candil,Candil,1997-05,1997,COMM_04,COMM,"The word 'hombres' appears in a comparison about age and entrega, not as identity-group framing that structures flamenco belonging.",20
1997-05-6-right-un-joven-cantaor-de-70-a-os,candil,Candil,1997-05,1997,CRIT_03,CRIT,"The article praises Chano's importance, but it does not clearly construct a hierarchy or canon beyond general homage.",19
1997-05-8-right-el-inmenso-caudal-cantaor-de-cha,candil,Candil,1997-05,1997,CRIT_03,CRIT,"The language of emblematic figures and grandiosity suggests status, but the visible evaluation is more direct than hierarchical.",18
1997-05-8-right-el-inmenso-caudal-cantaor-de-cha,candil,Candil,1997-05,1997,PED_03,PED,"The word 'creatividad' describes a guitarist's falsetas, but it does not clearly concern institutional or transnational learning/access.",19
1997-05-12-left-tardar-en-nacer-si-es-que-nace,candil,Candil,1997-05,1997,COMM_04,COMM,"Gitano identity is central to the rhetoric, but the stronger visible function is critical boundary-work around stereotype and commercial distortion.",21
1997-05-12-left-tardar-en-nacer-si-es-que-nace,candil,Candil,1997-05,1997,AUTH_01,AUTH,"The article implies a more genuine gitano music, but the clearest authenticity move is exclusion of damaging deviations and stereotype.",20
1997-05-12-left-tardar-en-nacer-si-es-que-nace,candil,Candil,1997-05,1997,CRIT_01,CRIT,"The article evaluates Pedro Bacán positively, but CRIT_03 captures the stronger canonizing claim.",13
1997-05-14-left-fernando-fern-ndez-pantoja,candil,Candil,1997-05,1997,COMM_02,COMM,"Community memory of the father is present, but it functions mainly as biographical recollection rather than community authority over flamenco value.",21
1997-05-16-left-un-cantaor-en-el-olvido,candil,Candil,1997-05,1997,HERIT_03,HERIT,"The text uses saving/transmission language, but the visible excerpt does not clearly shift into public heritage or institutional safeguarding discourse.",21
1997-05-16-left-un-cantaor-en-el-olvido,candil,Candil,1997-05,1997,COMM_04,COMM,"The word 'hombre' appears, but it is not doing identity-group framing work for belonging or authority.",17
1997-05-19-left-el-nov-simo-cancionero-er-tico-s,candil,Candil,1997-05,1997,AUTH_02,AUTH,"The word 'pureza' appears, but the passage mainly authorizes flamenco as pure/original rather than excluding a clearly identified impure target.",21
1997-05-19-left-el-nov-simo-cancionero-er-tico-s,candil,Candil,1997-05,1997,HERIT_01,HERIT,"The discussion of popular recovery has cultural-memory overtones, but it does not explicitly frame flamenco as heritage or public patrimony.",21
1997-05-21-right-martinetes-y-ton-s,candil,Candil,1997-05,1997,AUTH_01,AUTH,"The lyric says 'dije la verdad' and 'si no fuera verdad', but these are internal poetic truth claims, not authenticity claims about flamenco.",23
1997-05-22-left-guitarra,candil,Candil,1997-05,1997,CRIT_02,CRIT,"The poem uses aesthetic imagery such as 'sonidos negros' and 'sentimientos', but it does not apply criteria to judge or define flamenco quality.",23
1997-05-22-right-la-verdad-sobre-las-mutilaciones,candil,Candil,1997-05,1997,AUTH_01,AUTH,The repeated appeal to 'verdad' concerns factual correction about recordings rather than an authenticity claim about what is truly flamenco.,20
1997-05-22-right-la-verdad-sobre-las-mutilaciones,candil,Candil,1997-05,1997,HERIT_03,HERIT,"The phrase 'baúl de los recuerdos' is used polemically about storing information, not as collective memory or safeguarding discourse.",19
1997-05-25-right-beato-ceferino,candil,Candil,1997-05,1997,HERIT_03,HERIT,"The article includes collective suffering and memory-like language, but it does not clearly frame flamenco as safeguarded or public cultural heritage.",22
1997-05-25-right-beato-ceferino,candil,Candil,1997-05,1997,AUTH_01,AUTH,"Phrases such as 'gitano de ley' authorize Ceferino's character and identity, not the authenticity of flamenco practice.",18
1997-05-26-right-cante-de-mujer-cante-de-siempre,candil,Candil,1997-05,1997,AUTH_03,AUTH,"The article mentions tradition oral and earlier artists, but the main discourse function is critical/gendered legitimation rather than grounding value in continuity or roots.",25
1997-05-27-right-flamenca,candil,Candil,1997-05,1997,AUTH_02,AUTH,"The orthodoxy/heterodoxy contrast suggests boundary language, but the article ultimately negotiates complementarity rather than excluding an impure or illegitimate form.",21
1997-05-27-right-flamenca,candil,Candil,1997-05,1997,PED_03,PED,"The recordings are said to allow detailed study of Morente's trajectory, but this is review discourse rather than a clear learning-access or institutional pedagogy claim.",27
1997-05-28-right-jes-s-gil-manuel-mart-n-mart-n-u,candil,Candil,1997-05,1997,CRIT_01,CRIT,"The article strongly denounces Jesús Gil's broken promise and moral conduct, but the evaluative target is a political/public figure's behavior toward a widow rather than a flamenco artist, performance, recording, style, venue, publication, or event.",38
1997-05-28-right-jes-s-gil-manuel-mart-n-mart-n-u,candil,Candil,1997-05,1997,AUTH_01,AUTH,"The phrase 'apariencias de autenticidad' evaluates the apparent sincerity of a charitable gesture, not the authenticity or properness of flamenco.",20
1997-05-29-left-el-arte-flamenco-maltratado-cons,candil,Candil,1997-05,1997,COMM_02,COMM,"References to 'buenos aficionados' identify an audience, but the article does not clearly grant that community authority to judge or sustain flamenco.",22
1997-05-29-right-premio-comp-s-del-cante,candil,Candil,1997-05,1997,HERIT_01,HERIT,"The article invokes history and collective culture, but it does not clearly frame flamenco as patrimony, heritage, safeguarding, or public heritage management.",22
1997-05-30-left-bases-ii-concurso-de-guitarra-pa,candil,Candil,1997-05,1997,CRIT_03,CRIT,"The rules establish prizes and a final decision, but they do not yet construct a canon or hierarchy beyond ordinary competition administration.",22
1997-05-30-left-bases-ii-concurso-de-guitarra-pa,candil,Candil,1997-05,1997,HERIT_03,HERIT,"The reference to 'mayor difusión del flamenco y de la guitarra' suggests promotion, but it lacks a clear safeguarding, living heritage, or public heritage frame.",25
1997-07-17-left-jos-cenizo-jim-nez-a-miguel-varg,candil,Candil,1997-07,1997,CRIT_02,CRIT,"Terms such as 'profundo', 'serio', 'quejío' and 'equilibrio' function as aesthetic criteria, but they substantially overlap with the emitted general critical evaluation.",22
1997-07-17-left-jos-cenizo-jim-nez-a-miguel-varg,candil,Candil,1997-07,1997,AUTH_03,AUTH,"Mentions of mairenismo, estirpe, and older lessons suggest continuity, but the visible evaluative force is better captured by explicit authenticity and canonization codes.",23
1997-07-3-left-a-miguel-vargas,candil,Candil,1997-07,1997,CRIT_03,CRIT,"The article places Vargas among 'sobresalientes', but the stronger evidence is general evaluation and community recognition rather than sustained canon construction.",21
1997-07-3-right-fin-de-la-epoca-dorada,candil,Candil,1997-07,1997,CRIT_04,CRIT,"The critique polices boundaries, but AUTH_02 and AUTH_04 more directly capture the purity and anti-commercial authenticity discourse.",18
1997-07-8-right-manuel-p-rez-narv-ez-la-serneta,candil,Candil,1997-07,1997,COMM_04,COMM,"The article notes La Serneta as a woman cantaora, but gender is not the main analytic frame shaping authority beyond her individual canonization.",23
1997-07-10-left-a-prop-sito-de-unas-quejas-de-ga,candil,Candil,1997-07,1997,HERIT_02,HERIT,"The document was edited by a city council and circulated at a congress, but the passage does not make institutional heritage authorization the main value mechanism.",26
1997-07-13-right-t-o-evaristo-entrevista,candil,Candil,1997-07,1997,CRIT_03,CRIT,"The article uses terms like 'cabal' and names admired figures, but the visible evidence is stronger for community, transmission, and critic authority than for ranking or canon formation.",28
1997-09-16-right-cr-nica-del-xxv-congreso-de-acti,candil,Candil,1997-09,1997,HERIT_03,HERIT,"The text uses rescue and continuity language for the congress, but the visible excerpt does not clearly frame flamenco as public heritage or safeguarding.",24
1997-09-20-right-las-bodas-de-plata-del-congreso-,candil,Candil,1997-09,1997,AUTH_03,AUTH,"The phrase about not cutting the trajectory of the congress suggests continuity, but it concerns event continuity rather than tradition authorizing proper flamenco.",23
1997-09-22-right-juan-manuel-vill-n-y-su-cancione,candil,Candil,1997-09,1997,COMM_02,COMM,"The author calls himself a buen aficionado, but this self-description does not clearly grant community authority to judge or sustain flamenco.",22
1997-09-22-right-juan-manuel-vill-n-y-su-cancione,candil,Candil,1997-09,1997,AUTH_01,AUTH,"The contrast with Demófilo's scientific collection authorizes scholarly value, but it does not make a direct authenticity claim about proper flamenco.",22
1997-09-30-right-noticiario-flamenco,candil,Candil,1997-09,1997,PED_01,PED,The phrase lección de compás is evaluative metaphor rather than a literal pedagogical authority or teaching relation.,17
1997-09-30-right-noticiario-flamenco,candil,Candil,1997-09,1997,COMM_04,COMM,"The phrase cantar gitano carries identity language, but the visible passage uses it mainly as an aesthetic judgment rather than developed identity-group framing.",24
1997-09-29-right-discografia,candil,Candil,1997-09,1997,HERIT_02,HERIT,"Institutions are named as collaborators, but the passage frames this as promotion/support rather than authorized heritage recognition.",18
1997-11-4-left-en-el-centenario-de-la-argentini,candil,Candil,1997-11,1997,COMM_04,COMM,"Spanishness is invoked, but the passage does not clearly use identity categories to define belonging or group authority within flamenco.",20
1997-11-5-left-recordando-a-mi-hermana-encarnac,candil,Candil,1997-11,1997,PED_01,PED,"Although the text discusses formation and wisdom, it does not clearly position La Argentinita or another actor as a teacher transmitting flamenco knowledge.",23
1997-11-7-right-vida-y-obra,candil,Candil,1997-11,1997,COMM_02,COMM,"The father is described as an aficionado, but this is biographical and does not grant community authority to judge or sustain flamenco.",22
1997-11-12-left-musa-del-baile,candil,Candil,1997-11,1997,PED_02,PED,"The text mentions oral maintenance of tradition, but the visible span does not clearly describe a concrete learning or transmission relation.",21
1997-11-13-right-imperio-argentina-entrevista,candil,Candil,1997-11,1997,COMM_03,COMM,"The word 'participar' appears in relation to public acts, but it does not establish a participatory flamenco setting or public/private value contrast.",23
1997-11-17-left-poema,candil,Candil,1997-11,1997,COMM_04,COMM,"The reference to 'casta los Montoya' has identity resonance, but the short poem does not clearly develop group belonging or representation beyond praise of Farruco.",25
1997-11-17-right-domingo-ramos-pic-n-pormenorizac,candil,Candil,1997-11,1997,AUTH_02,AUTH,"The phrase 'verdaderas y falsas glorias' suggests possible boundary language, but in the visible excerpt it is part of a broad descriptive list rather than a developed purity exclusion.",29
1997-11-17-right-domingo-ramos-pic-n-pormenorizac,candil,Candil,1997-11,1997,COMM_03,COMM,"References to gatherings of friends provide social setting, but the excerpt does not clearly contrast participatory/private flamenco with public or spectatorial flamenco as a value boundary.",27
1997-11-19-right-las-fronteras-del-arte-flamenco,candil,Candil,1997-11,1997,COMM_03,COMM,"Although the article mentions debate with the afición and future aficionados, it does not clearly define a participatory setting or public/private contrast.",23
1997-11-20-right-juan-de-loxa-me-presta-dos-poema,candil,Candil,1997-11,1997,AUTH_02,AUTH,"The text mentions ortodoxia and pureza, but mainly rejects these as critical frames rather than drawing its own purity boundary around proper flamenco.",23
1997-11-21-right-t-o-mollino-tras-un-a-o-de-su-mu,candil,Candil,1997-11,1997,CRIT_04,CRIT,"The article criticizes media and institutional neglect, but the stronger discourse function is heritage-memory safeguarding rather than expert criticism of flamenco forms.",23
1997-11-23-left-paul-villmoare-cante-puro,candil,Candil,1997-11,1997,PED_01,PED,"Antonio Escribano is called the writer's maestro, but the passage mainly uses him as an authoritative evaluator rather than describing a teaching relation or method.",26
1997-11-23-right-dos-genios-cruzan-sus-corazones,candil,Candil,1997-11,1997,COMM_02,COMM,"The Peña and 'cabales' mark a knowledgeable community setting, but the article's dominant discourse is critical evaluation and canonizing praise rather than community authority.",25
1997-11-24-right-abrir-las-puertas-flamencas,candil,Candil,1997-11,1997,HERIT_01,HERIT,"The text mentions 'patrimonio flamenco', but the dominant function is tradition-based authenticity and critical boundary policing rather than a developed public heritage frame.",24
1997-11-24-right-abrir-las-puertas-flamencas,candil,Candil,1997-11,1997,CRIT_01,CRIT,"There is broad evaluative language, but the strongest critical function is expert/boundary authority already captured by CRIT_04.",18
1997-11-25-right-del-and-valo-hasta-gata-por-los-,candil,Candil,1997-11,1997,CRIT_01,CRIT,"The article praises the anthology as serious and dignified, but its main discourse function is preservation, memory, and regional continuity rather than review judgment.",24
1997-11-25-right-del-and-valo-hasta-gata-por-los-,candil,Candil,1997-11,1997,HERIT_01,HERIT,"The phrase 'rico legado flamenco' suggests heritage value, but the more specific safeguarding/memory function is better captured by HERIT_03.",20
1997-11-27-left-discografia-flamenca,candil,Candil,1997-11,1997,CRIT_01,CRIT,"The author evaluates the initiative positively, but the specific functions of canon formation and access to knowledge are more precise.",20
1997-11-27-left-discografia-flamenca,candil,Candil,1997-11,1997,AUTH_01,AUTH,"The word 'auténtico' appears in 'auténtico mérito', but it modifies merit/value, not the authenticity of flamenco.",17
1997-11-28-right-aunque-no-quepa-en-el-papel,candil,Candil,1997-11,1997,CRIT_04,CRIT,"The review praises Ríos Ruiz's informed positions and data, but it does not primarily authorize a critic's right to define flamenco beyond ordinary book-review evaluation.",28
1997-11-28-right-aunque-no-quepa-en-el-papel,candil,Candil,1997-11,1997,AUTH_02,AUTH,"The phrase 'sin entrar en experiencias y fusiones extrañas' suggests boundary work, but it is reported as the author's scope rather than developed by the reviewer as a central claim.",31
1997-11-30-right-noticiario-flamenco,candil,Candil,1997-11,1997,CRIT_01,CRIT,"The passage promotes evolution and creativity, but it reads mainly as programmatic announcement rather than critical evaluation of a specific performance or artist.",23
1997-11-30-right-noticiario-flamenco,candil,Candil,1997-11,1997,CRIT_02,CRIT,"The text mentions new aesthetic and expressive paths, but it does not apply concrete aesthetic criteria to judge flamenco quality.",20
1998-01-3-left-nuevos-aires-y-renovada-ilusi-n,candil,Candil,1998-01,1998,HERIT_03,HERIT,"The article asks institutions to support the survival of the publication, but the visible passage does not frame flamenco as heritage safeguarding or public cultural heritage.",26
1998-01-21-left-ellos-los-protagonistas-dicen-ma,candil,Candil,1998-01,1998,AUTH_02,AUTH,"The text prioritizes purity over new movements, but it does not clearly exclude or devalue a specific impure target strongly enough for purity boundary-work.",25
1998-01-21-left-ellos-los-protagonistas-dicen-ma,candil,Candil,1998-01,1998,PED_01,PED,"The pianist gives her vocal lessons, but the passage does not position him as an authoritative mediator of flamenco knowledge.",20
1998-01-23-right-una-vida-llena-de-seis-figuras-d,candil,Candil,1998-01,1998,COMM_02,COMM,"Family and local community grounding are present, but the emitted AUTH_03 and PED_02 codes capture the tradition and transmission functions more precisely.",22
1998-01-23-right-una-vida-llena-de-seis-figuras-d,candil,Candil,1998-01,1998,CRIT_01,CRIT,"The article contains broad praise, but the stronger discourse function is canonization and hierarchy rather than a discrete review-style evaluation.",21
1998-01-27-left-una-iniciativa-valiosa,candil,Candil,1998-01,1998,COMM_03,COMM,"The text mentions public appearance and minority reception, but does not clearly contrast participatory/private flamenco with public spectatorship.",19
1998-01-32-left-la-microtonalidad-del-flamenco,candil,Candil,1998-01,1998,PED_03,PED,"The article explains musical concepts, but it does not frame institutional or transnational access to flamenco knowledge.",17
1998-03-3-left-grabaciones-antiguas-y-selectas-,candil,Candil,1998-03,1998,AUTH_03,AUTH,"The article values old recordings as añejo/selecto, but the visible text is more clearly archival, critical, and canonizing than tradition-continuity discourse.",23
1998-03-3-right-reflexiones-en-voz-baja,candil,Candil,1998-03,1998,COMM_04,COMM,The mention of hombres y mujeres is incidental to cultural neglect and does not organize flamenco authority through identity framing.,20
1998-03-3-right-reflexiones-en-voz-baja,candil,Candil,1998-03,1998,PED_03,PED,"Adaptación is used as moral-commercial critique, not as learning, pedagogy, or access to flamenco knowledge.",16
1998-03-18-left-aurora-vargas-entrevista,candil,Candil,1998-03,1998,COMM_04,COMM,"The phrase 'belleza racial' and references to Cristo de los Gitanos evoke identity, but the visible passage does not clearly make identity determine authority or belonging.",26
1998-03-19-right-un-poco-de-formalidad-flamenca,candil,Candil,1998-03,1998,CRIT_02,CRIT,"Terms such as canons, orthodox, and purity operate here mainly as boundary and critical-evaluation language; separate aesthetic-criteria coding would be overlapping.",23
1998-03-21-right-breve-aproximaci-n-a-la-figura-d,candil,Candil,1998-03,1998,PED_02,PED,"The word 'escuchad' appears inside a quoted poem and does not describe embodied, oral, familial, or intergenerational flamenco transmission.",19
1998-03-21-right-breve-aproximaci-n-a-la-figura-d,candil,Candil,1998-03,1998,COMM_03,COMM,"The trigger 'publicada' refers to publication history, not to a public/private participatory flamenco setting.",15
1998-03-29-right-premio-de-ensayo-gonz-lez-climen,candil,Candil,1998-03,1998,COMM_03,COMM,"The public presentation is an event format, not a meaningful public/private or participatory flamenco setting contrast.",17
1998-03-29-right-premio-de-ensayo-gonz-lez-climen,candil,Candil,1998-03,1998,HERIT_02,HERIT,"Institutions and a prize jury are present, but the visible text does not frame flamenco as heritage or patrimony.",19
1998-05-3-right-editorial,candil,Candil,1998-05,1998,HERIT_03,HERIT,"The editorial invokes memory and homage, but not safeguarding or public heritage responsibility in a sufficiently explicit way.",18
1998-05-4-left-una-existencia-intensa,candil,Candil,1998-05,1998,AUTH_03,AUTH,"The excerpt grounds Lorca in land and oral tradition, but the visible passage does not clearly connect those roots to flamenco value.",22
1998-05-4-left-una-existencia-intensa,candil,Candil,1998-05,1998,PED_02,PED,"Servants teaching traditional songs and stories suggests oral transmission, but the visible evidence is about Lorca's childhood culture rather than flamenco knowledge.",23
1998-05-4-left-una-existencia-intensa,candil,Candil,1998-05,1998,HERIT_02,HERIT,"The trigger 'declaró' is merely an interview verb here, not official or institutional heritage authorization.",15
1998-05-14-right-garc-a-lorca-y-el-flamenco-un-am,candil,Candil,1998-05,1998,COMM_02,COMM,"The love of the flamenco universe and its artists for Lorca suggests communal reception, but it does not clearly grant community authority to judge or sustain flamenco.",27
1998-05-19-right-jondo-es-federico,candil,Candil,1998-05,1998,PED_02,PED,"The text mentions cuerpo and artistic recreation, but it does not clearly describe embodied, oral, familial, or lineage-based transmission of flamenco knowledge.",23
1998-05-26-right-lorca-y-gasch-apasionados-por-el,candil,Candil,1998-05,1998,AUTH_01,AUTH,"Phrases such as 'puro aroma' and 'emoción pura' are evaluative, but they do not clearly assert authentic or proper flamenco as such.",22
1998-05-39-left-el-romancero-otra-vez,candil,Candil,1998-05,1998,CRIT_02,CRIT,"The article offers literary-aesthetic analysis of Lorca's Romancero Gitano, but the visible excerpt does not clearly apply those criteria to flamenco, flamenco practice, or flamenco authority.",28
1998-05-39-left-el-romancero-otra-vez,candil,Candil,1998-05,1998,PED_02,PED,"The mention of 'el rito gitano cantado en la alboreá' is isolated and does not describe transmission, learning, or lineage-based authority.",22
1998-05-43-left-retrato-de-silverio-franconetti,candil,Candil,1998-05,1998,AUTH_02,AUTH,"The word 'pura' appears, but it does not draw a boundary excluding impure or illegitimate flamenco.",16
1998-05-43-left-retrato-de-silverio-franconetti,candil,Candil,1998-05,1998,CRIT_03,CRIT,"Silverio is praised as a creator, but the visible poem does not clearly rank or canonize him within a hierarchy of flamenco artists.",23
1998-05-43-right-importancia-hist-rica-y-art-stic,candil,Candil,1998-05,1998,PED_02,PED,"The reference to 'pasadas generaciones' concerns loss and heritage continuity, not a clear mode of oral, embodied, or lineage-based transmission.",21
1998-05-43-right-importancia-hist-rica-y-art-stic,candil,Candil,1998-05,1998,HERIT_01,HERIT,"The passage has strong public cultural value language, but HERIT_03 more precisely captures the safeguarding and living-treasure frame.",19
1998-05-43-right-importancia-hist-rica-y-art-stic,candil,Candil,1998-05,1998,CRIT_02,CRIT,"The passage praises depth and beauty, but the stronger discourse function is expert definition and boundary defense rather than applying aesthetic criteria to a performance.",25
1998-05-50-left-teor-a-y-juego-del-duende,candil,Candil,1998-05,1998,PED_01,PED,"The speaker calls the talk a 'lección', but the excerpt defines an aesthetic concept rather than establishing pedagogical authority over flamenco teaching.",22
1998-05-50-left-teor-a-y-juego-del-duende,candil,Candil,1998-05,1998,AUTH_03,AUTH,"The phrase 'raíces' appears in a metaphorical definition of duende, but it does not clearly ground flamenco value in tradition or continuity.",22
1998-05-50-left-teor-a-y-juego-del-duende,candil,Candil,1998-05,1998,COMM_02,COMM,"The phrase 'la gente habla constantemente del duende' suggests popular recognition, but it is not enough to code community authority beyond the stronger expert/aesthetic framing.",26
1998-05-54-left-el-poeta-de-granada,candil,Candil,1998-05,1998,CRIT_02,CRIT,"The word 'duende' is used in praise of Lorca, but the passage does not define or apply it as a distinct aesthetic criterion for flamenco performance.",26
1998-05-54-left-el-poeta-de-granada,candil,Candil,1998-05,1998,HERIT_02,HERIT,"The mention of writers, professors, painters, and musicians supporting the Concurso suggests elite recognition, but the passage does not frame it as official or institutional heritage authorization.",27
1998-05-54-left-el-poeta-de-granada,candil,Candil,1998-05,1998,COMM_04,COMM,"Gitanos and Granada appear in the poem, but they function as elegiac imagery rather than identity-based authority or belonging discourse.",21
1998-09-3-left-editorial,candil,Candil,1998-09,1998,PED_03,PED,"The editorial mentions study, diffusion, ponencias, and knowledge expansion, but it does not clearly frame institutional or transnational learning access as the main discourse function.",25
1998-09-3-left-editorial,candil,Candil,1998-09,1998,HERIT_02,HERIT,"Institutions sponsor and organize events, but the visible text does not explicitly frame this as heritage authorization or official patrimonial recognition.",21
1998-09-3-left-editorial,candil,Candil,1998-09,1998,AUTH_03,AUTH,"Family trajectory and traditional forms are mentioned, but they do not clearly ground present value in tradition or continuity beyond descriptive evaluation.",22
1998-09-3-right-el-sitio-de-lucena-en-el-arte-fl,candil,Candil,1998-09,1998,HERIT_03,HERIT,"The Lucena history and place associations are culturally meaningful, but the visible passage does not clearly frame them as safeguarding, living heritage, or public heritage work.",26
1998-09-9-right-los-fandangos-de-lucena-un-libro,candil,Candil,1998-09,1998,CRIT_01,CRIT,"The closing praise of the book is evaluative, but the stronger discourse function in the visible excerpt is patrimonial support and safeguarding.",22
1998-09-9-right-los-fandangos-de-lucena-un-libro,candil,Candil,1998-09,1998,COMM_02,COMM,"Paco Calzado is called a good local aficionado, but the passage does not clearly make afición itself the main source of authority.",22
1998-09-12-right-cr-nica-del-xxvi-congreso-de-art,candil,Candil,1998-09,1998,CRIT_01,CRIT,"There are mild evaluative descriptions of the city and performances, but they are mostly atmospheric rather than sustained flamenco criticism.",20
1998-09-12-right-cr-nica-del-xxvi-congreso-de-art,candil,Candil,1998-09,1998,COMM_01,COMM,The trigger word 'fuera' does not create an insider/outsider boundary in the visible passage.,15
1998-09-16-right-manolo-de-caracol-a-prop-sito-de,candil,Candil,1998-09,1998,COMM_02,COMM,"The author mentions afición and witnesses such as Orozco or Chano Lobato, but the clearest authority work is critical and canonizing rather than community authorization.",25
1998-09-17-right-rafael-do-a-fern-ndez,candil,Candil,1998-09,1998,COMM_02,COMM,"Rafael is described as an aficionado and institution for local flamenco lovers, but the emitted PED_01 and CRIT_04 capture the clearer teaching and judgment functions.",25
1998-09-17-right-rafael-do-a-fern-ndez,candil,Candil,1998-09,1998,CRIT_02,CRIT,"Terms such as passion, cantes grandes, and compás appear, but the visible passage does not clearly apply them as stable aesthetic criteria beyond the audience-judgment critique.",27
1998-09-25-left-cr-nica-del-xv-concurso-de-arte-,candil,Candil,1998-09,1998,AUTH_02,AUTH,"The word 'purificación' appears, but the visible excerpt does not clearly identify an excluded impure target, so purity boundary-work is not independently supported.",24
1998-09-28-right-flamenca,candil,Candil,1998-09,1998,CRIT_03,CRIT,"The excerpt contrasts añejo/nuevo and mentions schools and canonical names, but the visible passage mainly reviews and characterizes rather than clearly ranking a hierarchy.",25
1998-11-11-right-origen-y-proyecci-n-flamenca-del,candil,Candil,1998-11,1998,HERIT_01,HERIT,"The article invokes folklore and Andalusian culture, but the visible excerpt does not clearly frame flamenco as public heritage or patrimonio.",21
1998-11-17-left-b-el-fandango-de-lucena,candil,Candil,1998-11,1998,CRIT_02,CRIT,"The passage uses technical musical descriptors such as bimodalismo and cromatismo, but they define structure rather than judging flamenco quality.",20
1998-11-17-left-b-el-fandango-de-lucena,candil,Candil,1998-11,1998,HERIT_03,HERIT,"The excerpt maps geographic areas and styles, but it does not frame them as safeguarding, living heritage, memory-work, or contested heritage.",22
1998-11-24-right-manuel-vila-el-gran-olvidado-del,candil,Candil,1998-11,1998,CRIT_01,CRIT,"The article contains evaluative praise, but the stronger and more specific functions are hierarchy/canonization and critique of omission.",19
1998-11-25-right-fernando-el-de-la-morena,candil,Candil,1998-11,1998,HERIT_03,HERIT,"Although the excerpt mentions memory, roots, and conservation, it frames them as authenticity/tradition and personal/community transmission rather than public heritage, safeguarding, or heritage-policy discourse.",27
1998-11-25-right-fernando-el-de-la-morena,candil,Candil,1998-11,1998,AUTH_02,AUTH,"The preference for roots over innovation suggests a boundary, but the visible excerpt does not explicitly devalue innovation as impure, fake, or illegitimate enough for purity-boundary coding.",28
JALEO_1977_08::A1,jaleo,Jaleo,JALEO_1977_08,1977,PED_03,PED,"The newsletter and directory are described as information and communication channels, but the passage does not clearly frame them as flamenco learning or pedagogical access.",25
JALEO_1977_08::A1,jaleo,Jaleo,JALEO_1977_08,1977,AUTH_04,AUTH,"The contrast with caves, streets, bars, and cafes evokes an atmosphere of co-presence, but it does not explicitly make an authenticity claim about intimate settings.",26
JALEO_1977_08::A2,jaleo,Jaleo,JALEO_1977_08,1977,COMM_02,COMM,"The phrase 'true aficionados' marks community identity, but the passage does not clearly grant aficionados authority to judge or sustain flamenco.",21
JALEO_1977_08::A2,jaleo,Jaleo,JALEO_1977_08,1977,CRIT_02,CRIT,"Terms like cante and rhythm appear, but they are not used as aesthetic criteria for judging flamenco quality.",18
JALEO_1977_08::A3,jaleo,Jaleo,JALEO_1977_08,1977,PED_02,PED,"The article names rhythm, steps, melodies, and castanets, but it frames them as organized instruction rather than oral, embodied lineage transmission.",21
JALEO_1977_08::A3,jaleo,Jaleo,JALEO_1977_08,1977,COMM_02,COMM,"Aficionados are included among learners, but they are not presented as possessing community authority.",14
JALEO_1977_08::A4,jaleo,Jaleo,JALEO_1977_08,1977,AUTH_03,AUTH,"The text gives historical origins and folk-tradition context for Sevillanas, but this is mostly descriptive and does not clearly authorize a present practice through tradition.",26
JALEO_1977_08::A4,jaleo,Jaleo,JALEO_1977_08,1977,CRIT_02,CRIT,"Smoothness, balance, rhythm, and design are described as features of the dance, but they are not clearly applied as evaluative criteria.",21
JALEO_1977_08::A4,jaleo,Jaleo,JALEO_1977_08,1977,COMM_04,COMM,"The teacher is identified as gitana, but the visible passage does not make ethnic identity do explicit authority or belonging work beyond the pedagogical relation.",25
JALEO_1977_08::A5,jaleo,Jaleo,JALEO_1977_08,1977,CRIT_02,CRIT,"Rhythm and design are mentioned, but the visible excerpt uses them descriptively and pedagogically rather than as aesthetic criteria.",19
JALEO_1977_08::A5,jaleo,Jaleo,JALEO_1977_08,1977,AUTH_03,AUTH,"Origins and old Seguidillas are mentioned, but the visible excerpt does not clearly use tradition or roots to authorize present value.",21
JALEO_1977_08::A6,jaleo,Jaleo,JALEO_1977_08,1977,HERIT_01,HERIT,"The phrase 'flamenco heritage' appears, but it is personal/cultural description rather than a clear public or collective heritage-value claim.",21
JALEO_1977_08::A6,jaleo,Jaleo,JALEO_1977_08,1977,COMM_04,COMM,"Gendered scenes in sevillanas verses are described, but they do not define flamenco belonging, authority, or representation.",17
JALEO_1977_08::A7,jaleo,Jaleo,JALEO_1977_08,1977,CRIT_02,CRIT,"The poem mentions 'long rhythms,' but this is poetic imagery, not an applied aesthetic criterion for judging flamenco quality.",19
JALEO_1977_08::A7,jaleo,Jaleo,JALEO_1977_08,1977,PED_02,PED,"The passage includes finger movement, but it does not clearly frame embodied/oral lineage transmission or authority.",17
JALEO_1977_08::A8,jaleo,Jaleo,JALEO_1977_08,1977,CRIT_02,CRIT,"Terms such as compas and strum pattern are used technically, not as criteria for evaluating quality.",16
JALEO_1977_08::A8,jaleo,Jaleo,JALEO_1977_08,1977,PED_02,PED,"The passage describes coordinated guitar-dance timing, but not oral, embodied, familial, or lineage-based transmission.",16
JALEO_1977_09::A1,jaleo,Jaleo,JALEO_1977_09,1977,AUTH_03,AUTH,"The article describes origins and descent, but the origin narrative is mostly explanatory and does not clearly authorize present practice through tradition.",22
JALEO_1977_09::A1,jaleo,Jaleo,JALEO_1977_09,1977,COMM_03,COMM,"The fiesta/theatrical contrast describes different settings, but does not clearly evaluate one as more legitimate or participatory.",18
JALEO_1977_09::A2,jaleo,Jaleo,JALEO_1977_09,1977,AUTH_02,AUTH,"The phrase 'pure set of fandangos' suggests stylistic coherence, but it does not clearly exclude impure, fake, or illegitimate flamenco.",20
JALEO_1977_09::A2,jaleo,Jaleo,JALEO_1977_09,1977,CRIT_01,CRIT,Phrases such as 'most unusual style' are descriptive-comparative rather than strong evaluative judgment of quality.,16
JALEO_1977_09::A3,jaleo,Jaleo,JALEO_1977_09,1977,CRIT_03,CRIT,"The translated verse contains comparative language about a boat being better, but it is the content of the song text rather than critical ranking of flamenco.",26
JALEO_1977_09::A4,jaleo,Jaleo,JALEO_1977_09,1977,COMM_02,COMM,"The Pixslays are called long-time aficionados and members/friends are present, but the passage does not grant community authority or insider recognition beyond social description.",26
JALEO_1977_09::A4,jaleo,Jaleo,JALEO_1977_09,1977,COMM_04,COMM,"The phrase 'feminine way' is gendered, but it does not clearly organize flamenco authority, belonging, or representation.",17
JALEO_1977_09::A5,jaleo,Jaleo,JALEO_1977_09,1977,COMM_03,COMM,"The event invites people to gather and share food, but the passage is mostly logistical and does not clearly contrast participatory flamenco with spectatorship.",24
JALEO_1977_09::A6,jaleo,Jaleo,JALEO_1977_09,1977,AUTH_01,AUTH,"The phrase 'real Andalusian salero' suggests authenticity, but in context it is too brief and attached to a local performance compliment rather than a developed claim about proper flamenco.",29
JALEO_1977_09::A6,jaleo,Jaleo,JALEO_1977_09,1977,COMM_04,COMM,"The passage lists countries and professions, but identity categories do not clearly organize authority, belonging, or representation beyond diversity.",19
JALEO_1977_09::A7,jaleo,Jaleo,JALEO_1977_09,1977,CRIT_02,CRIT,"The phrase 'incredible compás' is evaluative, but the stronger discourse function in context is embodied learning of compás rather than aesthetic criteria.",22
JALEO_1977_09::A7,jaleo,Jaleo,JALEO_1977_09,1977,COMM_04,COMM,"Gypsies and Triana are important identity/local markers, but the passage mainly uses them to frame access, participation, and lived authenticity rather than an explicit identity-based authority claim.",29
JALEO_1977_09::A8,jaleo,Jaleo,JALEO_1977_09,1977,PED_01,PED,"The article mentions classes and teachers, but only as biography; it does not position a teacher or method as authoritative.",20
JALEO_1977_09::A8,jaleo,Jaleo,JALEO_1977_09,1977,CRIT_02,CRIT,"The praise of soleares gestures toward emotional expression, but it does not clearly define a general aesthetic criterion for flamenco quality.",21
JALEO_1977_09::A9,jaleo,Jaleo,JALEO_1977_09,1977,CRIT_03,CRIT,"The list of companies, tablaos, and Jacob's Pillow establishes professional biography, but it does not clearly create a canon or rank Morca.",23
JALEO_1977_10::A1,jaleo,Jaleo,JALEO_1977_10,1977,AUTH_03,AUTH,"The article mentions roots and development in Triana, but the origin account is mostly neutral history rather than using roots to authorize present practice.",24
JALEO_1977_10::A1,jaleo,Jaleo,JALEO_1977_10,1977,PED_03,PED,"The article explains form and technique, but the codebook's PED_03 requires institutional/transnational learning access rather than general exposition.",20
JALEO_1977_10::A2,jaleo,Jaleo,JALEO_1977_10,1977,AUTH_04,AUTH,"The text contrasts tourists and a 'real show,' but it does not explicitly frame commercial spectacle as weakening authenticity.",19
JALEO_1977_10::A2,jaleo,Jaleo,JALEO_1977_10,1977,COMM_03,COMM,"The passage notes tourists leaving and moving closer, but the public/private or participatory setting contrast is not developed enough to code.",22
JALEO_1977_10::A2,jaleo,Jaleo,JALEO_1977_10,1977,PED_03,PED,"The narrator says they learned from the shows, but this is incidental experience rather than a discourse about access to flamenco knowledge.",22
JALEO_1977_10::A3,jaleo,Jaleo,JALEO_1977_10,1977,PED_01,PED,"The article lists lessons and teachers, but it does not clearly position them as pedagogical authorities beyond biographical training.",19
JALEO_1977_10::A3,jaleo,Jaleo,JALEO_1977_10,1977,PED_02,PED,"The 'long and close association with Charlie Blankenship' suggests influence, but the text does not clearly describe embodied, oral, lineage-based transmission.",22
JALEO_1977_10::A3,jaleo,Jaleo,JALEO_1977_10,1977,COMM_02,COMM,"Hendrix is called an avid aficionado, but the article does not grant aficionado authority to recognize or judge flamenco as a community role.",23
JALEO_1977_10::A4,jaleo,Jaleo,JALEO_1977_10,1977,COMM_02,COMM,"The article mentions Jaleistas and a Spanish contingent, but does not clearly grant them special authority to judge or define flamenco.",21
JALEO_1977_10::A5,jaleo,Jaleo,JALEO_1977_10,1977,COMM_02,COMM,The request for a guitarist or aficionado to write reports mentions viewpoints but does not clearly authorize those groups as judges of flamenco.,23
JALEO_1977_12::A1,jaleo,Jaleo,JALEO_1977_12,1977,CRIT_02,CRIT,"The word duende appears humorously in relation to Rosala's effect on the room, but it is not used as a clear aesthetic criterion for judging flamenco quality.",28
JALEO_1977_12::A1,jaleo,Jaleo,JALEO_1977_12,1977,COMM_04,COMM,"The article frames the evening as Spanish Night, but identity is descriptive rather than clearly organizing authority, belonging, or representation.",20
JALEO_1977_12::A3,jaleo,Jaleo,JALEO_1977_12,1977,AUTH_03,AUTH,"The text describes a New Year's grape tradition, but the tradition concerns a general Spanish holiday custom rather than authorizing flamenco practice or value.",25
JALEO_1977_12::A4,jaleo,Jaleo,JALEO_1977_12,1977,CRIT_01,CRIT,"The article criticizes audience idolization and notes that the art is not being recognized, but the evaluation is mostly of audience behavior rather than a sustained critical assessment of a flamenco performance or artist.",34
JALEO_1977_12::A5,jaleo,Jaleo,JALEO_1977_12,1977,PED_01,PED,"The 'best teacher in Pamplona' appears in a childhood anecdote, but the passage does not clearly legitimate flamenco knowledge through that teacher or a sustained pedagogical authority.",27
JALEO_1977_12::A5,jaleo,Jaleo,JALEO_1977_12,1977,PED_02,PED,"Sabicas learning amid gypsies and hearing flamenco suggests informal exposure, but the visible text does not clearly frame this as authoritative embodied or lineage transmission.",25
JALEO_1977_12::A6,jaleo,Jaleo,JALEO_1977_12,1977,CRIT_03,CRIT,"The phrase 'the best male dancer in Mexico performs there' is a ranking, but it is secondhand and too brief to support a confident canon or hierarchy code.",28
JALEO_1977_12::A6,jaleo,Jaleo,JALEO_1977_12,1977,CRIT_01,CRIT,"The article comments that flamenco is not as popular as expected, but this is more scene-reporting than a clear evaluative judgment of an artist, performance, or event.",28
JALEO_1977_12::A7,jaleo,Jaleo,JALEO_1977_12,1977,CRIT_03,CRIT,"The quoted reputation of Paco as the 'world's greatest flamenco guitarist' invokes hierarchy, but the author treats it skeptically rather than clearly canonizing him.",25
JALEO_1977_12::A7,jaleo,Jaleo,JALEO_1977_12,1977,AUTH_03,AUTH,"The program is described as traditional, but tradition is not used as an authority claim for proper flamenco in the visible text.",22
JALEO_1977_12::A8,jaleo,Jaleo,JALEO_1977_12,1977,HERIT_03,HERIT,"The poem invokes collective memory, loss, and community suffering, but it does not clearly frame flamenco or Gypsy culture as public heritage, safeguarding, or living heritage.",26
JALEO_1977_12::A8,jaleo,Jaleo,JALEO_1977_12,1977,CRIT_02,CRIT,"Bailaor, Cantor, and Guitarrista appear in evocative imagery, but the passage does not apply aesthetic criteria to evaluate flamenco quality.",20
JALEO_1978_01::A1,jaleo,Jaleo,JALEO_1978_01,1978,PED_03,PED,"The article gives practical suggestions for organizing juergas, but the advice concerns event conditions rather than institutional or transnational access to flamenco knowledge.",23
JALEO_1978_01::A2,jaleo,Jaleo,JALEO_1978_01,1978,COMM_02,COMM,"The letter praises Jaleistas activities and Juana De Alva as a driving force, but it is mainly gratitude and club appreciation without clearly authorizing flamenco judgment or community authority.",29
JALEO_1978_01::A3,jaleo,Jaleo,JALEO_1978_01,1978,AUTH_01,AUTH,"The text says a foreigner can master flamenco guitar, but it does not explicitly frame Rodrigo as genuine or properly flamenco beyond skill and acceptance.",25
JALEO_1978_01::A4,jaleo,Jaleo,JALEO_1978_01,1978,CRIT_03,CRIT,"The phrase 'top flamenco guitarists' signals hierarchy, but it functions mainly to describe the scope of transcribed material rather than construct a canon.",23
JALEO_1978_01::A5,jaleo,Jaleo,JALEO_1978_01,1978,CRIT_03,CRIT,"Names such as Sabicas, Carlos Montoya, Ramón Montoya, and others may imply canonical value, but the text lists record contents without explicit ranking or canon formation.",26
JALEO_1978_01::A5,jaleo,Jaleo,JALEO_1978_01,1978,COMM_02,COMM,"The San Diego Flamenco Association is a community institution, but the passage focuses on donation and access rather than community authority to judge or sustain flamenco.",26
JALEO_1978_01::A6,jaleo,Jaleo,JALEO_1978_01,1978,PED_01,PED,"The article mentions several teachers and lessons, but mostly as biography rather than a clear claim that pedagogical authority legitimates flamenco knowledge.",22
JALEO_1978_01::A6,jaleo,Jaleo,JALEO_1978_01,1978,CRIT_03,CRIT,"Calling Lenshaw a 'legend' suggests local status, but the passage primarily emphasizes community belonging rather than constructing a flamenco canon or artistic hierarchy.",23
JALEO_1978_01::A7,jaleo,Jaleo,JALEO_1978_01,1978,CRIT_01,CRIT,"The text reports company movements and a debut concert, but does not evaluate the quality, value, or legitimacy of the performers or event.",23
JALEO_1978_01::A8,jaleo,Jaleo,JALEO_1978_01,1978,AUTH_03,AUTH,The 'tradition of the grapes' is a New Year's custom rather than a flamenco tradition claim authorizing present flamenco practice.,21
JALEO_1978_01::A8,jaleo,Jaleo,JALEO_1978_01,1978,PED_02,PED,"Mercedes Molina is described as having studied with gypsies in the Sevilla-Jerez area, but the statement is too brief and biographical to confidently code embodied or lineage transmission.",29
JALEO_1978_02::A1,jaleo,Jaleo,JALEO_1978_02,1978,CRIT_02,CRIT,"The article uses terms such as magic sound, voice, vigor, and lucid flamenco, but these mostly function as general praise rather than sustained aesthetic criteria.",25
JALEO_1978_02::A1,jaleo,Jaleo,JALEO_1978_02,1978,COMM_02,COMM,"The text praises faithful Jaleistas and recurring friends, but the clearest discourse function is participatory setting rather than explicit community authority to recognize or judge flamenco.",26
JALEO_1978_02::A2,jaleo,Jaleo,JALEO_1978_02,1978,PED_03,PED,"The letters praise the newsletter and offer to keep readers informed, but they do not clearly frame flamenco knowledge access or pedagogy as a discourse function.",26
JALEO_1978_02::A2,jaleo,Jaleo,JALEO_1978_02,1978,COMM_02,COMM,"The letters express support from dispersed readers, but they do not clearly grant community authority or define belonging beyond ordinary subscriber enthusiasm.",22
JALEO_1978_02::A3,jaleo,Jaleo,JALEO_1978_02,1978,CRIT_01,CRIT,"The article praises the force and pleasure of flamenco, but the evaluation is broad and atmospheric rather than a clear critical assessment of an identifiable artist, performance, recording, or event.",30
JALEO_1978_02::A3,jaleo,Jaleo,JALEO_1978_02,1978,CRIT_02,CRIT,"The passage describes guitars as serious, soft, vibrant, and powerful, but it does not clearly apply these as criteria for judging flamenco quality.",23
JALEO_1978_02::A4,jaleo,Jaleo,JALEO_1978_02,1978,COMM_01,COMM,"The text mentions that counting-system routines make it difficult for non-Spaniards to understand the music, but it does not clearly draw a social boundary that authorizes insiders over outsiders.",31
JALEO_1978_02::A4,jaleo,Jaleo,JALEO_1978_02,1978,AUTH_03,AUTH,"The contrast with routine learning implies a preferred approach, but it does not ground value in tradition, continuity, roots, or inherited past.",22
JALEO_1978_02::A5,jaleo,Jaleo,JALEO_1978_02,1978,PED_02,PED,"The excerpt discusses compás and how accentuation is felt, but it does not clearly frame embodied/oral transmission, apprenticeship, family, or lineage-based learning.",24
JALEO_1978_02::A5,jaleo,Jaleo,JALEO_1978_02,1978,CRIT_04,CRIT,"Named authorities are invoked for historical claims, but the visible text does not clearly position a critic or expert voice as exercising evaluative authority or boundary critique.",27
JALEO_1978_02::A6,jaleo,Jaleo,JALEO_1978_02,1978,CRIT_01,CRIT,"The article gives mild descriptive praise and comments on her personality and favorite dances, but it does not provide a clear critical evaluation of a specific performance.",27
JALEO_1978_02::A6,jaleo,Jaleo,JALEO_1978_02,1978,COMM_04,COMM,"Spanish descent and family background are mentioned, but identity does not strongly organize authority or representation beyond biographical context.",19
JALEO_1978_02::A7,jaleo,Jaleo,JALEO_1978_02,1978,AUTH_03,AUTH,"The review discusses traditional forms and Bolero-school history, but tradition functions mainly as review context rather than a direct authorization of present flamenco value.",25
JALEO_1978_02::A7,jaleo,Jaleo,JALEO_1978_02,1978,CRIT_04,CRIT,"The article is a New York Times review by a named critic, but the excerpt itself is better captured through direct evaluation, criteria, and hierarchy codes rather than a separate expert-authority code.",33
JALEO_1978_02::A8,jaleo,Jaleo,JALEO_1978_02,1978,AUTH_03,AUTH,"The mention of Enrique as son of Melchor de Marchena suggests lineage, but the visible text does not explicitly use that lineage to authorize tradition or continuity.",27
JALEO_1978_02::A9,jaleo,Jaleo,JALEO_1978_02,1978,CRIT_01,CRIT,"The article praises Stan's work, but the target is organizational service rather than an identifiable flamenco artist, performance, recording, style, venue, publication, or event.",25
JALEO_1978_02::A9,jaleo,Jaleo,JALEO_1978_02,1978,HERIT_03,HERIT,"The reference library and newsletter work suggest preservation and support, but the passage does not clearly frame this as public cultural heritage, safeguarding, or living heritage.",26
JALEO_1978_02::A12,jaleo,Jaleo,JALEO_1978_02,1978,COMM_02,COMM,"The item lists Jaleistas news and performances, but it does not grant community authority, define belonging, or frame participants as sustaining flamenco knowledge.",23
JALEO_1978_02::A13,jaleo,Jaleo,JALEO_1978_02,1978,AUTH_03,AUTH,"The passage links Parilla to Jerez and Los Morão, but it mainly describes style and status rather than using roots or continuity to authorize proper flamenco.",26
JALEO_1978_02::A13,jaleo,Jaleo,JALEO_1978_02,1978,CRIT_01,CRIT,"There are evaluative phrases such as 'good example' and 'unique flavor,' but CRIT_02 and CRIT_03 capture the main discourse functions more precisely.",22
JALEO_1978_02::A14,jaleo,Jaleo,JALEO_1978_02,1978,COMM_04,COMM,"The article contests blood-based Spanish essentialism, but the main discourse function is pedagogical comparison rather than sustained identity-group framing.",21
JALEO_1978_02::A14,jaleo,Jaleo,JALEO_1978_02,1978,PED_02,PED,"The phrase about Spaniards absorbing flamenco from surroundings suggests embodied transmission, but it is used mainly as a contrast with written/structural learning.",23
JALEO_1978_02::A15,jaleo,Jaleo,JALEO_1978_02,1978,COMM_03,COMM,"The notice concerns a juerga gathering, but it is logistical and does not evaluate participatory setting or belonging.",18
JALEO_1978_03::A1,jaleo,Jaleo,JALEO_1978_03,1978,COMM_04,COMM,"References to Sevillan blood and Andalusian soul are identity language, but they appear as praise for one dancer rather than a broader authority or belonging frame.",26
JALEO_1978_03::A1,jaleo,Jaleo,JALEO_1978_03,1978,CRIT_02,CRIT,"Terms such as voice, art, vigor, and lucid flamenco are evaluative, but the article does not clearly define quality through stable aesthetic criteria.",23
JALEO_1978_03::A2,jaleo,Jaleo,JALEO_1978_03,1978,CRIT_01,CRIT,"The letters praise Jaleo as a great idea, but this is generic support for the newsletter rather than critical evaluation of flamenco art or performance.",25
JALEO_1978_03::A2,jaleo,Jaleo,JALEO_1978_03,1978,PED_03,PED,"The newsletter circulates information, but the excerpt does not clearly frame this as access to flamenco knowledge or pedagogy.",19
JALEO_1978_03::A3,jaleo,Jaleo,JALEO_1978_03,1978,CRIT_02,CRIT,"The text uses expressive aesthetic language about flamenco's force and guitars, but it does not apply a clear evaluative criterion to judge quality.",24
JALEO_1978_03::A3,jaleo,Jaleo,JALEO_1978_03,1978,PED_01,PED,"Guitarists, dancers, and singers are said to teach palmas, but the passage emphasizes access and participation more than formal pedagogical authority.",21
JALEO_1978_03::A4,jaleo,Jaleo,JALEO_1978_03,1978,CRIT_01,CRIT,"The class is called unique, but the passage functions mainly as pedagogical description rather than sustained critical evaluation.",18
JALEO_1978_03::A5,jaleo,Jaleo,JALEO_1978_03,1978,AUTH_03,AUTH,"The visible text discusses origin in the jota and development in Cádiz, but it is primarily historical instruction rather than a clear use of tradition to authorize present flamenco value.",30
JALEO_1978_03::A5,jaleo,Jaleo,JALEO_1978_03,1978,PED_02,PED,"Compás is central, but the passage explains rhythm analytically rather than framing knowledge as embodied, oral, familial, or lineage-based transmission.",21
JALEO_1978_03::A5,jaleo,Jaleo,JALEO_1978_03,1978,CRIT_04,CRIT,"The phrase 'our authorities are in agreement' invokes authorities, but the truncated visible context does not clearly establish expert critical authority as the main discourse function.",26
JALEO_1978_03::A6,jaleo,Jaleo,JALEO_1978_03,1978,PED_01,PED,"The article mentions lessons with Juana de Alva and earlier teachers, but these are biographical facts without a clear claim of pedagogical authority.",23
JALEO_1978_03::A6,jaleo,Jaleo,JALEO_1978_03,1978,PED_02,PED,"The text mentions Spanish descent and a long line of dancers, but it does not use lineage as an authorizing transmission claim.",22
JALEO_1978_03::A6,jaleo,Jaleo,JALEO_1978_03,1978,COMM_04,COMM,Spanish descent and family background are incidental biography rather than identity framing that organizes flamenco authority or belonging.,18
JALEO_1978_03::A7,jaleo,Jaleo,JALEO_1978_03,1978,AUTH_03,AUTH,"The review mentions traditional forms and historical schools, but these serve the critical comparison rather than a distinct tradition-continuity claim.",21
JALEO_1978_03::A7,jaleo,Jaleo,JALEO_1978_03,1978,CRIT_04,CRIT,"The article is a named newspaper review, but the emitted critical codes already capture the exercised judgment without needing an additional expert-authority code.",24
JALEO_1978_03::A7,jaleo,Jaleo,JALEO_1978_03,1978,HERIT_02,HERIT,"The Spanish Government organized the company, but the passage does not frame this as authorized heritage recognition or patrimonial authority.",20
JALEO_1978_03::A8,jaleo,Jaleo,JALEO_1978_03,1978,PED_02,PED,"Melchor is identified as the son of a famous guitarist, but the text does not clearly frame father-son relation as lineage transmission.",23
JALEO_1978_03::A8,jaleo,Jaleo,JALEO_1978_03,1978,CRIT_04,CRIT,"The text identifies the review source and author, but it does not foreground critic or expert authority beyond ordinary review attribution.",21
JALEO_1978_03::A9,jaleo,Jaleo,JALEO_1978_03,1978,CRIT_01,CRIT,"The article praises Stan's contribution, but the evaluation is of volunteer organizational labor rather than a flamenco artist, performance, recording, style, venue, publication, or event.",26
JALEO_1978_03::A10,jaleo,Jaleo,JALEO_1978_03,1978,PED_02,PED,"The article names body movements and footwork, but it does not frame knowledge as transmitted through embodied/oral lineage or apprenticeship.",21
JALEO_1978_03::A12,jaleo,Jaleo,JALEO_1978_03,1978,COMM_02,COMM,"The item reports Jaleistas' personal and performance news, but it does not clearly construct community authority, belonging, or insider recognition.",20
JALEO_1978_03::A13,jaleo,Jaleo,JALEO_1978_03,1978,CRIT_03,CRIT,"The article mentions a prize and compares players, but it does not clearly construct a broader canon or ranking hierarchy beyond stylistic comparison.",23
JALEO_1978_03::A13,jaleo,Jaleo,JALEO_1978_03,1978,COMM_04,COMM,"Jerez is used as a local style label, but the passage primarily analyzes musical style rather than identity-based belonging or representation.",22
JALEO_1978_03::A14,jaleo,Jaleo,JALEO_1978_03,1978,CRIT_03,CRIT,"The article compares older and modern styles and mentions artists such as Sabicas and Paco de Lucía, but the stronger evidence is critical evaluation and pedagogy rather than explicit canon formation.",31
JALEO_1978_04::A1,jaleo,Jaleo,JALEO_1978_04,1978,COMM_04,COMM,"The article frames Sevilla as a place of Spanish cultural identity and mentions flamenco figures, but the visible passage does not clearly use flamenco identity to define belonging, authority, or representation.",31
JALEO_1978_04::A1,jaleo,Jaleo,JALEO_1978_04,1978,CRIT_03,CRIT,"Antonio and Mairena are mentioned as prestige-bearing figures, but the article does not rank or canonize them within flamenco discourse.",21
JALEO_1978_04::A2,jaleo,Jaleo,JALEO_1978_04,1978,AUTH_04,AUTH,"The contrast with expensive dinner-clubs suggests anti-commercial intimacy, but the passage frames the distinction more directly as participatory/community setting and quality evaluation.",25
JALEO_1978_04::A3,jaleo,Jaleo,JALEO_1978_04,1978,COMM_02,COMM,"Jaleistas community-building is central, but the clearest discourse is about insider/outsider boundaries and participatory setting rather than aficionado authority to judge flamenco.",24
JALEO_1978_04::A4,jaleo,Jaleo,JALEO_1978_04,1978,PED_03,PED,"The introductory sentence frames the visit as useful for someone learning flamenco guitar and Spanish, but the article itself mostly narrates travel impressions rather than a distinct pedagogical or access argument.",31
JALEO_1978_04::A5,jaleo,Jaleo,JALEO_1978_04,1978,COMM_03,COMM,"The article references fiestas, ferias, bars, and tablaos, but the visible excerpt does not clearly contrast participatory and spectatorial settings as a value boundary.",24
JALEO_1978_04::A6,jaleo,Jaleo,JALEO_1978_04,1978,AUTH_03,AUTH,"References to traditional dances and nostalgic Feria/Rocío memories suggest continuity, but the visible text is primarily biographical rather than using tradition to authorize present flamenco value.",27
JALEO_1978_04::A7,jaleo,Jaleo,JALEO_1978_04,1978,CRIT_02,CRIT,"Terms like rhythm, body design, tonal flexibility, and faculties appear as aesthetic criteria, but CRIT_01 and CRIT_03 capture the stronger review functions without overcoding.",24
JALEO_1978_04::A9,jaleo,Jaleo,JALEO_1978_04,1978,CRIT_01,CRIT,"Phrases such as 'beautiful styles' and 'great popularity' are evaluative, but they are brief and secondary to the article's pedagogical classification.",22
JALEO_1978_04::A10,jaleo,Jaleo,JALEO_1978_04,1978,CRIT_01,CRIT,"The statement that the words are 'more difficult than most' describes difficulty for singers, but it is not a broader aesthetic evaluation.",22
JALEO_1978_04::A11,jaleo,Jaleo,JALEO_1978_04,1978,COMM_04,COMM,"Gypsy identity and Caló language are central topics, but the visible text does not clearly use identity to define flamenco belonging or authority.",23
JALEO_1978_04::A11,jaleo,Jaleo,JALEO_1978_04,1978,CRIT_04,CRIT,"Borrow is cited as a scholarly source, but the passage does not position him as an authority for judging flamenco itself.",21
JALEO_1978_04::A12,jaleo,Jaleo,JALEO_1978_04,1978,CRIT_02,CRIT,"Compás and triplet structure are technical terms here, but they are used instructionally rather than as criteria for judging quality.",20
JALEO_1978_04::A13,jaleo,Jaleo,JALEO_1978_04,1978,COMM_04,COMM,"Gendered and regional references appear in several definitions, but they are descriptive vocabulary notes rather than identity-based authority or belonging claims.",22
JALEO_1978_04::A14,jaleo,Jaleo,JALEO_1978_04,1978,CRIT_02,CRIT,"Compas, technique, aire, notation, and accuracy appear as criteria, but the stronger discourse function is the pedagogical evaluation of method books rather than a standalone theory of flamenco quality.",29
JALEO_1978_04::A16,jaleo,Jaleo,JALEO_1978_04,1978,COMM_02,COMM,"The meeting notice asks members to contribute votes and ideas, but this is organizational governance rather than community authority over flamenco knowledge or value.",24
JALEO_1978_04::A17,jaleo,Jaleo,JALEO_1978_04,1978,COMM_02,COMM,"The article shows community enthusiasm, but the clearer community discourse is the participatory juerga setting rather than aficionados or a peña exercising authority.",23
JALEO_1978_04::A18,jaleo,Jaleo,JALEO_1978_04,1978,PED_03,PED,"The instruction about the correct way to do palmas concerns knowledge, but it functions mainly as conduct regulation within the juerga rather than a learning/access discourse.",27
JALEO_1978_05::A1,jaleo,Jaleo,JALEO_1978_05,1978,AUTH_04,AUTH,"The phrase 'non-commercial genius' suggests anti-commercial value, but it refers to Diego del Gastor as comparison and is not developed as an authenticity argument about Rafael.",28
JALEO_1978_05::A1,jaleo,Jaleo,JALEO_1978_05,1978,AUTH_01,AUTH,"The closing praise uses 'pure and noble fountain of inspiration,' but the stronger function is aesthetic evaluation rather than an explicit claim of proper or genuine flamenco.",27
JALEO_1978_05::A2,jaleo,Jaleo,JALEO_1978_05,1978,COMM_03,COMM,"The article discusses participation through jaleo, but it does not clearly contrast participatory settings against spectatorship or public staging as a value boundary.",23
JALEO_1978_05::A2,jaleo,Jaleo,JALEO_1978_05,1978,CRIT_02,CRIT,"Compás is central, but it is used mainly as technical instruction rather than as an evaluative criterion for judging performance quality.",21
JALEO_1978_05::A3,jaleo,Jaleo,JALEO_1978_05,1978,CRIT_01,CRIT,"The passage discusses doing reviews, but it does not itself evaluate a specific flamenco performance or artist.",17
JALEO_1978_05::A4,jaleo,Jaleo,JALEO_1978_05,1978,COMM_01,COMM,"The phrase 'unknowledgeable public' suggests an insider/outsider contrast, but the main discourse function is critique of staged flamenco rather than a developed belonging boundary.",25
JALEO_1978_05::A4,jaleo,Jaleo,JALEO_1978_05,1978,PED_03,PED,"The passage mentions a new generation and media coverage, but it does not clearly discuss learning access or institutional pedagogy.",20
JALEO_1978_05::A5,jaleo,Jaleo,JALEO_1978_05,1978,PED_03,PED,The retrieval trigger 'Field' appears only in 'Municipal Sports Field' and has no pedagogical or access-to-knowledge function.,19
JALEO_1978_05::A5,jaleo,Jaleo,JALEO_1978_05,1978,COMM_03,COMM,"The Madrid festival is criticized for enforced seating and police presence, but the visible text does not clearly articulate a participatory/public-private flamenco value contrast.",26
JALEO_1978_05::A6,jaleo,Jaleo,JALEO_1978_05,1978,CRIT_04,CRIT,"The mention of flamenco purists suggests boundary discourse, but the visible passage does not use their authority or critique to police a boundary.",23
JALEO_1978_05::A7,jaleo,Jaleo,JALEO_1978_05,1978,CRIT_03,CRIT,"Named older guitarists are presented as valued examples, but the passage mainly states Hayes's preference rather than constructing a clear canon or hierarchy.",24
JALEO_1978_05::A8,jaleo,Jaleo,JALEO_1978_05,1978,PED_01,PED,"The passage emphasizes Fosforito's knowledge, but it does not frame him as teaching or mediating flamenco knowledge pedagogically.",19
JALEO_1978_05::A9,jaleo,Jaleo,JALEO_1978_05,1978,CRIT_02,CRIT,"Creativity and originality are aesthetic criteria, but the passage functions primarily as an overall review of the method book.",19
JALEO_1978_05::A10,jaleo,Jaleo,JALEO_1978_05,1978,CRIT_02,CRIT,"Compás and accent are technical terms, but the passage teaches coordination rather than judging quality by an aesthetic criterion.",19
JALEO_1978_05::A11,jaleo,Jaleo,JALEO_1978_05,1978,COMM_02,COMM,"The reviewer mentions supporting fellow Jaleistas, but this does not clearly grant community authority to judge or sustain flamenco.",19
JALEO_1978_05::A12,jaleo,Jaleo,JALEO_1978_05,1978,AUTH_03,AUTH,"The visible text mentions historical development from cafes and theatricalization, but the past is not clearly used to authorize a present proper form.",23
JALEO_1978_05::A14,jaleo,Jaleo,JALEO_1978_05,1978,COMM_03,COMM,"The article describes a large all-night juerga, but the visible excerpt mostly reports attendance, food, and logistics without clearly evaluating participatory flamenco setting.",24
JALEO_1978_05::A14,jaleo,Jaleo,JALEO_1978_05,1978,COMM_04,COMM,"The phrase 'a true gypsy diet' uses identity language, but it is a casual food description rather than identity-based authority or representation.",23
JALEO_1978_05::A15,jaleo,Jaleo,JALEO_1978_05,1978,COMM_02,COMM,"The text discusses community organization and volunteer roles, but it does not clearly grant aficionados or members authority to judge flamenco.",21
JALEO_1978_06::A1,jaleo,Jaleo,JALEO_1978_06,1978,COMM_04,COMM,"Gypsy identity is central in the excerpt, but the selected COMM_02/COMM_03 codes more precisely capture the family/community authority and private-setting discourse.",24
JALEO_1978_06::A1,jaleo,Jaleo,JALEO_1978_06,1978,AUTH_03,AUTH,"The passage discusses origins and historical development, but the visible evidence primarily values intimacy and community rather than continuity with a past tradition.",23
JALEO_1978_06::A2,jaleo,Jaleo,JALEO_1978_06,1978,CRIT_01,CRIT,"The excerpt contains strong praise, but CRIT_03 and CRIT_04 capture the more specific canonizing and critical-authority functions.",18
JALEO_1978_06::A2,jaleo,Jaleo,JALEO_1978_06,1978,COMM_04,COMM,The retrieval trigger is incidental; the visible evidence does not use identity groups to define belonging or authority.,18
JALEO_1978_06::A3,jaleo,Jaleo,JALEO_1978_06,1978,AUTH_03,AUTH,The phrase 'traditional material' is evaluative but brief; it does not clearly ground present legitimacy in continuity or roots.,19
JALEO_1978_06::A3,jaleo,Jaleo,JALEO_1978_06,1978,PED_01,PED,"The letter praises Paco's column and methods, but it does not clearly position a teacher or institution as pedagogical authority beyond access to materials.",25
JALEO_1978_06::A4,jaleo,Jaleo,JALEO_1978_06,1978,PED_01,PED,"The article is instructional, but the stronger visible discourse is expert classification and aesthetic evaluation rather than an explicit teaching authority or method.",23
JALEO_1978_06::A4,jaleo,Jaleo,JALEO_1978_06,1978,AUTH_03,AUTH,"Origin and tradition are discussed, but much of it is taxonomic and historical rather than a clear present-value continuity claim.",21
JALEO_1978_06::A5,jaleo,Jaleo,JALEO_1978_06,1978,AUTH_04,AUTH,"The ending criticizes hit-making and added instruments, but it does not explicitly frame commerce as loss of flamenco authenticity.",20
JALEO_1978_06::A5,jaleo,Jaleo,JALEO_1978_06,1978,AUTH_03,AUTH,"Traditional styles are named, but the passage mainly uses expert classification and criteria rather than continuity as authority.",18
JALEO_1978_06::A6,jaleo,Jaleo,JALEO_1978_06,1978,AUTH_03,AUTH,"The phrase ""traditional style tangos falsetas"" uses tradition language, but it functions mainly as style description rather than authorizing present flamenco through continuity or roots.",25
JALEO_1978_06::A7,jaleo,Jaleo,JALEO_1978_06,1978,AUTH_03,AUTH,"""traditional style"" is present, but the short notice does not use tradition to authorize, preserve, or judge flamenco practice.",19
JALEO_1978_06::A7,jaleo,Jaleo,JALEO_1978_06,1978,PED_02,PED,"The reference to a falseta inspired by an old record suggests influence, but does not clearly frame lineage, oral/embodied transmission, or authorized learning.",24
JALEO_1978_06::A8,jaleo,Jaleo,JALEO_1978_06,1978,AUTH_04,AUTH,"The text mentions commercial flamenco and tourist flamenco shows, but does not clearly frame commerce or tourism as corrupting authenticity.",20
JALEO_1978_06::A8,jaleo,Jaleo,JALEO_1978_06,1978,COMM_04,COMM,"Gypsy quarters, regional inhabitants, and local identities are named, but most instances are descriptive rather than identity-based authority or belonging claims.",22
JALEO_1978_06::A9,jaleo,Jaleo,JALEO_1978_06,1978,PED_01,PED,"Trotter is identified as a guitar instructor and qualified transcriber, but the passage primarily authorizes critical/transcription judgment rather than teaching authority.",22
JALEO_1978_06::A9,jaleo,Jaleo,JALEO_1978_06,1978,CRIT_04,CRIT,"The reviewer's authority is implicit in a review context, but the clearest evidence is direct evaluation and canon formation already captured by CRIT_01/02/03.",26
JALEO_1978_06::A10,jaleo,Jaleo,JALEO_1978_06,1978,AUTH_01,AUTH,"""Real music defies description"" is evaluative language, but it is too generic to function as a flamenco authenticity claim.",19
JALEO_1978_06::A10,jaleo,Jaleo,JALEO_1978_06,1978,COMM_02,COMM,"The word ""aficionado"" appears, but it does not grant aficionados authority to judge or sustain flamenco.",16
JALEO_1978_06::A12,jaleo,Jaleo,JALEO_1978_06,1978,CRIT_01,CRIT,"The word 'admirably' lightly praises Tom's accompaniment, but the passage is primarily biographical/community appreciation rather than sustained critical evaluation.",21
JALEO_1978_06::A13,jaleo,Jaleo,JALEO_1978_06,1978,AUTH_04,AUTH,"The passage values intimacy, but it does not clearly link intimacy to authenticity or to a commercial/public threat.",19
JALEO_1978_06::A14,jaleo,Jaleo,JALEO_1978_06,1978,PED_03,PED,"The teacher listings mention instruction, but they are routine announcements without evaluative access or pedagogy stakes.",16
JALEO_1978_07::A1,jaleo,Jaleo,JALEO_1978_07,1978,CRIT_04,CRIT,"The article is a published critical review, but the visible passage does not separately foreground critic/expert authority beyond performing evaluation itself.",22
JALEO_1978_07::A2,jaleo,Jaleo,JALEO_1978_07,1978,HERIT_03,HERIT,"The goal of spreading flamenco culture suggests public cultural transmission, but the visible passage lacks explicit heritage/safeguarding framing.",19
JALEO_1978_07::A3,jaleo,Jaleo,JALEO_1978_07,1978,COMM_03,COMM,"The later juerga description evokes communal participation, but it is atmospheric rather than clearly about participatory authority or value.",19
JALEO_1978_07::A4,jaleo,Jaleo,JALEO_1978_07,1978,AUTH_03,AUTH,"The article supports old/new and traditional/innovative coexistence, but it does not ground present value mainly in tradition or continuity.",21
JALEO_1978_07::A4,jaleo,Jaleo,JALEO_1978_07,1978,PED_03,PED,"Teaching is mentioned, but the central discourse is inclusivity and anti-purist boundary critique rather than institutional/transnational learning access.",20
JALEO_1978_07::A5,jaleo,Jaleo,JALEO_1978_07,1978,AUTH_02,AUTH,"The phrase 'non-flamenco meanings' implies a boundary, but the main function is aesthetic evaluation through compás rather than purity rhetoric.",21
JALEO_1978_07::A6,jaleo,Jaleo,JALEO_1978_07,1978,COMM_03,COMM,"The text says he created an ambiente everyone could share, but the stronger evidence concerns community recognition and mentorship rather than a public/private participatory contrast.",26
JALEO_1978_07::A9,jaleo,Jaleo,JALEO_1978_07,1978,CRIT_04,CRIT,"The article uses insider critical authority, but this overlaps strongly with the emitted COMM_01 and CRIT_01 evidence.",17
JALEO_1978_07::A10,jaleo,Jaleo,JALEO_1978_07,1978,PED_01,PED,"Pepe el Barbero is named as a formal teacher, but the visible passage treats this mainly as biography rather than pedagogical authority.",22
JALEO_1978_07::A11,jaleo,Jaleo,JALEO_1978_07,1978,PED_01,PED,"The text mentions that Mora studied with great teachers and is teaching, but it does not clearly frame her as pedagogically authoritative beyond biographical credentials.",25
JALEO_1978_07::A12,jaleo,Jaleo,JALEO_1978_07,1978,AUTH_02,AUTH,"The phrase 'real Mexicans' draws a real/fake boundary, but it concerns ethnic perception rather than a clear proper/improper flamenco boundary.",22
JALEO_1978_07::A12,jaleo,Jaleo,JALEO_1978_07,1978,CRIT_01,CRIT,"'They're no good' is evaluative, but it appears as an overheard audience stereotype rather than substantive flamenco criticism.",19
JALEO_1978_07::A13,jaleo,Jaleo,JALEO_1978_07,1978,PED_03,PED,"Music and tablature could support learning access, but the passage functions mainly as a critical review rather than a discussion of pedagogy or access to flamenco knowledge.",27
JALEO_1978_07::A14,jaleo,Jaleo,JALEO_1978_07,1978,COMM_02,COMM,"Aficionados and flamencos are mentioned, but the text does not clearly grant them authority to judge or sustain flamenco beyond participating.",21
JALEO_1978_07::A15,jaleo,Jaleo,JALEO_1978_07,1978,AUTH_03,AUTH,"The Lorca quotation invokes 'the people,' but the visible text does not clearly use tradition, roots, or continuity to authorize present flamenco practice.",23
JALEO_1978_07::A15,jaleo,Jaleo,JALEO_1978_07,1978,COMM_03,COMM,"The juerga setting is central, but the excerpt does not clearly contrast participatory/private flamenco with public spectatorship.",18
JALEO_1978_07::A16,jaleo,Jaleo,JALEO_1978_07,1978,AUTH_03,AUTH,"The anniversary and return to the initial juerga site suggest continuity, but the passage is mainly event logistics and does not use continuity to authorize flamenco value.",27
JALEO_1978_07::A16,jaleo,Jaleo,JALEO_1978_07,1978,COMM_02,COMM,"The Palmers are described as longtime followers and admirers, but this does not clearly grant community authority or recognition over flamenco.",21
JALEO_1978_07::A16,jaleo,Jaleo,JALEO_1978_07,1978,PED_01,PED,"Mary Palmer is said to have taught modern dance, but this is biographical and not a claim about flamenco pedagogical authority.",21
JALEO_1978_08::A1,jaleo,Jaleo,JALEO_1978_08,1978,CRIT_03,CRIT,"The word 'reference' appears, but it refers to study material rather than canon, hierarchy, or exemplary status.",17
JALEO_1978_08::A1,jaleo,Jaleo,JALEO_1978_08,1978,COMM_03,COMM,"The stage versus folk contrast suggests setting differences, but the visible text does not sufficiently develop a public/private participatory value contrast.",22
JALEO_1978_08::A1,jaleo,Jaleo,JALEO_1978_08,1978,PED_01,PED,"The author seeks lessons, but no particular teacher or method is yet positioned as authoritative in the visible passage.",19
JALEO_1978_08::A2,jaleo,Jaleo,JALEO_1978_08,1978,COMM_04,COMM,"Gypsy identity is salient, but the strongest discourse function is insider/outsider learning rather than identity-group authority itself.",19
JALEO_1978_08::A2,jaleo,Jaleo,JALEO_1978_08,1978,CRIT_01,CRIT,"There are evaluative remarks about Joselero's singing, but they mainly support pedagogy and aesthetic-criteria claims rather than a sustained review.",22
JALEO_1978_08::A2,jaleo,Jaleo,JALEO_1978_08,1978,AUTH_01,AUTH,"The article concerns proper cante learning, but it does not explicitly claim authenticity or genuineness as such.",17
JALEO_1978_08::A3,jaleo,Jaleo,JALEO_1978_08,1978,PED_01,PED,"She is described as an instructor, but the text does not strongly position her teaching as authoritative beyond biography.",19
JALEO_1978_08::A3,jaleo,Jaleo,JALEO_1978_08,1978,CRIT_03,CRIT,"Guest appearances with named companies establish career stature, but the passage does not clearly rank or canonize her.",18
JALEO_1978_08::A3,jaleo,Jaleo,JALEO_1978_08,1978,COMM_04,COMM,"Regional and national identities appear descriptively in repertoire and biography, without clear authority or belonging work.",16
JALEO_1978_08::A4,jaleo,Jaleo,JALEO_1978_08,1978,PED_03,PED,"Reprints and translations mediate knowledge access, but the visible passage focuses more on editorial standards than learning access.",18
JALEO_1978_08::A4,jaleo,Jaleo,JALEO_1978_08,1978,HERIT_03,HERIT,"The letter discusses circulation of flamenco writing, but lacks public heritage or safeguarding framing.",14
JALEO_1978_08::A4,jaleo,Jaleo,JALEO_1978_08,1978,AUTH_03,AUTH,"The phrase 'continues to grow and change' gestures toward continuity, but it does not authorize flamenco through tradition or roots.",20
JALEO_1978_08::A5,jaleo,Jaleo,JALEO_1978_08,1978,CRIT_02,CRIT,"The passage contains performance-quality complaints, but it does not name a specific flamenco aesthetic criterion such as compás, duende, technique, or expression as the basis of judgment.",28
JALEO_1978_08::A5,jaleo,Jaleo,JALEO_1978_08,1978,PED_03,PED,"There is a search for lessons and films for future study, but the strongest discourse in the visible text is critical evaluation and expert classification.",25
JALEO_1978_08::A5,jaleo,Jaleo,JALEO_1978_08,1978,COMM_04,COMM,"Foreign dancers and tourists are mentioned, but the passage critiques labor and market conditions rather than identity as cultural authority.",20
JALEO_1978_08::A6,jaleo,Jaleo,JALEO_1978_08,1978,COMM_04,COMM,"The term 'chicano' appears, but identity is not developed as a basis of flamenco belonging, authority, or representation.",18
JALEO_1978_08::A6,jaleo,Jaleo,JALEO_1978_08,1978,AUTH_03,AUTH,"The text contrasts old and new repertoire, but does not ground flamenco value in tradition, roots, or continuity.",18
JALEO_1978_08::A6,jaleo,Jaleo,JALEO_1978_08,1978,CRIT_02,CRIT,"The review praises intensity and power, but does not clearly define flamenco quality through a specific aesthetic criterion.",18
JALEO_1978_08::A7,jaleo,Jaleo,JALEO_1978_08,1978,CRIT_03,CRIT,"The Golden Anniversary reference suggests career importance, but the visible text is mainly biographical chronology and does not clearly rank or canonize Antonio.",23
JALEO_1978_08::A7,jaleo,Jaleo,JALEO_1978_08,1978,AUTH_03,AUTH,"The article gives dates and continuity of a dance career, but does not use the past to authorize present flamenco value.",21
JALEO_1978_08::A7,jaleo,Jaleo,JALEO_1978_08,1978,PED_02,PED,"Early performances with Rosario are mentioned, but there is no transmission, teaching, or lineage discourse.",15
JALEO_1978_08::A8,jaleo,Jaleo,JALEO_1978_08,1978,HERIT_03,HERIT,"The proposal supports community continuity, but it lacks explicit heritage, safeguarding, or public-culture framing.",15
JALEO_1978_08::A8,jaleo,Jaleo,JALEO_1978_08,1978,PED_01,PED,"Study is mentioned, but no teacher, school, or method is positioned as pedagogically authoritative.",14
JALEO_1978_08::A8,jaleo,Jaleo,JALEO_1978_08,1978,COMM_01,COMM,"The text distinguishes traveling/local flamencos, but not as an insider/outsider authority boundary.",14
JALEO_1978_08::A9,jaleo,Jaleo,JALEO_1978_08,1978,COMM_04,COMM,"Gitanos, Basque provinces, and Indians of Michoacan are named as repertoire references, but identity does not clearly organize authority or belonging.",21
JALEO_1978_08::A9,jaleo,Jaleo,JALEO_1978_08,1978,CRIT_03,CRIT,"The comeback claim gives the company importance, but does not clearly establish a canon or hierarchy beyond review praise.",19
JALEO_1978_08::A9,jaleo,Jaleo,JALEO_1978_08,1978,PED_03,PED,"A class announcement is appended, but it is a routine listing without learning/access stakes.",15
JALEO_1978_08::A10,jaleo,Jaleo,JALEO_1978_08,1978,PED_02,PED,"Members bring back songs, steps, and falsetas from Spain, but the text does not describe oral, embodied, or intergenerational transmission in enough detail.",23
JALEO_1978_08::A10,jaleo,Jaleo,JALEO_1978_08,1978,COMM_04,COMM,"Gypsies and national/geographic origins appear in definitions, but the strongest function is classification rather than identity-based authority.",19
JALEO_1978_08::A10,jaleo,Jaleo,JALEO_1978_08,1978,AUTH_03,AUTH,"Cantes de ida y vuelta are described historically, but the passage is definitional rather than using roots or continuity to authorize present value.",23
JALEO_1978_08::A11,jaleo,Jaleo,JALEO_1978_08,1978,COMM_04,COMM,"Gypsy identity is used in defining cante jondo and historical incorporation, but the strongest function is terminological classification rather than identity-based authority.",23
JALEO_1978_08::A11,jaleo,Jaleo,JALEO_1978_08,1978,AUTH_03,AUTH,"Cantes de ida y vuelta are described historically, but the passage is definitional rather than authorizing present flamenco through roots or continuity.",22
JALEO_1978_08::A11,jaleo,Jaleo,JALEO_1978_08,1978,PED_02,PED,"The glossary concerns cante knowledge, but it does not describe oral, embodied, familial, or lineage transmission.",16
JALEO_1978_08::A12,jaleo,Jaleo,JALEO_1978_08,1978,COMM_04,COMM,"Phrases such as 'Spanish gypsies' and 'gypsy look' appear, but they are descriptive/romanticized rather than clearly organizing authority or belonging.",21
JALEO_1978_08::A12,jaleo,Jaleo,JALEO_1978_08,1978,PED_01,PED,"Joe Trotter is named as a teacher, but the text does not clearly position his pedagogy as authoritative beyond a brief evaluative mention.",23
JALEO_1978_08::A12,jaleo,Jaleo,JALEO_1978_08,1978,AUTH_04,AUTH,"The late studio mini-juerga suggests intimacy, but the passage does not explicitly frame it as more authentic or anti-commercial.",21
JALEO_1978_08::A13,jaleo,Jaleo,JALEO_1978_08,1978,PED_03,PED,"Sheryl is said to have begun studying flamenco, but there is no developed access, institutional, or transnational learning discourse.",19
JALEO_1978_08::A13,jaleo,Jaleo,JALEO_1978_08,1978,PED_01,PED,"Study is mentioned, but no teacher, method, or institution is presented as authoritative.",13
JALEO_1978_08::A13,jaleo,Jaleo,JALEO_1978_08,1978,CRIT_01,CRIT,"Jack Tempchin's music career is described, but not evaluated as flamenco-related criticism.",14
JALEO_1978_09::A1,jaleo,Jaleo,JALEO_1978_09,1978,COMM_02,COMM,"The trigger 'home' appears in the evidence window, but it refers to Minneapolis and letters home rather than aficionado or community authority.",22
JALEO_1978_09::A1,jaleo,Jaleo,JALEO_1978_09,1978,CRIT_03,CRIT,"The phrase 'top performers' implies status, but the main discourse function is contesting nationality as a criterion, not constructing a canon.",21
JALEO_1978_09::A1,jaleo,Jaleo,JALEO_1978_09,1978,PED_01,PED,"La Singla is effectively training Suzanne through rehearsal, but the passage does not explicitly frame her as a pedagogical authority.",20
JALEO_1978_09::A2,jaleo,Jaleo,JALEO_1978_09,1978,COMM_03,COMM,"Small juergas are mentioned, but the text does not clearly contrast private participatory settings with public spectatorship.",17
JALEO_1978_09::A2,jaleo,Jaleo,JALEO_1978_09,1978,PED_03,PED,"Indexes and calendars aid readers, but the passage does not explicitly frame them as flamenco learning or knowledge access.",19
JALEO_1978_09::A2,jaleo,Jaleo,JALEO_1978_09,1978,AUTH_04,AUTH,"Small juergas could suggest intimate authenticity, but the passage only notes Carol's contribution without authenticity stakes.",17
JALEO_1978_09::A3,jaleo,Jaleo,JALEO_1978_09,1978,COMM_04,COMM,"Gypsy identity and family are important in the style history, but the clearest function is lineage transmission rather than identity as an explicit authority claim.",25
JALEO_1978_09::A3,jaleo,Jaleo,JALEO_1978_09,1978,AUTH_02,AUTH,"The writer devalues Camarón's style, but the passage does not explicitly draw a pure/impure or real/fake flamenco boundary.",21
JALEO_1978_09::A3,jaleo,Jaleo,JALEO_1978_09,1978,AUTH_03,AUTH,"The account traces stylistic origins, but it primarily attributes influence and transmission rather than grounding value in tradition or roots.",20
JALEO_1978_09::A5,jaleo,Jaleo,JALEO_1978_09,1978,COMM_02,COMM,"Aficionados and visitors are mentioned, but the strongest community function is the public/private juerga setting rather than aficionado authority.",20
JALEO_1978_09::A5,jaleo,Jaleo,JALEO_1978_09,1978,AUTH_03,AUTH,"The article discusses style based on what went before, but the visible passage more strongly supports authenticity, anti-commercial intimacy, and critical criteria.",23
JALEO_1978_09::A5,jaleo,Jaleo,JALEO_1978_09,1978,PED_02,PED,"Diego's style is based on earlier toque, but the passage does not clearly describe oral, embodied, familial, or intergenerational transmission.",21
JALEO_1978_09::A6,jaleo,Jaleo,JALEO_1978_09,1978,AUTH_03,AUTH,"The phrase 'inherited from Diego del Gastor' suggests continuity, but the visible passage primarily supports canon/style and embodied transmission.",20
JALEO_1978_09::A6,jaleo,Jaleo,JALEO_1978_09,1978,AUTH_01,AUTH,"A movement is called 'non-flamenco,' but the text does not explicitly claim authenticity or real/proper flamenco as a broader authenticity discourse.",23
JALEO_1978_09::A6,jaleo,Jaleo,JALEO_1978_09,1978,COMM_01,COMM,"Chuck's old friends remembering him implies insider belonging, but it is not clearly developed as an authority boundary.",19
JALEO_1978_09::A7,jaleo,Jaleo,JALEO_1978_09,1978,PED_02,PED,"Training and study are described, but the passage does not specify oral, embodied, family, or lineage transmission.",17
JALEO_1978_09::A7,jaleo,Jaleo,JALEO_1978_09,1978,CRIT_01,CRIT,"The artists are called 'very fine,' but the primary discourse is biographical pedagogy rather than a review of their work.",20
JALEO_1978_09::A7,jaleo,Jaleo,JALEO_1978_09,1978,COMM_04,COMM,"Spain, LA, and Madrid are named geographically, but they do not organize belonging or authority.",15
JALEO_1978_09::A8,jaleo,Jaleo,JALEO_1978_09,1978,AUTH_04,AUTH,"The text uses 'intimate give-and-take,' but it does not frame intimacy as more authentic or as resistance to commercial spectacle.",22
JALEO_1978_09::A8,jaleo,Jaleo,JALEO_1978_09,1978,COMM_04,COMM,"The phrase 'gypsy dance form' appears, but identity does not clearly organize authority, belonging, or representation.",16
JALEO_1978_09::A8,jaleo,Jaleo,JALEO_1978_09,1978,CRIT_04,CRIT,"This is a review, but the passage does not foreground the critic's authority or police commercial/pure/hybrid boundaries strongly enough beyond ordinary critical evaluation.",26
JALEO_1978_09::A9,jaleo,Jaleo,JALEO_1978_09,1978,AUTH_03,AUTH,"The article mentions traditional verses, but tradition is not clearly used as an authority claim about proper flamenco.",18
JALEO_1978_09::A11,jaleo,Jaleo,JALEO_1978_09,1978,CRIT_02,CRIT,"The review mentions talent and coordination, but it does not clearly develop these as broader flamenco aesthetic criteria beyond performance praise.",21
JALEO_1978_09::A12,jaleo,Jaleo,JALEO_1978_09,1978,CRIT_02,CRIT,"Technical terms such as compás, llamada, escovilla, and silencio are explained, but they are not used as evaluative criteria for judging flamenco quality.",23
JALEO_1978_09::A12,jaleo,Jaleo,JALEO_1978_09,1978,COMM_03,COMM,"The later juerga scene includes social performance and spectatorship, but in this article excerpt it remains mostly descriptive rather than making participatory setting a value claim.",26
JALEO_1978_09::A13,jaleo,Jaleo,JALEO_1978_09,1978,PED_01,PED,"Carmen Mora is described as teaching flamenco, but the passage does not clearly elaborate pedagogical authority beyond a factual teaching arrangement.",21
JALEO_1978_10::A1,jaleo,Jaleo,JALEO_1978_10,1978,CRIT_03,CRIT,"""America's premier academy"" is a ranking phrase, but the surrounding passage is largely promotional and pedagogical rather than canon-forming.",21
JALEO_1978_10::A3,jaleo,Jaleo,JALEO_1978_10,1978,AUTH_02,AUTH,"The article responds to purity debates, but the visible argument rejects narrow purity boundaries rather than drawing a clear pure/impure exclusion.",22
JALEO_1978_10::A4,jaleo,Jaleo,JALEO_1978_10,1978,PED_01,PED,"The article teaches technical concepts, but no specific teacher, master, school, or method is positioned as an authority beyond the author's explanation.",23
JALEO_1978_10::A5,jaleo,Jaleo,JALEO_1978_10,1978,CRIT_01,CRIT,"The article contains evaluative statements such as ""not correct"" and ""quality,"" but these function mainly as aesthetic criteria rather than a review of a specific artist or performance.",28
JALEO_1978_10::A6,jaleo,Jaleo,JALEO_1978_10,1978,AUTH_04,AUTH,"The phrase 'prefabricated product' raises possible commercial/artificial authenticity concerns, but the visible text poses it as a question rather than clearly evaluating him as commercialized.",26
JALEO_1978_10::A7,jaleo,Jaleo,JALEO_1978_10,1978,AUTH_02,AUTH,"The phrase 'La Chunga because she is so pure' uses purity language, but in this article it functions mainly as a brief evaluative reason within a ranking rather than extended purity boundary-work.",33
JALEO_1978_10::A7,jaleo,Jaleo,JALEO_1978_10,1978,PED_03,PED,"The plan to take flamenco to American universities suggests transnational access, but the visible text does not specify teaching, mediation, or learning content.",23
JALEO_1978_10::A8,jaleo,Jaleo,JALEO_1978_10,1978,AUTH_02,AUTH,"The statement that La Chunga is 'so pure' is a short ranking rationale, but the excerpt does not clearly draw a broader proper/improper flamenco boundary.",26
JALEO_1978_10::A9,jaleo,Jaleo,JALEO_1978_10,1978,COMM_03,COMM,"The article discusses tablaos and restaurants, but the visible text primarily evaluates performance quality and commercial mislabeling rather than contrasting participatory/private and public/spectatorial settings.",26
JALEO_1978_10::A9,jaleo,Jaleo,JALEO_1978_10,1978,AUTH_02,AUTH,"The criticism of advertising Mexican or Italian music as flamenco implies a legitimacy boundary, but it is better captured here as boundary-policing criticism under CRIT_04.",26
JALEO_1978_10::A10,jaleo,Jaleo,JALEO_1978_10,1978,CRIT_02,CRIT,"The article uses aesthetic criteria such as natural guitar sound, traditional singing style, stage presence, control, and hypnosis, but the main review judgment is already captured by CRIT_01 and AUTH_01.",30
JALEO_1978_10::A10,jaleo,Jaleo,JALEO_1978_10,1978,CRIT_03,CRIT,"The comparison with Spanish tablaos and California clubs suggests hierarchy, but it serves the broader critical evaluation rather than constructing a sustained canon or ranking.",25
JALEO_1978_10::A11,jaleo,Jaleo,JALEO_1978_10,1978,AUTH_03,AUTH,"The text mentions preservation of artistic integrity, but does not clearly use tradition, continuity, roots, or inherited past as an authorizing basis.",22
JALEO_1978_10::A12,jaleo,Jaleo,JALEO_1978_10,1978,COMM_02,COMM,"Aficionados and pueblos are mentioned, but the text does not clearly grant community actors authority to judge or authorize flamenco.",20
JALEO_1978_10::A12,jaleo,Jaleo,JALEO_1978_10,1978,CRIT_02,CRIT,"Terms such as compás, dynamics, and feeling appear in the instructional section, but they are not clearly applied as evaluative criteria for judging a specific performance.",26
JALEO_1978_10::A13,jaleo,Jaleo,JALEO_1978_10,1978,CRIT_02,CRIT,"The passage describes Paco de Lucía's concern with ideas, expression, and feeling, but does not clearly use these as criteria to judge flamenco quality.",25
JALEO_1978_10::A13,jaleo,Jaleo,JALEO_1978_10,1978,PED_03,PED,"The record list may support access for collectors, but it is primarily bibliographic/discographic information rather than pedagogy or learning access.",21
JALEO_1978_10::A14,jaleo,Jaleo,JALEO_1978_10,1978,CRIT_01,CRIT,"The word 'beloved' lightly praises Ernest Lenshaw, but the quiz format does not provide a substantive evaluative judgment.",18
JALEO_1978_10::A17,jaleo,Jaleo,JALEO_1978_10,1978,COMM_02,COMM,"The hosts are called long-time aficionados, but the passage mainly gives a neutral event notice and biography without granting community authority or evaluative recognition.",25
JALEO_1978_11::A1,jaleo,Jaleo,JALEO_1978_11,1978,AUTH_04,AUTH,"The passage values lived ambiente and social immersion, but it does not clearly oppose intimate/social settings to commercial or staged settings as an authenticity boundary.",26
JALEO_1978_11::A2,jaleo,Jaleo,JALEO_1978_11,1978,PED_03,PED,"The letter says Jaleo will increase the writer's knowledge, but this is a general reader benefit rather than a developed claim about access to flamenco pedagogy.",27
JALEO_1978_11::A3,jaleo,Jaleo,JALEO_1978_11,1978,AUTH_02,AUTH,"The article quotes purity and 'true flamenco' boundary language, but primarily contests those boundaries rather than using them to exclude a target.",22
JALEO_1978_11::A3,jaleo,Jaleo,JALEO_1978_11,1978,AUTH_03,AUTH,"The article says creative guitarists break rules while returning to tradition, but the stronger discourse function is aesthetic criteria and legitimacy of solo guitar.",24
JALEO_1978_11::A7,jaleo,Jaleo,JALEO_1978_11,1978,COMM_04,COMM,"The fragment mentions gypsy culture, but the sentence is incomplete and does not visibly show how identity shapes belonging, authority, or representation.",22
JALEO_1978_11::A10,jaleo,Jaleo,JALEO_1978_11,1978,AUTH_02,AUTH,The reference to Paco playing in a manner satisfying to purists is too brief and humorous to establish a clear purity boundary in the visible text.,26
JALEO_1978_11::A10,jaleo,Jaleo,JALEO_1978_11,1978,CRIT_02,CRIT,"Accuracy and fingering are technical criteria, but they mainly support the broader critical evaluation rather than a distinct aesthetic standard for flamenco quality.",23
JALEO_1978_11::A11,jaleo,Jaleo,JALEO_1978_11,1978,CRIT_01,CRIT,"Comments that Diego played beautifully are evaluative, but the stronger and more analytically distinct evaluative discourse is the explicit canonizing rank.",21
JALEO_1978_11::A11,jaleo,Jaleo,JALEO_1978_11,1978,PED_01,PED,"Diego is called the author's teacher and is said to have taught, but the visible passage does not foreground pedagogical authority as its main discourse function.",27
JALEO_1978_11::A13,jaleo,Jaleo,JALEO_1978_11,1978,COMM_03,COMM,"The audience eye contact and playful interaction are described as performance effects, but they do not clearly construct participatory flamenco authority or belonging.",23
JALEO_1978_11::A13,jaleo,Jaleo,JALEO_1978_11,1978,CRIT_04,CRIT,"The phrase 'pure Vegas camp' gestures toward staged/commercial style, but the passage does not clearly police a proper/improper flamenco boundary.",22
JALEO_1978_11::A13,jaleo,Jaleo,JALEO_1978_11,1978,PED_03,PED,Alfredo's studies with named teachers are biographical and do not foreground learning access or institutional/transnational pedagogy.,18
JALEO_1978_11::A14,jaleo,Jaleo,JALEO_1978_11,1978,AUTH_03,AUTH,References to Andalusian ranchwear of the past and typical Andalusian dress are descriptive definitions rather than tradition claims authorizing present flamenco practice.,22
JALEO_1978_11::A14,jaleo,Jaleo,JALEO_1978_11,1978,COMM_04,COMM,"The clothing entries mention men and women in passing, but identity categories do not organize authority, belonging, or representation.",19
JALEO_1978_11::A15,jaleo,Jaleo,JALEO_1978_11,1978,COMM_01,COMM,"The question about non-Spaniard/non-Hispanic participants suggests outsider status, but it does not clearly draw an authority boundary around who may know or belong.",26
JALEO_1978_11::A16,jaleo,Jaleo,JALEO_1978_11,1978,PED_01,PED,"The caption mentions Sevillanas being taught, but the article's main discourse is organizational rather than a clear claim about pedagogical authority.",22
JALEO_1978_11::A16,jaleo,Jaleo,JALEO_1978_11,1978,COMM_01,COMM,"Proposals to exclude small children concern safety and event management, not insider/outsider authority in flamenco.",16
JALEO_1978_11::A17,jaleo,Jaleo,JALEO_1978_11,1978,COMM_03,COMM,"The notice says the home has great juerga atmosphere, but this is mainly venue promotion and logistics without a clear evaluative public/private or participatory discourse.",26
JALEO_1978_11::A17,jaleo,Jaleo,JALEO_1978_11,1978,PED_02,PED,"The host's father studied flamenco in Spain, but the passage gives biographical background rather than authorizing embodied or lineage transmission.",21
JALEO_1979_05::A1,jaleo,Jaleo,JALEO_1979_05,1979,CRIT_01,CRIT,"The phrase 'glowing, optimistic side' and financial warnings evaluate the publication situation, but not a flamenco artist, performance, style, or event strongly enough to emit.",25
JALEO_1979_05::A2,jaleo,Jaleo,JALEO_1979_05,1979,AUTH_01,AUTH,"The tourists are offered a 'real flamenco show,' but this appears as a commercial pitch rather than a developed authenticity claim.",21
JALEO_1979_05::A2,jaleo,Jaleo,JALEO_1979_05,1979,COMM_01,COMM,"The foreign-disciple language marks outsider status, but the clearer discourse function is access to learning rather than an insider/outsider authority boundary.",23
JALEO_1979_05::A2,jaleo,Jaleo,JALEO_1979_05,1979,CRIT_01,CRIT,"The article contains evaluative language about Pepe's playing, but CRIT_02 more precisely captures the named technical and aesthetic criteria.",20
JALEO_1979_05::A3,jaleo,Jaleo,JALEO_1979_05,1979,COMM_02,COMM,"The letter mentions artists and aficionados, but it does not clearly grant them community authority to judge or sustain flamenco.",20
JALEO_1979_05::A4,jaleo,Jaleo,JALEO_1979_05,1979,COMM_03,COMM,"The juerga setting and refusal to interrupt with a tape recorder suggest participatory norms, but the excerpt does not explicitly contrast that setting with public or spectatorial flamenco.",28
JALEO_1979_05::A5,jaleo,Jaleo,JALEO_1979_05,1979,CRIT_03,CRIT,"The mention of the great singer Joaquin el de la Paula is canonical language, but it is too brief and incidental in the visible excerpt to justify a separate hierarchy code.",31
JALEO_1979_05::A5,jaleo,Jaleo,JALEO_1979_05,1979,HERIT_02,HERIT,"The excerpt uses published sources and biographies, but it does not frame them as institutional heritage authority or official recognition.",20
JALEO_1979_05::A7,jaleo,Jaleo,JALEO_1979_05,1979,COMM_04,COMM,"The reference to three payos leading decisive operations is identity framing, but the visible excerpt leaves the authority/belonging implication as a question rather than a clear claim.",28
JALEO_1979_05::A7,jaleo,Jaleo,JALEO_1979_05,1979,AUTH_03,AUTH,"The article contrasts historical epochs, but the visible excerpt does not clearly use roots or continuity to authorize present practice.",20
JALEO_1979_05::A8,jaleo,Jaleo,JALEO_1979_05,1979,PED_02,PED,The retrieval trigger 'body' occurs in a bull-running anecdote rather than a flamenco learning or embodied transmission context.,19
JALEO_1979_05::A8,jaleo,Jaleo,JALEO_1979_05,1979,COMM_04,COMM,"The stray ending context mentions Gypsy identity, but it does not clearly frame flamenco authority, belonging, or representation within this article excerpt.",22
JALEO_1979_05::A10,jaleo,Jaleo,JALEO_1979_05,1979,CRIT_02,CRIT,"The passage names compás and rhythm, but the function is instructional/notation guidance rather than aesthetic evaluation.",17
JALEO_1979_05::A9,jaleo,Jaleo,JALEO_1979_05,1979,PED_03,PED,The dance-class notice is an administrative listing and does not frame institutional or transnational access to flamenco knowledge.,19
JALEO_1979_05::A9,jaleo,Jaleo,JALEO_1979_05,1979,COMM_02,COMM,"The item reports on Jaleistas and performers, but does not grant community authority or define belonging.",16
JALEO_1979_05::A11,jaleo,Jaleo,JALEO_1979_05,1979,HERIT_01,HERIT,"The book preserves images and older performers, but the passage does not explicitly frame this as public heritage or patrimony.",20
JALEO_1979_05::A12,jaleo,Jaleo,JALEO_1979_05,1979,COMM_04,COMM,"Gypsy and non-gypsy cantes are mentioned, but the passage primarily defines vocal aesthetics rather than identity-based authority or belonging.",21
JALEO_1979_06::A4,jaleo,Jaleo,JALEO_1979_06,1979,COMM_02,COMM,"The chance to meet Jerez flamencos and visit peñas suggests community access, but the passage is primarily an informational course listing rather than a claim that community actors authorize flamenco value.",31
JALEO_1979_06::A4,jaleo,Jaleo,JALEO_1979_06,1979,PED_01,PED,"Named instructors and top artists appear, but the excerpt does not sufficiently position them as pedagogical authorities beyond routine course information.",21
JALEO_1979_06::A5,jaleo,Jaleo,JALEO_1979_06,1979,AUTH_01,AUTH,"The phrase 'living flamenco' suggests authenticity, but the dominant discourse function is critical praise and canonization rather than an explicit claim about genuine or proper flamenco.",26
JALEO_1979_06::A5,jaleo,Jaleo,JALEO_1979_06,1979,PED_02,PED,"The author says watching Amaya gave important lessons, but this is memoiristic inspiration rather than a clear account of embodied or lineage-based transmission.",24
JALEO_1979_06::A6,jaleo,Jaleo,JALEO_1979_06,1979,COMM_02,COMM,"The Peña Flamenca de Murcia is mentioned as an auspice, but the text does not make a community-authority claim.",20
JALEO_1979_06::A6,jaleo,Jaleo,JALEO_1979_06,1979,CRIT_04,CRIT,"Independence from peña bias or pressure hints at editorial authority, but the passage is too brief to show critical or expert boundary work.",23
JALEO_1979_06::A7,jaleo,Jaleo,JALEO_1979_06,1979,HERIT_02,HERIT,"The word 'list' appears only as an instructional list of notation elements, not an official heritage listing or institutional authorization.",20
JALEO_1979_06::A7,jaleo,Jaleo,JALEO_1979_06,1979,PED_02,PED,"Compás and singing practice are central, but the visible excerpt emphasizes written mediation rather than oral, familial, or lineage-based transmission.",21
JALEO_1979_06::A8,jaleo,Jaleo,JALEO_1979_06,1979,AUTH_01,AUTH,"The phrase 'authentic compendium of artistic excellence' contains authenticity language, but the visible passage mainly evaluates Chacón's excellence rather than defining genuine flamenco.",24
JALEO_1979_06::A8,jaleo,Jaleo,JALEO_1979_06,1979,HERIT_03,HERIT,"The article contains many place-based memories and routes, but the visible text does not frame them as public heritage, safeguarding, or contested community memory.",25
JALEO_1979_06::A9,jaleo,Jaleo,JALEO_1979_06,1979,COMM_01,COMM,"The phrase 'members only' limits event access, but it is routine administrative information and does not clearly construct flamenco knowledge, belonging, or authority.",23
JALEO_1979_06::A9,jaleo,Jaleo,JALEO_1979_06,1979,COMM_03,COMM,"The juerga is hosted in a home, but the notice does not evaluate private/social participation as more meaningful than public or spectatorial flamenco.",24
JALEO_1979_06::A10,jaleo,Jaleo,JALEO_1979_06,1979,COMM_04,COMM,"The text identifies Maya and Peña as gypsy artists, but identity is mostly descriptive or punning and does not clearly organize flamenco authority or representation.",25
JALEO_1979_06::A10,jaleo,Jaleo,JALEO_1979_06,1979,HERIT_02,HERIT,"The Teatro Real and Ministerio de Cultura suggest institutional contexts, but the excerpt does not clearly frame them as heritage recognition or public patrimonial authority.",25
JALEO_1979_06::A11,jaleo,Jaleo,JALEO_1979_06,1979,COMM_03,COMM,"The workshop culminates in a juerga with participation by all, but the passage does not evaluate participatory setting as a source of flamenco value or authenticity.",26
JALEO_1979_06::A11,jaleo,Jaleo,JALEO_1979_06,1979,CRIT_03,CRIT,"The phrase 'top Spanish dance companies' supports Morca's credentials, but the passage does not itself rank or canonize specific artists or companies.",23
JALEO_1979_06::A12,jaleo,Jaleo,JALEO_1979_06,1979,COMM_04,COMM,"The communal review by Jaleistas indicates group participation, but it does not clearly use identity or community status to authorize the judgments.",22
JALEO_1979_06::A12,jaleo,Jaleo,JALEO_1979_06,1979,CRIT_04,CRIT,"The text is a review, but no critic, editor, scholar, or expert authority is explicitly positioned as authorizing the evaluation.",20
JALEO_1979_06::A13,jaleo,Jaleo,JALEO_1979_06,1979,CRIT_02,CRIT,"Terms such as 'jondo' and 'heavy' appear in definitions, but they are not applied as aesthetic criteria to judge a performance.",21
JALEO_1979_06::A13,jaleo,Jaleo,JALEO_1979_06,1979,CRIT_03,CRIT,"The phrase 'the only active professional Spanish dance company here in Miami' marks status, but it is more descriptive than a clear canon, hierarchy, or ranking.",26
JALEO_1979_06::A13,jaleo,Jaleo,JALEO_1979_06,1979,COMM_02,COMM,"The list of new members and local scene report identifies community participants, but does not grant them authority to sustain, recognize, or judge flamenco.",24
JALEO_1979_06::A14,jaleo,Jaleo,JALEO_1979_06,1979,CRIT_03,CRIT,"Descriptions such as 'the only active professional Spanish dance company' and 'excellent bailarin' imply status, but do not construct a sustained canon or hierarchy beyond local description.",27
JALEO_1979_07::A1,jaleo,Jaleo,JALEO_1979_07,1979,AUTH_01,AUTH,"The phrase 'authentic flamenco session' appears in the excerpt, but the visible surrounding text is truncated and the precise claim is not sufficiently complete to code with high confidence.",29
JALEO_1979_07::A1,jaleo,Jaleo,JALEO_1979_07,1979,CRIT_01,CRIT,"Several evaluative phrases are present, but the stronger and more specific functions are captured by canonization, aesthetic criteria, and setting-based value.",22
JALEO_1979_07::A2,jaleo,Jaleo,JALEO_1979_07,1979,PED_03,PED,"The University of Washington lecture-demonstration and possible film/recordings suggest institutional access, but the passage is mainly an event notice without clear evaluation of learning access.",27
JALEO_1979_07::A2,jaleo,Jaleo,JALEO_1979_07,1979,AUTH_03,AUTH,"Morón and traditional music are mentioned, but the visible text does not use tradition or roots to authorize present flamenco practice.",21
JALEO_1979_07::A3,jaleo,Jaleo,JALEO_1979_07,1979,CRIT_04,CRIT,"Curro Torres is described as a frequent judge in contests, but the excerpt does not show him exercising critical judgment in this article.",23
JALEO_1979_07::A5,jaleo,Jaleo,JALEO_1979_07,1979,CRIT_04,CRIT,"The text contests flamencologists' historical account, but the stronger visible discourse is authenticity, lineage transmission, and identity authority rather than critic/expert authority.",23
JALEO_1979_07::A5,jaleo,Jaleo,JALEO_1979_07,1979,CRIT_02,CRIT,"Duende is named, but the passage uses it mainly as an identity-linked attribute rather than a developed evaluative criterion for a specific performance.",24
JALEO_1979_07::A6,jaleo,Jaleo,JALEO_1979_07,1979,AUTH_02,AUTH,"The passage draws boundaries around authorship, but it does not clearly define proper flamenco by excluding impure or fake forms.",20
JALEO_1979_07::A7,jaleo,Jaleo,JALEO_1979_07,1979,PED_01,PED,"Montoya is said to have given lessons, but the visible passage does not make pedagogical authority the main discourse function.",20
JALEO_1979_07::A9,jaleo,Jaleo,JALEO_1979_07,1979,AUTH_03,AUTH,"The article discusses origins and evolution, but mostly as technical history rather than using roots or continuity to authorize present flamenco value.",22
JALEO_1979_07::A9,jaleo,Jaleo,JALEO_1979_07,1979,CRIT_02,CRIT,"Technical terms and performance treatment are present, but the excerpt does not clearly apply an aesthetic quality criterion.",18
JALEO_1979_07::A11,jaleo,Jaleo,JALEO_1979_07,1979,COMM_03,COMM,"The juerga with participation by all suggests participatory setting, but appears as a workshop activity rather than an evaluative contrast with spectatorship.",22
JALEO_1979_07::A11,jaleo,Jaleo,JALEO_1979_07,1979,CRIT_03,CRIT,"References to top companies and acclaim support teaching authority, but do not independently construct a flamenco canon or ranking.",19
JALEO_1979_07::A12,jaleo,Jaleo,JALEO_1979_07,1979,PED_02,PED,"The passage emphasizes embodied practice, posture, balance, and body control, but it does not clearly frame knowledge as oral, familial, lineage-based, or socially transmitted.",25
JALEO_1979_07::A13,jaleo,Jaleo,JALEO_1979_07,1979,HERIT_02,HERIT,"The government creation of the Ballet Nacional gives institutional value to Spanish dance, but the visible text does not frame this as heritage, patrimony, or safeguarding.",26
JALEO_1979_07::A14,jaleo,Jaleo,JALEO_1979_07,1979,COMM_03,COMM,"The juerga scene includes expectations of respectful listening, but the excerpt does not clearly contrast participatory/private settings with public spectatorship as the main evaluative frame.",26
JALEO_1979_07::A15,jaleo,Jaleo,JALEO_1979_07,1979,AUTH_04,AUTH,"The passage contrasts spectacle with juerga ambiente, but it does not explicitly frame commercial or staged distance as a loss of authenticity.",22
JALEO_1979_07::A16,jaleo,Jaleo,JALEO_1979_07,1979,AUTH_03,AUTH,"The phrase ""la meca del flamenco"" invokes Sevilla as a valued center, but the excerpt does not develop a tradition, continuity, or roots claim.",24
JALEO_1979_07::A17,jaleo,Jaleo,JALEO_1979_07,1979,COMM_01,COMM,"The notice says 'MEMBERS ONLY' and guests require permission, but this is primarily event administration rather than a discourse move defining flamenco belonging or authority.",25
JALEO_1979_07::A17,jaleo,Jaleo,JALEO_1979_07,1979,COMM_03,COMM,"The home juerga and shared tapas imply a private participatory setting, but the passage does not evaluate that setting or contrast it with public/spectatorial flamenco.",26
JALEO_1979_08::A1,jaleo,Jaleo,JALEO_1979_08,1979,PED_02,PED,"The article mentions lessons, records, teachers, and a 'maestro,' but these details are mainly biographical and less clearly framed as authoritative lineage than the emitted evaluation and outsider-boundary evidence.",30
JALEO_1979_08::A1,jaleo,Jaleo,JALEO_1979_08,1979,PED_03,PED,"The account of self-study, lessons, and transnational learning is relevant, but the article does not explicitly thematize access to flamenco knowledge across boundaries as a discourse problem.",28
JALEO_1979_08::A2,jaleo,Jaleo,JALEO_1979_08,1979,HERIT_03,HERIT,"The editorial stresses survival and collective labor, but it concerns magazine production rather than safeguarding flamenco as public cultural heritage.",20
JALEO_1979_08::A2,jaleo,Jaleo,JALEO_1979_08,1979,COMM_03,COMM,"The passage describes collective participation, but it is about producing a magazine rather than contrasting participatory flamenco settings with spectatorship.",20
JALEO_1979_08::A3,jaleo,Jaleo,JALEO_1979_08,1979,PED_02,PED,"Mentors, idols, and teachers are mentioned, but the main discourse is about imitation-to-creation rather than embodied, oral, or lineage-based transmission.",23
JALEO_1979_08::A3,jaleo,Jaleo,JALEO_1979_08,1979,COMM_01,COMM,"The leader/follower distinction creates social categories, but it is not an insider/outsider boundary around flamenco belonging or knowledge.",20
JALEO_1979_08::A4,jaleo,Jaleo,JALEO_1979_08,1979,AUTH_04,AUTH,"The text links tablaos to business and foreign tourists, but it does not clearly state that commercialization weakens flamenco authenticity.",20
JALEO_1979_08::A4,jaleo,Jaleo,JALEO_1979_08,1979,COMM_03,COMM,"The passage mentions audience and tourist spectacle, but the main function is labor/social critique rather than a public/private participatory contrast.",22
JALEO_1979_08::A5,jaleo,Jaleo,JALEO_1979_08,1979,COMM_02,COMM,"The Peña Flamenca de Huelva is mentioned only as an event sponsor, without community authority, recognition, or belonging discourse.",19
JALEO_1979_08::A6,jaleo,Jaleo,JALEO_1979_08,1979,AUTH_03,AUTH,"The phrase ""traditional steps"" describes sevillanas structure, but tradition is not used strongly enough to authorize a present flamenco practice.",20
JALEO_1979_08::A6,jaleo,Jaleo,JALEO_1979_08,1979,PED_01,PED,"The article explains forms, but the visible excerpt does not clearly position the author or a teacher as pedagogically authoritative.",20
JALEO_1979_08::A7,jaleo,Jaleo,JALEO_1979_08,1979,CRIT_01,CRIT,"The tablao judgment is clearly evaluative, but it is better captured by boundary-policing critique under CRIT_04.",17
JALEO_1979_08::A7,jaleo,Jaleo,JALEO_1979_08,1979,AUTH_04,AUTH,"Tablaos are criticized, but the visible passage does not explicitly frame commercialization, tourism, or staged public distance as the authenticity threat.",21
JALEO_1979_08::A8,jaleo,Jaleo,JALEO_1979_08,1979,CRIT_02,CRIT,"The raw sound of cante and surface musical aspects are described, but they are not used as explicit criteria for judging flamenco quality.",23
JALEO_1979_08::A8,jaleo,Jaleo,JALEO_1979_08,1979,COMM_01,COMM,"The narrator's outsider status is implied through language and learning barriers, but no clear insider/outsider boundary is drawn.",20
JALEO_1979_08::A9,jaleo,Jaleo,JALEO_1979_08,1979,AUTH_03,AUTH,"The phrase ""cradles of flamenco in Andalucía"" suggests origins, but the passage mainly uses Spain/Andalucía as a learning environment rather than making a tradition-continuity claim.",27
JALEO_1979_08::A9,jaleo,Jaleo,JALEO_1979_08,1979,COMM_01,COMM,"Speaking Spanish is said to make learners taken more seriously, but the passage does not clearly construct an insider/outsider boundary around belonging or authority.",25
JALEO_1979_08::A10,jaleo,Jaleo,JALEO_1979_08,1979,PED_03,PED,"The title mentions guitar methods and records circulate learning materials, but the visible text mainly reports availability and evaluates Lomas rather than thematizing learning access.",25
JALEO_1979_08::A11,jaleo,Jaleo,JALEO_1979_08,1979,HERIT_01,HERIT,"The text mentions Spanish heritage, but it functions as regional ancestry/background rather than public cultural heritage or patrimonial discourse.",20
JALEO_1979_08::A11,jaleo,Jaleo,JALEO_1979_08,1979,CRIT_01,CRIT,"Terms like best-known and internationally esteemed praise performers, but the stronger discourse function is hierarchy/status rather than developed critical evaluation.",22
JALEO_1979_08::A12,jaleo,Jaleo,JALEO_1979_08,1979,CRIT_01,CRIT,"The phrase buena calidad praises participants, but it is embedded in playful lyrics and lacks a developed evaluative judgment.",19
JALEO_1979_08::A12,jaleo,Jaleo,JALEO_1979_08,1979,COMM_02,COMM,"The jaleistas are named as a group, but the text emphasizes participatory gathering more than authority to judge or sustain flamenco.",21
JALEO_1979_08::A13,jaleo,Jaleo,JALEO_1979_08,1979,CRIT_02,CRIT,"Clues mention voice quality ideal for flamenco and technical terms, but the puzzle format does not clearly apply aesthetic criteria in an evaluative argument.",24
JALEO_1979_08::A13,jaleo,Jaleo,JALEO_1979_08,1979,AUTH_03,AUTH,"A clue asks where flamenco comes from, but the visible text does not use origin or tradition to authorize present flamenco value.",22
JALEO_1979_08::A14,jaleo,Jaleo,JALEO_1979_08,1979,COMM_02,COMM,"The item names jaleistas, but it is only a brief travel notice and does not construct community authority or belonging.",20
JALEO_1979_08::A15,jaleo,Jaleo,JALEO_1979_08,1979,COMM_02,COMM,"The article refers to Jaleistas and juerga participation, but most of the visible text is logistical listing rather than community authority or recognition.",23
JALEO_1979_09::A1,jaleo,Jaleo,JALEO_1979_09,1979,AUTH_04,AUTH,"Tourism, promotion, and media distribution are mentioned as producing foreign afición, but the visible text frames this mainly as incongruity rather than a direct corruption of authenticity.",27
JALEO_1979_09::A2,jaleo,Jaleo,JALEO_1979_09,1979,AUTH_01,AUTH,"The article discusses seeming legitimate through Spanish names, but the visible claim concerns audience illusion and reception more than a direct authenticity claim about proper flamenco.",26
JALEO_1979_09::A3,jaleo,Jaleo,JALEO_1979_09,1979,CRIT_04,CRIT,"Walter Starkie is cited as an investigator, but the stronger visible discourse is canonization and aesthetic evaluation rather than expert authority itself.",22
JALEO_1979_09::A4,jaleo,Jaleo,JALEO_1979_09,1979,COMM_02,COMM,"Jaleistas and the San Diego juerga appear in the poem context, but the visible passage does not clearly grant community authority or recognition.",23
JALEO_1979_09::A5,jaleo,Jaleo,JALEO_1979_09,1979,AUTH_03,AUTH,"The text links flamenco to 'the people' and oppression, but it does not clearly use tradition, roots, or continuity with the past to authorize present practice.",26
JALEO_1979_09::A5,jaleo,Jaleo,JALEO_1979_09,1979,CRIT_03,CRIT,"There are comparative claims about dancing better than others and old great artists, but they are not developed into a broader canon or hierarchy.",24
JALEO_1979_09::A6,jaleo,Jaleo,JALEO_1979_09,1979,AUTH_03,AUTH,"The old hand-rubbed finish is contrasted with newer varnishes, but the passage is descriptive and does not clearly authorize value through tradition or continuity.",25
JALEO_1979_09::A6,jaleo,Jaleo,JALEO_1979_09,1979,CRIT_03,CRIT,"Named builders are presented as exceptions and Ramírez as a pioneer, but no clear canonizing or ranking claim is made.",20
JALEO_1979_09::A7,jaleo,Jaleo,JALEO_1979_09,1979,AUTH_03,AUTH,"References to Pastora Pavón, Tomás Pavón, and older hearing contexts establish provenance, but the excerpt does not clearly make tradition or continuity an evaluative claim.",25
JALEO_1979_09::A7,jaleo,Jaleo,JALEO_1979_09,1979,CRIT_02,CRIT,"Compás is mentioned, but mainly as a technical learning issue rather than an aesthetic criterion for judging quality.",18
JALEO_1979_09::A8,jaleo,Jaleo,JALEO_1979_09,1979,CRIT_04,CRIT,"The reviewer exercises judgment, but the excerpt does not strongly foreground critic or expert authority beyond ordinary review evaluation.",19
JALEO_1979_09::A8,jaleo,Jaleo,JALEO_1979_09,1979,CRIT_02,CRIT,"The text mentions techniques and forms, but does not define quality through aesthetic criteria such as compás, duende, depth, or technique.",21
JALEO_1979_09::A9,jaleo,Jaleo,JALEO_1979_09,1979,COMM_04,COMM,"Identity terms such as gypsy, Calo, and Andalusian pronunciation appear as puzzle clues, but they do not develop a claim about belonging, authority, or representation.",25
JALEO_1979_09::A9,jaleo,Jaleo,JALEO_1979_09,1979,CRIT_02,CRIT,"Terms such as rhythm, accent, cycle length, and cante jondo appear, but they are vocabulary clues rather than applied aesthetic criteria.",21
JALEO_1979_09::A11,jaleo,Jaleo,JALEO_1979_09,1979,PED_03,PED,"Multiple instruction listings appear, but they are routine announcements without clear evaluative or access/legitimation stakes.",16
JALEO_1979_09::A11,jaleo,Jaleo,JALEO_1979_09,1979,CRIT_02,CRIT,"Duende and intricacy are mentioned, but the passage does not clearly define or apply an aesthetic criterion beyond light event description.",21
JALEO_1979_10::A1,jaleo,Jaleo,JALEO_1979_10,1979,CRIT_03,CRIT,"The article invokes 'great and near-great' dancers and a 'who's who,' but this mainly supports the transmission claim rather than a separate ranking.",25
JALEO_1979_10::A1,jaleo,Jaleo,JALEO_1979_10,1979,CRIT_01,CRIT,"There are scattered positive evaluations of teaching and events, but they are better captured by pedagogical authority and access codes.",20
JALEO_1979_10::A2,jaleo,Jaleo,JALEO_1979_10,1979,PED_03,PED,"The article discusses non-Spanish students and foreign learning, but the clearest discourse function is boundary and aesthetic evaluation rather than institutional/transnational access.",24
JALEO_1979_10::A2,jaleo,Jaleo,JALEO_1979_10,1979,AUTH_03,AUTH,"Traditional harmonies and ancestor culture are invoked, but the emitted purity-boundary and aesthetic-criteria codes capture the main discourse work more precisely.",23
JALEO_1979_10::A2,jaleo,Jaleo,JALEO_1979_10,1979,CRIT_04,CRIT,"The closing insult toward poor players polices boundaries, but no distinct critic/expert authority is foregrounded beyond the broader boundary argument.",21
JALEO_1979_10::A3,jaleo,Jaleo,JALEO_1979_10,1979,COMM_04,COMM,"The text links Egyptian and Middle Eastern culture to flamenco, but it does not clearly assign belonging or authority to an identity group.",23
JALEO_1979_10::A3,jaleo,Jaleo,JALEO_1979_10,1979,CRIT_01,CRIT,"The performer says the Moorish number became her forte and was well received, but this is brief self-report rather than developed critical evaluation.",24
JALEO_1979_10::A4,jaleo,Jaleo,JALEO_1979_10,1979,PED_01,PED,"Teachers, studying, and a dance studio are mentioned, but the passage is a neutral biography without clear pedagogical authority discourse.",20
JALEO_1979_10::A4,jaleo,Jaleo,JALEO_1979_10,1979,CRIT_03,CRIT,"Founding the first tablao in Miami could imply historical status, but the visible text does not explicitly rank or canonize it.",21
JALEO_1979_10::A5,jaleo,Jaleo,JALEO_1979_10,1979,CRIT_02,CRIT,"Terms like compás, accents, and profound flamenco appear, but they are mainly instructional rather than evaluative aesthetic criteria.",18
JALEO_1979_10::A6,jaleo,Jaleo,JALEO_1979_10,1979,CRIT_01,CRIT,"The excerpt praises anticipation and importance, but contains little direct evaluation of the performance itself.",15
JALEO_1979_10::A7,jaleo,Jaleo,JALEO_1979_10,1979,AUTH_03,AUTH,"The phrase 'from whence the music came' gestures to origin, but does not clearly use roots or continuity to authorize present flamenco.",22
JALEO_1979_10::A9,jaleo,Jaleo,JALEO_1979_10,1979,PED_03,PED,"The article mentions a flamenco workshop and studio infrastructure, but the visible excerpt stops before any clear discussion of learning, access, or instruction.",23
JALEO_1979_10::A10,jaleo,Jaleo,JALEO_1979_10,1979,PED_01,PED,"Teo Morca is identified as teaching the workshop, but the visible text does not clearly position him as an authoritative transmitter beyond the workshop format.",25
JALEO_1979_10::A11,jaleo,Jaleo,JALEO_1979_10,1979,AUTH_02,AUTH,"The word 'pure' appears, but it describes holy beauty in a dance review rather than drawing a purity boundary around proper flamenco.",22
JALEO_1979_10::A11,jaleo,Jaleo,JALEO_1979_10,1979,CRIT_02,CRIT,"The review praises style, grace, and spiritual emotion, but it does not clearly define these as flamenco-specific aesthetic criteria.",20
JALEO_1979_10::A12,jaleo,Jaleo,JALEO_1979_10,1979,CRIT_01,CRIT,"The reviewer says the book is interesting, jolting, beautiful, and deeply impressive, but the stronger discourse function in the visible excerpt is preservation/tradition rather than aesthetic evaluation.",28
JALEO_1979_10::A15,jaleo,Jaleo,JALEO_1979_10,1979,AUTH_04,AUTH,"The tablao setting and Moorish atmosphere are described positively, but the text does not connect the venue or atmosphere to authenticity or anti-commercial value.",25
JALEO_1979_10::A17,jaleo,Jaleo,JALEO_1979_10,1979,PED_03,PED,"The announcements include dance and guitar instruction listings, but they are routine advertisements without explicit learning-access or authority claims.",20
JALEO_1979_11::A1,jaleo,Jaleo,JALEO_1979_11,1979,CRIT_01,CRIT,The phrase 'one of those never ending joys of flamenco' is positive but too vague and narratively incidental to support a clear critical evaluation code.,25
JALEO_1979_11::A2,jaleo,Jaleo,JALEO_1979_11,1979,COMM_01,COMM,"The opening reference to 'initiates' and aficionados gestures toward insider audiences, but it functions mainly as an introduction rather than a developed boundary claim.",24
JALEO_1979_11::A3,jaleo,Jaleo,JALEO_1979_11,1979,HERIT_03,HERIT,"The discography may aid preservation, but the visible text is primarily a record listing and does not frame the list as safeguarding or public heritage work.",26
JALEO_1979_11::A4,jaleo,Jaleo,JALEO_1979_11,1979,PED_03,PED,"The article explains repertoire and modes, but it does not clearly frame institutional, transnational, or access-oriented learning.",18
JALEO_1979_11::A7,jaleo,Jaleo,JALEO_1979_11,1979,AUTH_01,AUTH,"The passage invokes truth, but the claim concerns editorial objectivity rather than authenticity of flamenco practice.",16
JALEO_1979_11::A7,jaleo,Jaleo,JALEO_1979_11,1979,COMM_01,COMM,"The shoe metaphor stages different viewpoints, but it does not clearly draw an insider/outsider boundary around flamenco belonging.",19
JALEO_1979_11::A8,jaleo,Jaleo,JALEO_1979_11,1979,AUTH_01,AUTH,"The phrase 'Flamenco Dance' is strongly praising, but it does not clearly make an authenticity claim beyond critical evaluation.",19
JALEO_1979_11::A9,jaleo,Jaleo,JALEO_1979_11,1979,AUTH_02,AUTH,"The text contrasts sobriety with cheap flashiness, but the stronger supported claim is authenticity and aesthetic criterion rather than a full purity boundary.",23
JALEO_1979_11::A9,jaleo,Jaleo,JALEO_1979_11,1979,PED_01,PED,"The 'school of Matilde' is mentioned, but no teacher or method is clearly positioned as pedagogical authority in the visible text.",21
JALEO_1979_11::A9,jaleo,Jaleo,JALEO_1979_11,1979,CRIT_01,CRIT,"Several performers are evaluated, but the emitted CRIT_02 captures the clearest evaluative criterion rather than adding a broader duplicate review code.",21
JALEO_1979_11::A10,jaleo,Jaleo,JALEO_1979_11,1979,AUTH_02,AUTH,"The phrase 'traditional purity' appears, but no impure or illegitimate target is explicitly excluded in the visible text.",18
JALEO_1979_11::A10,jaleo,Jaleo,JALEO_1979_11,1979,CRIT_01,CRIT,"Maya is described as 'indisputably triumphant,' but this is incidental to the article's central institutional preservation discourse.",18
JALEO_1979_11::A10,jaleo,Jaleo,JALEO_1979_11,1979,PED_03,PED,"A center is proposed, but the visible excerpt emphasizes preservation and performance rather than learning access or pedagogy.",18
JALEO_1979_11::A11,jaleo,Jaleo,JALEO_1979_11,1979,AUTH_03,AUTH,"The opening question contests the idea that cante has died, but the visible excerpt is too fragmentary to establish a clear tradition/continuity claim beyond rhetorical survival language.",28
JALEO_1979_11::A12,jaleo,Jaleo,JALEO_1979_11,1979,PED_02,PED,"The text says Anita Sheer studied flamenco guitar and cante jondo with gypsies in Andalucía and Madrid, but this remains biographical and does not clearly frame embodied, oral, familial, or lineage transmission as an authority claim.",36
JALEO_1979_11::A12,jaleo,Jaleo,JALEO_1979_11,1979,PED_03,PED,"The transnational tour and study history involve Americans and Spain, but the visible text does not thematize access to flamenco knowledge or institutional/transnational learning stakes.",26
JALEO_1979_11::A15,jaleo,Jaleo,JALEO_1979_11,1979,PED_03,PED,"The passage mentions serious study, but it does not discuss a pedagogical institution, access to knowledge, or a meaningful learning context beyond biography.",23
JALEO_1979_11::A16,jaleo,Jaleo,JALEO_1979_11,1979,CRIT_02,CRIT,"The word duende appears in 'we have pursued the duende,' but it is not applied as a criterion for judging a specific performance or defining quality.",26
JALEO_1979_11::A16,jaleo,Jaleo,JALEO_1979_11,1979,AUTH_03,AUTH,"The text mentions returning to the past and reviving an old custom, but this mainly describes group nostalgia and logistics rather than authorizing flamenco through tradition or continuity.",28
JALEO_1979_11::A16,jaleo,Jaleo,JALEO_1979_11,1979,AUTH_04,AUTH,"The juerga setting is intimate and social, but the visible excerpt does not explicitly frame intimacy as more authentic than staged or commercial flamenco.",24
JALEO_1979_12::A1,jaleo,Jaleo,JALEO_1979_12,1979,PED_01,PED,"The word 'mentor' appears, but the visible text does not clearly frame a flamenco teaching relationship or authorized pedagogy.",19
JALEO_1979_12::A2,jaleo,Jaleo,JALEO_1979_12,1979,COMM_02,COMM,"The editorial addresses readers, societies, teachers, and aficionados, but it mainly asks for subscriptions rather than granting community authority to judge or sustain flamenco.",24
JALEO_1979_12::A2,jaleo,Jaleo,JALEO_1979_12,1979,AUTH_02,AUTH,"The zorongo passage draws a repertoire boundary, but it does not use purity/fake/corruption language around proper flamenco.",19
JALEO_1979_12::A3,jaleo,Jaleo,JALEO_1979_12,1979,COMM_04,COMM,"The text mentions bodies and dancers, but it does not clearly use identity-group framing to define authority or belonging.",20
JALEO_1979_12::A4,jaleo,Jaleo,JALEO_1979_12,1979,CRIT_01,CRIT,Phrases such as 'thoroughly inspired and exhilarated' and 'great place for a juerga' are brief enthusiasm or venue praise without enough developed evaluative discourse.,24
JALEO_1979_12::A4,jaleo,Jaleo,JALEO_1979_12,1979,HERIT_02,HERIT,"The Ministry of Culture and a dedication to memory are mentioned, but the visible text does not clearly frame official heritage authorization or public patrimonial value.",26
JALEO_1979_12::A4,jaleo,Jaleo,JALEO_1979_12,1979,COMM_02,COMM,"Peñas are consulted as information sources, but they are not clearly positioned as authoritative judges or sustaining communities in the visible text.",22
JALEO_1979_12::A5,jaleo,Jaleo,JALEO_1979_12,1979,HERIT_01,HERIT,"The text refers to memory of flamenco, but it does not clearly shift into public heritage, patrimony, policy, or collective heritage management.",22
JALEO_1979_12::A5,jaleo,Jaleo,JALEO_1979_12,1979,AUTH_01,AUTH,"The text invokes 'true emotion' and understanding through suffering, but it does not directly assert proper or genuine flamenco as such.",21
JALEO_1979_12::A6,jaleo,Jaleo,JALEO_1979_12,1979,COMM_04,COMM,"Andalusian identity is important in the authenticity claim, but the visible passage mainly authorizes the dance through roots and authenticity rather than developing a broader identity-group representation.",28
JALEO_1979_12::A6,jaleo,Jaleo,JALEO_1979_12,1979,CRIT_01,CRIT,"The interview contains evaluative self-positioning, but the clearest evaluative function is hierarchical canon/status work captured by CRIT_03.",19
JALEO_1979_12::A7,jaleo,Jaleo,JALEO_1979_12,1979,CRIT_01,CRIT,"The phrase 'a welcome opportunity' is mildly evaluative, but the passage is primarily a performance notice and program listing rather than a developed critical judgment.",25
JALEO_1979_12::A7,jaleo,Jaleo,JALEO_1979_12,1979,COMM_04,COMM,"The phrase 'Spanish gypsy guitarist' is an identity descriptor, but it does not visibly organize belonging, authority, or representation.",19
JALEO_1979_12::A8,jaleo,Jaleo,JALEO_1979_12,1979,CRIT_02,CRIT,"The article names technical standards such as grain, dimensions, and precision, but these mostly function as craft description rather than explicit aesthetic criteria for judging flamenco value.",27
JALEO_1979_12::A9,jaleo,Jaleo,JALEO_1979_12,1979,CRIT_04,CRIT,"The review discusses new versus old flamenco and hybrid instrumentation, but it does not strongly police a boundary around proper or improper flamenco.",23
JALEO_1979_12::A10,jaleo,Jaleo,JALEO_1979_12,1979,CRIT_04,CRIT,"The passage notes links between flamenco and jazz, but it presents this descriptively and appreciatively rather than as boundary critique.",20
JALEO_1979_12::A10,jaleo,Jaleo,JALEO_1979_12,1979,AUTH_01,AUTH,"The text repeatedly names flamenco, but it does not make a genuineness or properness claim about the performance.",18
JALEO_1979_12::A14,jaleo,Jaleo,JALEO_1979_12,1979,PED_03,PED,"The page lists dance and guitar instruction, courses, books, and sheet music, but these are administrative announcements or advertisements without a clear discourse move about pedagogical authority or access.",29
JALEO_1979_12::A14,jaleo,Jaleo,JALEO_1979_12,1979,CRIT_01,CRIT,"Phrases such as 'experienced teacher' and 'top artists' appear in promotional listings, but they do not provide enough critical judgment or criteria to emit an evaluation code.",27
JALEO_1980_01::A1,jaleo,Jaleo,JALEO_1980_01,1980,AUTH_04,AUTH,"The article contrasts juergas with 'cocktail parties,' but it does not clearly frame commercialization or intimacy as authenticity in the stronger sense required for AUTH_04.",25
JALEO_1980_01::A2,jaleo,Jaleo,JALEO_1980_01,1980,PED_03,PED,"The praise for Jaleo as useful reading suggests mediation of flamenco information, but the letter does not clearly frame this as learning or access to flamenco knowledge.",27
JALEO_1980_01::A3,jaleo,Jaleo,JALEO_1980_01,1980,AUTH_01,AUTH,"The phrase 'capture the essence of the flamenco guitar' is evaluative, but it does not clearly claim that Freeman's work is genuinely or properly flamenco.",26
JALEO_1980_01::A3,jaleo,Jaleo,JALEO_1980_01,1980,CRIT_01,CRIT,"There is praise of Freeman as excellent and important, but the stronger discourse function is pedagogical mediation and hierarchy rather than a sustained critical review.",25
JALEO_1980_01::A4,jaleo,Jaleo,JALEO_1980_01,1980,CRIT_01,CRIT,"The article praises Freeman's guitars and Paco de Lucía, but the clearest evaluative move is ranking/canonization rather than a broader critical review.",24
JALEO_1980_01::A4,jaleo,Jaleo,JALEO_1980_01,1980,PED_01,PED,"Freeman's authority is implied through his transcription work, but the passage emphasizes access and documentation more than a formal teacher-authority relation.",23
JALEO_1980_01::A5,jaleo,Jaleo,JALEO_1980_01,1980,PED_01,PED,"The text mentions 'the student struggling to effect a correct hand position' and teaching, but the visible passage does not clearly frame flamenco knowledge transmission or pedagogical authority.",28
JALEO_1980_01::A5,jaleo,Jaleo,JALEO_1980_01,1980,CRIT_01,CRIT,Biographical praise such as 'Never idle' and 'best London musicians' is not a clear flamenco-focused critical evaluation.,18
JALEO_1980_01::A6,jaleo,Jaleo,JALEO_1980_01,1980,HERIT_03,HERIT,"The article preserves and lists a transcription library, but it lacks public heritage, safeguarding, or community-memory framing.",18
JALEO_1980_01::A6,jaleo,Jaleo,JALEO_1980_01,1980,AUTH_03,AUTH,The term 'traditional' appears in a legal/public-domain sense and does not authorize present flamenco value through tradition or continuity.,21
JALEO_1980_01::A8,jaleo,Jaleo,JALEO_1980_01,1980,CRIT_03,CRIT,"Named professional students suggest status, but the passage does not clearly construct a canon or rank artists beyond praising Freeman's contribution.",22
JALEO_1980_01::A8,jaleo,Jaleo,JALEO_1980_01,1980,COMM_02,COMM,"The passage describes friendship and generosity, but does not make community belonging or aficionado recognition the basis of flamenco authority.",20
JALEO_1980_01::A9,jaleo,Jaleo,JALEO_1980_01,1980,PED_01,PED,"The author says he was Freeman's student, but the passage does not clearly describe Freeman's teaching authority or method beyond the relationship label.",25
JALEO_1980_01::A10,jaleo,Jaleo,JALEO_1980_01,1980,AUTH_03,AUTH,The phrase 'set his roots down' is biographical metaphor and does not authorize flamenco through tradition or roots.,18
JALEO_1980_01::A11,jaleo,Jaleo,JALEO_1980_01,1980,CRIT_01,CRIT,"The emotional response to Sabicas and bulerías is appreciative, but it is not developed into a clear critical assessment with criteria.",21
JALEO_1980_01::A12,jaleo,Jaleo,JALEO_1980_01,1980,CRIT_01,CRIT,"There is broad praise of Freeman's character and work, but the strongest evaluative function is already captured by the hierarchy code.",22
JALEO_1980_01::A13,jaleo,Jaleo,JALEO_1980_01,1980,AUTH_01,AUTH,"The phrase 'you'd know it was real' expresses recognition of a seen/heard guitar style, but it does not clearly authorize proper flamenco authenticity.",25
JALEO_1980_01::A13,jaleo,Jaleo,JALEO_1980_01,1980,COMM_03,COMM,"The home teaching studio is described vividly, but the text does not clearly contrast private participatory setting against public spectatorship as a value claim.",24
JALEO_1980_01::A13,jaleo,Jaleo,JALEO_1980_01,1980,CRIT_02,CRIT,"Compás is central, but it functions as learned rhythmic knowledge rather than an aesthetic criterion for evaluating quality.",18
JALEO_1980_01::A14,jaleo,Jaleo,JALEO_1980_01,1980,COMM_02,COMM,"The Freeman household is described as warm and socially sustaining, but the passage does not clearly make community belonging a source of flamenco authority.",24
JALEO_1980_01::A14,jaleo,Jaleo,JALEO_1980_01,1980,CRIT_01,CRIT,"There is praise of Freeman and family members, but most of it is biographical or personal rather than a focused critical evaluation of flamenco art.",25
JALEO_1980_01::A15,jaleo,Jaleo,JALEO_1980_01,1980,PED_02,PED,"The traditional fingerboard approach is mentioned, but the passage does not develop embodied or oral lineage transmission as an authorizing mode.",21
JALEO_1980_01::A16,jaleo,Jaleo,JALEO_1980_01,1980,COMM_01,COMM,"The phrase about the Western mind and native feel suggests an insider/outsider difficulty, but it is too brief and reflective to clearly define a social boundary.",27
JALEO_1980_01::A16,jaleo,Jaleo,JALEO_1980_01,1980,COMM_04,COMM,"The Western/native contrast has identity language, but it does not clearly organize flamenco authority or representation.",17
JALEO_1980_01::A17,jaleo,Jaleo,JALEO_1980_01,1980,PED_03,PED,"The editor discusses translation practice, but this is about rendering a newspaper article rather than flamenco learning or access to flamenco knowledge.",22
JALEO_1980_01::A17,jaleo,Jaleo,JALEO_1980_01,1980,AUTH_03,AUTH,"The text evokes continuity from yesterday to today, but the clearer discourse function is memorial safeguarding rather than tradition as an authorizing root.",23
JALEO_1980_01::A18,jaleo,Jaleo,JALEO_1980_01,1980,AUTH_03,AUTH,"The phrase 'from its source' gives Spain origin value, but the passage uses it mainly to discuss learning access rather than tradition or continuity as authority.",26
JALEO_1980_01::A18,jaleo,Jaleo,JALEO_1980_01,1980,AUTH_01,AUTH,The final paraphrase about being true to oneself and flamenco is aphoristic and not a clear claim about authentic flamenco.,20
JALEO_1980_01::A19,jaleo,Jaleo,JALEO_1980_01,1980,COMM_03,COMM,"The neighborhood patio contest setting could become participatory community discourse, but the visible text is too short and ends mid-thought before any clear evaluative or belonging function appears.",29
JALEO_1980_01::A20,jaleo,Jaleo,JALEO_1980_01,1980,COMM_04,COMM,"Sanlúcar says he represented the love of Andalucía, but the visible passage does not develop identity-group authority beyond cultural affiliation.",21
JALEO_1980_01::A23,jaleo,Jaleo,JALEO_1980_01,1980,HERIT_03,HERIT,"The verb 'propagate' suggests cultural continuation, but the passage lacks explicit public heritage or safeguarding framing.",16
JALEO_1980_01::A24,jaleo,Jaleo,JALEO_1980_01,1980,CRIT_01,CRIT,"Comments such as Pittsburgh flamenco 'sliding down hill' are evaluative, but they are brief asides and not developed into a clear critique of a specific performance, style, or artist.",29
JALEO_1980_01::A24,jaleo,Jaleo,JALEO_1980_01,1980,PED_03,PED,"References to studying in Spain and transregional participants suggest access across geography, but the clearer discourse function is informal embodied/community transmission during the juerga.",25
JALEO_1980_01::A25,jaleo,Jaleo,JALEO_1980_01,1980,PED_03,PED,"The listings mention dance and guitar instruction, academies, books, and lessons, but these are routine notices without evaluative learning/access or authority stakes.",23
JALEO_1980_01::A25,jaleo,Jaleo,JALEO_1980_01,1980,COMM_03,COMM,"The title and meeting notice mention juergas and members, but the text is administrative/event-listing material rather than a value-bearing participatory setting claim.",25
JALEO_1980_02::A1,jaleo,Jaleo,JALEO_1980_02,1980,COMM_04,COMM,"The reference to French gypsies and supposed relationship to Paco is descriptive and anecdotal, not a stable identity-based claim about flamenco authority or belonging.",25
JALEO_1980_02::A2,jaleo,Jaleo,JALEO_1980_02,1980,HERIT_01,HERIT,"The obituary invokes memory and Spanish folklore, but it does not clearly frame flamenco as public heritage or patrimony.",19
JALEO_1980_02::A2,jaleo,Jaleo,JALEO_1980_02,1980,COMM_04,COMM,"The phrase 'ultra-Spanish' marks national identity, but it functions mainly as evaluative canonization rather than an identity-based boundary of belonging.",22
JALEO_1980_02::A3,jaleo,Jaleo,JALEO_1980_02,1980,COMM_04,COMM,"Family appears in the training biography, but the identity category itself is not the main basis of belonging or representation.",20
JALEO_1980_02::A4,jaleo,Jaleo,JALEO_1980_02,1980,COMM_02,COMM,"Aficionados are mentioned as having lost awareness, but they are not clearly presented as authorities who recognize or judge flamenco.",20
JALEO_1980_02::A4,jaleo,Jaleo,JALEO_1980_02,1980,CRIT_04,CRIT,"The author corrects confusion about styles, but the passage is more pedagogical than expert criticism policing a boundary.",18
JALEO_1980_02::A5,jaleo,Jaleo,JALEO_1980_02,1980,AUTH_01,AUTH,"The text defines flamenco culturally, but it does not explicitly claim a genuine or proper form against alternatives.",18
JALEO_1980_02::A6,jaleo,Jaleo,JALEO_1980_02,1980,COMM_04,COMM,"The article includes gendered and ethnicized characterization, but it does not clearly use identity to authorize belonging or representation within flamenco.",21
JALEO_1980_02::A7,jaleo,Jaleo,JALEO_1980_02,1980,CRIT_02,CRIT,"The review mentions music, arrangements, palmas, and singing, but the aesthetic criteria are mostly embedded in general praise rather than developed as standards of flamenco quality.",26
JALEO_1980_02::A8,jaleo,Jaleo,JALEO_1980_02,1980,AUTH_02,AUTH,"Words such as purity and perfection appear in lighting/color explanations, but they do not draw a flamenco purity boundary.",20
JALEO_1980_02::A9,jaleo,Jaleo,JALEO_1980_02,1980,PED_03,PED,"The excerpt describes rural audience access to a flamenco performance, but it does not clearly frame flamenco learning or knowledge transmission.",21
JALEO_1980_02::A9,jaleo,Jaleo,JALEO_1980_02,1980,COMM_03,COMM,"The text describes a local audience and makeshift stage, but it does not contrast participatory versus spectatorial settings as a value claim.",22
JALEO_1980_02::A10,jaleo,Jaleo,JALEO_1980_02,1980,PED_02,PED,"The reference to Torre as son of another great interpreter suggests lineage, but the visible text does not describe transmission or learning.",22
JALEO_1980_02::A11,jaleo,Jaleo,JALEO_1980_02,1980,AUTH_01,AUTH,"""This improvisation -- this is flamenco"" defines flamenco strongly, but the passage is better captured as an aesthetic criterion rather than a separate authenticity claim.",24
JALEO_1980_02::A11,jaleo,Jaleo,JALEO_1980_02,1980,PED_02,PED,"Montoya's inability to read or write music and his improvisation imply embodied musicianship, but the text does not describe transmission or learning.",23
JALEO_1980_02::A12,jaleo,Jaleo,JALEO_1980_02,1980,CRIT_02,CRIT,"The passage uses expressive terms such as forceful rhythm, anguish, and rough voice, but these operate mainly as poetic description rather than explicit evaluation or criteria.",26
JALEO_1980_02::A13,jaleo,Jaleo,JALEO_1980_02,1980,PED_01,PED,"The method teaches flamenco guitar, but the visible text foregrounds transnational access and critical evaluation rather than a specific teacher's authority.",22
JALEO_1980_02::A13,jaleo,Jaleo,JALEO_1980_02,1980,PED_02,PED,"Compás is mentioned, but the text discusses written explanation in a method book, not oral, embodied, familial, or lineage transmission.",20
JALEO_1980_03::A1,jaleo,Jaleo,JALEO_1980_03,1980,COMM_04,COMM,"The billing phrase ""Dancing Demon from Spain"" invokes national identity, but it functions as promotional description rather than identity-based authority or belonging.",23
JALEO_1980_03::A2,jaleo,Jaleo,JALEO_1980_03,1980,PED_01,PED,"The mention that Juana's students will be inspired suggests pedagogical influence, but the passage does not clearly frame her as an authoritative flamenco teacher.",25
JALEO_1980_03::A2,jaleo,Jaleo,JALEO_1980_03,1980,COMM_04,COMM,"Living with gypsies is identity-related context, but it does not clearly define flamenco belonging, authority, or representation.",18
JALEO_1980_03::A3,jaleo,Jaleo,JALEO_1980_03,1980,COMM_04,COMM,"References to gypsy tradition and race shape the rhetoric, but the clearest discourse function is authenticity/tradition rather than identity-based belonging authority.",23
JALEO_1980_03::A3,jaleo,Jaleo,JALEO_1980_03,1980,HERIT_03,HERIT,"The text refers to salvation, legacy, and recording for history, but it does not clearly shift into public heritage or safeguarding discourse beyond tradition-continuity claims.",26
JALEO_1980_03::A4,jaleo,Jaleo,JALEO_1980_03,1980,PED_01,PED,"The phrase 'daily teaching' suggests pedagogy, but the passage emphasizes embodied legacy and homage more than a specific teaching authority or method.",22
JALEO_1980_03::A4,jaleo,Jaleo,JALEO_1980_03,1980,COMM_04,COMM,"The text invokes the Andalucian people, but it does not clearly use identity to define belonging or authority within flamenco.",20
JALEO_1980_03::A5,jaleo,Jaleo,JALEO_1980_03,1980,HERIT_03,HERIT,"Recovery and restoration of ignored styles implies preservation, but the passage frames this mainly as artistic tradition and canon rather than public heritage safeguarding.",24
JALEO_1980_03::A5,jaleo,Jaleo,JALEO_1980_03,1980,AUTH_01,AUTH,"Mairena is strongly legitimated, but there is no explicit claim that his flamenco is genuine or true beyond the stronger tradition-continuity evidence.",23
JALEO_1980_03::A6,jaleo,Jaleo,JALEO_1980_03,1980,CRIT_02,CRIT,"The phrase 'por derecho' suggests correctness, but the surrounding passage more clearly supports exemplary canon status and preservation.",18
JALEO_1980_03::A6,jaleo,Jaleo,JALEO_1980_03,1980,PED_01,PED,"The piece describes Mairena as a maestro, but it does not clearly frame him as teaching, correcting, or mediating knowledge in the visible text.",24
JALEO_1980_03::A7,jaleo,Jaleo,JALEO_1980_03,1980,COMM_04,COMM,"Gypsy and Sevillian identity terms appear, but the visible excerpt mainly uses them for origin and formation rather than explicitly defining group authority or representation.",25
JALEO_1980_03::A9,jaleo,Jaleo,JALEO_1980_03,1980,COMM_04,COMM,"Gitano identity is central to the comparison, but the passage does not clearly use it to define belonging, representation, or group authority beyond critical classification.",25
JALEO_1980_03::A10,jaleo,Jaleo,JALEO_1980_03,1980,AUTH_04,AUTH,"The statement that records freeze flamenco contrasts recording with live spontaneity, but it does not clearly frame recording as an authenticity loss.",22
JALEO_1980_03::A10,jaleo,Jaleo,JALEO_1980_03,1980,CRIT_01,CRIT,"The article mentions comments, criticisms, and readiness, but most of this is practical advice rather than a direct review of an identifiable flamenco target.",24
JALEO_1980_03::A11,jaleo,Jaleo,JALEO_1980_03,1980,CRIT_03,CRIT,"Escudero is called legendary, but the main function of the passage is pedagogical lineage rather than canon formation.",18
JALEO_1980_03::A11,jaleo,Jaleo,JALEO_1980_03,1980,COMM_03,COMM,"The juerga room and parties suggest participatory community, but the excerpt uses them mainly as biography and learning context rather than explicit public/private value contrast.",26
JALEO_1980_03::A12,jaleo,Jaleo,JALEO_1980_03,1980,AUTH_01,AUTH,"The phrase 'real and human' suggests authenticity, but it refers mainly to live recording conditions rather than making a clear claim about genuinely flamenco practice.",25
JALEO_1980_03::A13,jaleo,Jaleo,JALEO_1980_03,1980,AUTH_03,AUTH,"The article identifies a local fandango repertoire and notes uniformity, but the visible text does not use origin or continuity to authorize present flamenco value.",25
JALEO_1980_03::A13,jaleo,Jaleo,JALEO_1980_03,1980,CRIT_02,CRIT,"The coplas express suffering and passion, but they are presented as examples rather than as aesthetic criteria used to judge flamenco quality.",22
JALEO_1980_03::A14,jaleo,Jaleo,JALEO_1980_03,1980,AUTH_01,AUTH,"The phrase 'Dignity made flamenco' strongly praises Rafael de Córdoba, but it does not clearly assert authenticity or proper flamenco as such.",22
JALEO_1980_03::A15,jaleo,Jaleo,JALEO_1980_03,1980,PED_01,PED,"Named teachers are listed, but the text does not clearly make a stronger claim about their pedagogical authority beyond course administration.",21
JALEO_1980_03::A15,jaleo,Jaleo,JALEO_1980_03,1980,COMM_01,COMM,"The statement that classes are not for beginners creates an access condition, but it is a practical prerequisite rather than a social insider/outsider boundary.",25
JALEO_1980_03::A16,jaleo,Jaleo,JALEO_1980_03,1980,COMM_03,COMM,"The cave setting and crowding are vivid, but the visible text does not clearly contrast participatory/private flamenco with spectatorial/public flamenco as a value claim.",26
JALEO_1980_03::A16,jaleo,Jaleo,JALEO_1980_03,1980,AUTH_04,AUTH,"The cave setting may imply intimate or raw authenticity, but the passage does not explicitly link intimacy or anti-commercial space to authentic flamenco.",24
JALEO_1980_03::A17,jaleo,Jaleo,JALEO_1980_03,1980,CRIT_02,CRIT,"The article uses emotional and descriptive language, but it does not clearly define a broader aesthetic criterion beyond praising one work.",21
JALEO_1980_03::A18,jaleo,Jaleo,JALEO_1980_03,1980,COMM_02,COMM,"The appeal to San Diegans and Jaleistas concerns attendance and ticket reservations, not community authority to recognize or sustain flamenco.",20
JALEO_1980_03::A19,jaleo,Jaleo,JALEO_1980_03,1980,COMM_03,COMM,"The juerga is organized as a member gathering, but the text is administrative and does not evaluate private/social participation as more meaningful or authentic flamenco.",26
JALEO_1980_03::A19,jaleo,Jaleo,JALEO_1980_03,1980,COMM_02,COMM,"Cuadro membership and responsibilities are listed, but members are not framed as possessing flamenco authority or insider recognition.",18
JALEO_1980_04::A1,jaleo,Jaleo,JALEO_1980_04,1980,AUTH_03,AUTH,"The article says Marina's dance blends old and new and has a deep origin, but the passage does not clearly use tradition or continuity as an independent authorizing frame.",30
JALEO_1980_04::A1,jaleo,Jaleo,JALEO_1980_04,1980,COMM_02,COMM,"Aficionados in the audience are mentioned, but they are not explicitly positioned as authorities who recognize or judge flamenco.",19
JALEO_1980_04::A1,jaleo,Jaleo,JALEO_1980_04,1980,CRIT_01,CRIT,"The article contains broad praise, but CRIT_02 captures the more specific evaluative criteria driving the judgment.",16
JALEO_1980_04::A2,jaleo,Jaleo,JALEO_1980_04,1980,HERIT_03,HERIT,"The editorial mentions keeping Jaleo alive and a possible issue on Diego del Gastor, but it does not clearly frame this as safeguarding or living heritage work.",27
JALEO_1980_04::A2,jaleo,Jaleo,JALEO_1980_04,1980,COMM_02,COMM,"The appeal for readers, subscribers, and contributors builds community participation, but not community authority to judge or authorize flamenco.",19
JALEO_1980_04::A2,jaleo,Jaleo,JALEO_1980_04,1980,PED_03,PED,"The magazine circulates records and articles, but the passage emphasizes finances and operations rather than access to flamenco knowledge.",19
JALEO_1980_04::A3,jaleo,Jaleo,JALEO_1980_04,1980,COMM_02,COMM,"Jaleo membership and New York organizing are mentioned, but the passage does not grant the community authority to judge or define flamenco.",22
JALEO_1980_04::A4,jaleo,Jaleo,JALEO_1980_04,1980,AUTH_02,AUTH,"The text uses truth and purist language, but the stronger discourse function is critical evaluation of Spanish dance representation rather than a direct proper/improper flamenco boundary.",27
JALEO_1980_04::A4,jaleo,Jaleo,JALEO_1980_04,1980,CRIT_03,CRIT,"The phrase ""rank of a recital artist"" implies hierarchy, but the passage mainly evaluates style and criteria rather than constructing a broader canon.",23
JALEO_1980_04::A5,jaleo,Jaleo,JALEO_1980_04,1980,CRIT_01,CRIT,"Phrases such as ""enrich the flamenco world"" praise Greco's impact, but most of the passage is documentary biography and listing rather than sustained critical evaluation.",26
JALEO_1980_04::A5,jaleo,Jaleo,JALEO_1980_04,1980,PED_01,PED,"Greco is associated with teaching, but the clearer evidence concerns institutional/transnational access rather than a teacher-master authority relation.",20
JALEO_1980_04::A6,jaleo,Jaleo,JALEO_1980_04,1980,PED_03,PED,"The article mentions an informance and Community Artist Residency Training, but the visible text does not yet connect the program to flamenco knowledge or evaluate flamenco access.",27
JALEO_1980_04::A7,jaleo,Jaleo,JALEO_1980_04,1980,COMM_02,COMM,"Aficionados are mentioned as knowing Manuel Torre's life, but they are not granted authority to judge or sustain flamenco in the cited passage.",24
JALEO_1980_04::A7,jaleo,Jaleo,JALEO_1980_04,1980,CRIT_03,CRIT,"Manuel Torre and Antonio Mairena are implicitly high-status figures, but the clearest discourse function is lineage and authenticity boundary-work, not explicit canon ranking.",25
JALEO_1980_04::A8,jaleo,Jaleo,JALEO_1980_04,1980,PED_01,PED,"Marina Torres is described as having studied at and taught at the Royal Conservatory, but the passage does not use that teaching role to authorize current flamenco knowledge strongly enough.",30
JALEO_1980_04::A8,jaleo,Jaleo,JALEO_1980_04,1980,CRIT_01,CRIT,"Phrases such as 'outstanding guitarist' are evaluative, but they read as promotional description without developed critical judgment.",17
JALEO_1980_04::A9,jaleo,Jaleo,JALEO_1980_04,1980,COMM_02,COMM,"The article recognizes volunteer labor around Jaleo, but it does not present the volunteers as flamenco insiders with authority to judge or sustain flamenco practice.",25
JALEO_1980_04::A9,jaleo,Jaleo,JALEO_1980_04,1980,HERIT_03,HERIT,"The magazine's survival is discussed administratively, not as safeguarding flamenco as public cultural heritage.",15
JALEO_1980_04::A10,jaleo,Jaleo,JALEO_1980_04,1980,CRIT_01,CRIT,"The group is described as active and frequently working, but there is no explicit judgment of artistic quality.",18
JALEO_1980_04::A10,jaleo,Jaleo,JALEO_1980_04,1980,CRIT_02,CRIT,"'Improvising por bulerías' uses a flamenco practice term, but it is only a caption-like description, not an aesthetic criterion.",20
JALEO_1980_04::A11,jaleo,Jaleo,JALEO_1980_04,1980,PED_03,PED,"Many listings mention dance or guitar instruction, books, and sheet music, but they are routine announcements without evaluative access, authority, or transmission claims.",23
JALEO_1980_04::A11,jaleo,Jaleo,JALEO_1980_04,1980,COMM_03,COMM,"The juerga and guest limits describe a social event, but the passage does not contrast participatory/private flamenco with public spectatorship in an evaluative way.",25
JALEO_1980_04::A11,jaleo,Jaleo,JALEO_1980_04,1980,CRIT_03,CRIT,"'top artists' appears in the cancelled concert plan, but it is too generic and promotional to establish a hierarchy or canon.",21
JALEO_1980_05::A1,jaleo,Jaleo,JALEO_1980_05,1980,COMM_01,COMM,"The reference to meeting his first flamenco group could mark social entry into a flamenco network, but the visible text does not draw an insider/outsider boundary.",27
JALEO_1980_05::A2,jaleo,Jaleo,JALEO_1980_05,1980,AUTH_03,AUTH,"The text links flamenco to Andalucía and 'the rhythms of the people,' but the passage primarily frames public cultural value rather than tradition/continuity as an authority claim.",28
JALEO_1980_05::A3,jaleo,Jaleo,JALEO_1980_05,1980,COMM_02,COMM,"The text mentions enthusiasts, but it does not clearly grant them authority to judge or authorize flamenco.",17
JALEO_1980_05::A4,jaleo,Jaleo,JALEO_1980_05,1980,PED_03,PED,"The passage discusses reproducing material, but it evaluates recordings rather than describing learning, access, or transmission.",16
JALEO_1980_05::A4,jaleo,Jaleo,JALEO_1980_05,1980,CRIT_04,CRIT,"The editor's appraisal is referenced, but the excerpt does not strongly foreground critic or expert authority as the main discourse function.",22
JALEO_1980_05::A6,jaleo,Jaleo,JALEO_1980_05,1980,COMM_02,COMM,"The visible text lists groups such as Familia Montoya, but does not clearly use family or community status to authorize flamenco value.",22
JALEO_1980_05::A6,jaleo,Jaleo,JALEO_1980_05,1980,PED_01,PED,"The phrase 'A complete school' could suggest pedagogical authority, but in context it reads more like an aesthetic metaphor than a clear teaching relation.",24
JALEO_1980_05::A7,jaleo,Jaleo,JALEO_1980_05,1980,HERIT_02,HERIT,"The examining board and doctoral setting imply institutional recognition, but the text does not frame flamenco as heritage or public cultural patrimony.",22
JALEO_1980_05::A8,jaleo,Jaleo,JALEO_1980_05,1980,CRIT_03,CRIT,"The article names 'great companies' and 'top soloists,' but the main discourse function is pedagogical transmission rather than constructing a detailed canon or ranking.",24
JALEO_1980_05::A9,jaleo,Jaleo,JALEO_1980_05,1980,CRIT_02,CRIT,"Tone quality, intonation, and tension are technical review criteria for strings, but the passage does not clearly define broader flamenco aesthetic value.",22
JALEO_1980_05::A10,jaleo,Jaleo,JALEO_1980_05,1980,COMM_04,COMM,"The phrase 'defines us and marks us in the world as a people' suggests identity framing, but the excerpt centers more directly on expert authority and evaluation of Manuel Torre.",30
JALEO_1980_05::A11,jaleo,Jaleo,JALEO_1980_05,1980,PED_02,PED,"The claim that today's guitarists draw inspiration from earlier guitarists suggests transmission, but it is not developed as embodied, oral, or lineage-based learning.",25
JALEO_1980_05::A12,jaleo,Jaleo,JALEO_1980_05,1980,AUTH_03,AUTH,"The phrase ""traditional cante"" appears in a record recommendation heading, but it does not by itself ground present flamenco value in continuity or roots strongly enough to emit the code.",30
JALEO_1980_05::A12,jaleo,Jaleo,JALEO_1980_05,1980,PED_03,PED,"The record-distribution effort could aid access to flamenco knowledge, but the passage primarily concerns availability and consumer guidance rather than a meaningful learning or pedagogical frame.",27
JALEO_1980_05::A12,jaleo,Jaleo,JALEO_1980_05,1980,HERIT_02,HERIT,"The Bienal has institutional/public-culture features, but the visible text does not clearly frame flamenco as heritage or patrimony under authorized heritage mechanisms.",24
JALEO_1980_05::A13,jaleo,Jaleo,JALEO_1980_05,1980,COMM_04,COMM,"The text notes Andalusian accent, South American birth, Madrid origin, and Cuban rumba technique, but these identity/geographic details do not clearly organize belonging or authority.",26
JALEO_1980_05::A13,jaleo,Jaleo,JALEO_1980_05,1980,CRIT_03,CRIT,"Calling Arturo de Ronda a ""master"" at reciting García Lorca praises a skill, but it does not clearly construct a flamenco canon or hierarchy.",24
JALEO_1980_05::A14,jaleo,Jaleo,JALEO_1980_05,1980,AUTH_04,AUTH,"Words such as ""intimate"" and ""small"" appear, but the passage does not explicitly make intimacy a marker of authentic flamenco rather than event atmosphere.",24
JALEO_1980_05::A14,jaleo,Jaleo,JALEO_1980_05,1980,PED_01,PED,"The Teo Morca workshop lists classes and levels, but it reads as an administrative announcement rather than a claim of pedagogical authority.",22
JALEO_1980_05::A14,jaleo,Jaleo,JALEO_1980_05,1980,COMM_02,COMM,"Jaleistas and aficionados are named as participants, but the clearer discourse function is participatory setting rather than community authority to judge or authorize flamenco.",24
JALEO_1980_07::A1,jaleo,Jaleo,JALEO_1980_07,1980,PED_01,PED,"The text mentions help from flamencos and learning a sevillanas from Simón Serrano, but no teacher or method is strongly positioned as authoritative.",23
JALEO_1980_07::A1,jaleo,Jaleo,JALEO_1980_07,1980,PED_02,PED,"The learning is partly by listening and imitation, but the visible passage emphasizes records and access rather than embodied, oral, familial, or lineage transmission.",24
JALEO_1980_07::A1,jaleo,Jaleo,JALEO_1980_07,1980,AUTH_03,AUTH,"The desire to reach the ""nucleus of flamenco"" suggests depth, but it does not clearly ground legitimacy in tradition, continuity, roots, or origin.",23
JALEO_1980_07::A2,jaleo,Jaleo,JALEO_1980_07,1980,CRIT_03,CRIT,"The phrase ""the great man"" and ""my hero"" imply admiration, but the letter does not develop a broader canon, hierarchy, or exemplary flamenco status.",24
JALEO_1980_07::A2,jaleo,Jaleo,JALEO_1980_07,1980,PED_01,PED,"The writer is a novice student and Greco invites her to his school, but the passage does not present his school or teaching as a source of flamenco authority.",29
JALEO_1980_07::A3,jaleo,Jaleo,JALEO_1980_07,1980,CRIT_01,CRIT,"The article contains praise such as 'brilliantly improvised,' but the stronger evaluative function is already captured through aesthetic criteria and identity-based authorization.",23
JALEO_1980_07::A3,jaleo,Jaleo,JALEO_1980_07,1980,PED_02,PED,"The contrast between natural ability and learned knowledge mentions learning, but it does not describe transmission, apprenticeship, or lineage-based pedagogy.",21
JALEO_1980_07::A4,jaleo,Jaleo,JALEO_1980_07,1980,PED_03,PED,"The Morca workshop listing mentions technique, repertory classes, and discussions, but it is mainly administrative promotion without clear authority or access discourse.",22
JALEO_1980_07::A4,jaleo,Jaleo,JALEO_1980_07,1980,COMM_02,COMM,"The article emphasizes friendship and shared memories, but the visible text does not clearly make those social ties a source of flamenco authority.",23
JALEO_1980_07::A5,jaleo,Jaleo,JALEO_1980_07,1980,CRIT_03,CRIT,"References to great maestros and high-level groups imply hierarchy, but the stronger discourse function is boundary critique and authenticity/purity evaluation.",22
JALEO_1980_07::A5,jaleo,Jaleo,JALEO_1980_07,1980,AUTH_04,AUTH,"Commercial performance is criticized, but the visible passage frames it mainly as purity/boundary degradation rather than a general theory of anti-commercial authenticity.",24
JALEO_1980_07::A6,jaleo,Jaleo,JALEO_1980_07,1980,CRIT_01,CRIT,"Several costume examples are implicitly negative, but they function mainly as criteria for proper costuming rather than a review of a specific performance.",23
JALEO_1980_07::A6,jaleo,Jaleo,JALEO_1980_07,1980,PED_03,PED,"The article is instructional, but it does not specifically frame institutional, transnational, or outsider access to flamenco knowledge.",18
JALEO_1980_07::A7,jaleo,Jaleo,JALEO_1980_07,1980,COMM_03,COMM,"Juergas imply participatory flamenco settings, but the visible passage emphasizes community support and organization-building rather than a public/private participatory contrast.",22
JALEO_1980_07::A7,jaleo,Jaleo,JALEO_1980_07,1980,CRIT_04,CRIT,"The opening mentions artists criticizing JALEO and Jaleístas, but it does not develop an expert boundary critique around proper flamenco.",20
JALEO_1980_07::A8,jaleo,Jaleo,JALEO_1980_07,1980,AUTH_03,AUTH,"""True to Spanish tradition"" is present, but the passage is mostly descriptive timing/context rather than a strong continuity claim.",20
JALEO_1980_07::A8,jaleo,Jaleo,JALEO_1980_07,1980,PED_03,PED,"The passage mentions songs becoming perfected, but does not clearly describe pedagogy, institutional learning, or access to flamenco knowledge.",19
JALEO_1980_07::A9,jaleo,Jaleo,JALEO_1980_07,1980,PED_03,PED,"The fandangos section teaches compás patterns, but the code's institutional/transnational access conditions are not clearly met.",18
JALEO_1980_07::A10,jaleo,Jaleo,JALEO_1980_07,1980,AUTH_01,AUTH,"""Authentic Sour Dough"" is an honorary local title from Anchorage, not an authenticity claim about flamenco.",16
JALEO_1980_07::A10,jaleo,Jaleo,JALEO_1980_07,1980,CRIT_03,CRIT,"Montoya is called an international ambassador of goodwill, but the visible text does not clearly rank him within a flamenco canon.",21
JALEO_1980_07::A12,jaleo,Jaleo,JALEO_1980_07,1980,AUTH_01,AUTH,"Naturalness and living flamenco imply authenticity, but the stronger evidence is embodied formation and critical evaluation rather than an explicit authenticity claim.",22
JALEO_1980_07::A12,jaleo,Jaleo,JALEO_1980_07,1980,PED_03,PED,"The contrast with academic schooling is present, but the passage does not discuss institutional access or transnational learning.",18
JALEO_1980_07::A13,jaleo,Jaleo,JALEO_1980_07,1980,PED_03,PED,"Non-professionals gaining experience suggests learning access, but the passage frames this more clearly as participatory community than pedagogy.",19
JALEO_1980_07::A13,jaleo,Jaleo,JALEO_1980_07,1980,CRIT_03,CRIT,"Cheney is compared jokingly to the 'Rich Little of flamenco guitar,' but this does not clearly establish a canon or hierarchy.",21
JALEO_1980_08::A1,jaleo,Jaleo,JALEO_1980_08,1980,CRIT_03,CRIT,"Phrases such as 'masters' and 'best flamenco guitarist in the Bay Area' imply hierarchy, but the dominant discourse work is authenticity and transmission rather than canon-building.",27
JALEO_1980_08::A2,jaleo,Jaleo,JALEO_1980_08,1980,HERIT_03,HERIT,"The editorial asks readers to loan material for tribute issues, but it does not clearly frame this as safeguarding, collective memory, or public cultural heritage.",25
JALEO_1980_08::A3,jaleo,Jaleo,JALEO_1980_08,1980,CRIT_02,CRIT,"The passage mentions rhythm, melody, and bass line, but these are used as compositional examples rather than applied aesthetic criteria for judging a specific performance.",25
JALEO_1980_08::A4,jaleo,Jaleo,JALEO_1980_08,1980,AUTH_03,AUTH,"The reference to Gypsy Indian heritage suggests roots, but it is speculative and secondary to identity framing and aesthetic analysis.",20
JALEO_1980_08::A5,jaleo,Jaleo,JALEO_1980_08,1980,PED_01,PED,"Teachers are mentioned biographically, but the passage does not foreground pedagogical authority or a teaching relation as the basis of legitimacy.",21
JALEO_1980_08::A7,jaleo,Jaleo,JALEO_1980_08,1980,COMM_04,COMM,"The phrase 'among gypsies and payos alike' names identity groups, but it mainly supports Diego's legendary status rather than defining group authority or belonging.",25
JALEO_1980_08::A8,jaleo,Jaleo,JALEO_1980_08,1980,CRIT_03,CRIT,"The poem elevates Diego, but the visible excerpt is too brief to clearly construct a canon, ranking, or hierarchy beyond praise.",21
JALEO_1980_08::A9,jaleo,Jaleo,JALEO_1980_08,1980,CRIT_01,CRIT,"The poem praises Diego, but the stronger discourse functions are authenticity, anti-material value, and community representation rather than a separable critical assessment.",23
JALEO_1980_08::A16,jaleo,Jaleo,JALEO_1980_08,1980,AUTH_02,AUTH,"The text mentions 'pure' flamenco and 'flamenco puro', but the stronger supported discourse is anti-commercial way-of-life authenticity rather than an explicit fake/impure boundary.",27
JALEO_1980_08::A16,jaleo,Jaleo,JALEO_1980_08,1980,CRIT_04,CRIT,"Pohren is called an authority, but the article does not clearly show him exercising critical judgment in the visible text beyond broader authenticity and access claims.",26
JALEO_1980_08::A17,jaleo,Jaleo,JALEO_1980_08,1980,AUTH_03,AUTH,"The opening asks whether flamenco can survive with 'no roots in the daily lives of people', but the visible excerpt more clearly supports lived/intimate authenticity than a distinct tradition-continuity code.",32
JALEO_1980_08::A17,jaleo,Jaleo,JALEO_1980_08,1980,COMM_02,COMM,"The text mentions knowledgeable flamenco people and readers who know Morón, but it does not clearly assign community authority to them.",21
JALEO_1980_08::A18,jaleo,Jaleo,JALEO_1980_08,1980,CRIT_02,CRIT,"The ending criticizes the lack of cante and repetitive performance, but it does not clearly develop a distinct aesthetic criterion beyond general negative evaluation.",24
JALEO_1980_08::A18,jaleo,Jaleo,JALEO_1980_08,1980,COMM_04,COMM,"The phrase 'Many who perform flamenco professionally (foreign or Spanish)' mentions identity categories, but they do not organize authority or belonging strongly enough for this code.",26
JALEO_1980_09::A1,jaleo,Jaleo,JALEO_1980_09,1980,CRIT_01,CRIT,"The tribute contains several praise terms such as 'revolutionary' and 'enormous success', but the stronger coding focus is canonization and official recognition rather than a separate review-style evaluation.",29
JALEO_1980_09::A1,jaleo,Jaleo,JALEO_1980_09,1980,PED_01,PED,"The father is described as Serrano's teacher, but the evidence more specifically supports familial lineage transmission than generalized pedagogical authority.",21
JALEO_1980_09::A2,jaleo,Jaleo,JALEO_1980_09,1980,COMM_02,COMM,"The juerga letter depicts a pleasant community gathering, but it does not clearly grant aficionados or the group authority to judge or sustain flamenco.",24
JALEO_1980_09::A2,jaleo,Jaleo,JALEO_1980_09,1980,CRIT_04,CRIT,"The letter mentions Paco's evaluation and Pohren's stance on commercialism, but the visible text does not clearly exercise expert boundary critique beyond general agreement.",26
JALEO_1980_09::A4,jaleo,Jaleo,JALEO_1980_09,1980,HERIT_03,HERIT,"The phrase about retaining value for future publication suggests preservation, but the passage is primarily a publication-space note and lacks public heritage or safeguarding stakes.",26
JALEO_1980_09::A5,jaleo,Jaleo,JALEO_1980_09,1980,COMM_02,COMM,"The Society is made up of aficionados and sustains flamenco locally, but the strongest visible discourse emphasizes participation and learning rather than community authority to judge or authorize.",28
JALEO_1980_09::A5,jaleo,Jaleo,JALEO_1980_09,1980,HERIT_03,HERIT,"The text mentions preserving the spirit of recitals and carrying on after Serrano's departure, but this is not strongly framed as safeguarding or contested living heritage.",27
JALEO_1980_09::A6,jaleo,Jaleo,JALEO_1980_09,1980,AUTH_04,AUTH,"The cruise-ship audience is described as not flamenco-oriented and wanting flashy color, but the passage gives practical work advice rather than clearly linking commercial spectacle to authenticity loss.",30
JALEO_1980_09::A6,jaleo,Jaleo,JALEO_1980_09,1980,CRIT_04,CRIT,"The author's dislike of flashy sequined costumes hints at critique of spectacle, but the boundary around proper or improper flamenco is not explicit enough to emit.",27
JALEO_1980_09::A7,jaleo,Jaleo,JALEO_1980_09,1980,COMM_01,COMM,"The article contrasts Americans in Morón and Spanish Morón professionals, but the strongest evidence concerns learning and criticism rather than a stable insider/outsider boundary.",25
JALEO_1980_09::A7,jaleo,Jaleo,JALEO_1980_09,1980,CRIT_01,CRIT,"The article repeatedly discusses criticism, but broad critical evaluation is subsumed by the more specific codes for critic authority and hierarchy.",21
JALEO_1980_09::A8,jaleo,Jaleo,JALEO_1980_09,1980,CRIT_01,CRIT,"Phrases such as 'good flamenco' and 'fine flamenco' are evaluative, but the article's main discourse function is preservation/transmission through touring rather than a developed critical assessment.",28
JALEO_1980_09::A9,jaleo,Jaleo,JALEO_1980_09,1980,CRIT_02,CRIT,"The article mentions a tight cuadro and successful playing, but does not define flamenco quality through a sustained aesthetic criterion.",20
JALEO_1980_09::A10,jaleo,Jaleo,JALEO_1980_09,1980,CRIT_03,CRIT,"The reference to the Sabicas style is comparative, but it does not clearly construct Heredia as canonical or ranked.",19
JALEO_1980_09::A11,jaleo,Jaleo,JALEO_1980_09,1980,CRIT_02,CRIT,"The text mentions theatricalism, drama, and emotional force, but these are not developed as clear flamenco-specific aesthetic criteria.",19
JALEO_1980_09::A13,jaleo,Jaleo,JALEO_1980_09,1980,CRIT_02,CRIT,"The review names qualities such as restraint, control, taste, and artistry, but these overlap with the broader critical evaluation already emitted.",21
JALEO_1980_09::A14,jaleo,Jaleo,JALEO_1980_09,1980,AUTH_03,AUTH,"The text mentions roots of flamenco folklore, but the stronger discourse function is the explicit authenticity definition rather than a separate continuity claim.",23
JALEO_1980_09::A14,jaleo,Jaleo,JALEO_1980_09,1980,CRIT_03,CRIT,"Paco's claim that he gave flamenco more prestige suggests status elevation, but it is not developed enough as a hierarchy or canon claim.",24
JALEO_1980_09::A15,jaleo,Jaleo,JALEO_1980_09,1980,AUTH_03,AUTH,"The revue's tour of Spanish regions and periods suggests continuity, but the passage is mainly descriptive and evaluative rather than authorizing tradition.",23
JALEO_1980_09::A16,jaleo,Jaleo,JALEO_1980_09,1980,CRIT_02,CRIT,"The review uses aesthetic criteria such as line, staccato movement, controlled passion, and electricity, but these are already captured under the broader critical evaluation.",24
JALEO_1980_09::A17,jaleo,Jaleo,JALEO_1980_09,1980,CRIT_03,CRIT,"The text ranks Paco de Lucía as a highly respected proponent and compares Hendrix, but the central discourse here is Heredia's aesthetic criteria and lineage.",26
JALEO_1980_09::A17,jaleo,Jaleo,JALEO_1980_09,1980,PED_03,PED,"The article describes modern flamenco incorporating jazz and classical techniques, but it is not primarily about learning access or institutional/transnational pedagogy.",22
JALEO_1980_09::A17,jaleo,Jaleo,JALEO_1980_09,1980,AUTH_03,AUTH,"Traditional compositions and inherited culture are mentioned, but the stronger evidence is familial embodied transmission rather than a separate tradition-continuity claim.",22
JALEO_1980_09::A18,jaleo,Jaleo,JALEO_1980_09,1980,AUTH_04,AUTH,"The juerga is intimate and home-based, but the text does not explicitly frame that intimacy as more authentic or opposed to staged/commercial flamenco.",25
JALEO_1980_09::A19,jaleo,Jaleo,JALEO_1980_09,1980,COMM_01,COMM,"The line 'This was not a juerga for everyone' suggests practical selectivity, but it does not clearly construct an insider/outsider authority boundary.",23
JALEO_1980_09::A20,jaleo,Jaleo,JALEO_1980_09,1980,CRIT_01,CRIT,"'An excellent juerga site' is generic praise of a location and does not clearly evaluate flamenco artistry, practice, or discourse.",20
JALEO_1980_09::A20,jaleo,Jaleo,JALEO_1980_09,1980,COMM_02,COMM,"The notice thanks hosts and members, but it does not clearly assign community authority or define belonging beyond routine event administration.",21
JALEO_1980_09::A21,jaleo,Jaleo,JALEO_1980_09,1980,PED_03,PED,"Elizabeth studying dance and Francisco becoming more proficient indicate learning, but the passage is biographical and does not thematize pedagogy or access to flamenco knowledge.",25
JALEO_1980_09::A23,jaleo,Jaleo,JALEO_1980_09,1980,AUTH_03,AUTH,"The Andalucía entry states that flamenco originated and developed there, but in this dictionary context it functions mainly as neutral instruction rather than a tradition/roots claim authorizing present value.",30
JALEO_1980_09::A23,jaleo,Jaleo,JALEO_1980_09,1980,HERIT_03,HERIT,"The Carmen Amaya issue solicits articles, photos, clippings, and programs, but it does not clearly frame this as safeguarding, public heritage, or collective memory-work.",25
JALEO_1980_09::A23,jaleo,Jaleo,JALEO_1980_09,1980,COMM_04,COMM,"The reference to Barcelona's Gypsy population links identity and artistic production, but the short dictionary entry does not clearly make identity the basis of authority or belonging.",28
JALEO_1980_10::A1,jaleo,Jaleo,JALEO_1980_10,1980,CRIT_04,CRIT,"The article clearly critiques commercial/staged flamenco boundaries, but this is already captured through AUTH_04 and CRIT_02 without needing an additional overlapping critical-authority code.",25
JALEO_1980_10::A2,jaleo,Jaleo,JALEO_1980_10,1980,COMM_02,COMM,"The claim that Jaleo is a 'lifeline' suggests community connection, but it does not clearly authorize flamenco knowledge or belonging.",20
JALEO_1980_10::A2,jaleo,Jaleo,JALEO_1980_10,1980,CRIT_01,CRIT,"There is praise for the issue and workshop, but the more specific discourse function is pedagogical rather than critical review.",20
JALEO_1980_10::A3,jaleo,Jaleo,JALEO_1980_10,1980,COMM_04,COMM,"Boston Hispanics and other ethnic groups are mentioned, but identity does not clearly define flamenco belonging or authority in the visible text.",22
JALEO_1980_10::A4,jaleo,Jaleo,JALEO_1980_10,1980,COMM_04,COMM,"The aside about Spanish names and ancestry notes identity, but it does not clearly make identity the basis of authority or belonging.",22
JALEO_1980_10::A4,jaleo,Jaleo,JALEO_1980_10,1980,PED_02,PED,"Fernando is taught cante by Ramón, but the passage describes direct instruction rather than oral, familial, or lineage transmission with authority stakes.",22
JALEO_1980_10::A5,jaleo,Jaleo,JALEO_1980_10,1980,AUTH_03,AUTH,"The phrase 'native habitat' links Paco to Andalucía, but it does not clearly use roots or origin to authorize flamenco value.",21
JALEO_1980_10::A5,jaleo,Jaleo,JALEO_1980_10,1980,CRIT_03,CRIT,"Paco's rarity and regional importance are noted, but the excerpt does not construct a clear hierarchy or canon beyond event significance.",22
JALEO_1980_10::A7,jaleo,Jaleo,JALEO_1980_10,1980,AUTH_04,AUTH,"The tourist-attraction and tablao critique suggests anti-commercial authenticity, but it overlaps heavily with the clearer purity-boundary claim emitted as AUTH_02.",23
JALEO_1980_10::A7,jaleo,Jaleo,JALEO_1980_10,1980,CRIT_01,CRIT,"The article contains broad evaluative praise and blame, but the strongest critical function is captured more specifically through aesthetic criteria in CRIT_02.",22
JALEO_1980_10::A8,jaleo,Jaleo,JALEO_1980_10,1980,COMM_01,COMM,"The phrase 'uninitiated public' suggests an epistemic boundary, but the stronger function is the public/private participatory contrast emitted as COMM_03.",21
JALEO_1980_10::A8,jaleo,Jaleo,JALEO_1980_10,1980,CRIT_04,CRIT,"Critics are listed as one possible source of judgment, but the article does not grant them sustained expert authority.",19
JALEO_1980_10::A9,jaleo,Jaleo,JALEO_1980_10,1980,AUTH_01,AUTH,"The phrase 'interpreted properly' has authenticity implications, but the operative claim is identity-based authority rather than a direct authenticity claim.",21
JALEO_1980_10::A9,jaleo,Jaleo,JALEO_1980_10,1980,PED_02,PED,"The narrator mentions learning from his father, but the passage treats this humorously as identity evidence rather than as authoritative lineage transmission.",22
JALEO_1980_10::A10,jaleo,Jaleo,JALEO_1980_10,1980,CRIT_03,CRIT,"The salary section lists top performers and pay levels, but it primarily reports income rather than constructing a flamenco canon or aesthetic ranking.",23
JALEO_1980_10::A10,jaleo,Jaleo,JALEO_1980_10,1980,COMM_03,COMM,"Mairena notes that Diego played mostly for friends and private fiestas, but the passage does not strongly contrast that setting with public performance as a value claim.",27
JALEO_1980_10::A12,jaleo,Jaleo,JALEO_1980_10,1980,AUTH_02,AUTH,"The phrase 'conservation of purity' invokes purity, but the visible passage does not identify an excluded or devalued impure target.",20
JALEO_1980_10::A13,jaleo,Jaleo,JALEO_1980_10,1980,COMM_02,COMM,"The article names JALEO members and behind-the-scenes participation, but it does not clearly grant community authority or define belonging.",21
JALEO_1980_11::A1,jaleo,Jaleo,JALEO_1980_11,1980,AUTH_01,AUTH,"The phrase 'serious and authentic flamenco guitarist' authenticates Amaya's father, but the passage does not clearly use that claim to authorize Carmen Amaya herself.",25
JALEO_1980_11::A1,jaleo,Jaleo,JALEO_1980_11,1980,PED_02,PED,"Family artistry and Amaya being 'untaught' suggest informal background, but the visible text does not clearly describe embodied, oral, or lineage transmission as a mode of learning.",27
JALEO_1980_11::A2,jaleo,Jaleo,JALEO_1980_11,1980,PED_01,PED,"The word 'lesson' appears, but it is metaphorical inspiration rather than a concrete teaching authority or pedagogical relation.",18
JALEO_1980_11::A3,jaleo,Jaleo,JALEO_1980_11,1980,PED_03,PED,"The text lists routes by which outsiders encounter flamenco, but it does not clearly frame institutional or transnational learning access as a pedagogical system.",24
JALEO_1980_11::A4,jaleo,Jaleo,JALEO_1980_11,1980,AUTH_03,AUTH,"Morón influence and Diego del Gastor are mentioned, but the review does not clearly use tradition or roots as an authorizing argument.",22
JALEO_1980_11::A5,jaleo,Jaleo,JALEO_1980_11,1980,COMM_04,COMM,"The phrase 'gypsy style dancer' appears, but it functions mainly as costume-style description rather than identity-based authority or belonging.",21
JALEO_1980_11::A6,jaleo,Jaleo,JALEO_1980_11,1980,AUTH_04,AUTH,"Commercial background music and bluejeans advertising are criticized as atmosphere, but the excerpt does not clearly frame them as weakening flamenco authenticity.",22
JALEO_1980_11::A7,jaleo,Jaleo,JALEO_1980_11,1980,COMM_03,COMM,"The description of the fin de fiesta and festival setting mentions collective participation, but it is mainly neutral event description rather than an evaluative contrast between participatory and spectatorial flamenco.",30
JALEO_1980_11::A8,jaleo,Jaleo,JALEO_1980_11,1980,AUTH_04,AUTH,"The intimate juerga atmosphere could suggest social authenticity, but the text does not explicitly frame intimacy as more authentic than staged or commercial flamenco.",24
JALEO_1980_11::A9,jaleo,Jaleo,JALEO_1980_11,1980,COMM_02,COMM,"The staff, board, correspondents, and local contacts indicate community organization, but the passage emphasizes information-gathering infrastructure more than aficionado authority.",21
JALEO_1980_11::A10,jaleo,Jaleo,JALEO_1980_11,1980,AUTH_03,AUTH,"Traditional structures are mentioned, but the passage critiques reliance on them rather than grounding value in tradition or continuity.",19
JALEO_1980_11::A10,jaleo,Jaleo,JALEO_1980_11,1980,PED_03,PED,"Modern chord progressions and creative concepts suggest transformation, but the passage is framed as aesthetic judgment rather than learning or pedagogy.",21
JALEO_1980_11::A12,jaleo,Jaleo,JALEO_1980_11,1980,PED_01,PED,"The many dance/guitar/cante instruction listings identify teachers, but they are directory entries without a clear claim of pedagogical authority.",21
JALEO_1980_11::A12,jaleo,Jaleo,JALEO_1980_11,1980,COMM_03,COMM,"The juerga notice mentions reservations and guests, but it is administrative rather than a value-bearing contrast between participatory/private and public/spectatorial flamenco.",24
JALEO_1981_01::A1,jaleo,Jaleo,JALEO_1981_01,1981,AUTH_03,AUTH,"The text mentions family history and the herd as a traditional livelihood, but this does not clearly authorize flamenco value through tradition or roots.",24
JALEO_1981_01::A1,jaleo,Jaleo,JALEO_1981_01,1981,PED_02,PED,"His father taking him into the countryside describes childhood context, not a clear embodied or oral transmission of flamenco knowledge.",20
JALEO_1981_01::A2,jaleo,Jaleo,JALEO_1981_01,1981,PED_01,PED,"The article praises classes and names teachers, but the visible text does not clearly position any teacher as an authoritative source of flamenco knowledge.",24
JALEO_1981_01::A2,jaleo,Jaleo,JALEO_1981_01,1981,CRIT_01,CRIT,"""Brilliant classes"" is praise, but the passage is mainly a personal learning narrative and lacks developed critical evaluation.",18
JALEO_1981_01::A3,jaleo,Jaleo,JALEO_1981_01,1981,AUTH_03,AUTH,"The tree metaphor mentions survival and persistence, but it does not clearly ground flamenco authority in tradition, roots, or inherited continuity.",21
JALEO_1981_01::A3,jaleo,Jaleo,JALEO_1981_01,1981,COMM_04,COMM,"The bailaora is gendered, but the passage does not use gender identity to organize flamenco belonging or authority.",18
JALEO_1981_01::A4,jaleo,Jaleo,JALEO_1981_01,1981,CRIT_02,CRIT,"The article uses criteria such as seriousness and non-flashy expression, but these overlap with the emitted critical evaluation and authenticity contrast.",22
JALEO_1981_01::A4,jaleo,Jaleo,JALEO_1981_01,1981,COMM_04,COMM,"Descriptions of Marta as fair-skinned, red-haired, and all-American mark identity, but the visible text does not clearly make identity the basis of flamenco authority or belonging.",29
JALEO_1981_01::A5,jaleo,Jaleo,JALEO_1981_01,1981,AUTH_04,AUTH,"The text links professionalism to transformations in the social foundation of cante, but the excerpt does not clearly develop commercialization or public staging as an authenticity threat beyond the broader preservation argument.",32
JALEO_1981_01::A6,jaleo,Jaleo,JALEO_1981_01,1981,AUTH_04,AUTH,"Avoiding studio sound and valuing tavern/home/fiesta recordings suggests anti-staged authenticity, but the stronger function is origin-based authenticity and preservation.",23
JALEO_1981_01::A6,jaleo,Jaleo,JALEO_1981_01,1981,AUTH_02,AUTH,"The text uses authenticity and genuineness language, but it does not sharply exclude a named impure or fake flamenco target.",20
JALEO_1981_01::A7,jaleo,Jaleo,JALEO_1981_01,1981,COMM_04,COMM,"The phrase 'everything became profoundly gypsy' invokes identity, but it is too brief and poetic to clearly establish identity-based authority or belonging.",23
JALEO_1981_01::A7,jaleo,Jaleo,JALEO_1981_01,1981,AUTH_04,AUTH,"The critique of commercialism is clear, but it is framed as critical boundary critique rather than an explicit claim about intimate or anti-commercial authenticity.",25
JALEO_1981_01::A8,jaleo,Jaleo,JALEO_1981_01,1981,AUTH_02,AUTH,"The word 'purity' appears, but it functions mainly as an aesthetic criterion in a remembered performance rather than as explicit purity boundary-work.",23
JALEO_1981_01::A8,jaleo,Jaleo,JALEO_1981_01,1981,CRIT_03,CRIT,"Named figures are admired, but the excerpt does not clearly construct a broader canon or ranking beyond evaluative memory.",19
JALEO_1981_01::A9,jaleo,Jaleo,JALEO_1981_01,1981,CRIT_01,CRIT,"The article criticizes some teachers' rigidity, but the discourse function is pedagogical rather than a flamenco performance or artistic evaluation.",20
JALEO_1981_01::A9,jaleo,Jaleo,JALEO_1981_01,1981,CRIT_02,CRIT,"Technique terms are central, but they are used for instruction and troubleshooting rather than aesthetic evaluation of flamenco quality.",19
JALEO_1981_01::A10,jaleo,Jaleo,JALEO_1981_01,1981,PED_02,PED,"The phrase 'lesson in good singing' is evaluative review language, not evidence of embodied or oral transmission.",17
JALEO_1981_01::A11,jaleo,Jaleo,JALEO_1981_01,1981,AUTH_02,AUTH,"The statement 'A flamenco concert? Definitely not!' marks a genre boundary, but the stronger discourse function in the excerpt is critical review rather than purity boundary work.",27
JALEO_1981_01::A12,jaleo,Jaleo,JALEO_1981_01,1981,AUTH_01,AUTH,The phrase 'authentically presented' refers to a jota/Spanish piece detail rather than a clear authenticity claim about flamenco practice.,20
JALEO_1981_01::A12,jaleo,Jaleo,JALEO_1981_01,1981,PED_03,PED,"The word 'interpretation' appears as performance evaluation, not as a learning, access, or transmission issue.",15
JALEO_1981_01::A13,jaleo,Jaleo,JALEO_1981_01,1981,CRIT_03,CRIT,"Calling El Cid a long-time landmark suggests status, but the excerpt does not develop a canon or hierarchy around the venue.",22
JALEO_1981_01::A13,jaleo,Jaleo,JALEO_1981_01,1981,COMM_03,COMM,"The venue's ambiente is praised, but there is no clear public/private or participatory contrast.",16
JALEO_1981_01::A14,jaleo,Jaleo,JALEO_1981_01,1981,CRIT_03,CRIT,"The Hall-of-Famers and star names suggest prestige, but the visible passage uses them mainly as biographical context rather than constructing a detailed ranking.",25
JALEO_1981_01::A14,jaleo,Jaleo,JALEO_1981_01,1981,PED_02,PED,"Montoya's inability to read music and improvisatory practice do not by themselves describe oral, embodied, or lineage transmission.",19
JALEO_1981_01::A15,jaleo,Jaleo,JALEO_1981_01,1981,AUTH_03,AUTH,"The text includes tradition and older practices, but the visible passage mostly describes disappearance rather than using roots or continuity to authorize present flamenco.",24
JALEO_1981_01::A16,jaleo,Jaleo,JALEO_1981_01,1981,COMM_03,COMM,"The benefit-mini-juerga becomes participatory when everyone joins in, but the passage reports the event rather than using participation to define value or authority.",25
JALEO_1981_01::A17,jaleo,Jaleo,JALEO_1981_01,1981,CRIT_02,CRIT,"The review praises showmanship and singing, but it does not apply a distinct aesthetic criterion such as compás or duende in a developed way.",24
JALEO_1981_01::A21,jaleo,Jaleo,JALEO_1981_01,1981,COMM_02,COMM,"The entry mentions afición in Jerez, but the stronger function is place-based roots and terminology teaching rather than community authority.",21
JALEO_1981_02::A1,jaleo,Jaleo,JALEO_1981_02,1981,AUTH_01,AUTH,"The text uses elevated language such as profound and jondo, but it does not clearly make a genuineness or proper-flamenco claim.",22
JALEO_1981_02::A1,jaleo,Jaleo,JALEO_1981_02,1981,COMM_02,COMM,"The Peña Juan Breva president is named, but the passage mainly authorizes expert discourse rather than community recognition.",18
JALEO_1981_02::A2,jaleo,Jaleo,JALEO_1981_02,1981,PED_03,PED,"The letter discusses learning from reviews and global access to flamenco, but the main discourse function is boundary contestation rather than pedagogy.",22
JALEO_1981_02::A2,jaleo,Jaleo,JALEO_1981_02,1981,AUTH_02,AUTH,"The phrase authentic fake appears in a humorous self-description about a name change, not as purity boundary-work around proper flamenco.",22
JALEO_1981_02::A3,jaleo,Jaleo,JALEO_1981_02,1981,CRIT_02,CRIT,"Tone, tension, and intonation are evaluative criteria, but the target is a product rather than a flamenco performance or style, so CRIT_01 is more precise.",25
JALEO_1981_02::A4,jaleo,Jaleo,JALEO_1981_02,1981,AUTH_03,AUTH,"The origin statement about flamenco being born among peoples close to nature is broad and mythic, but it does not clearly authorize present practice through tradition or continuity.",28
JALEO_1981_02::A4,jaleo,Jaleo,JALEO_1981_02,1981,PED_01,PED,"The article gives instruction, but no specific teacher, master, school, or recognized pedagogical authority is being legitimated.",17
JALEO_1981_02::A5,jaleo,Jaleo,JALEO_1981_02,1981,COMM_02,COMM,"The phrase initiated aficionados suggests insider taste, but it is brief and secondary to the anti-popularity and review discourse.",20
JALEO_1981_02::A5,jaleo,Jaleo,JALEO_1981_02,1981,AUTH_01,AUTH,"The phrase true artist implies proper artistic conduct, but the stronger function is anti-popularity authenticity rather than a direct claim of genuine flamenco.",24
JALEO_1981_02::A6,jaleo,Jaleo,JALEO_1981_02,1981,PED_02,PED,"Compás appears repeatedly, but the visible passage uses it as performance evaluation rather than embodied learning or transmission.",18
JALEO_1981_02::A6,jaleo,Jaleo,JALEO_1981_02,1981,COMM_04,COMM,"The phrase 'gypsy people' links performance to identity, but the excerpt does not clearly make identity the basis of representation or authority beyond the performance moment.",26
JALEO_1981_02::A7,jaleo,Jaleo,JALEO_1981_02,1981,COMM_03,COMM,"The informal get-together suggests social participation after the concert, but the excerpt does not make the setting evaluatively meaningful for flamenco belonging or authority.",25
JALEO_1981_02::A8,jaleo,Jaleo,JALEO_1981_02,1981,CRIT_01,CRIT,"The text says the night was memorable, but the visible passage focuses on a comic anecdote and photo identification rather than a clear evaluation of flamenco artistry.",27
JALEO_1981_02::A8,jaleo,Jaleo,JALEO_1981_02,1981,COMM_04,COMM,"The cross-dressed waiter anecdote involves gender presentation, but it is not used to frame flamenco identity, belonging, or authority.",20
JALEO_1981_02::A9,jaleo,Jaleo,JALEO_1981_02,1981,AUTH_02,AUTH,"The final remark implies a boundary around what counts as flamenco, but it is indirect and phrased as ironic critical evaluation rather than explicit purity boundary-work.",27
JALEO_1981_02::A9,jaleo,Jaleo,JALEO_1981_02,1981,CRIT_02,CRIT,"The review describes rhythms, flute, drums, vitality, and mood, but these are not developed as stable criteria for flamenco quality.",20
JALEO_1981_02::A10,jaleo,Jaleo,JALEO_1981_02,1981,COMM_03,COMM,"The public/private contrast is strong, but the selected AUTH_04 code captures the same visible discourse as authenticity-through-intimacy without adding a distinct participation claim.",26
JALEO_1981_02::A10,jaleo,Jaleo,JALEO_1981_02,1981,PED_03,PED,"The passage mentions interpreters mastering flamenco, but the excerpt does not focus on learning access, institutional pedagogy, or transmission across boundaries.",21
JALEO_1981_02::A10,jaleo,Jaleo,JALEO_1981_02,1981,AUTH_02,AUTH,"The text mentions presumed corruption and uprooting, but explicitly says it is not referring to corruption, so a purity boundary code would overstate the claim.",25
JALEO_1981_02::A11,jaleo,Jaleo,JALEO_1981_02,1981,COMM_03,COMM,"The text mentions a final juerga and lists participants, but it is mainly a photo caption/event notice and does not clearly evaluate private/social participation as a source of flamenco value or authority.",34
JALEO_1981_02::A12,jaleo,Jaleo,JALEO_1981_02,1981,COMM_03,COMM,"The article describes a juerga with friends and flamenco enthusiasts, but it does not make the gathering itself an evaluative or authorizing flamenco setting.",24
JALEO_1981_02::A13,jaleo,Jaleo,JALEO_1981_02,1981,COMM_03,COMM,"The meeting-juerga announcement seeks a house or other site and says garages can make flamenco caves, but this remains practical event logistics rather than a clear public/private or participatory value claim.",33
JALEO_1981_02::A15,jaleo,Jaleo,JALEO_1981_02,1981,AUTH_04,AUTH,"The Madrid and mesón entries mention commercial flamenco, atmosphere, and more serious flamenco, but the text does not clearly frame commerciality as weakening authenticity.",24
JALEO_1981_02::A15,jaleo,Jaleo,JALEO_1981_02,1981,CRIT_01,CRIT,"Some entries contain evaluative phrases such as 'not much atmosphere' and 'resident genius guitarist,' but the stronger discourse function is glossary mediation and canonical elevation rather than a sustained review.",30
JALEO_1981_03::A1,jaleo,Jaleo,JALEO_1981_03,1981,COMM_04,COMM,"The article discusses gypsy identity, Castilian origin, and myths about Escudero, but identity is secondary to the clearer insider-learning boundary around being 'enterao.'",24
JALEO_1981_03::A1,jaleo,Jaleo,JALEO_1981_03,1981,CRIT_01,CRIT,"Phrases such as 'majestic style' and 'delightfully creative period' are evaluative, but the stronger coded function is canon/status formation rather than a direct performance review.",26
JALEO_1981_03::A2,jaleo,Jaleo,JALEO_1981_03,1981,COMM_03,COMM,"The editorial describes volunteer labor sustaining Jaleo, but it is primarily administrative and does not clearly contrast participatory flamenco settings with spectatorship or authority.",24
JALEO_1981_03::A3,jaleo,Jaleo,JALEO_1981_03,1981,PED_02,PED,"Fatherly/local transmission and a 'gypsy lesson of Alcalá' are suggested, but the visible passage emphasizes identity and purity boundaries more clearly than the mechanics of embodied or lineage transmission.",30
JALEO_1981_03::A3,jaleo,Jaleo,JALEO_1981_03,1981,CRIT_01,CRIT,"The Mario Escudero concert is positively reviewed, but the strongest critical function is the explicit aesthetic criterion of aire/feeling.",20
JALEO_1981_03::A5,jaleo,Jaleo,JALEO_1981_03,1981,CRIT_04,CRIT,"The claim that young solo players have 'mediocre' knowledge is boundary-policing, but it substantially overlaps with the emitted AUTH_01 definition of the real flamenco guitarist.",26
JALEO_1981_03::A5,jaleo,Jaleo,JALEO_1981_03,1981,PED_03,PED,"The discussion of holding back material concerns access to knowledge, but the visible passage is more reflective and anecdotal than a clear institutional or transnational learning-access claim.",28
JALEO_1981_03::A6,jaleo,Jaleo,JALEO_1981_03,1981,HERIT_02,HERIT,"The Cátedra de Flamencología is an institution, but the visible text is a course announcement without explicit heritage or patrimonial authorization.",21
JALEO_1981_03::A9,jaleo,Jaleo,JALEO_1981_03,1981,COMM_02,COMM,"The guitar society and informal social time suggest community activity, but the passage does not grant the group authority to recognize, sustain, or judge flamenco.",25
JALEO_1981_03::A10,jaleo,Jaleo,JALEO_1981_03,1981,CRIT_03,CRIT,"The term 'fandango grande' could suggest status, but in the visible text it mainly functions as a technical category rather than a hierarchy.",23
JALEO_1981_03::A10,jaleo,Jaleo,JALEO_1981_03,1981,CRIT_02,CRIT,"The discussion of compás, rhythm, and emotional expression has aesthetic relevance, but the dominant discourse function is instructional rather than critical evaluation.",22
JALEO_1981_03::A11,jaleo,Jaleo,JALEO_1981_03,1981,COMM_02,COMM,"The juerga community is present, but the stronger visible claim concerns participatory setting rather than community authority to judge flamenco.",20
JALEO_1981_03::A13,jaleo,Jaleo,JALEO_1981_03,1981,COMM_04,COMM,"The entry defining 'PAYO' uses an identity term, but it only glosses vocabulary and does not itself frame authority, belonging, or representation.",22
JALEO_1981_03::A13,jaleo,Jaleo,JALEO_1981_03,1981,CRIT_02,CRIT,"Technical terms such as rasgueado, quejío, and redoble appear, but they are defined descriptively rather than applied as aesthetic criteria.",20
JALEO_1981_04::A1,jaleo,Jaleo,JALEO_1981_04,1981,CRIT_03,CRIT,"Sabicas is called 'maestro,' but the visible excerpt does not strongly construct a hierarchy, canon, or comparative ranking beyond an honorific.",21
JALEO_1981_04::A1,jaleo,Jaleo,JALEO_1981_04,1981,PED_01,PED,"The word 'maestro' appears, but it functions as an artistic honorific rather than evidence of teaching authority.",17
JALEO_1981_04::A2,jaleo,Jaleo,JALEO_1981_04,1981,CRIT_01,CRIT,"The phrase 'waste of space' evaluates a publication choice, but the main discourse function is pedagogical mediation rather than flamenco aesthetic criticism.",22
JALEO_1981_04::A2,jaleo,Jaleo,JALEO_1981_04,1981,COMM_02,COMM,"Readers are asked to help circulate questionnaires, but they are not clearly positioned as authorities who judge or sustain flamenco value.",21
JALEO_1981_04::A4,jaleo,Jaleo,JALEO_1981_04,1981,HERIT_01,HERIT,"The passage describes public ritual and collective fame, but it does not explicitly frame the practice as heritage, patrimony, public memory, or cultural policy.",24
JALEO_1981_04::A4,jaleo,Jaleo,JALEO_1981_04,1981,COMM_02,COMM,"The text mentions cofrades and brotherhood members, but it does not present them as flamenco authorities or aficionado communities.",19
JALEO_1981_04::A5,jaleo,Jaleo,JALEO_1981_04,1981,PED_02,PED,"The text mentions borrowing melodies and popular performance, but it does not clearly frame embodied, oral, familial, or lineage transmission as the source of authority.",25
JALEO_1981_04::A5,jaleo,Jaleo,JALEO_1981_04,1981,COMM_03,COMM,"The text contrasts gypsy homes, taverns, cafes, and theater stages, but the main visible function is historical explanation rather than evaluating participatory versus public settings.",25
JALEO_1981_04::A6,jaleo,Jaleo,JALEO_1981_04,1981,CRIT_01,CRIT,"The text uses evaluative language such as 'beautiful,' but it does not make a specific critical judgment of an identifiable artist, performance, or style.",24
JALEO_1981_04::A6,jaleo,Jaleo,JALEO_1981_04,1981,CRIT_02,CRIT,The metaphor of branches adding quality is too general to function as a specific flamenco aesthetic criterion.,17
JALEO_1981_04::A7,jaleo,Jaleo,JALEO_1981_04,1981,COMM_04,COMM,"Origin, nationality, and social status are mentioned, but they are examples in a general anti-elitism argument rather than identity categories authorizing flamenco belonging.",24
JALEO_1981_04::A7,jaleo,Jaleo,JALEO_1981_04,1981,CRIT_02,CRIT,"Rhythm, melody, and harmony are defined as musical components, but the text rejects natural superiority among them rather than applying them as flamenco aesthetic criteria.",25
JALEO_1981_04::A8,jaleo,Jaleo,JALEO_1981_04,1981,AUTH_02,AUTH,"The text implies tension between gypsy cante and opera flamenca, but it does not clearly exclude opera flamenca as fake, impure, or illegitimate in the visible excerpt.",27
JALEO_1981_04::A8,jaleo,Jaleo,JALEO_1981_04,1981,HERIT_02,HERIT,"The contest awards recognition, but the visible text does not frame this as official heritage authorization or public cultural heritage.",20
JALEO_1981_04::A9,jaleo,Jaleo,JALEO_1981_04,1981,PED_02,PED,"The recommendation to listen to established masters hints at learning through models, but the text does not clearly describe embodied, oral, or lineage transmission.",24
JALEO_1981_04::A9,jaleo,Jaleo,JALEO_1981_04,1981,PED_03,PED,"The review discusses recordings and methods of making the record, but it does not frame these as access to flamenco knowledge or institutional/transnational learning.",25
JALEO_1981_04::A10,jaleo,Jaleo,JALEO_1981_04,1981,COMM_02,COMM,"The word 'aficionados' appears only in a local notice about viewing a television performance, without granting aficionados authority to judge or sustain flamenco.",23
JALEO_1981_04::A10,jaleo,Jaleo,JALEO_1981_04,1981,PED_02,PED,"Self-teaching and working with artists are mentioned, but the visible excerpt does not clearly frame embodied/oral lineage transmission as an authorizing mode.",24
JALEO_1981_04::A10,jaleo,Jaleo,JALEO_1981_04,1981,COMM_04,COMM,Conja's Egyptian father and birthplace are biographical details; they do not clearly shape flamenco belonging or authority in the visible text.,22
JALEO_1981_04::A12,jaleo,Jaleo,JALEO_1981_04,1981,PED_03,PED,"The hope that Charles Blankenship will share his flamenco experiences suggests informal knowledge exchange, but it is too weak and prospective to code.",23
JALEO_1981_04::A12,jaleo,Jaleo,JALEO_1981_04,1981,CRIT_01,CRIT,"The juerga is described as 'alegre and warm,' but this evaluates atmosphere rather than a flamenco artist, performance, recording, style, or event in critical terms.",25
JALEO_1981_04::A13,jaleo,Jaleo,JALEO_1981_04,1981,PED_01,PED,"Ana and Larry are studying flamenco/Spanish, but no teacher, method, or pedagogical authority is identified.",16
JALEO_1981_04::A13,jaleo,Jaleo,JALEO_1981_04,1981,COMM_01,COMM,"Guests are restricted by reservation and membership/donation categories, but this is administrative access control rather than a social/epistemic boundary around flamenco authority.",24
JALEO_1981_04::A15,jaleo,Jaleo,JALEO_1981_04,1981,AUTH_04,AUTH,"Sacromonte is described as mostly deserted except for tourist flamenco shows, but the passage does not explicitly frame tourism as weakening authenticity.",22
JALEO_1981_04::A15,jaleo,Jaleo,JALEO_1981_04,1981,COMM_04,COMM,"The old gypsy quarter of Granada is mentioned descriptively, but no identity group is clearly used to authorize belonging or representation.",21
JALEO_1981_04::A15,jaleo,Jaleo,JALEO_1981_04,1981,CRIT_02,CRIT,"Technical terms such as remate, salida, son, and taconeo are defined, but not used as aesthetic criteria.",17
JALEO_1981_05::A1,jaleo,Jaleo,JALEO_1981_05,1981,AUTH_04,AUTH,"Sarita mentions some artists having a 'commercial sound,' but she explicitly says it is neither good nor bad, so there is no anti-commercial authenticity claim.",26
JALEO_1981_05::A1,jaleo,Jaleo,JALEO_1981_05,1981,CRIT_01,CRIT,"There is clear praise throughout, but the stronger and more specific emitted codes capture ranking, authority, authenticity, and boundary work within the six-code limit.",25
JALEO_1981_05::A1,jaleo,Jaleo,JALEO_1981_05,1981,PED_01,PED,"Her father encouraged and worked with her, but the stronger evidence concerns embodied/familial transmission rather than formal pedagogical authority.",20
JALEO_1981_05::A2,jaleo,Jaleo,JALEO_1981_05,1981,CRIT_01,CRIT,"The visit and hospitality are praised, but the passage does not critically evaluate a flamenco artist, performance, style, publication, or event in aesthetic terms.",24
JALEO_1981_05::A2,jaleo,Jaleo,JALEO_1981_05,1981,PED_03,PED,"The writers mention answering questions for Jaleo, but the visible text does not frame this as substantive flamenco knowledge mediation.",20
JALEO_1981_05::A3,jaleo,Jaleo,JALEO_1981_05,1981,COMM_03,COMM,"Audience participation in rumba is mentioned, but it appears as part of a school show rather than a socially meaningful flamenco participatory setting.",23
JALEO_1981_05::A3,jaleo,Jaleo,JALEO_1981_05,1981,CRIT_01,CRIT,"The article describes hardship and logistics of touring, but does not critically evaluate flamenco artistic quality.",16
JALEO_1981_05::A4,jaleo,Jaleo,JALEO_1981_05,1981,AUTH_03,AUTH,"The text mentions flamenco 'today, as well as yesterday,' but does not make a tradition/continuity claim that authorizes present practice.",21
JALEO_1981_05::A4,jaleo,Jaleo,JALEO_1981_05,1981,COMM_03,COMM,"The phrase 'chance to be heard' is about editorial openness to viewpoints, not participatory flamenco setting.",16
JALEO_1981_05::A6,jaleo,Jaleo,JALEO_1981_05,1981,AUTH_03,AUTH,"The article discusses traditional flamenco and modern rumba, but the stronger functions are critical evaluation, hierarchy, and contested purity rather than continuity claims.",23
JALEO_1981_05::A6,jaleo,Jaleo,JALEO_1981_05,1981,AUTH_04,AUTH,"Commercial success and concert halls are discussed, but the text does not frame commercialization as weakening authenticity.",17
JALEO_1981_05::A6,jaleo,Jaleo,JALEO_1981_05,1981,PED_03,PED,"The article discusses Paco's public concerts and cross-genre work, but not learning access or institutional pedagogy for readers or students.",22
JALEO_1981_05::A7,jaleo,Jaleo,JALEO_1981_05,1981,AUTH_01,AUTH,"The passage identifies Paco's playing as flamenco, but it does not explicitly make an authenticity claim.",17
JALEO_1981_05::A7,jaleo,Jaleo,JALEO_1981_05,1981,COMM_03,COMM,"The crowd's reaction is described, but it is audience enthusiasm rather than participatory flamenco setting or authority.",18
JALEO_1981_05::A8,jaleo,Jaleo,JALEO_1981_05,1981,COMM_04,COMM,"Gypsy families and cuadros are listed, but the stronger visible discourse functions are critical evaluation and authenticity language rather than identity-based authority.",23
JALEO_1981_05::A8,jaleo,Jaleo,JALEO_1981_05,1981,PED_01,PED,"The Estudio de Danza de Caracolillo is listed in the program, but the excerpt does not discuss pedagogical authority or teaching.",21
JALEO_1981_05::A9,jaleo,Jaleo,JALEO_1981_05,1981,CRIT_04,CRIT,"The review voice is authoritative, but no separate critic/expert authority is foregrounded beyond the act of reviewing itself.",19
JALEO_1981_05::A9,jaleo,Jaleo,JALEO_1981_05,1981,PED_01,PED,"Manolo Sanlúcar is called a student of guitar, but this describes his dedication rather than his authority to teach.",19
JALEO_1981_05::A10,jaleo,Jaleo,JALEO_1981_05,1981,COMM_04,COMM,"Gypsy-Andalusian identity and gypsy barrios are central to the description, but the emitted codes more directly capture origin, lineage, authenticity, and official memory.",24
JALEO_1981_05::A10,jaleo,Jaleo,JALEO_1981_05,1981,PED_01,PED,"Juan de la Plata and the Cátedra de Flamencología are mentioned, but the visible passage does not clearly develop their pedagogical authority beyond identifying them.",25
JALEO_1981_05::A10,jaleo,Jaleo,JALEO_1981_05,1981,HERIT_03,HERIT,"The passage uses preservation language, but it is primarily authenticity/purity preservation rather than public safeguarding or living heritage policy.",20
JALEO_1981_05::A11,jaleo,Jaleo,JALEO_1981_05,1981,COMM_02,COMM,"Aficionados are mentioned as attendees, but the short excerpt does not clearly grant them authority to recognize, judge, or sustain flamenco.",21
JALEO_1981_05::A11,jaleo,Jaleo,JALEO_1981_05,1981,CRIT_01,CRIT,"The warm greeting and capacity crowd describe atmosphere and attendance, not aesthetic evaluation of a flamenco performance.",17
JALEO_1981_05::A12,jaleo,Jaleo,JALEO_1981_05,1981,AUTH_04,AUTH,"The desire for a small, intimate flamenco place and ambiente is suggestive, but the passage does not clearly link intimacy to authenticity or proper flamenco.",25
JALEO_1981_05::A12,jaleo,Jaleo,JALEO_1981_05,1981,COMM_03,COMM,"The restaurant settings and audience relation are described, but the text does not clearly contrast participatory/private flamenco with spectatorial/public flamenco as a value boundary.",26
JALEO_1981_05::A13,jaleo,Jaleo,JALEO_1981_05,1981,AUTH_04,AUTH,"The home juerga and ambience suggest intimate authenticity, but the strongest visible function is community participation and critique rather than authenticity claims.",22
JALEO_1981_05::A13,jaleo,Jaleo,JALEO_1981_05,1981,COMM_01,COMM,"There are implicit participant boundaries, but no clear insider/outsider contrast is drawn.",13
JALEO_1981_05::A14,jaleo,Jaleo,JALEO_1981_05,1981,COMM_02,COMM,"The juerga is a member/community event, but the visible text is mostly logistical and does not clearly authorize community knowledge.",21
JALEO_1981_05::A14,jaleo,Jaleo,JALEO_1981_05,1981,HERIT_03,HERIT,"Archive tapes and singer write-ups suggest preservation, but the passage lacks public heritage or safeguarding framing.",17
JALEO_1981_05::A16,jaleo,Jaleo,JALEO_1981_05,1981,AUTH_03,AUTH,"Several terms reference old quarters and past clothing, but these are mostly definitional rather than tradition being used to authorize present flamenco.",22
JALEO_1981_05::A16,jaleo,Jaleo,JALEO_1981_05,1981,PED_01,PED,"The directory teaches terminology, but no particular teacher, master, or school is positioned as pedagogically authoritative.",16
JALEO_1981_06::A1,jaleo,Jaleo,JALEO_1981_06,1981,AUTH_04,AUTH,"The evidence window was retrieved for closeness, but the visible passage does not frame intimacy or anti-commercial setting as authenticating flamenco.",22
JALEO_1981_06::A1,jaleo,Jaleo,JALEO_1981_06,1981,COMM_04,COMM,"American-born identity is meaningful in the passage, but it mainly supports pedagogy and canon/status rather than identity-based belonging or community representation.",24
JALEO_1981_06::A2,jaleo,Jaleo,JALEO_1981_06,1981,PED_03,PED,"The directory is described as a source of information about teachers, but the passage is primarily about community networking rather than flamenco learning or pedagogical access.",26
JALEO_1981_06::A2,jaleo,Jaleo,JALEO_1981_06,1981,HERIT_03,HERIT,"The proposed survey may document a scene, but there is no explicit heritage, safeguarding, memory, or public-culture framing.",19
JALEO_1981_06::A3,jaleo,Jaleo,JALEO_1981_06,1981,COMM_02,COMM,"The letter shows Jaleo circulating through a distant social network, but it does not make a claim about community authority, belonging, or recognition in flamenco.",25
JALEO_1981_06::A4,jaleo,Jaleo,JALEO_1981_06,1981,CRIT_01,CRIT,"The passage evaluates generic dancer weaknesses, but the stronger function is the articulation of aesthetic criteria rather than review of a specific performance or artist.",25
JALEO_1981_06::A4,jaleo,Jaleo,JALEO_1981_06,1981,PED_02,PED,"The phrase 'passed from teacher to student to friend to student' mentions transmission, but it is used to criticize memorized moves rather than to authorize embodied or lineage-based learning.",30
JALEO_1981_06::A5,jaleo,Jaleo,JALEO_1981_06,1981,COMM_04,COMM,"The text links Remedios's singing to Andalusian and gitana identity, but the main evaluative work in the visible excerpt centers on Rodrigo's artistry and Spanish formation.",28
JALEO_1981_06::A5,jaleo,Jaleo,JALEO_1981_06,1981,COMM_01,COMM,"The passage challenges the idea that good flamenco guitarists must be Spanish-born, but it does not clearly develop a sustained insider/outsider boundary beyond that evaluative contrast.",28
JALEO_1981_06::A6,jaleo,Jaleo,JALEO_1981_06,1981,COMM_04,COMM,"Gypsy/payo marriage is discussed as social identity history, but the passage does not clearly connect that identity boundary to flamenco authority or representation.",24
JALEO_1981_06::A6,jaleo,Jaleo,JALEO_1981_06,1981,PED_02,PED,"Remedios describes singing as something felt while working, but the passage does not explicitly frame this as authorized oral, embodied, familial, or intergenerational transmission.",24
JALEO_1981_06::A8,jaleo,Jaleo,JALEO_1981_06,1981,CRIT_02,CRIT,"Rhythms and feeling are mentioned as attractive qualities, but the passage does not clearly define them as aesthetic criteria for flamenco quality.",22
JALEO_1981_06::A9,jaleo,Jaleo,JALEO_1981_06,1981,COMM_02,COMM,"The text mentions contact with artists and aficionados, but it does not clearly grant those community actors authority to recognize or judge flamenco.",23
JALEO_1981_06::A10,jaleo,Jaleo,JALEO_1981_06,1981,COMM_02,COMM,"Mairena's local respect and the role of nuclei of aficionados suggest community recognition, but the strongest discourse work is ranking and tradition-rooted legitimation.",25
JALEO_1981_06::A10,jaleo,Jaleo,JALEO_1981_06,1981,AUTH_01,AUTH,"The phrase 'authentic cantaor' appears, but the fuller evidence is better captured by continuity, preservation, and roots under AUTH_03.",19
JALEO_1981_06::A11,jaleo,Jaleo,JALEO_1981_06,1981,AUTH_02,AUTH,"The review discusses acceptance of non-flamencos and true duende, but it is framed as critical boundary debate rather than a direct purity/impurity exclusion claim.",26
JALEO_1981_06::A12,jaleo,Jaleo,JALEO_1981_06,1981,CRIT_03,CRIT,"The phrase 'one of the best' has ranking force, but it is best captured as part of the broader critical evaluation rather than a separate canon-forming hierarchy.",28
JALEO_1981_06::A12,jaleo,Jaleo,JALEO_1981_06,1981,AUTH_04,AUTH,"The restaurant is described as cozy and intimate, but the passage does not clearly make intimacy a marker of authenticity.",20
JALEO_1981_06::A14,jaleo,Jaleo,JALEO_1981_06,1981,COMM_02,COMM,"Catalina's enthusiasm and cultural promotion suggest community involvement, but the passage does not clearly grant her authority to judge or define flamenco.",23
JALEO_1981_06::A14,jaleo,Jaleo,JALEO_1981_06,1981,CRIT_01,CRIT,"The text calls the food excellent and the hostess enthusiastic, but these are venue praises rather than sustained critical evaluation of flamenco performance.",23
JALEO_1981_06::A16,jaleo,Jaleo,JALEO_1981_06,1981,AUTH_03,AUTH,"The entry notes development in Andalucía and musical influences, but the passage is primarily definitional rather than using roots to authorize present value.",23
JALEO_1981_06::A16,jaleo,Jaleo,JALEO_1981_06,1981,CRIT_02,CRIT,"Terms such as accentuation and weeping quality appear, but they are presented as definitions rather than evaluative criteria.",18
JALEO_1981_07::A1,jaleo,Jaleo,JALEO_1981_07,1981,CRIT_01,CRIT,"The ending says some dances are now done well, but the strongest visible discourse concerns roots, childhood transmission, and community formation.",21
JALEO_1981_07::A1,jaleo,Jaleo,JALEO_1981_07,1981,PED_03,PED,"The Morca Academy advertisement mentions an in-depth study and master teacher, but it is promotional copy appended to the article and less central than the memoir's embodied transmission.",30
JALEO_1981_07::A2,jaleo,Jaleo,JALEO_1981_07,1981,COMM_03,COMM,"Gypsy juergas and improvised participation suggest a valued participatory setting, but the stronger discourse function is embodied transmission and authenticity.",20
JALEO_1981_07::A2,jaleo,Jaleo,JALEO_1981_07,1981,COMM_04,COMM,"The text repeatedly frames Carolina through gypsy identity and gendered appearance, but much of this is descriptive or exoticizing rather than clearly defining authority or belonging.",26
JALEO_1981_07::A2,jaleo,Jaleo,JALEO_1981_07,1981,CRIT_02,CRIT,"Terms such as soul, deep chords, melancholy, passion, and vitality appear, but the passage's main work is evaluative praise and lived-transmission authenticity rather than a separate aesthetic-criteria argument.",31
JALEO_1981_07::A3,jaleo,Jaleo,JALEO_1981_07,1981,CRIT_03,CRIT,"The expected winner and memorable past players suggest ranking, but the visible excerpt does not yet firmly construct a hierarchy beyond ordinary competition speculation.",24
JALEO_1981_07::A4,jaleo,Jaleo,JALEO_1981_07,1981,CRIT_01,CRIT,"The author prefers pegs and criticizes poor maintenance, but the main discourse function is instruction plus tradition-preservation rather than broad critical evaluation.",23
JALEO_1981_07::A5,jaleo,Jaleo,JALEO_1981_07,1981,CRIT_01,CRIT,"The article praises Holloway's development and technical ability, but the clearest discourse work is boundary challenge and pedagogical transmission.",20
JALEO_1981_07::A5,jaleo,Jaleo,JALEO_1981_07,1981,CRIT_02,CRIT,"Compás and aire are used to explain improvement, but they are embedded in a learning narrative rather than a separate evaluative criteria passage.",23
JALEO_1981_07::A5,jaleo,Jaleo,JALEO_1981_07,1981,CRIT_03,CRIT,"Rafael Riqueni is called a virtuoso and competition winner, but this is background authority for influence rather than central canon/ranking work.",22
JALEO_1981_07::A6,jaleo,Jaleo,JALEO_1981_07,1981,HERIT_03,HERIT,"The Archive and concern over a disappearing tradition suggest safeguarding, but the passage lacks explicit public heritage framing or institutional heritage responsibility.",22
JALEO_1981_07::A6,jaleo,Jaleo,JALEO_1981_07,1981,CRIT_04,CRIT,"The narrator exercises expert judgment in renaming the pregón as toná litúrgica, but the stronger evidence lies in tradition continuity and aesthetic criteria.",23
JALEO_1981_07::A6,jaleo,Jaleo,JALEO_1981_07,1981,COMM_02,COMM,"Montesino's family of aficionados is mentioned, but their authority to recognize or judge flamenco is not developed.",18
JALEO_1981_07::A7,jaleo,Jaleo,JALEO_1981_07,1981,COMM_02,COMM,"The article names Ohio flamencos, juergas, and home/community events, but mostly reports social activity without clearly granting community authority or defining belonging.",23
JALEO_1981_07::A7,jaleo,Jaleo,JALEO_1981_07,1981,CRIT_01,CRIT,"Words like 'joyous' and 'fantastic' praise the year/events, but the passage lacks developed critical judgment of flamenco quality.",19
JALEO_1981_07::A8,jaleo,Jaleo,JALEO_1981_07,1981,PED_02,PED,"The speaker contrasts written music with playing from the heart, but the passage does not clearly describe oral, embodied, or lineage-based transmission.",23
JALEO_1981_07::A8,jaleo,Jaleo,JALEO_1981_07,1981,CRIT_03,CRIT,"The fictional interview invokes superlatives such as 'greatest living exponent' and 'genio,' but these are part of satire and overlap with the stronger authenticity and insider/outsider boundary codes.",29
JALEO_1981_07::A8,jaleo,Jaleo,JALEO_1981_07,1981,AUTH_03,AUTH,"Tradition is invoked in judging North American guitarists, but the passage mainly uses it to draw an insider/outsider boundary rather than to develop a continuity or roots claim.",29
JALEO_1981_07::A9,jaleo,Jaleo,JALEO_1981_07,1981,COMM_03,COMM,"The review describes a tavern scene and nightclub setting, but these are staged scenes rather than a socially meaningful public/private or participatory contrast.",24
JALEO_1981_07::A9,jaleo,Jaleo,JALEO_1981_07,1981,CRIT_03,CRIT,"Phrases such as 'mastery' and 'great singing' elevate performers, but they do not construct a broader canon or hierarchy beyond review praise.",22
JALEO_1981_07::A10,jaleo,Jaleo,JALEO_1981_07,1981,COMM_02,COMM,"The article names enthusiastic aficionados, but it does not clearly present them as authorities who recognize, judge, or sustain flamenco beyond attendance.",22
JALEO_1981_07::A10,jaleo,Jaleo,JALEO_1981_07,1981,AUTH_04,AUTH,"The juerga setting is social and convivial, but the text does not explicitly frame intimacy or co-presence as more authentic flamenco.",22
JALEO_1981_07::A11,jaleo,Jaleo,JALEO_1981_07,1981,AUTH_02,AUTH,"Pohren calls Fosforito a 'purist,' but the excerpt does not clearly draw a purity boundary against impure or illegitimate flamenco.",20
JALEO_1981_07::A11,jaleo,Jaleo,JALEO_1981_07,1981,AUTH_03,AUTH,"The article mentions schools, cantes, and regional repertoires, but the main discourse function is critical canonization rather than tradition/continuity as a separate claim.",24
JALEO_1981_07::A11,jaleo,Jaleo,JALEO_1981_07,1981,COMM_04,COMM,"The article identifies Fosforito as non-gypsy and discusses gypsy and andaluz-inspired cante, but it does not use identity framing to define belonging or authority in a sufficiently explicit way.",31
JALEO_1981_07::A12,jaleo,Jaleo,JALEO_1981_07,1981,PED_03,PED,"The article advertises dance workshops and class information, but this is mainly administrative listing rather than evaluative discourse about access to flamenco knowledge.",23
JALEO_1981_07::A12,jaleo,Jaleo,JALEO_1981_07,1981,PED_01,PED,"Rosa Montoya is described as active as a teacher, but the passage does not clearly position her teaching as authoritative or explain a transmission method.",25
JALEO_1981_07::A12,jaleo,Jaleo,JALEO_1981_07,1981,CRIT_03,CRIT,"The biography names Ramón Montoya as a great guitarist and Ciro as renowned, but these references mainly support event promotion rather than constructing a sustained canon or hierarchy.",28
JALEO_1981_07::A13,jaleo,Jaleo,JALEO_1981_07,1981,COMM_02,COMM,"The text mentions regulars, performing members, and Cuadro C, but it does not clearly grant them authority to recognize, judge, or sustain flamenco beyond participation.",25
JALEO_1981_07::A13,jaleo,Jaleo,JALEO_1981_07,1981,AUTH_04,AUTH,"The juerga is intimate and home-based, but the text does not explicitly frame intimacy as evidence of more authentic flamenco.",21
JALEO_1981_07::A14,jaleo,Jaleo,JALEO_1981_07,1981,PED_03,PED,"Jan's study with Jim Owen and her joining Jaléistas indicate learning access, but they are biographical facts without a developed transmission or access claim.",25
JALEO_1981_07::A14,jaleo,Jaleo,JALEO_1981_07,1981,CRIT_01,CRIT,"Rosa Montoya is called an exciting artist, but this is brief promotional praise without substantive critical evaluation.",17
JALEO_1981_07::A14,jaleo,Jaleo,JALEO_1981_07,1981,COMM_02,COMM,"Cuadros and members are asked to help organize the event, but the text does not clearly make them authorities over flamenco knowledge or recognition.",24
JALEO_1981_07::A15,jaleo,Jaleo,JALEO_1981_07,1981,PED_01,PED,"Pepe de la Matrona is used as a source of explanation, but the passage does not clearly frame him as a teacher or pedagogical authority rather than as a cited memoir source.",32
JALEO_1981_07::A15,jaleo,Jaleo,JALEO_1981_07,1981,CRIT_04,CRIT,"The passage cites Pepe de la Matrona as an authoritative voice, but the stronger function is aesthetic definition and aficionado judgment rather than critic/expert authority.",26
JALEO_1981_08::A1,jaleo,Jaleo,JALEO_1981_08,1981,CRIT_01,CRIT,"The article praises Pepe's good voice, talent, and promise, but these evaluative details are subsumed by the stronger career-hierarchy code.",22
JALEO_1981_08::A1,jaleo,Jaleo,JALEO_1981_08,1981,COMM_02,COMM,"Afición is mentioned as part of Pepe's artistic development, but it does not clearly position aficionados or a community as judging or authorizing him.",25
JALEO_1981_08::A1,jaleo,Jaleo,JALEO_1981_08,1981,COMM_04,COMM,"The phrase 'like a good Andaluz' links flamenco effort to Andalusian identity, but it is brief and not enough to emit identity-group framing.",24
JALEO_1981_08::A2,jaleo,Jaleo,JALEO_1981_08,1981,CRIT_04,CRIT,"The editor defines what is and is not the magazine's proper function, but the main discourse concerns pedagogical mediation rather than expert critical judgment.",25
JALEO_1981_08::A2,jaleo,Jaleo,JALEO_1981_08,1981,PED_01,PED,"The editor claims editorial authority over what Jaleo should supply, but this does not clearly authorize a teacher, school, or method in the PED_01 sense.",25
JALEO_1981_08::A3,jaleo,Jaleo,JALEO_1981_08,1981,CRIT_01,CRIT,"The reader says he is happy with the album and enjoys Jaleo, but this is generic appreciation rather than developed critical evaluation.",22
JALEO_1981_08::A3,jaleo,Jaleo,JALEO_1981_08,1981,HERIT_03,HERIT,"The Archivo translation and recording documentation might support preservation work, but the visible text frames it as information access rather than public heritage safeguarding.",24
JALEO_1981_08::A4,jaleo,Jaleo,JALEO_1981_08,1981,CRIT_03,CRIT,"The biography lists famous tablaos, companies, and collaborators, but it mostly establishes career chronology rather than a clear canon or hierarchy.",21
JALEO_1981_08::A4,jaleo,Jaleo,JALEO_1981_08,1981,PED_03,PED,"Estrella is described as renowned as a teacher, but the passage does not develop institutional or transnational learning access beyond that brief statement.",23
JALEO_1981_08::A4,jaleo,Jaleo,JALEO_1981_08,1981,AUTH_03,AUTH,"The discussion of origins could support roots discourse, but the visible passage mainly explains components of flamenco rather than using origins to authorize present value.",25
JALEO_1981_08::A5,jaleo,Jaleo,JALEO_1981_08,1981,COMM_03,COMM,"The evidence window mentions café de cante/tablaos, but the venue reference concerns professionalization history rather than a public/private participatory contrast.",22
JALEO_1981_08::A5,jaleo,Jaleo,JALEO_1981_08,1981,CRIT_03,CRIT,"Named maestros and first soloist status imply hierarchy, but the stronger visible functions are historical continuity, lineage transmission, and aesthetic criteria.",21
JALEO_1981_08::A6,jaleo,Jaleo,JALEO_1981_08,1981,CRIT_03,CRIT,"Enrique calls himself the dean and is described as a personality/living book, but the stronger claims concern pedagogical authority and anti-institutional learning.",24
JALEO_1981_08::A6,jaleo,Jaleo,JALEO_1981_08,1981,PED_02,PED,"The lesson scene is embodied and repetitive, but the excerpt mainly emphasizes teacher authority and institutional contrast rather than oral/lineage transmission.",22
JALEO_1981_08::A6,jaleo,Jaleo,JALEO_1981_08,1981,COMM_01,COMM,"Enrique draws a boundary between himself and academies, but it is a pedagogical/institutional boundary rather than a broader insider/outsider flamenco belonging boundary.",24
JALEO_1981_08::A7,jaleo,Jaleo,JALEO_1981_08,1981,AUTH_01,AUTH,"The passage refers to a deeper understanding of what flamenco is about, but it does not explicitly make a genuineness or proper-flamenco authenticity claim.",25
JALEO_1981_08::A7,jaleo,Jaleo,JALEO_1981_08,1981,CRIT_01,CRIT,"The article criticizes over-counting dancers, but the stronger and more specific discourse is aesthetic criteria for dance quality.",19
JALEO_1981_08::A8,jaleo,Jaleo,JALEO_1981_08,1981,CRIT_01,CRIT,"The visible article text evokes Santa Fe flamenco atmosphere, but it does not include a clear evaluative judgment beyond descriptive scene-setting.",22
JALEO_1981_08::A8,jaleo,Jaleo,JALEO_1981_08,1981,PED_02,PED,"Pedro Cortés is said to come from a family of flamenco guitarists, but the passage does not describe lineage transmission or learning.",22
JALEO_1981_08::A9,jaleo,Jaleo,JALEO_1981_08,1981,PED_03,PED,"The article explains the origin of a term to readers, but it is not primarily about access to learning across institutions or boundaries.",23
JALEO_1981_08::A9,jaleo,Jaleo,JALEO_1981_08,1981,CRIT_01,CRIT,"The phrase 'most absurd' is evaluative, but the evaluation concerns explanations of a term and is better captured by expert/critical authority.",22
JALEO_1981_08::A11,jaleo,Jaleo,JALEO_1981_08,1981,COMM_02,COMM,"The questionnaire asks participants to report involvement and activities, but it does not clearly construct community authority, belonging, or recognition.",20
JALEO_1981_08::A11,jaleo,Jaleo,JALEO_1981_08,1981,HERIT_03,HERIT,"The request could support directory/archive building, but there is no explicit safeguarding, memory, or public heritage frame.",18
JALEO_1981_08::A12,jaleo,Jaleo,JALEO_1981_08,1981,CRIT_03,CRIT,"Antonio Mairena and Melchor de Marchena are major names, but the visible text only reports deaths and does not rank, evaluate, or canonize them.",24
JALEO_1981_08::A12,jaleo,Jaleo,JALEO_1981_08,1981,HERIT_03,HERIT,"The notice could become memorial discourse in a fuller article, but this visible text is too short and only states that they died.",23
JALEO_1981_08::A13,jaleo,Jaleo,JALEO_1981_08,1981,COMM_02,COMM,"The item lists juerga participants and performers, but it does not construct community authority, belonging, recognition, or judgment.",18
JALEO_1981_08::A13,jaleo,Jaleo,JALEO_1981_08,1981,CRIT_01,CRIT,"Guest artist is a role label, not an evaluative judgment of flamenco quality.",13
JALEO_1981_08::A14,jaleo,Jaleo,JALEO_1981_08,1981,COMM_03,COMM,"The juerga is home-based and member-organized, but the visible passage is mostly logistical and community-service oriented rather than focused on participatory setting value.",26
JALEO_1981_08::A14,jaleo,Jaleo,JALEO_1981_08,1981,AUTH_03,AUTH,"The claim that singers will continue to sing and create suggests continuity, but it is not clearly grounded in tradition, roots, or inherited authority.",24
JALEO_1981_08::A14,jaleo,Jaleo,JALEO_1981_08,1981,CRIT_01,CRIT,"The record-search section expresses enjoyment and market observations, but the stronger discourse is access to materials and canon-like defense of living cante.",24
JALEO_1981_08::A15,jaleo,Jaleo,JALEO_1981_08,1981,AUTH_02,AUTH,"The article contrasts jazz influence with flamenco expectations, but it does not explicitly mark the album as fake, impure, or illegitimate flamenco.",22
JALEO_1981_08::A15,jaleo,Jaleo,JALEO_1981_08,1981,CRIT_02,CRIT,"Speed-oriented jazz and lack of flamenco novelty are aesthetic comments, but the central function is general critical evaluation and boundary critique.",22
JALEO_1981_08::A16,jaleo,Jaleo,JALEO_1981_08,1981,CRIT_04,CRIT,"The author exercises judgment, but there is no explicit expert/critic authority or boundary policing beyond ordinary evaluation.",18
JALEO_1981_08::A16,jaleo,Jaleo,JALEO_1981_08,1981,AUTH_02,AUTH,"The criticism could imply a boundary between musical depth and spectacle, but it does not specifically define proper or improper flamenco.",21
JALEO_1981_08::A17,jaleo,Jaleo,JALEO_1981_08,1981,AUTH_03,AUTH,"The review mentions traditional themes and Serrano defending the traditional, but the stronger functions are review evaluation, pedagogy, and stylistic hierarchy.",21
JALEO_1981_08::A17,jaleo,Jaleo,JALEO_1981_08,1981,CRIT_02,CRIT,"Arpeggios, picados, notation, tablature, and repertoire are discussed, but the passage does not primarily define flamenco quality through these criteria.",20
JALEO_1981_08::A17,jaleo,Jaleo,JALEO_1981_08,1981,PED_01,PED,"The book and cassette provide learning materials, but the review does not clearly frame Serrano as an authoritative teacher or method beyond the publication's usefulness.",26
JALEO_1981_08::A18,jaleo,Jaleo,JALEO_1981_08,1981,CRIT_01,CRIT,"The passage clearly evaluates individual singers, but the main boundary work is already captured through AUTH_02 and the packet is kept conservative.",22
JALEO_1981_08::A18,jaleo,Jaleo,JALEO_1981_08,1981,CRIT_04,CRIT,"The reference to what can or cannot figure in the Archivo suggests critical authority, but the visible excerpt does not provide enough context to code this separately.",27
JALEO_1981_09::A1,jaleo,Jaleo,JALEO_1981_09,1981,HERIT_01,HERIT,"The word heritage refers to personal Mediterranean ancestry and appearance, not public cultural heritage.",14
JALEO_1981_09::A1,jaleo,Jaleo,JALEO_1981_09,1981,PED_02,PED,"Family and listening are mentioned, but the strongest learning claim is teacher-based rather than lineage transmission.",17
JALEO_1981_09::A2,jaleo,Jaleo,JALEO_1981_09,1981,COMM_02,COMM,"Performers, serious students, companies, and subscribers are mentioned, but they are not clearly granted authority to judge or sustain flamenco.",20
JALEO_1981_09::A3,jaleo,Jaleo,JALEO_1981_09,1981,COMM_02,COMM,"Calling Jaleo 'my juerga' suggests affective community, but it does not clearly authorize a community's judgment or insider authority.",20
JALEO_1981_09::A4,jaleo,Jaleo,JALEO_1981_09,1981,PED_01,PED,"The article lists Gisela's teachers and institutions, but this is biographical training information without a clear pedagogical authority claim.",20
JALEO_1981_09::A4,jaleo,Jaleo,JALEO_1981_09,1981,CRIT_02,CRIT,"The review mentions artistry, voice, expressive heels, and musical spirit, but these are folded into broad critical praise rather than a distinct criteria-setting discourse.",25
JALEO_1981_09::A5,jaleo,Jaleo,JALEO_1981_09,1981,AUTH_04,AUTH,"The article values performer-audience exchange, but it does not clearly frame intimacy or publicness as authenticity or loss of authenticity.",21
JALEO_1981_09::A8,jaleo,Jaleo,JALEO_1981_09,1981,COMM_04,COMM,"Gypsy identity and family hardship are foregrounded, but the excerpt does not clearly make identity the basis of flamenco authority or belonging.",22
JALEO_1981_09::A8,jaleo,Jaleo,JALEO_1981_09,1981,CRIT_02,CRIT,"Taconeo, rasgueo, and staged stillness are described, but they are not explicitly developed as aesthetic criteria.",16
JALEO_1981_09::A9,jaleo,Jaleo,JALEO_1981_09,1981,CRIT_02,CRIT,"Compás, rhythm, and traditional aspects are invoked as criteria, but they are already serving the stronger boundary critique coded as CRIT_04.",21
JALEO_1981_09::A9,jaleo,Jaleo,JALEO_1981_09,1981,AUTH_03,AUTH,"Traditional aspects are valued, but the main discourse function is purity boundary work rather than continuity or roots.",18
JALEO_1981_09::A10,jaleo,Jaleo,JALEO_1981_09,1981,CRIT_02,CRIT,"Fast footwork is emphasized as technique, but the article mainly frames it as a record rather than a broader aesthetic criterion for flamenco quality.",24
JALEO_1981_09::A10,jaleo,Jaleo,JALEO_1981_09,1981,PED_03,PED,"The workshop and student jam session mention public access, but the visible text presents them as event information rather than meaningful pedagogy.",22
JALEO_1981_09::A10,jaleo,Jaleo,JALEO_1981_09,1981,COMM_03,COMM,"The juerga and informal social session are mentioned, but there is no clear contrast with spectatorship or claim about participatory value.",21
JALEO_1981_09::A11,jaleo,Jaleo,JALEO_1981_09,1981,COMM_03,COMM,"The reviews describe intimacy between performer and audience, but the strongest functions are critical praise and pedagogical mediation.",18
JALEO_1981_09::A11,jaleo,Jaleo,JALEO_1981_09,1981,COMM_01,COMM,"The text notes acceptance of a non-Spaniard performer, but it does not strongly contrast insiders and outsiders as an authority boundary.",22
JALEO_1981_09::A11,jaleo,Jaleo,JALEO_1981_09,1981,CRIT_04,CRIT,"Multiple reviews authorize Radford's value, but no single critic or expert authority is foregrounded strongly enough beyond ordinary review praise.",21
JALEO_1981_09::A12,jaleo,Jaleo,JALEO_1981_09,1981,AUTH_01,AUTH,"The discussion of ducas asks whether suffering is necessary for good flamenco, but the writer explicitly says he is not sure rather than asserting an authenticity claim.",27
JALEO_1981_09::A12,jaleo,Jaleo,JALEO_1981_09,1981,AUTH_04,AUTH,"The phrase ""easy listening flamenco"" and beach-listening joke suggest commercialization or lightness, but the boundary against authentic flamenco is not explicit enough.",23
JALEO_1981_09::A13,jaleo,Jaleo,JALEO_1981_09,1981,AUTH_01,AUTH,"The phrase ""pure baile y cante jondo"" points toward authenticity, but it is more atmospheric biography than a developed claim of proper flamenco.",23
JALEO_1981_09::A13,jaleo,Jaleo,JALEO_1981_09,1981,PED_01,PED,"Formal training and El Estampio as teacher are mentioned, but the passage does not clearly use pedagogy as the main source of authority.",23
JALEO_1981_09::A13,jaleo,Jaleo,JALEO_1981_09,1981,HERIT_02,HERIT,"Official honors and royal performance are listed, but the excerpt does not frame them as heritage authorization or public cultural patrimony.",21
JALEO_1981_09::A14,jaleo,Jaleo,JALEO_1981_09,1981,PED_03,PED,"The text teaches a guitar-string tying method, but the visible passage does not clearly connect the instruction to flamenco knowledge, authority, or access.",24
JALEO_1981_09::A15,jaleo,Jaleo,JALEO_1981_09,1981,CRIT_02,CRIT,"Compás, placement, and structuring are named as criteria, but they are used mainly to support Fosforito's pedagogical value as a model.",22
JALEO_1981_09::A15,jaleo,Jaleo,JALEO_1981_09,1981,COMM_04,COMM,"The phrase about non-gypsies and flamenco reports a prejudice, but the article contests rather than endorses it and does not develop identity-based authority enough to code.",28
JALEO_1981_09::A15,jaleo,Jaleo,JALEO_1981_09,1981,CRIT_03,CRIT,"The anniversary of his triumph and festival honors imply canonization, but the clearest hierarchy is official recognition already coded as HERIT_02.",21
JALEO_1981_09::A16,jaleo,Jaleo,JALEO_1981_09,1981,CRIT_02,CRIT,"Gracia, gypsy pelliscos, intricate taconeo, and mantón handling are named, but they function mainly as support for the broader performance evaluation.",21
JALEO_1981_09::A16,jaleo,Jaleo,JALEO_1981_09,1981,PED_03,PED,"Dancing lessons are mentioned, but the article does not frame them as meaningful institutional or transnational access to flamenco knowledge.",20
JALEO_1981_09::A17,jaleo,Jaleo,JALEO_1981_09,1981,CRIT_01,CRIT,"The concert is said to be enjoyed, but the passage does not provide enough evaluative judgment of artistic quality.",19
JALEO_1981_09::A17,jaleo,Jaleo,JALEO_1981_09,1981,PED_03,PED,The Educational Community Cultural Complex is only a venue and does not indicate pedagogical access or knowledge transmission.,18
JALEO_1981_09::A18,jaleo,Jaleo,JALEO_1981_09,1981,AUTH_03,AUTH,"The concert is dedicated to traditionalism and evolution, but the passage does not ground present value primarily in continuity or roots.",21
JALEO_1981_09::A18,jaleo,Jaleo,JALEO_1981_09,1981,AUTH_02,AUTH,"Purists are mentioned, but the article itself does not draw a purity boundary excluding Amaral's work.",17
JALEO_1981_09::A20,jaleo,Jaleo,JALEO_1981_09,1981,HERIT_03,HERIT,"The word archive and list suggest preservation, but the passage does not explicitly frame the anthology as heritage safeguarding or public cultural memory.",23
JALEO_1981_09::A20,jaleo,Jaleo,JALEO_1981_09,1981,AUTH_03,AUTH,"Many cantes are associated with historical figures and places, but the passage is mainly a listing rather than a roots/continuity claim.",22
JALEO_1981_10::A1,jaleo,Jaleo,JALEO_1981_10,1981,CRIT_01,CRIT,"The article praises Córdoba's command, feeling, humility, and greatness, but the stronger discourse functions are pedagogical authority and canon/status.",21
JALEO_1981_10::A1,jaleo,Jaleo,JALEO_1981_10,1981,CRIT_02,CRIT,"Compás and rhythm are discussed as learning criteria, but they function primarily as pedagogy for students rather than independent aesthetic evaluation.",21
JALEO_1981_10::A2,jaleo,Jaleo,JALEO_1981_10,1981,COMM_01,COMM,"The letter mentions secrecy around learning flamenco, but the passage reports a claim from reading and then rejects it rather than constructing a stable insider-outsider boundary.",27
JALEO_1981_10::A2,jaleo,Jaleo,JALEO_1981_10,1981,CRIT_04,CRIT,"The review critiques tourist flamenco and praises Maya's corrective attempt, but the clearest boundary work is already captured by AUTH_02.",21
JALEO_1981_10::A2,jaleo,Jaleo,JALEO_1981_10,1981,AUTH_03,AUTH,"Cante jondo is described as ancient and rooted in gypsy suffering, but the strongest discourse function in the visible review is anti-tourist authenticity boundary work.",26
JALEO_1981_10::A3,jaleo,Jaleo,JALEO_1981_10,1981,CRIT_01,CRIT,"The article contains extensive critical evaluation, but the selected codes capture the stronger boundary, criteria, and canon-forming functions.",19
JALEO_1981_10::A3,jaleo,Jaleo,JALEO_1981_10,1981,COMM_04,COMM,"Gypsy identity is discussed in relation to Spanish dance, but the main claim critiques reduction of Spanish dance to flamenco rather than authorizing an identity group.",26
JALEO_1981_10::A3,jaleo,Jaleo,JALEO_1981_10,1981,CRIT_04,CRIT,"Carola Goya functions as an expert voice, but the coding is kept conservative because her authority is already embedded in the authenticity and criteria claims.",25
JALEO_1981_10::A4,jaleo,Jaleo,JALEO_1981_10,1981,AUTH_01,AUTH,"The group is called authentic, but the article does not dwell on that as a separate claim beyond the broader roots/setting discussion.",23
JALEO_1981_10::A4,jaleo,Jaleo,JALEO_1981_10,1981,COMM_03,COMM,"The concert hall versus gypsy bars/nightclubs contrast suggests public/private setting value, but it is framed more as traditional origin than participatory community.",24
JALEO_1981_10::A4,jaleo,Jaleo,JALEO_1981_10,1981,PED_01,PED,"Study with masters and teaching credentials are mentioned, but they function as background credentials rather than a developed pedagogical authority claim.",21
JALEO_1981_10::A5,jaleo,Jaleo,JALEO_1981_10,1981,COMM_02,COMM,"The peña is involved in organization, but the passage does not clearly grant community authority beyond institutional sponsorship.",18
JALEO_1981_10::A5,jaleo,Jaleo,JALEO_1981_10,1981,HERIT_01,HERIT,"The festival promotes local mosto and public prestige, but it does not explicitly frame flamenco as heritage or collective cultural patrimony.",21
JALEO_1981_10::A6,jaleo,Jaleo,JALEO_1981_10,1981,CRIT_01,CRIT,"The article evaluates guitarists' passages, but the stronger function is comparative ranking through aesthetic criteria.",15
JALEO_1981_10::A7,jaleo,Jaleo,JALEO_1981_10,1981,PED_03,PED,"The humidity advice teaches guitar care, but it concerns instrument maintenance rather than flamenco knowledge transmission or access.",18
JALEO_1981_10::A9,jaleo,Jaleo,JALEO_1981_10,1981,CRIT_02,CRIT,"Duende is mentioned, but the passage does not use it to judge a specific performance or define a quality criterion in detail.",22
JALEO_1981_10::A10,jaleo,Jaleo,JALEO_1981_10,1981,AUTH_01,AUTH,"Phrases such as 'very flamenco interpretation' suggest authenticity, but the passage functions primarily as record criticism rather than a sustained authenticity claim.",22
JALEO_1981_10::A11,jaleo,Jaleo,JALEO_1981_10,1981,HERIT_03,HERIT,"The text calls cante a forgotten, battered relic, but it does not clearly frame safeguarding as public heritage responsibility.",19
JALEO_1981_10::A11,jaleo,Jaleo,JALEO_1981_10,1981,COMM_04,COMM,"The gypsy/Andalusian people are invoked, but the passage centers authenticity, legacy, and transmission rather than identity-based authority as a separate discourse function.",24
JALEO_1981_11::A1,jaleo,Jaleo,JALEO_1981_11,1981,COMM_04,COMM,"The article repeatedly names national and ethnic backgrounds, but these mostly describe group composition rather than clearly defining identity-based flamenco authority.",22
JALEO_1981_11::A1,jaleo,Jaleo,JALEO_1981_11,1981,CRIT_01,CRIT,"There are evaluative comments on individual members' progress and ability, but the stronger critical discourse is the boundary critique of commercial floorshows.",22
JALEO_1981_11::A2,jaleo,Jaleo,JALEO_1981_11,1981,COMM_03,COMM,"The birthday party and country home settings imply social flamenco contexts, but the visible text gives only captions without evaluative participation stakes.",22
JALEO_1981_11::A3,jaleo,Jaleo,JALEO_1981_11,1981,AUTH_03,AUTH,"Tradition is discussed, but mainly as part of a critical argument against restrictive reviewing rather than as a standalone continuity claim.",21
JALEO_1981_11::A3,jaleo,Jaleo,JALEO_1981_11,1981,CRIT_03,CRIT,"Paco is elevated as a major artist, but the clearest functions are critical evaluation and critique of boundary-policing critics.",20
JALEO_1981_11::A4,jaleo,Jaleo,JALEO_1981_11,1981,CRIT_03,CRIT,"The text names historically important flamenco figures, but the visible excerpt does not clearly rank or canonize them beyond narrative presence.",21
JALEO_1981_11::A4,jaleo,Jaleo,JALEO_1981_11,1981,AUTH_04,AUTH,"The reserved colmao setting suggests intimacy, but the text does not explicitly frame intimacy as more authentic than staged or commercial flamenco.",22
JALEO_1981_11::A5,jaleo,Jaleo,JALEO_1981_11,1981,PED_02,PED,"Family lineage is invoked, but the excerpt does not describe teaching, apprenticeship, or embodied transmission of craft knowledge.",18
JALEO_1981_11::A6,jaleo,Jaleo,JALEO_1981_11,1981,PED_03,PED,"The piece is structured as a Spanish-language lesson, but the teaching is grammatical rather than flamenco knowledge transmission or access.",21
JALEO_1981_11::A7,jaleo,Jaleo,JALEO_1981_11,1981,CRIT_03,CRIT,"The article elevates Mora's importance, but the clearest value work is direct critical evaluation and institutional recognition rather than a separate canon or ranking claim.",26
JALEO_1981_11::A8,jaleo,Jaleo,JALEO_1981_11,1981,COMM_04,COMM,"Gypsy neighborhoods and gypsy genius are mentioned, but the visible passage primarily emphasizes communal mourning rather than identity-based authority as a distinct discourse function.",25
JALEO_1981_11::A8,jaleo,Jaleo,JALEO_1981_11,1981,AUTH_01,AUTH,"The phrase 'as true as the gypsy genius' praises Terremoto, but it is not a clear authenticity claim about proper flamenco.",21
JALEO_1981_11::A9,jaleo,Jaleo,JALEO_1981_11,1981,CRIT_03,CRIT,"Terms such as 'top artist' and 'stood out from the rest' imply hierarchy, but the stronger evidence supports general critical evaluation and aesthetic criteria.",24
JALEO_1981_11::A9,jaleo,Jaleo,JALEO_1981_11,1981,AUTH_02,AUTH,"Purity language is explicit, but the visible passage does not clearly exclude or devalue an impure target, so AUTH_01 is safer than purity boundary-work.",25
JALEO_1981_11::A10,jaleo,Jaleo,JALEO_1981_11,1981,CRIT_03,CRIT,"The text calls Greco famed and describes the best young talent, but the clearest hierarchy is already captured by the explicit critical evaluation of the show.",26
JALEO_1981_11::A11,jaleo,Jaleo,JALEO_1981_11,1981,PED_03,PED,"Virginia's class with Rosa Montoya is a learning detail, but it is incidental travel reporting rather than a discourse about access or pedagogy.",24
JALEO_1981_11::A11,jaleo,Jaleo,JALEO_1981_11,1981,CRIT_01,CRIT,"The concert advertisement names performers and promises a full performance, but it is promotional listing rather than critical evaluation.",19
JALEO_1981_11::A12,jaleo,Jaleo,JALEO_1981_11,1981,PED_02,PED,Ernesto's long involvement in dance and music is biographical and does not clearly describe authoritative transmission or lineage.,19
JALEO_1981_11::A13,jaleo,Jaleo,JALEO_1981_11,1981,COMM_03,COMM,"The juerga venue is mentioned, but the text breaks off before making any clear participatory or evaluative claim about the setting.",21
JALEO_1981_11::A14,jaleo,Jaleo,JALEO_1981_11,1981,COMM_02,COMM,"Miami flamenco circles lament him, but the passage does not clearly grant those circles authority to judge or sustain flamenco.",20
JALEO_1981_11::A14,jaleo,Jaleo,JALEO_1981_11,1981,PED_01,PED,"His encyclopedic knowledge is praised, but no teaching, correction, or pedagogical authority is described.",14
JALEO_1981_11::A15,jaleo,Jaleo,JALEO_1981_11,1981,HERIT_03,HERIT,"The Archive and preservation of old examples are present, but the passage does not clearly frame this as public heritage safeguarding or community heritage responsibility.",25
JALEO_1981_11::A15,jaleo,Jaleo,JALEO_1981_11,1981,COMM_04,COMM,"Gypsy identity is central to the narrative, but the clearest discourse work concerns origins, oral transformation, and historical attribution rather than identity-based belonging authority.",25
JALEO_1981_12::A1,jaleo,Jaleo,JALEO_1981_12,1981,AUTH_04,AUTH,"The text links poverty and simplicity to flamenco, but does not clearly frame commercial spectacle or intimate co-presence as an authenticity boundary.",23
JALEO_1981_12::A1,jaleo,Jaleo,JALEO_1981_12,1981,COMM_02,COMM,"The word Peña appears as the artist's surname, not as peña or aficionado community authority.",16
JALEO_1981_12::A2,jaleo,Jaleo,JALEO_1981_12,1981,AUTH_01,AUTH,"The phrase 'very flamenco style' suggests authenticity, but the passage primarily functions as aesthetic evaluation of Peña's playing.",19
JALEO_1981_12::A2,jaleo,Jaleo,JALEO_1981_12,1981,CRIT_03,CRIT,"The article compares Peña to Sabicas, Diego del Gastor, Morao de Jerez, Paco Cepero, and Paco de Lucía, but mainly to describe style rather than build a separate canon hierarchy.",30
JALEO_1981_12::A3,jaleo,Jaleo,JALEO_1981_12,1981,PED_03,PED,"The writer mentions pupils and lessons at Amor de Dios, but does not frame flamenco learning or access as authoritative or contested.",22
JALEO_1981_12::A3,jaleo,Jaleo,JALEO_1981_12,1981,CRIT_03,CRIT,"Several famous artists are listed as past partners and friends, but the passage does not rank or canonize them.",19
JALEO_1981_12::A4,jaleo,Jaleo,JALEO_1981_12,1981,COMM_02,COMM,"The family passage grounds Peña in domestic flamenco practice, but its clearest function is transmission and early learning rather than community authority.",22
JALEO_1981_12::A4,jaleo,Jaleo,JALEO_1981_12,1981,HERIT_02,HERIT,"The government folk-art group and Ministry of Culture are mentioned, but the visible passage does not clearly develop official heritage authorization around flamenco.",24
JALEO_1981_12::A6,jaleo,Jaleo,JALEO_1981_12,1981,AUTH_03,AUTH,"""not particularly modern"" gestures toward style/tradition but does not clearly authorize the performance through continuity or roots.",18
JALEO_1981_12::A7,jaleo,Jaleo,JALEO_1981_12,1981,HERIT_03,HERIT,"The restored Posada del Potro and practice setting are described, but the visible passage does not frame flamenco as public heritage needing safeguarding.",23
JALEO_1981_12::A8,jaleo,Jaleo,JALEO_1981_12,1981,COMM_04,COMM,"Romany family origin is mentioned, but the passage explicitly says there was no comparable musical tradition and does not use identity to authorize flamenco belonging.",25
JALEO_1981_12::A8,jaleo,Jaleo,JALEO_1981_12,1981,PED_01,PED,"Named teachers are listed, but the visible text does not strongly position them as authoritative teachers beyond biographical training.",19
JALEO_1981_12::A10,jaleo,Jaleo,JALEO_1981_12,1981,CRIT_04,CRIT,"The passage legitimates a classical/flamenco hybrid, but it does not clearly invoke an expert boundary-policing discourse beyond ordinary review judgment.",22
JALEO_1981_12::A11,jaleo,Jaleo,JALEO_1981_12,1981,COMM_04,COMM,"The passage invokes gypsies and blacksmiths as identity/community contexts for tonás, but the stronger coding focus is tradition, compás, and transmission rather than identity-based authority.",27
JALEO_1981_12::A11,jaleo,Jaleo,JALEO_1981_12,1981,CRIT_03,CRIT,"Phrases such as 'last great cantaor of Cádiz' and comparison to Manolo Caracol imply hierarchy, but they are secondary to the main evaluative criteria and lineage claims.",27
JALEO_1981_12::A12,jaleo,Jaleo,JALEO_1981_12,1981,COMM_02,COMM,"Aficionados are named, but the excerpt does not clearly grant them authority to judge or sustain flamenco.",17
JALEO_1981_12::A13,jaleo,Jaleo,JALEO_1981_12,1981,HERIT_03,HERIT,"The anthology language suggests preservation, but it is framed mainly as a commercial availability notice and aficionado resource rather than public safeguarding or heritage policy.",25
JALEO_1981_12::A13,jaleo,Jaleo,JALEO_1981_12,1981,AUTH_02,AUTH,"The phrase 'genuine flamenco inheritance' appears, but the excerpt does not draw a clear purity boundary against an excluded improper form.",21
JALEO_1982_01::A1,jaleo,Jaleo,JALEO_1982_01,1982,AUTH_01,AUTH,"The text calls a film an 'Espanolada auténtica', but the target is a film stereotype and not a clear genuineness claim about flamenco practice.",24
JALEO_1982_01::A1,jaleo,Jaleo,JALEO_1982_01,1982,PED_01,PED,"The thrown-boots anecdote says the boots would teach him to dance flamenco, but it functions as mockery rather than a serious pedagogical-authority claim.",25
JALEO_1982_01::A2,jaleo,Jaleo,JALEO_1982_01,1982,CRIT_03,CRIT,"The repeated phrase 'great dancer' elevates Morca, but it does not create a broader canon, ranking, or comparative hierarchy.",19
JALEO_1982_01::A3,jaleo,Jaleo,JALEO_1982_01,1982,CRIT_01,CRIT,"The article discusses technical measurement and disagreement, but it does not clearly praise or blame a specific performance or artist beyond applying a technical criterion.",25
JALEO_1982_01::A5,jaleo,Jaleo,JALEO_1982_01,1982,PED_01,PED,"Nelson is described as an advisor to young guitarists, but the visible text does not make flamenco pedagogy or teaching authority central enough to code.",25
JALEO_1982_01::A6,jaleo,Jaleo,JALEO_1982_01,1982,PED_03,PED,"The interview involves transnational learning in Spain and the U.S., but the strongest visible evidence concerns teacher authority, oral transmission, and foreigner boundary rather than institutional access.",28
JALEO_1982_01::A6,jaleo,Jaleo,JALEO_1982_01,1982,CRIT_03,CRIT,"Bernardo is called a legend, but the passage mainly uses that to frame Rubina's lack of awareness, not to construct a broader canon or hierarchy.",26
JALEO_1982_01::A7,jaleo,Jaleo,JALEO_1982_01,1982,AUTH_01,AUTH,"The phrase 'extremely flamenco voice' suggests flamenco quality, but the passage functions more clearly as critical praise than an authenticity claim.",21
JALEO_1982_01::A11,jaleo,Jaleo,JALEO_1982_01,1982,CRIT_03,CRIT,The old/current comparison and 'contestants' language is mostly technical and explicitly cautioned not to imply value beyond clinical information.,20
JALEO_1982_01::A11,jaleo,Jaleo,JALEO_1982_01,1982,CRIT_02,CRIT,"Speed picado and compás are technical terms here, but the excerpt does not clearly apply them as aesthetic criteria for flamenco value.",22
JALEO_1982_01::A12,jaleo,Jaleo,JALEO_1982_01,1982,PED_03,PED,"The article is instructional about guitar strings, but it does not clearly concern flamenco knowledge transmission, institutional access, or flamenco authority.",21
JALEO_1982_01::A12,jaleo,Jaleo,JALEO_1982_01,1982,CRIT_02,CRIT,"Sound, action, and tension are discussed technically rather than as evaluative flamenco aesthetic criteria.",14
JALEO_1982_01::A13,jaleo,Jaleo,JALEO_1982_01,1982,PED_03,PED,"The article gives practical repair instructions, but the visible text teaches instrument care rather than flamenco knowledge, transmission, access, or authority.",21
JALEO_1982_01::A14,jaleo,Jaleo,JALEO_1982_01,1982,AUTH_01,AUTH,"The phrase 'authentic Spanish characteristic' is used jokingly about the show starting late, not as a genuineness claim about flamenco.",20
JALEO_1982_01::A14,jaleo,Jaleo,JALEO_1982_01,1982,CRIT_02,CRIT,"The cejilla comment is a technical preference, but the excerpt does not develop it into a broader criterion of flamenco quality.",21
JALEO_1982_01::A16,jaleo,Jaleo,JALEO_1982_01,1982,COMM_03,COMM,"The text mentions juerga sites, but it does not contrast participatory/private settings with public or spectatorial flamenco.",18
JALEO_1982_02::A1,jaleo,Jaleo,JALEO_1982_02,1982,AUTH_02,AUTH,"Although 'puro' appears, the visible passage does not explicitly devalue or exclude an impure target.",15
JALEO_1982_02::A1,jaleo,Jaleo,JALEO_1982_02,1982,COMM_04,COMM,"The article mentions geography and international standing, but identity categories do not organize authority or belonging in the visible excerpt.",20
JALEO_1982_02::A2,jaleo,Jaleo,JALEO_1982_02,1982,AUTH_04,AUTH,"The comments mention costs, mass copying, and distribution, but they do not frame commerce as corrupting flamenco authenticity.",18
JALEO_1982_02::A3,jaleo,Jaleo,JALEO_1982_02,1982,AUTH_01,AUTH,"The phrase 'pure, uncompromising breed' suggests authenticity, but the visible excerpt does not develop a clear claim about proper flamenco.",20
JALEO_1982_02::A3,jaleo,Jaleo,JALEO_1982_02,1982,AUTH_03,AUTH,"Montoya is described as a source for guitarists, but the stronger discourse function is canonization rather than tradition-continuity.",19
JALEO_1982_02::A5,jaleo,Jaleo,JALEO_1982_02,1982,PED_01,PED,"The article mentions formal instruction and named teachers, but it is neutral biography rather than a claim about pedagogical authority.",20
JALEO_1982_02::A5,jaleo,Jaleo,JALEO_1982_02,1982,HERIT_01,HERIT,"The reference to Sephardic Jewish ancestry concerns personal appearance and background, not public cultural heritage discourse.",16
JALEO_1982_02::A6,jaleo,Jaleo,JALEO_1982_02,1982,COMM_03,COMM,"The text addresses the Jaleista's evening at the venue, but it does not clearly contrast participatory/private flamenco with spectatorial/public flamenco.",23
JALEO_1982_02::A7,jaleo,Jaleo,JALEO_1982_02,1982,COMM_04,COMM,"The article mentions a Hispanic community and countries represented, but the visible text does not make identity a source of flamenco authority, belonging, or representation.",25
JALEO_1982_02::A8,jaleo,Jaleo,JALEO_1982_02,1982,CRIT_01,CRIT,The phrase 'even if you do not care for Carlos Montoya's approach' acknowledges possible taste judgments but does not itself make a clear evaluative claim.,26
JALEO_1982_02::A9,jaleo,Jaleo,JALEO_1982_02,1982,CRIT_01,CRIT,"The text lists article titles including reviews and critical topics, but the summary itself does not perform those evaluations.",19
JALEO_1982_02::A9,jaleo,Jaleo,JALEO_1982_02,1982,PED_03,PED,"The back-issue list advertises access to past materials, but it does not clearly frame that access as flamenco learning or pedagogical mediation.",23
JALEO_1982_02::A10,jaleo,Jaleo,JALEO_1982_02,1982,CRIT_04,CRIT,"The speaker is about to define flamenco, but the visible passage does not yet establish critic/expert authority or apply evaluative criteria.",22
JALEO_1982_02::A11,jaleo,Jaleo,JALEO_1982_02,1982,AUTH_04,AUTH,"Money and costs are criticized, but the passage frames them as organizational/economic defects rather than threats to flamenco authenticity.",20
JALEO_1982_02::A12,jaleo,Jaleo,JALEO_1982_02,1982,AUTH_03,AUTH,"The phrase ""a la antigua"" marks old-style dance/personality, but the excerpt does not clearly use tradition or continuity to authorize present flamenco value.",25
JALEO_1982_02::A12,jaleo,Jaleo,JALEO_1982_02,1982,COMM_02,COMM,"The Paris bar is described as a place where flamencos gathered, but the visible text does not make community standing or afición into an authority claim.",26
JALEO_1982_02::A13,jaleo,Jaleo,JALEO_1982_02,1982,PED_03,PED,"The statement that Nieto and Bermúdez studied flamenco together in Spain mentions transnational learning, but it is brief biography rather than an access or pedagogy claim.",26
JALEO_1982_02::A14,jaleo,Jaleo,JALEO_1982_02,1982,AUTH_04,AUTH,"The excerpt strongly values intimacy and co-presence, but it does not explicitly frame that intimacy as more authentic or as opposed to commercial/staged flamenco.",26
JALEO_1982_02::A15,jaleo,Jaleo,JALEO_1982_02,1982,PED_01,PED,"The caption ""Juana de Alva teaches fandangos copla"" mentions teaching, but the visible text does not position her as a pedagogical authority or develop transmission stakes.",26
JALEO_1982_02::A15,jaleo,Jaleo,JALEO_1982_02,1982,COMM_02,COMM,"Many local artists and an aficionado are listed as present, but the passage does not clearly give them community authority beyond participation.",22
JALEO_1982_02::A16,jaleo,Jaleo,JALEO_1982_02,1982,COMM_02,COMM,"The Junta is described as organizing Jaleistas, but the passage is administrative and does not construct community authority, belonging, or afición-based legitimacy.",23
JALEO_1982_03::A1,jaleo,Jaleo,JALEO_1982_03,1982,AUTH_02,AUTH,"The phrase 'pure flamenco music' appears, but the visible passage does not clearly draw a purity boundary against an excluded improper form.",22
JALEO_1982_03::A1,jaleo,Jaleo,JALEO_1982_03,1982,PED_03,PED,"Internationalizing flamenco's appeal is mentioned, but the passage does not clearly frame learning or access to knowledge.",18
JALEO_1982_03::A2,jaleo,Jaleo,JALEO_1982_03,1982,PED_03,PED,"The editorial mentions interviews being arranged, transcribed, translated, and edited, but it does not clearly frame these acts as flamenco learning access or pedagogy.",24
JALEO_1982_03::A3,jaleo,Jaleo,JALEO_1982_03,1982,AUTH_03,AUTH,"The archive is said to capture folk art 'at its source,' but the passage mainly concerns documentation and learning access rather than tradition or roots as authority.",27
JALEO_1982_03::A5,jaleo,Jaleo,JALEO_1982_03,1982,CRIT_01,CRIT,"The article contains broad evaluative praise, but the emitted hierarchy and aesthetic-criteria codes capture the strongest distinct critical functions.",20
JALEO_1982_03::A5,jaleo,Jaleo,JALEO_1982_03,1982,COMM_04,COMM,The husband-and-wife framing is descriptive and does not clearly make identity itself the basis of authority or belonging.,20
JALEO_1982_03::A6,jaleo,Jaleo,JALEO_1982_03,1982,COMM_01,COMM,"The word 'inside' appears in a description of what the cantaor carries internally, not as an insider/outsider social boundary.",20
JALEO_1982_03::A7,jaleo,Jaleo,JALEO_1982_03,1982,CRIT_03,CRIT,"Named artists such as Carmen Amaya, José Greco, Paco de Lucía, and Antonio Gades are examples of recognition, but the visible text does not rank or canonize them.",28
JALEO_1982_03::A8,jaleo,Jaleo,JALEO_1982_03,1982,AUTH_04,AUTH,"Industrialization is blamed for decline, but the visible text does not frame commercial spectacle, tourism, or market mediation as weakening authenticity.",21
JALEO_1982_03::A10,jaleo,Jaleo,JALEO_1982_03,1982,COMM_04,COMM,"The retrieval trigger names Mariano Córdoba, but the passage uses artist names only as examples of nail length, not as identity-group framing.",23
JALEO_1982_03::A11,jaleo,Jaleo,JALEO_1982_03,1982,AUTH_01,AUTH,"The interview discusses performing flamenco properly, but the clearest work is about community/identity boundaries rather than a direct authenticity claim.",21
JALEO_1982_03::A11,jaleo,Jaleo,JALEO_1982_03,1982,PED_02,PED,"Teacher influence is described, but the mode of transmission is not clearly oral, embodied, familial, or lineage-based.",18
JALEO_1982_03::A12,jaleo,Jaleo,JALEO_1982_03,1982,PED_01,PED,"Teaching occurs in the text, but the strongest evidence concerns embodied compás transmission rather than institutional or masterly pedagogical authority.",20
JALEO_1982_03::A12,jaleo,Jaleo,JALEO_1982_03,1982,COMM_04,COMM,"Gypsy terms and claimed nephews are mentioned, but the passage does not clearly use identity categories to authorize belonging.",19
JALEO_1982_03::A13,jaleo,Jaleo,JALEO_1982_03,1982,PED_01,PED,"Teo is presented as a workshop teacher, but the passage is mainly logistical and does not strongly authorize him as a pedagogical authority.",23
JALEO_1982_03::A13,jaleo,Jaleo,JALEO_1982_03,1982,CRIT_01,CRIT,"The workshop is called great, but the language reads as promotional rather than substantive critical evaluation.",16
JALEO_1982_03::A14,jaleo,Jaleo,JALEO_1982_03,1982,COMM_03,COMM,"The article describes a juerga site and member attendance, but it does not clearly contrast participatory/private settings with spectatorial/public ones as a value claim.",26
JALEO_1982_03::A14,jaleo,Jaleo,JALEO_1982_03,1982,COMM_02,COMM,"Members and juergas are mentioned, but the passage is logistical site information rather than community authority or recognition.",18
JALEO_1982_03::A15,jaleo,Jaleo,JALEO_1982_03,1982,COMM_02,COMM,"Jaleistas, the Junta, Jaleo, and local flamenco talent are mentioned, but the passage mainly records organizational finances and meeting motions rather than community authority over flamenco value.",27
JALEO_1982_03::A15,jaleo,Jaleo,JALEO_1982_03,1982,HERIT_02,HERIT,"Incorporation and board decisions are institutional, but there is no heritage or public-culture authorization frame.",16
JALEO_1982_03::A15,jaleo,Jaleo,JALEO_1982_03,1982,PED_03,PED,"The Flamenco Directory and Jaleo circulation may mediate access to information, but the passage does not frame them as learning or knowledge transmission.",23
JALEO_1982_04::A1,jaleo,Jaleo,JALEO_1982_04,1982,AUTH_03,AUTH,"The reference to Andalusia evokes geographic origin, but it does not use roots or tradition to authorize present flamenco practice.",20
JALEO_1982_04::A1,jaleo,Jaleo,JALEO_1982_04,1982,COMM_04,COMM,"The phrase 'gypsy flamenco' marks identity descriptively/exotically, but it does not clearly organize authority, belonging, or representation.",18
JALEO_1982_04::A2,jaleo,Jaleo,JALEO_1982_04,1982,AUTH_01,AUTH,"The editorial implies that some people may or may not be 'a flamenco,' but the stronger discourse function is an insider/access boundary rather than a direct authenticity claim about a practice.",32
JALEO_1982_04::A2,jaleo,Jaleo,JALEO_1982_04,1982,CRIT_01,CRIT,"The text comments on Jaleo's value, but the main force is pedagogical and boundary-setting rather than review-style aesthetic evaluation.",22
JALEO_1982_04::A3,jaleo,Jaleo,JALEO_1982_04,1982,COMM_02,COMM,"Aficionados are mentioned in the New Zealand letter, but they are not positioned as authorities who judge or sustain flamenco.",20
JALEO_1982_04::A3,jaleo,Jaleo,JALEO_1982_04,1982,PED_03,PED,"The magazine helps a reader keep in touch in a flamenco-poor area, but the visible passage does not clearly frame this as flamenco learning or knowledge transmission.",28
JALEO_1982_04::A4,jaleo,Jaleo,JALEO_1982_04,1982,PED_03,PED,"The article lists record and method sources across countries, but it mainly provides collector logistics rather than evaluating access to flamenco knowledge or pedagogy.",24
JALEO_1982_04::A4,jaleo,Jaleo,JALEO_1982_04,1982,CRIT_01,CRIT,"Comments such as 'cheap,' 'expensive,' or 'good selection' evaluate record vendors, not flamenco artists, performances, styles, or events.",18
JALEO_1982_04::A5,jaleo,Jaleo,JALEO_1982_04,1982,AUTH_01,AUTH,The phrase 'seemingly authentic' is framed as an audience impression and is too hedged to support a direct authenticity claim.,20
JALEO_1982_04::A5,jaleo,Jaleo,JALEO_1982_04,1982,CRIT_01,CRIT,"The article praises the event and notes competition awards, but the stronger discourse functions are pedagogical transmission and participatory setting.",20
JALEO_1982_04::A6,jaleo,Jaleo,JALEO_1982_04,1982,PED_02,PED,"The ending stresses learning from verses and gypsy experience, but the visible text does not clearly describe oral, embodied, familial, or lineage transmission.",23
JALEO_1982_04::A6,jaleo,Jaleo,JALEO_1982_04,1982,CRIT_04,CRIT,"Flamencologists and judges are mentioned, but the stronger function is boundary-work around national origin and pedagogical access rather than expert critical authority.",23
JALEO_1982_04::A7,jaleo,Jaleo,JALEO_1982_04,1982,PED_03,PED,"The degree and professorship suggest institutional training, but the visible passage emphasizes pedagogical authority and aesthetic rules more than access across institutional or geographic boundaries.",25
JALEO_1982_04::A7,jaleo,Jaleo,JALEO_1982_04,1982,AUTH_02,AUTH,"The gypsy/non-gypsy boundary is discussed, but the speaker rejects a purity split rather than excluding an improper form of flamenco.",22
JALEO_1982_04::A9,jaleo,Jaleo,JALEO_1982_04,1982,COMM_02,COMM,"The institute is called a home for students and aficionados, but the passage mainly advertises classes rather than granting community authority to aficionados.",23
JALEO_1982_04::A9,jaleo,Jaleo,JALEO_1982_04,1982,AUTH_01,AUTH,"The phrase 'pure unamplified sound' concerns acoustic sound quality, not a claim that the flamenco is authentic or proper.",19
JALEO_1982_04::A10,jaleo,Jaleo,JALEO_1982_04,1982,PED_03,PED,"Courses and lectures are listed, but the passage is a routine event announcement without clear evaluation of pedagogy, access, or authority.",21
JALEO_1982_04::A10,jaleo,Jaleo,JALEO_1982_04,1982,CRIT_01,CRIT,"The guitar-sale adjectives 'excellent' and 'outstanding' are advertising copy, not critical evaluation of flamenco artistry.",16
JALEO_1982_04::A11,jaleo,Jaleo,JALEO_1982_04,1982,AUTH_03,AUTH,"The Andalucian framing gestures toward roots, but the excerpt does not clearly use tradition or continuity to authorize present flamenco practice.",21
JALEO_1982_04::A12,jaleo,Jaleo,JALEO_1982_04,1982,HERIT_01,HERIT,"The article has public-culture framing, but it does not explicitly call flamenco heritage or patrimony.",16
JALEO_1982_04::A14,jaleo,Jaleo,JALEO_1982_04,1982,HERIT_03,HERIT,"The word experience appears, but the passage concerns dance pedagogy rather than safeguarding or living heritage.",16
JALEO_1982_04::A14,jaleo,Jaleo,JALEO_1982_04,1982,COMM_01,COMM,"The text distinguishes flamenco and non-flamenco dancers, but the contrast is pedagogical access rather than an insider/outsider authority boundary.",21
JALEO_1982_04::A15,jaleo,Jaleo,JALEO_1982_04,1982,AUTH_03,AUTH,"Traditional and modern are contrasted, but the strongest discourse function is purity/properness boundary-work rather than continuity with the past.",21
JALEO_1982_04::A15,jaleo,Jaleo,JALEO_1982_04,1982,CRIT_02,CRIT,"Style and taste are invoked, but the visible evidence is better captured as direct critical evaluation and boundary critique.",19
JALEO_1982_04::A16,jaleo,Jaleo,JALEO_1982_04,1982,PED_01,PED,"Student and tutelage language appears, but it is incidental biography rather than a sustained claim about pedagogical authority.",18
JALEO_1982_04::A16,jaleo,Jaleo,JALEO_1982_04,1982,AUTH_04,AUTH,"Private homes are preferred by some, but the passage does not explicitly frame intimacy as more authentic flamenco.",18
JALEO_1982_04::A18,jaleo,Jaleo,JALEO_1982_04,1982,COMM_03,COMM,"The text announces a home-based juerga and names participating cuadro members, but it is logistical rather than evaluating private/social participation as a marker of authority or value.",29
JALEO_1982_05::A2,jaleo,Jaleo,JALEO_1982_05,1982,CRIT_04,CRIT,"The text disputes earlier criticism of Paco de Lucía, but the visible passage mostly reports disagreement and does not clearly exercise expert critical authority.",24
JALEO_1982_05::A2,jaleo,Jaleo,JALEO_1982_05,1982,PED_03,PED,"The Auckland correspondents mention overseas study, but the passage does not develop learning access or pedagogy as its discourse function.",20
JALEO_1982_05::A4,jaleo,Jaleo,JALEO_1982_05,1982,COMM_04,COMM,"The passage compares Spanish and regional practices, but identity/geography does not clearly organize belonging or authority beyond technical description.",20
JALEO_1982_05::A4,jaleo,Jaleo,JALEO_1982_05,1982,AUTH_03,AUTH,"The article mentions historical development, but does not use tradition or continuity to authorize present flamenco practice.",17
JALEO_1982_05::A5,jaleo,Jaleo,JALEO_1982_05,1982,PED_01,PED,"Teachers and academies are the subject of the event, but the passage evaluates performances rather than legitimating their pedagogical authority.",20
JALEO_1982_05::A5,jaleo,Jaleo,JALEO_1982_05,1982,COMM_04,COMM,"Gypsy identity appears in description of a singer's appearance, but it does not clearly organize authority or belonging in the visible passage.",23
JALEO_1982_05::A7,jaleo,Jaleo,JALEO_1982_05,1982,COMM_02,COMM,"Several hundred enthusiastic aficionados are mentioned, but the text does not clearly grant them authority to judge or sustain flamenco.",20
JALEO_1982_05::A8,jaleo,Jaleo,JALEO_1982_05,1982,COMM_03,COMM,"The home juerga and palmas show participation, but the passage mainly describes the event and does not strongly contrast participatory setting with spectatorship.",23
JALEO_1982_05::A8,jaleo,Jaleo,JALEO_1982_05,1982,PED_01,PED,"Patricia Majan is called a professional dancer and teacher, but the text does not position her teaching authority as a discourse function.",22
JALEO_1982_05::A8,jaleo,Jaleo,JALEO_1982_05,1982,CRIT_03,CRIT,"Named cantes and artists are invoked, but the stronger visible function is evaluation by criteria rather than canon construction.",19
JALEO_1982_05::A9,jaleo,Jaleo,JALEO_1982_05,1982,PED_03,PED,"A new dance academy is announced, but the passage is a routine opening notice without clear learning/access or transmission stakes.",21
JALEO_1982_05::A9,jaleo,Jaleo,JALEO_1982_05,1982,CRIT_03,CRIT,"The book is praised as lucid and accurate, but the text does not clearly create a canon or hierarchy beyond ordinary evaluation.",22
JALEO_1982_05::A10,jaleo,Jaleo,JALEO_1982_05,1982,AUTH_02,AUTH,"The critique of vaguely Spanish numbers suggests improperness, but the passage functions more clearly as review boundary critique than explicit purity/inauthenticity discourse.",23
JALEO_1982_05::A10,jaleo,Jaleo,JALEO_1982_05,1982,COMM_03,COMM,"The text mentions stage transposition and audience response, but it does not clearly value private participatory flamenco over public spectatorship.",20
JALEO_1982_05::A11,jaleo,Jaleo,JALEO_1982_05,1982,CRIT_01,CRIT,"There are brief evaluative phrases such as 'Don't miss her' and 'well-received,' but they are too promotional or generic to support a separate critical-evaluation code.",28
JALEO_1982_05::A11,jaleo,Jaleo,JALEO_1982_05,1982,CRIT_04,CRIT,"The 'no flamenco' phrase has boundary-critical force, but the passage does not clearly position an expert/reviewer authority beyond the brief member notice, so AUTH_02 captures the stronger function.",30
JALEO_1982_05::A12,jaleo,Jaleo,JALEO_1982_05,1982,AUTH_03,AUTH,"The article gives a historical origin for heelwork, but this is mainly chronology and does not use the past to authorize present flamenco value.",24
JALEO_1982_05::A12,jaleo,Jaleo,JALEO_1982_05,1982,PED_01,PED,"Donn Pohren is cited as a source, but the passage does not strongly position him or a teacher as pedagogical authority.",21
JALEO_1982_05::A12,jaleo,Jaleo,JALEO_1982_05,1982,CRIT_02,CRIT,"Heelwork and shoe construction are technical matters, but the passage is instructional rather than judging quality through aesthetic criteria.",19
JALEO_1982_05::A13,jaleo,Jaleo,JALEO_1982_05,1982,PED_03,PED,The mention of a youth group and cuadros is organizational rather than a clear discussion of learning or access to flamenco knowledge.,22
JALEO_1982_05::A14,jaleo,Jaleo,JALEO_1982_05,1982,CRIT_01,CRIT,"The site is evaluated as suitable or unsuitable, but the judgment is primarily logistical/community-oriented rather than critical evaluation of flamenco artistry.",23
JALEO_1982_05::A14,jaleo,Jaleo,JALEO_1982_05,1982,HERIT_02,HERIT,"The non-profit incorporation process is institutional, but it is not framed as heritage recognition or cultural patrimony.",18
JALEO_1982_06::A1,jaleo,Jaleo,JALEO_1982_06,1982,AUTH_01,AUTH,"The phrase 'authentic seismic phenomenon' uses authenticity-like language, but it describes Lola's force metaphorically rather than making a claim about genuine flamenco.",24
JALEO_1982_06::A1,jaleo,Jaleo,JALEO_1982_06,1982,COMM_04,COMM,"Phrases such as 'performs for her people' and 'the jerezana' mark identity and audience, but identity does not clearly organize authority or belonging in the visible text.",27
JALEO_1982_06::A3,jaleo,Jaleo,JALEO_1982_06,1982,COMM_01,COMM,"The phrase 'their thing' suggests outsider obligation, but the stronger discourse function is tradition/purity boundary work rather than a developed insider/outsider authority claim.",25
JALEO_1982_06::A3,jaleo,Jaleo,JALEO_1982_06,1982,AUTH_04,AUTH,"The 'intimate back room pulse' versus amphitheater contrast gestures toward intimate authenticity, but it is used mainly as an analogy to reggae and is less central than the explicit purity/tradition boundary.",32
JALEO_1982_06::A4,jaleo,Jaleo,JALEO_1982_06,1982,COMM_02,COMM,"Afición and family background are mentioned, but the passage primarily frames lineage and training rather than community authority to judge or sustain flamenco.",23
JALEO_1982_06::A4,jaleo,Jaleo,JALEO_1982_06,1982,CRIT_03,CRIT,"The list of notable artists confers prestige, but it does not itself construct a clear canon or ranking in the visible text.",22
JALEO_1982_06::A5,jaleo,Jaleo,JALEO_1982_06,1982,AUTH_03,AUTH,"Traditions are discussed as historically accumulated identities, but the passage does not positively ground flamenco value in continuity or origins.",20
JALEO_1982_06::A5,jaleo,Jaleo,JALEO_1982_06,1982,CRIT_04,CRIT,"The critique of purism has boundary stakes, but the stronger primary function is an authenticity/purity debate rather than expert review authority.",22
JALEO_1982_06::A6,jaleo,Jaleo,JALEO_1982_06,1982,COMM_03,COMM,"The contrast between formal recital and juerga is noted, but it does not strongly evaluate one participatory setting over another.",20
JALEO_1982_06::A7,jaleo,Jaleo,JALEO_1982_06,1982,COMM_02,COMM,"Manuel calls himself an aficionado, but the passage does not grant aficionado community authority to recognize or judge flamenco.",19
JALEO_1982_06::A7,jaleo,Jaleo,JALEO_1982_06,1982,PED_01,PED,"The remarks about learning and being teachable do not position a teacher, method, or institution as authoritative.",17
JALEO_1982_06::A7,jaleo,Jaleo,JALEO_1982_06,1982,AUTH_03,AUTH,"The text mentions a traditional concept of flamenco, but mainly to describe the duo's change from it rather than to authorize value through continuity or roots.",27
JALEO_1982_06::A8,jaleo,Jaleo,JALEO_1982_06,1982,AUTH_04,AUTH,"The editor mentions the festival before commercialization, but the visible text does not clearly argue that commercialization weakens authenticity.",19
JALEO_1982_06::A8,jaleo,Jaleo,JALEO_1982_06,1982,HERIT_02,HERIT,The retrieval hint trigger does not correspond to institutional heritage authorization in the visible text.,15
JALEO_1982_06::A9,jaleo,Jaleo,JALEO_1982_06,1982,PED_02,PED,"The text mentions association with knowledgeable cantaores, but it does not clearly describe embodied, oral, or lineage transmission as a learning process.",22
JALEO_1982_06::A9,jaleo,Jaleo,JALEO_1982_06,1982,AUTH_02,AUTH,"The phrase 'into something flamenco' implies a boundary, but the main function is evaluative praise rather than explicit purity boundary-work.",21
JALEO_1982_06::A10,jaleo,Jaleo,JALEO_1982_06,1982,COMM_02,COMM,"Aficionados of the Peña Fosforito are mentioned as performers, but they are not positioned as authorities who judge or sustain flamenco.",21
JALEO_1982_06::A10,jaleo,Jaleo,JALEO_1982_06,1982,CRIT_04,CRIT,"Although this is a professional review, the visible text does not foreground the critic's authority beyond ordinary evaluative review discourse.",21
JALEO_1982_07::A1,jaleo,Jaleo,JALEO_1982_07,1982,PED_03,PED,"The text lists courses, recitals, and lectures, but it is a routine seminar announcement without a clear evaluative claim about learning access or pedagogical authority.",25
JALEO_1982_07::A2,jaleo,Jaleo,JALEO_1982_07,1982,COMM_02,COMM,"The letters mention reconnecting with people and seeking contacts, but the text does not clearly authorize aficionado community judgment or belonging.",21
JALEO_1982_07::A4,jaleo,Jaleo,JALEO_1982_07,1982,PED_01,PED,"The Catedra and named instructors suggest pedagogical authority, but the visible text mainly lists course logistics rather than explicitly authorizing a teacher, method, or correctional authority.",26
JALEO_1982_07::A4,jaleo,Jaleo,JALEO_1982_07,1982,CRIT_03,CRIT,"The phrase ""The Cante Greats of Jerez"" appears as a lecture title, but the article itself does not construct a canon or ranking in the visible prose.",27
JALEO_1982_07::A5,jaleo,Jaleo,JALEO_1982_07,1982,COMM_04,COMM,"Identity terms such as ""gypsy"" and ""local gitanos"" appear, but the visible text uses them mostly as biography and influence rather than clearly defining group authority or representation.",28
JALEO_1982_07::A5,jaleo,Jaleo,JALEO_1982_07,1982,CRIT_02,CRIT,"Timing, silence, and stage movement function as evaluative criteria, but CRIT_01 captures the review's main evaluative action without needing a separate criteria code.",24
JALEO_1982_07::A7,jaleo,Jaleo,JALEO_1982_07,1982,CRIT_02,CRIT,"The review applies criteria such as authenticity, ease, nimbleness, footwork, turns, and elevation, but these are handled under the broader CRIT_01 evaluation and AUTH_01 authenticity claim.",26
JALEO_1982_07::A7,jaleo,Jaleo,JALEO_1982_07,1982,COMM_03,COMM,"The ending context mentions a juerga and friendship, but the text is an event invitation without a clear public/private or participatory-value contrast.",24
JALEO_1982_07::A8,jaleo,Jaleo,JALEO_1982_07,1982,HERIT_03,HERIT,"The phrase ""preservation of Jaleo"" suggests maintenance, but it refers to keeping the publication going rather than public cultural heritage, safeguarding, or living heritage discourse.",25
JALEO_1982_07::A8,jaleo,Jaleo,JALEO_1982_07,1982,COMM_02,COMM,"The article praises volunteer contribution to Jaleo, but it does not grant community authority to recognize, judge, or sustain flamenco itself in the required sense.",25
JALEO_1982_07::A9,jaleo,Jaleo,JALEO_1982_07,1982,COMM_03,COMM,"The notice says a peña opened ""for flamencos and friends,"" but it functions as a location listing rather than an evaluative contrast between participatory and spectatorial settings.",27
JALEO_1982_07::A9,jaleo,Jaleo,JALEO_1982_07,1982,PED_03,PED,"Classes, master classes, interviews, festivals, and magazine learning resources are mentioned, but the passage is a news/advertising listing without clear discourse about access, authority, or transmission.",27
JALEO_1982_07::A9,jaleo,Jaleo,JALEO_1982_07,1982,COMM_02,COMM,"The title ""News from our members"" and contributed notices imply a member network, but no community actor is explicitly positioned as authorizing, judging, or sustaining flamenco value.",27
JALEO_1982_07::A10,jaleo,Jaleo,JALEO_1982_07,1982,COMM_02,COMM,"The gathering shows community sociability, but the visible text does not clearly grant the community authority to judge or define flamenco.",21
JALEO_1982_07::A10,jaleo,Jaleo,JALEO_1982_07,1982,CRIT_03,CRIT,"The phrase about the future of flamenco dance being in good hands is positive, but it does not construct a durable canon or hierarchy.",24
JALEO_1982_07::A11,jaleo,Jaleo,JALEO_1982_07,1982,COMM_03,COMM,"The text asks people to pitch in at a juerga, but the visible passage is mostly logistical and does not clearly contrast participatory flamenco against spectatorship.",26
JALEO_1982_07::A11,jaleo,Jaleo,JALEO_1982_07,1982,AUTH_04,AUTH,"The venue and ambiance are mentioned, but no authenticity claim is made about intimate or non-commercial flamenco.",18
JALEO_1982_08::A1,jaleo,Jaleo,JALEO_1982_08,1982,PED_01,PED,"The father teaches him, but the stronger function is familial/intergenerational transmission rather than formal pedagogical authority.",17
JALEO_1982_08::A1,jaleo,Jaleo,JALEO_1982_08,1982,COMM_04,COMM,"The review calls him a gypsy from a Sacromonte cave, but the identity framing is too stereotyped and brief to confidently code authority or belonging.",25
JALEO_1982_08::A2,jaleo,Jaleo,JALEO_1982_08,1982,PED_01,PED,"Teachers and resources are mentioned, but no person or institution is clearly authorized as a flamenco teacher beyond mediated access.",20
JALEO_1982_08::A2,jaleo,Jaleo,JALEO_1982_08,1982,CRIT_02,CRIT,"Virtuosity and fineness are evaluative terms, but they are not developed as criteria for defining flamenco quality.",17
JALEO_1982_08::A3,jaleo,Jaleo,JALEO_1982_08,1982,AUTH_01,AUTH,"The article makes authenticity claims, but the stronger and more specific code is boundary work around what is not truly flamenco.",21
JALEO_1982_08::A3,jaleo,Jaleo,JALEO_1982_08,1982,CRIT_03,CRIT,"Traditionalist and evolutionist camps are contrasted, but the passage primarily defines boundaries rather than ranking artists or creating a canon.",20
JALEO_1982_08::A4,jaleo,Jaleo,JALEO_1982_08,1982,AUTH_04,AUTH,"The article discusses private homes and ambience, but it does not explicitly link intimate setting to authenticity or purity.",19
JALEO_1982_08::A5,jaleo,Jaleo,JALEO_1982_08,1982,COMM_03,COMM,"The text mentions clubs and juergas, but the visible excerpt does not clearly contrast participatory/private flamenco against spectatorship as a value hierarchy.",23
JALEO_1982_08::A5,jaleo,Jaleo,JALEO_1982_08,1982,CRIT_03,CRIT,"Phrases such as 'top Spanish artists' suggest status, but the excerpt mainly describes the scene rather than constructing a canon or ranking.",22
JALEO_1982_08::A7,jaleo,Jaleo,JALEO_1982_08,1982,AUTH_03,AUTH,"The article mentions tradition and history as study areas, but the visible text does not use tradition itself to authorize present practice.",22
JALEO_1982_08::A8,jaleo,Jaleo,JALEO_1982_08,1982,COMM_04,COMM,"National and geographic identities are present, but they function mostly as biography and itinerary rather than authority or belonging claims.",20
JALEO_1982_08::A9,jaleo,Jaleo,JALEO_1982_08,1982,HERIT_02,HERIT,"The 1922 organizing committee suggests elite cultural authority, but the excerpt does not clearly frame the contest as official heritage recognition or institutional heritage authorization.",25
JALEO_1982_08::A9,jaleo,Jaleo,JALEO_1982_08,1982,CRIT_03,CRIT,"The contest honored named artists, but the visible text does not build a sustained canon or ranking around them.",19
JALEO_1982_08::A10,jaleo,Jaleo,JALEO_1982_08,1982,AUTH_02,AUTH,"The text raises false/unauthentic flamenco and misgivings about foreign influence, but the boundary is less directly developed than the explicit authenticity and identity claims.",25
JALEO_1982_08::A10,jaleo,Jaleo,JALEO_1982_08,1982,CRIT_04,CRIT,"There is criticism of funding opera like Carmen instead of characteristic cante, but the passage is more heritage/identity advocacy than expert critical boundary policing.",25
JALEO_1982_08::A11,jaleo,Jaleo,JALEO_1982_08,1982,AUTH_01,AUTH,"The review uses genuine/pure language, but the stronger function is tradition-based authorization and critical evaluation rather than a separate explicit authenticity claim.",24
JALEO_1982_08::A11,jaleo,Jaleo,JALEO_1982_08,1982,CRIT_04,CRIT,"Although this is a review by a named critic, the visible text mainly performs evaluation and canonization rather than foregrounding critic/expert authority as such.",25
JALEO_1982_08::A12,jaleo,Jaleo,JALEO_1982_08,1982,CRIT_03,CRIT,The phrase 'famed classical/flamenco dancer Antonio' is a caption-style descriptor and does not sufficiently construct canon or hierarchy.,20
JALEO_1982_08::A13,jaleo,Jaleo,JALEO_1982_08,1982,COMM_02,COMM,"Friends and aficionados are present and contribute, but the passage does not clearly grant them authority to recognize, sustain, or judge flamenco beyond participation.",24
JALEO_1982_08::A13,jaleo,Jaleo,JALEO_1982_08,1982,CRIT_01,CRIT,The phrase 'truly a memorable one' is positive but too general to function as substantive critical evaluation of flamenco artistry.,20
JALEO_1982_10::A1,jaleo,Jaleo,JALEO_1982_10,1982,CRIT_01,CRIT,"The article praises the atmosphere and discipline, but the stronger discourse is about setting, continuity, and transmission rather than a focused critical review.",23
JALEO_1982_10::A2,jaleo,Jaleo,JALEO_1982_10,1982,COMM_02,COMM,"The editorial thanks supporters and contributors, but this is publication support rather than a community claim authorizing flamenco knowledge or belonging.",21
JALEO_1982_10::A4,jaleo,Jaleo,JALEO_1982_10,1982,COMM_04,COMM,"The text names poor gitanos and Andaluces as flamenco's originators, but the stronger discourse function is roots/tradition and public/private practice rather than sustained identity-group framing.",29
JALEO_1982_10::A5,jaleo,Jaleo,JALEO_1982_10,1982,PED_03,PED,"The editor mentions educational programs for schools and the elderly, but the visible text does not thematize institutional/transnational access to flamenco knowledge strongly enough.",25
JALEO_1982_10::A6,jaleo,Jaleo,JALEO_1982_10,1982,CRIT_03,CRIT,"Phrases such as 'top exponent' and 'solid pillars' canonize Martínez, but CRIT_04 better captures the main function: establishing expert authority for the column.",23
JALEO_1982_10::A6,jaleo,Jaleo,JALEO_1982_10,1982,AUTH_02,AUTH,"The text uses 'purely Spanish' and 'most pure,' but the argument rejects simple purity of origin rather than drawing a clear proper/improper flamenco boundary.",25
JALEO_1982_10::A7,jaleo,Jaleo,JALEO_1982_10,1982,PED_01,PED,"The author teaches and explains the form, but the visible text does not strongly position her personal authority as a teacher beyond the workshop context already captured by PED_03.",29
JALEO_1982_10::A8,jaleo,Jaleo,JALEO_1982_10,1982,PED_03,PED,"The visible excerpt lists common learner questions, but the stronger pedagogical discourse concerns embodied internalization rather than institutional or transnational access.",21
JALEO_1982_10::A8,jaleo,Jaleo,JALEO_1982_10,1982,COMM_02,COMM,"Fiesta, rehearsal, and juerga are mentioned, but the excerpt does not clearly grant authority to a community of aficionados or participants.",21
JALEO_1982_10::A10,jaleo,Jaleo,JALEO_1982_10,1982,COMM_04,COMM,"The discussion of being Andaluz and the air and sea affecting flamenco is identity framing, but it is secondary to clearer authenticity, tradition, and canon claims.",26
JALEO_1982_10::A10,jaleo,Jaleo,JALEO_1982_10,1982,CRIT_01,CRIT,"The article includes evaluative language about the opera being ambitious and beautiful, but those judgments overlap with the stronger canon/ranking discourse.",22
JALEO_1982_10::A11,jaleo,Jaleo,JALEO_1982_10,1982,COMM_04,COMM,"References to gypsy style, Cuban parentage, and Jerez are present, but they function mainly as performer description rather than clear identity-based authority or belonging.",25
JALEO_1982_10::A12,jaleo,Jaleo,JALEO_1982_10,1982,HERIT_03,HERIT,"The homage has memory-work features, but the visible text does not clearly frame the event as heritage, safeguarding, or public cultural patrimony.",23
JALEO_1982_10::A12,jaleo,Jaleo,JALEO_1982_10,1982,PED_01,PED,"Paco Ortiz is identified as a former dance teacher, but that biographical note does not authorize flamenco knowledge or teaching in the article's discourse.",25
JALEO_1982_10::A13,jaleo,Jaleo,JALEO_1982_10,1982,COMM_02,COMM,"Member and society references indicate organized community activity, but the passage mostly lists news and meetings without granting community authority or insider recognition.",23
JALEO_1982_10::A14,jaleo,Jaleo,JALEO_1982_10,1982,CRIT_01,CRIT,"Phrases such as 'good flamenco' and 'great in dancing' are positive, but they function mainly as convivial event description rather than sustained critical evaluation.",24
JALEO_1982_10::A15,jaleo,Jaleo,JALEO_1982_10,1982,CRIT_02,CRIT,"Virtuosity is an aesthetic criterion, but the same evidence is already captured as general critical evaluation and is not developed as a criterion for flamenco quality.",26
JALEO_1982_10::A15,jaleo,Jaleo,JALEO_1982_10,1982,PED_03,PED,The visible workshop and master-teacher notices are advertisements and do not provide enough discourse about learning access beyond routine promotion.,21
JALEO_1982_11::A1,jaleo,Jaleo,JALEO_1982_11,1982,PED_01,PED,"Named teachers are present, but the passage is mainly biographical and does not explicitly position them as authoritative teachers beyond transmission of compás.",23
JALEO_1982_11::A1,jaleo,Jaleo,JALEO_1982_11,1982,CRIT_01,CRIT,The praise of her radiant personality is positive but does not clearly evaluate flamenco artistry or performance quality.,18
JALEO_1982_11::A2,jaleo,Jaleo,JALEO_1982_11,1982,CRIT_02,CRIT,"Terms such as stirring, spectacular, moving, and technique imply criteria, but the clearest function is overall evaluation and instructional access rather than a developed aesthetic standard.",26
JALEO_1982_11::A2,jaleo,Jaleo,JALEO_1982_11,1982,AUTH_04,AUTH,"The after-the-performance party is called intimate, but it is not framed as more authentic than public or commercial flamenco.",21
JALEO_1982_11::A3,jaleo,Jaleo,JALEO_1982_11,1982,HERIT_03,HERIT,"The call to guard future existence through written syllabus resembles safeguarding, but the passage is primarily pedagogical rather than explicit public heritage discourse.",23
JALEO_1982_11::A4,jaleo,Jaleo,JALEO_1982_11,1982,COMM_02,COMM,"The homage and Jerez cuadro show community presence, but the visible text more clearly frames local/ethnic identity than community authority to judge or sustain flamenco.",26
JALEO_1982_11::A5,jaleo,Jaleo,JALEO_1982_11,1982,COMM_04,COMM,"The Barrio de Santiago reference may become local identity framing, but the visible excerpt is too short and incomplete to establish discourse function.",23
JALEO_1982_11::A6,jaleo,Jaleo,JALEO_1982_11,1982,HERIT_03,HERIT,"The course and Udaeta's archive-like castle suggest cultural preservation, but the visible text lacks a clear public heritage or safeguarding frame.",23
JALEO_1982_11::A6,jaleo,Jaleo,JALEO_1982_11,1982,CRIT_03,CRIT,"The phrase 'revered figures of Spanish dance' implies hierarchy, but it is secondary to the article's stronger pedagogical framing.",20
JALEO_1982_11::A8,jaleo,Jaleo,JALEO_1982_11,1982,COMM_04,COMM,"The quip about becoming 'like a true gypsy' uses identity language, but it is not developed enough to show a clear discourse function around belonging or authority.",27
JALEO_1982_11::A9,jaleo,Jaleo,JALEO_1982_11,1982,CRIT_02,CRIT,"The passage mentions sound and beat placement, but the function is technical instruction rather than aesthetic evaluation of flamenco quality.",20
JALEO_1982_11::A10,jaleo,Jaleo,JALEO_1982_11,1982,PED_01,PED,"The language-learning Q&A is pedagogical, but it concerns learning Spanish in general rather than flamenco knowledge or flamenco transmission.",21
JALEO_1982_11::A10,jaleo,Jaleo,JALEO_1982_11,1982,HERIT_03,HERIT,"The retrieval window centers on memory and memorization, but it does not frame flamenco as living heritage or public cultural memory.",21
JALEO_1982_11::A11,jaleo,Jaleo,JALEO_1982_11,1982,COMM_03,COMM,"The text contrasts dancing among one's own people with later stage exposure, but the stronger and clearer function is identity-group framing rather than a developed public/private participatory argument.",31
JALEO_1982_11::A11,jaleo,Jaleo,JALEO_1982_11,1982,AUTH_03,AUTH,"The passage gives an origin narrative involving gypsies, Andalucía, and Moorish influence, but the visible evidence functions more as classification and identity framing than as a present-value tradition claim.",30
JALEO_1982_11::A11,jaleo,Jaleo,JALEO_1982_11,1982,PED_02,PED,"The trigger window includes transformation over time, but it does not clearly describe oral, embodied, familial, or lineage-based transmission as a mode of learning.",25
JALEO_1982_11::A12,jaleo,Jaleo,JALEO_1982_11,1982,CRIT_02,CRIT,"The review applies criteria such as formidable technique and contrapuntal line, but these are covered sufficiently by the emitted critical evaluation and canon/ranking codes.",25
JALEO_1982_11::A12,jaleo,Jaleo,JALEO_1982_11,1982,AUTH_01,AUTH,Phrases such as 'real in-depth technical skills' praise Morca's expertise but do not clearly make an authenticity claim about proper flamenco.,23
JALEO_1982_11::A13,jaleo,Jaleo,JALEO_1982_11,1982,PED_01,PED,"The Morca workshop advertisement names a master teacher, but it is advertising copy rather than a passage legitimating pedagogical authority through visible discourse.",23
JALEO_1982_11::A14,jaleo,Jaleo,JALEO_1982_11,1982,COMM_03,COMM,"The request for juerga sites and an 'instant flamenco den' mentions participatory settings, but it is mainly logistical and does not clearly evaluate the setting as a source of flamenco authority or value.",33
JALEO_1982_12::A1,jaleo,Jaleo,JALEO_1982_12,1982,PED_01,PED,"The article prepares readers with background, but it does not clearly position a teacher, method, or institution as pedagogical authority.",20
JALEO_1982_12::A2,jaleo,Jaleo,JALEO_1982_12,1982,HERIT_03,HERIT,"The phrase 'sharing and spreading the art of flamenco' suggests transmission, but it lacks a public heritage, safeguarding, or memory-work frame.",22
JALEO_1982_12::A3,jaleo,Jaleo,JALEO_1982_12,1982,COMM_01,COMM,"The writer's lack of knowledge about Spain suggests outsider status, but the passage asks for practical information rather than drawing an authority or belonging boundary.",26
JALEO_1982_12::A4,jaleo,Jaleo,JALEO_1982_12,1982,AUTH_01,AUTH,The passage defends a historical view of flamenco but does not clearly assert that one present practice is genuinely or properly flamenco.,22
JALEO_1982_12::A5,jaleo,Jaleo,JALEO_1982_12,1982,COMM_04,COMM,"The phrase 'gitana pura' invokes identity, but the visible passage primarily uses it as an authenticity and aesthetic criterion rather than developing identity-group authority.",25
JALEO_1982_12::A5,jaleo,Jaleo,JALEO_1982_12,1982,COMM_02,COMM,"The family history is extensive, but it mostly functions as biography rather than community authority to judge or sustain flamenco.",20
JALEO_1982_12::A6,jaleo,Jaleo,JALEO_1982_12,1982,PED_03,PED,"The workshop and ballet recommendation indicate formal learning contexts, but the passage is more about technique and embodied control than institutional or transnational access.",24
JALEO_1982_12::A7,jaleo,Jaleo,JALEO_1982_12,1982,PED_03,PED,"The closing advertisement promises mastery and learning, but it is promotional copy rather than sustained discourse on flamenco knowledge access.",20
JALEO_1982_12::A7,jaleo,Jaleo,JALEO_1982_12,1982,CRIT_01,CRIT,"The text praises the guitar's importance, but the stronger function is historical hierarchy and origin framing rather than a review of a specific performance or artist.",27
JALEO_1982_12::A8,jaleo,Jaleo,JALEO_1982_12,1982,PED_01,PED,"The article discusses Spanish-language teaching authority, but the code requires flamenco knowledge or flamenco-related pedagogical mediation.",18
JALEO_1982_12::A8,jaleo,Jaleo,JALEO_1982_12,1982,CRIT_04,CRIT,"The critique of university and literature teachers concerns language learning and dignity, not flamenco critical or expert authority.",18
JALEO_1982_12::A9,jaleo,Jaleo,JALEO_1982_12,1982,COMM_03,COMM,"The text contrasts live juerga response with recordings, but it does not clearly develop a public/private or participatory-setting boundary.",21
JALEO_1982_12::A9,jaleo,Jaleo,JALEO_1982_12,1982,AUTH_01,AUTH,"The phrase 'momento de verdad' suggests truth, but the visible passage mainly supports aesthetic evaluation rather than a direct authenticity claim about proper flamenco.",24
JALEO_1982_12::A11,jaleo,Jaleo,JALEO_1982_12,1982,CRIT_01,CRIT,Phrases such as 'successful summer appearances' and 'top line of flamenco guitars' are brief promotional/news language without enough critical judgment.,21
JALEO_1982_12::A11,jaleo,Jaleo,JALEO_1982_12,1982,CRIT_03,CRIT,The ad phrase 'choice of many leading guitarists' implies status but is product advertising rather than canon or hierarchy construction around flamenco practice.,23
JALEO_1983_01::A1,jaleo,Jaleo,JALEO_1983_01,1983,HERIT_03,HERIT,"Although preservation and 'museum pieces' appear, the passage lacks a clear public heritage, safeguarding, or institutional heritage frame.",18
JALEO_1983_01::A1,jaleo,Jaleo,JALEO_1983_01,1983,COMM_04,COMM,"Bailarina/bailaora terminology appears, but it functions mainly as a dance-category distinction rather than identity-based authority or belonging.",20
JALEO_1983_01::A2,jaleo,Jaleo,JALEO_1983_01,1983,COMM_02,COMM,"The editorial values reader and writer participation in sustaining Jaleo, but it does not clearly grant community authority to recognize, judge, or define flamenco.",24
JALEO_1983_01::A3,jaleo,Jaleo,JALEO_1983_01,1983,CRIT_01,CRIT,"El Cabrero is described as popular and unable to sing in one episode, but the passage primarily reports a legal incident rather than evaluating flamenco artistry.",26
JALEO_1983_01::A3,jaleo,Jaleo,JALEO_1983_01,1983,COMM_02,COMM,"The artistic community campaigns for El Cabrero, but this is solidarity around punishment rather than community authority to recognize or judge flamenco.",22
JALEO_1983_01::A4,jaleo,Jaleo,JALEO_1983_01,1983,AUTH_04,AUTH,"The passage values anti-bourgeois simplicity, but it does not clearly link commercial or intimate settings to flamenco authenticity.",19
JALEO_1983_01::A4,jaleo,Jaleo,JALEO_1983_01,1983,CRIT_01,CRIT,"The article evaluates mainstream success values, but not a flamenco artist, performance, style, or event.",15
JALEO_1983_01::A6,jaleo,Jaleo,JALEO_1983_01,1983,CRIT_02,CRIT,"Compás and cante clásico appear, but the visible passage uses them mainly in demonstration and explanation, not as evaluative criteria.",20
JALEO_1983_01::A6,jaleo,Jaleo,JALEO_1983_01,1983,AUTH_03,AUTH,"References to Aurelio and cante clásico suggest tradition, but the passage emphasizes learning and variation more than continuity as authority.",20
JALEO_1983_01::A7,jaleo,Jaleo,JALEO_1983_01,1983,AUTH_01,AUTH,"The phrase 'true flamences' signals authenticity, but the stronger and more specific discourse function is anti-stage/intimate authenticity captured by AUTH_04.",22
JALEO_1983_01::A7,jaleo,Jaleo,JALEO_1983_01,1983,PED_03,PED,"The closing advertisement mentions mastery and learning, but it is promotional copy rather than a substantive access or pedagogy discourse.",20
JALEO_1983_01::A8,jaleo,Jaleo,JALEO_1983_01,1983,AUTH_03,AUTH,"The ending mentions origins and regypsification, but the visible evidence is more directly captured by lineage transmission and critical canonization.",20
JALEO_1983_01::A9,jaleo,Jaleo,JALEO_1983_01,1983,AUTH_01,AUTH,"The word pure appears, but the discourse function is primarily an origin/roots claim rather than a direct claim that a present practice is genuine flamenco.",26
JALEO_1983_01::A10,jaleo,Jaleo,JALEO_1983_01,1983,AUTH_04,AUTH,"The Las Vegas/Moulin Rouge spectacle comparison suggests anti-spectacle authenticity, but commercialization itself is not the central stated threat.",20
JALEO_1983_01::A11,jaleo,Jaleo,JALEO_1983_01,1983,AUTH_03,AUTH,"The text discusses origins and preservation of dance elements, but mostly as historical-pedagogical development rather than as an explicit authenticity or continuity claim.",24
JALEO_1983_01::A11,jaleo,Jaleo,JALEO_1983_01,1983,CRIT_03,CRIT,"Competitions imply ranking, but the passage does not dwell on a canon or hierarchy beyond the pedagogical contest setting.",19
JALEO_1983_01::A14,jaleo,Jaleo,JALEO_1983_01,1983,AUTH_01,AUTH,"The word 'authentic' appears for regional costumes and charming dancing, but the claim is not clearly about proper flamenco authenticity.",20
JALEO_1983_02::A1,jaleo,Jaleo,JALEO_1983_02,1983,AUTH_02,AUTH,"Purity is used as a positive aesthetic descriptor of Rioja, but the visible text does not draw a clear pure/impure boundary around legitimate flamenco.",25
JALEO_1983_02::A1,jaleo,Jaleo,JALEO_1983_02,1983,COMM_04,COMM,"Male dress in the Farruca is mentioned, but the excerpt does not clearly use gender identity to define belonging, authority, or representation.",22
JALEO_1983_02::A4,jaleo,Jaleo,JALEO_1983_02,1983,PED_02,PED,"The rhythm and verbal code are described as performance communication, not as learning or embodied/oral transmission.",17
JALEO_1983_02::A4,jaleo,Jaleo,JALEO_1983_02,1983,CRIT_01,CRIT,"There is praise, but the strongest visible critical discourse is hierarchical canonization rather than a developed review judgment.",18
JALEO_1983_02::A6,jaleo,Jaleo,JALEO_1983_02,1983,AUTH_03,AUTH,"The historical emergence of forms is narrated, but the visible text is mainly explanatory rather than using tradition or origin to authorize present practice.",24
JALEO_1983_02::A6,jaleo,Jaleo,JALEO_1983_02,1983,CRIT_02,CRIT,"Technical coordination and ability are praised, but the passage functions more as pedagogy/transmission history than as aesthetic criteria for judging quality.",22
JALEO_1983_02::A7,jaleo,Jaleo,JALEO_1983_02,1983,COMM_04,COMM,"The review uses gendered criteria for a male dancer, but these are already captured as aesthetic criteria and do not independently develop identity-based belonging or representation.",27
JALEO_1983_02::A7,jaleo,Jaleo,JALEO_1983_02,1983,AUTH_02,AUTH,"The phrase 'purity of expression' appears, but no impure, fake, or excluded form is identified.",15
JALEO_1983_02::A8,jaleo,Jaleo,JALEO_1983_02,1983,AUTH_03,AUTH,The phrase 'traditional and contemporary flamenco styles' is descriptive and does not authorize value through tradition or continuity.,18
JALEO_1983_02::A8,jaleo,Jaleo,JALEO_1983_02,1983,CRIT_04,CRIT,"The mention that purists might question the interpretation signals possible contestation, but no critic or expert authority is developed.",19
JALEO_1983_02::A11,jaleo,Jaleo,JALEO_1983_02,1983,AUTH_02,AUTH,"The phrase 'Flamenco: For the Purist Its a Ritual, Not a Spectacle' appears only as a back-issue article title in a contents list, so the visible text does not itself perform purity boundary-work.",35
JALEO_1983_02::A11,jaleo,Jaleo,JALEO_1983_02,1983,PED_03,PED,"Items such as 'flamenco dictionary' and 'A Masterful Lesson by Maestro Sabicas' suggest educational content, but they are listed as back-issue contents rather than visible discourse about learning access or pedagogy.",32
JALEO_1983_03::A1,jaleo,Jaleo,JALEO_1983_03,1983,CRIT_03,CRIT,"Phrases such as 'world renowned artists' and 'nationally acclaimed dance program' imply prestige, but the passage mainly credentials training rather than constructing a flamenco canon or ranking.",27
JALEO_1983_03::A2,jaleo,Jaleo,JALEO_1983_03,1983,PED_03,PED,"The mention of Ken Sanders offering 'tips on guitar technique' suggests knowledge mediation, but it is a brief staff announcement rather than a developed discourse about learning access.",28
JALEO_1983_03::A3,jaleo,Jaleo,JALEO_1983_03,1983,COMM_03,COMM,"The word 'public' appears in a sales/access context for video tapes, not as an evaluative public/private or participatory flamenco setting contrast.",23
JALEO_1983_03::A3,jaleo,Jaleo,JALEO_1983_03,1983,PED_01,PED,"Fleming's institutional credentials and named teachers are visible in a biography fragment, but the truncated composite text does not give enough focused pedagogical-authority discourse to emit a second pedagogy code confidently.",33
JALEO_1983_03::A4,jaleo,Jaleo,JALEO_1983_03,1983,COMM_04,COMM,"Gypsy and non-gypsy performers are mentioned in relation to recordings, but the visible text does not clearly use identity to define belonging, authority, or representation.",26
JALEO_1983_03::A4,jaleo,Jaleo,JALEO_1983_03,1983,PED_01,PED,"Luisa Pericet is mentioned as teaching a choreography, but the passage does not clearly construct her as an authoritative pedagogical mediator.",21
JALEO_1983_03::A5,jaleo,Jaleo,JALEO_1983_03,1983,PED_01,PED,"The phrase 'MAESTROS DE ACADEMIAS SEVILLANAS DE BAÍLE' names academy teachers in a program listing, but it does not itself authorize pedagogy or evaluate transmission.",25
JALEO_1983_03::A5,jaleo,Jaleo,JALEO_1983_03,1983,PED_03,PED,"The excerpt mentions guitar and dance courses, but only as logistical event information without learning-access or institutional legitimacy discourse.",20
JALEO_1983_03::A5,jaleo,Jaleo,JALEO_1983_03,1983,AUTH_03,AUTH,"'TRADICIDNAL' appears in a program item, but the listing does not use tradition to authorize or judge flamenco practice.",19
JALEO_1983_03::A6,jaleo,Jaleo,JALEO_1983_03,1983,PED_02,PED,"The article concerns footwork as embodied practice, but the main discourse is written notation and mediated access rather than oral, familial, or lineage transmission.",24
JALEO_1983_03::A7,jaleo,Jaleo,JALEO_1983_03,1983,CRIT_03,CRIT,"Paco de Lucía and Segovia are cited as authorities, but the excerpt does not build a canon or rank flamenco artists.",21
JALEO_1983_03::A8,jaleo,Jaleo,JALEO_1983_03,1983,CRIT_01,CRIT,"The text criticizes copying and sameness, but the stronger discourse function is pedagogical guidance about how students should learn.",19
JALEO_1983_03::A8,jaleo,Jaleo,JALEO_1983_03,1983,AUTH_01,AUTH,"The text uses 'true' repeatedly for self-expression, but it does not clearly make an authenticity claim about proper flamenco itself.",21
JALEO_1983_03::A10,jaleo,Jaleo,JALEO_1983_03,1983,CRIT_03,CRIT,"The visible title contrasts modern bailadores with dancers of the past, but titles/metadata are not sufficient and the article body does not clearly develop a hierarchy.",27
JALEO_1983_03::A10,jaleo,Jaleo,JALEO_1983_03,1983,CRIT_02,CRIT,"The phrase 'always within the compás' names a flamenco criterion, but here it mainly describes the chufla form rather than applying a quality judgment.",24
JALEO_1983_03::A11,jaleo,Jaleo,JALEO_1983_03,1983,COMM_04,COMM,"The ending jokes about ethnic representation at a festival, but the passage does not clearly frame flamenco authority or belonging through identity.",22
JALEO_1983_03::A12,jaleo,Jaleo,JALEO_1983_03,1983,COMM_04,COMM,"The comparison of Japanese, German, French, and English learners uses identity categories, but the stronger function is transnational pedagogy/access rather than community belonging.",24
JALEO_1983_03::A12,jaleo,Jaleo,JALEO_1983_03,1983,CRIT_03,CRIT,"Cano is described as the first official professor and an artist-ambassador, but the visible discourse is primarily institutional pedagogy rather than canon ranking.",24
JALEO_1983_03::A13,jaleo,Jaleo,JALEO_1983_03,1983,CRIT_01,CRIT,"The 'Bravo' praise for founders is evaluative, but it is secondary to the community and pedagogical function of the passage.",20
JALEO_1983_03::A14,jaleo,Jaleo,JALEO_1983_03,1983,PED_01,PED,"La Meri, Carola Goya, and Mattox are presented as experienced authorities, but the stronger distinct evidence concerns the Society's institutional syllabus and examination system.",25
JALEO_1983_03::A14,jaleo,Jaleo,JALEO_1983_03,1983,CRIT_02,CRIT,"Phrases like 'energy, excitement and passion' and 'went right to the heart' are aesthetic praise, but they do not add a distinct criterion beyond the general critical evaluation already coded.",30
JALEO_1983_03::A15,jaleo,Jaleo,JALEO_1983_03,1983,AUTH_01,AUTH,"The phrase ""a la gitano"" may suggest authenticity, but the visible text does not clearly define it as genuine or proper flamenco.",22
JALEO_1983_04::A1,jaleo,Jaleo,JALEO_1983_04,1983,PED_01,PED,"The text mentions a guitar master and university workshops, but the visible excerpt is mainly classical-guitar biography and does not yet discuss flamenco knowledge transmission.",26
JALEO_1983_04::A1,jaleo,Jaleo,JALEO_1983_04,1983,CRIT_03,CRIT,"""Most decorated guitarist of his generation"" is a ranking claim, but the evaluated target is framed as a classical guitarist rather than a flamenco actor or practice.",27
JALEO_1983_04::A2,jaleo,Jaleo,JALEO_1983_04,1983,COMM_02,COMM,"The editorial asks readers for understanding and help, but the discourse concerns magazine labor and finances rather than flamenco community authority or belonging.",23
JALEO_1983_04::A2,jaleo,Jaleo,JALEO_1983_04,1983,HERIT_03,HERIT,"The text implies sustaining Jaleo as a publication, but it does not frame flamenco as public heritage, safeguarding, or living cultural preservation.",22
JALEO_1983_04::A3,jaleo,Jaleo,JALEO_1983_04,1983,CRIT_01,CRIT,"""Unequaled anywhere"" is evaluative, but the judgment primarily supports the pedagogical-authority claim rather than a separate critical review function.",20
JALEO_1983_04::A4,jaleo,Jaleo,JALEO_1983_04,1983,CRIT_04,CRIT,"Critics are mentioned as praising his teaching, but the excerpt does not quote or develop a separate critic/expert discourse beyond supporting pedagogical authority.",24
JALEO_1983_04::A4,jaleo,Jaleo,JALEO_1983_04,1983,COMM_04,COMM,"Triana and Japanese student references suggest identity/transnational context, but they do not clearly organize authority or belonging in the visible passage.",22
JALEO_1983_04::A5,jaleo,Jaleo,JALEO_1983_04,1983,AUTH_03,AUTH,"The article mentions folklore and continuity, but the strongest visible discourse is authenticity/commercial boundary-work rather than tradition as an independent authorizing basis.",24
JALEO_1983_04::A6,jaleo,Jaleo,JALEO_1983_04,1983,AUTH_03,AUTH,"The old-school framing suggests tradition, but the visible evidence mainly evaluates and canonizes performers rather than grounding present authority in continuity.",22
JALEO_1983_04::A7,jaleo,Jaleo,JALEO_1983_04,1983,PED_01,PED,"Mairena is called maestro, but the visible passage does not primarily frame him as teaching or correcting flamenco knowledge.",19
JALEO_1983_04::A9,jaleo,Jaleo,JALEO_1983_04,1983,CRIT_04,CRIT,"The article criticizes improper/frivolous forms, but the visible evidence is adequately captured by critical evaluation, hierarchy, and authenticity boundary-work without a distinct expert-authority claim.",27
JALEO_1983_04::A10,jaleo,Jaleo,JALEO_1983_04,1983,CRIT_04,CRIT,"The text invokes Manuel de Falla and Felipe Pedrell as expert sources, but the visible passage does not rely primarily on their expert role to police a boundary beyond the coded historical and aesthetic claims.",35
JALEO_1983_04::A11,jaleo,Jaleo,JALEO_1983_04,1983,PED_01,PED,"Named instructors and course organization imply teaching authority, but the visible text mostly lists courses and fees rather than explicitly authorizing a teacher or method.",25
JALEO_1983_04::A11,jaleo,Jaleo,JALEO_1983_04,1983,CRIT_02,CRIT,"Compás and technique are named as course topics, but they are not applied as aesthetic criteria for judging flamenco quality in this notice.",23
JALEO_1983_04::A12,jaleo,Jaleo,JALEO_1983_04,1983,CRIT_01,CRIT,"The closing remarks praise the prior presentation's atmosphere and support, but the passage is mostly event reporting and lacks sustained critical assessment of artistry.",25
JALEO_1983_04::A12,jaleo,Jaleo,JALEO_1983_04,1983,COMM_02,COMM,"The text invokes fellowship and local support, but it does not clearly present a community group as possessing authority to judge or sustain flamenco.",24
JALEO_1983_04::A13,jaleo,Jaleo,JALEO_1983_04,1983,PED_01,PED,"Rayna is shown teaching a dance class and speaking on flamenco feeling, but the text is a brief scene report and does not frame her teaching as authorized transmission.",29
JALEO_1983_04::A13,jaleo,Jaleo,JALEO_1983_04,1983,CRIT_01,CRIT,Phrases such as 'unique pictures' and 'active in flamenco dance for many years' are descriptive or lightly promotional rather than clear flamenco critical evaluation.,24
JALEO_1983_06::A1,jaleo,Jaleo,JALEO_1983_06,1983,PED_03,PED,"The workshop gives access to mostly non-flamenco guitarists in an institutional setting, but the stronger evidence concerns Paco Peña's authority and embodied method.",25
JALEO_1983_06::A1,jaleo,Jaleo,JALEO_1983_06,1983,CRIT_01,CRIT,"Paco evaluates individual guitarists bluntly, but those judgments mainly serve the pedagogical method and compás criterion already coded.",18
JALEO_1983_06::A1,jaleo,Jaleo,JALEO_1983_06,1983,CRIT_03,CRIT,"Paco Peña is treated as a significant artist, but the excerpt does not chiefly construct a canon or ranking of artists.",21
JALEO_1983_06::A3,jaleo,Jaleo,JALEO_1983_06,1983,COMM_02,COMM,"The invitations and thanks show community participation, but they do not clearly grant aficionados or a community authority to judge or define flamenco.",23
JALEO_1983_06::A4,jaleo,Jaleo,JALEO_1983_06,1983,COMM_03,COMM,"The fiesta and tablao settings are visible, but the excerpt does not clearly contrast participatory/private settings with public spectatorship as a value claim.",24
JALEO_1983_06::A5,jaleo,Jaleo,JALEO_1983_06,1983,PED_03,PED,"The advertisement promises accelerated learning and mastery, but it is promotional copy rather than a clear discourse about institutional or transnational access to flamenco knowledge.",25
JALEO_1983_06::A6,jaleo,Jaleo,JALEO_1983_06,1983,CRIT_04,CRIT,"The article contests definitions, but the visible excerpt does not clearly position a critic or expert authority as the source of boundary-policing.",23
JALEO_1983_06::A7,jaleo,Jaleo,JALEO_1983_06,1983,PED_02,PED,"The references to family, Ramón Montoya, and growing up near artists suggest lineage proximity, but the visible text does not clearly state transmission or learning as the basis of authority.",30
JALEO_1983_06::A7,jaleo,Jaleo,JALEO_1983_06,1983,COMM_02,COMM,"Family and flamenco social circles appear, but the excerpt mainly uses them as biography rather than community authority to judge or sustain flamenco.",23
JALEO_1983_06::A8,jaleo,Jaleo,JALEO_1983_06,1983,AUTH_03,AUTH,"The article discusses tradition and evolution, but the visible passage mainly explains stylistic history rather than using tradition to authorize proper flamenco.",22
JALEO_1983_06::A8,jaleo,Jaleo,JALEO_1983_06,1983,CRIT_03,CRIT,"Named schools and modern dance figures appear, but they are used as background analogy rather than a clear flamenco-related canon or hierarchy.",23
JALEO_1983_06::A10,jaleo,Jaleo,JALEO_1983_06,1983,AUTH_03,AUTH,"The word roots appears in a historical analogy about Greeks and Rome, not as a flamenco tradition or continuity claim.",20
JALEO_1983_06::A10,jaleo,Jaleo,JALEO_1983_06,1983,AUTH_04,AUTH,"The need to make a living is named as a cause of decadence, but the visible text does not clearly develop an anti-commercial authenticity claim.",26
JALEO_1983_06::A11,jaleo,Jaleo,JALEO_1983_06,1983,CRIT_03,CRIT,"Sabicas, Ramón Montoya, and Mario Escudero are invoked as reference points, but the visible passage primarily evaluates the recording rather than constructing a new hierarchy.",25
JALEO_1983_06::A12,jaleo,Jaleo,JALEO_1983_06,1983,CRIT_03,CRIT,"The article calls Bacán extraordinary and rare, but the visible excerpt does not clearly rank him within a canon beyond evaluative praise.",22
JALEO_1983_06::A13,jaleo,Jaleo,JALEO_1983_06,1983,CRIT_01,CRIT,"The article contains evaluative comments about ambience and performances, but the stronger discourse function is community participation rather than a sustained review.",22
JALEO_1983_06::A14,jaleo,Jaleo,JALEO_1983_06,1983,HERIT_02,HERIT,"Sanlucar's National Prize is an official recognition, but the visible passage frames it mainly as career prestige rather than heritage or public-culture authorization.",25
JALEO_1983_06::A15,jaleo,Jaleo,JALEO_1983_06,1983,PED_03,PED,"Earl's self-teaching and planned Paco Pena workshop are mentioned biographically, but the passage does not evaluate or thematize flamenco learning access.",23
JALEO_1983_07::A2,jaleo,Jaleo,JALEO_1983_07,1983,PED_03,PED,"Workshops are listed among summer activities, but the passage is an administrative notice rather than a discourse about learning, authority, or access.",22
JALEO_1983_07::A3,jaleo,Jaleo,JALEO_1983_07,1983,COMM_02,COMM,"The reference to oldtimers suggests community recognition, but the passage does not clearly grant them authority to judge flamenco beyond supporting Diego's reputation.",24
JALEO_1983_07::A4,jaleo,Jaleo,JALEO_1983_07,1983,COMM_02,COMM,"Aficionados are mentioned, but the visible text does not clearly grant them authority to judge or sustain flamenco beyond describing their presence.",22
JALEO_1983_07::A5,jaleo,Jaleo,JALEO_1983_07,1983,AUTH_04,AUTH,"Professionalization is contrasted with street/people's singing, but the visible wording does not clearly frame professionalization as corrupting or less authentic.",22
JALEO_1983_07::A6,jaleo,Jaleo,JALEO_1983_07,1983,COMM_02,COMM,"The afición is addressed as the audience for the festival program, but the visible text does not clearly position it as an authority that judges or sustains flamenco.",28
JALEO_1983_07::A6,jaleo,Jaleo,JALEO_1983_07,1983,HERIT_03,HERIT,"The passage mentions lost traditions and rebirth, but it does not explicitly shift into public heritage, safeguarding, or patrimonial framing.",20
JALEO_1983_07::A7,jaleo,Jaleo,JALEO_1983_07,1983,PED_01,PED,"The text mentions that Carmen studies with José Molina and teaches in New York, but this is neutral biography without a clear claim of pedagogical authority or transmission stakes.",29
JALEO_1983_07::A8,jaleo,Jaleo,JALEO_1983_07,1983,PED_01,PED,"Antonio Mairena is described as a recognized patriarch who schooled Pepe, but the stronger visible discourse concerns lineage/familial transmission rather than formal pedagogical authority.",25
JALEO_1983_07::A8,jaleo,Jaleo,JALEO_1983_07,1983,CRIT_01,CRIT,"The article contains explicit evaluation of American flamenco, but CRIT_04 captures the more specific boundary-policing critique.",17
JALEO_1983_07::A8,jaleo,Jaleo,JALEO_1983_07,1983,COMM_03,COMM,"Intimacy and spontaneity are valued, but the passage emphasizes anti-professional authenticity and critical boundary work more than a developed public/private participatory setting contrast.",25
JALEO_1983_07::A10,jaleo,Jaleo,JALEO_1983_07,1983,PED_03,PED,"The class listings at the end mention group classes and levels, but they are routine advertisements without meaningful discourse about access or pedagogy.",23
JALEO_1983_07::A11,jaleo,Jaleo,JALEO_1983_07,1983,COMM_04,COMM,"The passage mentions male and female costumes, but the gender references mainly describe costume history and do not clearly organize authority, belonging, or representation.",24
JALEO_1983_07::A16,jaleo,Jaleo,JALEO_1983_07,1983,AUTH_04,AUTH,"The critique of lucrative commercial systems overlaps with anti-commercial authenticity, but the visible passage primarily functions as critical condemnation rather than an explicit authenticity claim.",26
JALEO_1983_07::A19,jaleo,Jaleo,JALEO_1983_07,1983,PED_03,PED,"The UCSD beginning guitar and survey class suggests institutional access, but it appears as a routine course notice with limited discourse about learning authority or mediation.",26
JALEO_1983_08::A1,jaleo,Jaleo,JALEO_1983_08,1983,COMM_04,COMM,"The statement 'flamenco guitar is not for a woman' invokes gendered exclusion, but the visible passage uses it mainly as an obstacle in biography rather than developing a broader identity-based flamenco authority claim.",34
JALEO_1983_08::A1,jaleo,Jaleo,JALEO_1983_08,1983,CRIT_03,CRIT,"Phrases such as 'legendary' and 'monumental accompanist' elevate artists, but the stronger visible discourse is authenticity and transmission rather than canon construction.",22
JALEO_1983_08::A2,jaleo,Jaleo,JALEO_1983_08,1983,AUTH_01,AUTH,The phrase 'a five record set of authentic flamenco' appears in a sales/listing context and is not developed enough as an authenticity claim about flamenco practice.,27
JALEO_1983_08::A2,jaleo,Jaleo,JALEO_1983_08,1983,PED_03,PED,"The editor refers readers to community knowledge for book sources, but this is an administrative exchange rather than a clear discourse about flamenco learning access.",25
JALEO_1983_08::A3,jaleo,Jaleo,JALEO_1983_08,1983,PED_03,PED,"The course setting and teachers are described, but the visible excerpt mostly reports activities and evaluations rather than thematizing access to flamenco knowledge.",23
JALEO_1983_08::A3,jaleo,Jaleo,JALEO_1983_08,1983,HERIT_02,HERIT,"The mayor, guest of honor, and benefit organization provide institutional context, but they do not authorize flamenco as heritage in the visible text.",23
JALEO_1983_08::A5,jaleo,Jaleo,JALEO_1983_08,1983,HERIT_02,HERIT,"The Rockefeller Foundation, NEA, and State Foundation support a modern dance reconstruction, but the supported 'masterpiece' is not clearly flamenco in the visible excerpt.",24
JALEO_1983_08::A5,jaleo,Jaleo,JALEO_1983_08,1983,CRIT_02,CRIT,"Terms such as 'virtuosity,' 'artistry,' and 'gypsy duende' are present, but they are not developed into clear evaluative criteria for a specific flamenco performance.",24
JALEO_1983_08::A6,jaleo,Jaleo,JALEO_1983_08,1983,CRIT_03,CRIT,"The phrase 'Flamenco star' gives promotional status, but it does not construct a canon or hierarchy beyond routine event publicity.",20
JALEO_1983_08::A6,jaleo,Jaleo,JALEO_1983_08,1983,COMM_03,COMM,"The nightclub series names performance venues and events, but it does not contrast public/private or participatory settings in an evaluative way.",22
JALEO_1983_08::A7,jaleo,Jaleo,JALEO_1983_08,1983,COMM_04,COMM,"Although the text mentions many dancers and the field of ethnic dance, it does not use identity categories to define flamenco belonging or authority.",24
JALEO_1983_08::A10,jaleo,Jaleo,JALEO_1983_08,1983,CRIT_03,CRIT,"The mention of Sabicas, Paco de Lucía, and other virtuosos is reverential but secondary to the instructional and evaluative argument, so it is not emitted as a separate canon code.",30
JALEO_1983_08::A10,jaleo,Jaleo,JALEO_1983_08,1983,AUTH_01,AUTH,"The claim that flamenco is a complete art form legitimates flamenco, but it does not explicitly frame the issue as true, genuine, or proper flamenco.",25
JALEO_1983_08::A12,jaleo,Jaleo,JALEO_1983_08,1983,PED_01,PED,"The text mentions effects on the narrator's dancing, but the visible span does not clearly position a teacher, school, or method as pedagogical authority.",25
JALEO_1983_08::A13,jaleo,Jaleo,JALEO_1983_08,1983,COMM_03,COMM,"The word 'audiences' appears, but the passage gives ordinary audience response rather than a meaningful participatory or public/private setting distinction.",21
JALEO_1983_08::A13,jaleo,Jaleo,JALEO_1983_08,1983,CRIT_03,CRIT,"The phrase 'highest state of the art' is hierarchical, but in context it functions mainly as a general evaluative flourish rather than sustained canon or ranking work.",27
JALEO_1983_08::A14,jaleo,Jaleo,JALEO_1983_08,1983,HERIT_03,HERIT,"The shared history book suggests memory-work, but the passage does not clearly frame it as public cultural heritage or safeguarding.",21
JALEO_1983_10::A1,jaleo,Jaleo,JALEO_1983_10,1983,CRIT_02,CRIT,"Rhythm and styles of soleares are mentioned, but the visible passage uses them mainly in a teaching explanation rather than as critical evaluation criteria.",24
JALEO_1983_10::A2,jaleo,Jaleo,JALEO_1983_10,1983,COMM_03,COMM,"The greetings to aficionados and global distribution indicate audience/community reach, but they do not create a public/private or participatory setting contrast.",23
JALEO_1983_10::A2,jaleo,Jaleo,JALEO_1983_10,1983,HERIT_03,HERIT,"The tape library may aid preservation/access, but the visible text does not frame it as safeguarding or public heritage.",20
JALEO_1983_10::A3,jaleo,Jaleo,JALEO_1983_10,1983,AUTH_02,AUTH,"The phrase 'most pure cante jondo' invokes purity, but the visible excerpt does not identify an excluded or devalued impure target.",21
JALEO_1983_10::A3,jaleo,Jaleo,JALEO_1983_10,1983,HERIT_02,HERIT,"The bust, plaque, and town hall setting suggest public commemoration, but the visible text does not clearly frame this as authorized heritage recognition.",23
JALEO_1983_10::A5,jaleo,Jaleo,JALEO_1983_10,1983,PED_02,PED,"The text names family and local influences such as Pedro Peña and Fernanda de Pinini, but it does not clearly describe embodied, oral, or intergenerational transmission as a learning process.",30
JALEO_1983_10::A6,jaleo,Jaleo,JALEO_1983_10,1983,COMM_04,COMM,"The 'pure gypsy' question and genealogy invoke identity, but the visible answer mainly lists relatives and does not explicitly make identity do authority or belonging work.",26
JALEO_1983_10::A6,jaleo,Jaleo,JALEO_1983_10,1983,PED_01,PED,"The later news about centers, classes, and academies suggests formal pedagogy, but the visible wording is mostly announcement-style and weaker than the emitted foreign-learning access evidence.",28
JALEO_1983_10::A7,jaleo,Jaleo,JALEO_1983_10,1983,AUTH_03,AUTH,"References to Andalucia and Andalucian pathos suggest origin-based value, but the visible excerpt does not clearly use roots or continuity to authorize present flamenco.",25
JALEO_1983_10::A7,jaleo,Jaleo,JALEO_1983_10,1983,HERIT_03,HERIT,"The phrase 'guards and treasures el arte' suggests preservation, but it lacks a public heritage, safeguarding, or community-responsibility frame.",20
JALEO_1983_10::A8,jaleo,Jaleo,JALEO_1983_10,1983,COMM_04,COMM,"The phrase 'genuinely masculine style' is gendered, but it does not clearly organize flamenco belonging, authority, or representation beyond evaluative description.",21
JALEO_1983_10::A8,jaleo,Jaleo,JALEO_1983_10,1983,PED_03,PED,"The visible caption mentions a workshop, but the passage does not clearly frame institutional or transnational access to learning as a discourse function.",23
JALEO_1983_10::A9,jaleo,Jaleo,JALEO_1983_10,1983,PED_01,PED,"The examiner and certificate imply pedagogical authority, but the passage primarily describes institutional certification rather than an authoritative teaching relation.",20
JALEO_1983_10::A10,jaleo,Jaleo,JALEO_1983_10,1983,AUTH_03,AUTH,"The phrase 'basic traditional approach' appears, but tradition is not independently used to authorize continuity beyond the technical argument.",19
JALEO_1983_10::A12,jaleo,Jaleo,JALEO_1983_10,1983,PED_01,PED,"The advertisement mentions 'Instruction in Cante and Baile Flamenco,' but it is a routine class listing without authority or transmission stakes.",21
JALEO_1983_10::A13,jaleo,Jaleo,JALEO_1983_10,1983,CRIT_01,CRIT,"The criticism of step-only teaching is evaluative, but its main discourse function is pedagogical rather than a review of artistic quality.",22
JALEO_1983_10::A14,jaleo,Jaleo,JALEO_1983_10,1983,COMM_03,COMM,"Audience frenzy is mentioned, but the passage does not clearly contrast spectatorship with participatory flamenco or make participation a value marker.",21
JALEO_1983_10::A15,jaleo,Jaleo,JALEO_1983_10,1983,PED_03,PED,"Master classes and conservatory teaching are mentioned, but only as event/biographical information without a developed access, transmission, or legitimacy claim.",21
JALEO_1983_10::A15,jaleo,Jaleo,JALEO_1983_10,1983,CRIT_01,CRIT,Phrases like 'great success' and 'very well received' are generic promotional praise without specific critical criteria.,16
JALEO_1983_10::A16,jaleo,Jaleo,JALEO_1983_10,1983,HERIT_03,HERIT,"The stolen scrapbook contains pictures of past juergas, but the passage treats it as a lost communal object rather than explicit heritage or safeguarding work.",25
JALEO_1983_10::A16,jaleo,Jaleo,JALEO_1983_10,1983,CRIT_01,CRIT,"'Less desirable' and 'graced with more cante' evaluate the event lightly, but the main discourse function is participatory community description.",20
JALEO_1983_10::A17,jaleo,Jaleo,JALEO_1983_10,1983,HERIT_03,HERIT,"The call to support establishments that promote flamenco suggests continuity, but it lacks explicit heritage, safeguarding, or public-culture framing.",20
JALEO_1983_12::A1,jaleo,Jaleo,JALEO_1983_12,1983,AUTH_03,AUTH,"The passage mentions castanet tradition continuing in Spain, but it functions mainly as historical explanation rather than a clear authorization of present flamenco practice.",24
JALEO_1983_12::A4,jaleo,Jaleo,JALEO_1983_12,1983,COMM_03,COMM,"Audience size and ovations are visible, but they function as attendance and reception rather than a public/private or participatory setting contrast.",22
JALEO_1983_12::A5,jaleo,Jaleo,JALEO_1983_12,1983,PED_03,PED,"The passage mentions learning from records and playback devices, but the visible excerpt emphasizes historical/canonical development more than access to learning.",22
JALEO_1983_12::A6,jaleo,Jaleo,JALEO_1983_12,1983,PED_03,PED,"Although the article discusses creativity, it does not frame creativity as institutional, transnational, or access-oriented learning.",17
JALEO_1983_12::A8,jaleo,Jaleo,JALEO_1983_12,1983,AUTH_02,AUTH,"The phrase 'bulerías in name only' suggests improperness, but the article's dominant discourse is critical review rather than explicit purity rhetoric.",22
JALEO_1983_12::A8,jaleo,Jaleo,JALEO_1983_12,1983,CRIT_03,CRIT,"The passage mentions 'a few privileged' artists and memorable creations, but it does not name or construct a concrete canon or ranking beyond general evaluation.",25
JALEO_1983_12::A9,jaleo,Jaleo,JALEO_1983_12,1983,CRIT_01,CRIT,The phrase 'exciting new flamenco dance company' is promotional and too thin to support critical evaluation.,16
JALEO_1983_12::A10,jaleo,Jaleo,JALEO_1983_12,1983,COMM_03,COMM,"The preference for hearing flamenco with dancers and a wine bota hints at participatory setting, but it is secondary to the review and not developed enough as a social value claim.",31
JALEO_1983_12::A10,jaleo,Jaleo,JALEO_1983_12,1983,AUTH_03,AUTH,"The article describes traditional harmonic and melodic patterns, but mainly as musical description rather than tradition/continuity authorizing present value.",20
JALEO_1983_12::A11,jaleo,Jaleo,JALEO_1983_12,1983,COMM_02,COMM,"Aficionados are invited, but the passage does not clearly grant them authority to recognize, sustain, or judge flamenco.",18
JALEO_1983_12::A12,jaleo,Jaleo,JALEO_1983_12,1983,AUTH_04,AUTH,"The text describes a restaurant and flamenco show commercially, but does not frame commercial staging as authentic or inauthentic.",19
JALEO_1983_12::A12,jaleo,Jaleo,JALEO_1983_12,1983,COMM_03,COMM,"A tablao/restaurant setting is mentioned, but there is no evaluative public/private or participatory contrast.",16
JALEO_1983_12::A13,jaleo,Jaleo,JALEO_1983_12,1983,COMM_03,COMM,"The Fez listing mentions a juerga in which all can join, but it is too brief and event-list-like to establish a clear participatory setting argument.",27
JALEO_1983_12::A13,jaleo,Jaleo,JALEO_1983_12,1983,CRIT_03,CRIT,"The phrase 'the Nureyev of flamenco' suggests ranking, but it is reported billing rather than a developed evaluative hierarchy in the article text.",23
JALEO_1984_01::A1,jaleo,Jaleo,JALEO_1984_01,1984,COMM_01,COMM,"New Zealand is described as isolated, but no insider/outsider boundary around flamenco knowledge is drawn.",16
JALEO_1984_01::A1,jaleo,Jaleo,JALEO_1984_01,1984,COMM_02,COMM,"The text mentions a small flamenco scene and visiting companies, but does not present a community actor as authorizing or judging flamenco.",22
JALEO_1984_01::A2,jaleo,Jaleo,JALEO_1984_01,1984,PED_02,PED,"The biography mentions beginning guitar at age twelve, but does not describe embodied, oral, familial, or lineage-based transmission.",19
JALEO_1984_01::A2,jaleo,Jaleo,JALEO_1984_01,1984,AUTH_03,AUTH,"Spanish, folkloric, Madrid tablao, and touring credentials are biographical supports, but the text does not explicitly ground present value in tradition or continuity.",23
JALEO_1984_01::A4,jaleo,Jaleo,JALEO_1984_01,1984,CRIT_04,CRIT,"The record catalogue says each record has a brief critical review, but the visible text does not exercise critical authority or provide the review judgments themselves.",26
JALEO_1984_01::A5,jaleo,Jaleo,JALEO_1984_01,1984,PED_02,PED,"The retrieval hint points to compás, but the visible evidence does not describe embodied, oral, familial, or lineage-based transmission.",20
JALEO_1984_01::A6,jaleo,Jaleo,JALEO_1984_01,1984,AUTH_03,AUTH,"The phrase about germinal sources suggests roots/continuity, but the stronger visible discourse is purity boundary-work and canonical ranking, so a separate roots code would be overlapping.",28
JALEO_1984_01::A6,jaleo,Jaleo,JALEO_1984_01,1984,CRIT_01,CRIT,"The text contains general praise of Escudero and Bacán, but the emitted CRIT_02 and CRIT_03 codes capture the more specific evaluative functions.",22
JALEO_1984_01::A7,jaleo,Jaleo,JALEO_1984_01,1984,PED_03,PED,"A dancing school and Ballet auditions are mentioned, but the visible passage does not clearly evaluate institutional access or institutional pedagogy.",21
JALEO_1984_01::A7,jaleo,Jaleo,JALEO_1984_01,1984,CRIT_03,CRIT,"Antonio Gala is called the most important playwright in Spain, but the judgment targets a literary figure rather than flamenco or Spanish dance authority in the visible text.",28
JALEO_1984_01::A8,jaleo,Jaleo,JALEO_1984_01,1984,AUTH_03,AUTH,"The text contrasts traditional and less traditional concert material, but it does not clearly use tradition as an authority or evaluative basis.",22
JALEO_1984_01::A10,jaleo,Jaleo,JALEO_1984_01,1984,PED_02,PED,"The article emphasizes practice and bodily technique, but it does not clearly frame knowledge as oral, familial, or lineage-based transmission.",21
JALEO_1984_01::A11,jaleo,Jaleo,JALEO_1984_01,1984,AUTH_01,AUTH,"The text says 'true duende' and 'true marrow of flamenco,' but the stronger and more specific function is tradition/roots authorization.",21
JALEO_1984_01::A11,jaleo,Jaleo,JALEO_1984_01,1984,AUTH_02,AUTH,"Rock arrangements and electric instruments are contrasted with source/tradition, but the excerpt does not clearly exclude them as fake or illegitimate flamenco.",23
JALEO_1984_01::A12,jaleo,Jaleo,JALEO_1984_01,1984,PED_01,PED,"The interview explains guitar construction through an expert luthier, but it does not clearly frame flamenco knowledge transmission or teaching authority.",21
JALEO_1984_01::A12,jaleo,Jaleo,JALEO_1984_01,1984,CRIT_01,CRIT,"The text contains praise such as 'excellent reports' and 'master luthier,' but most evaluative work is technical/aesthetic criteria rather than a review judgment.",24
JALEO_1984_01::A13,jaleo,Jaleo,JALEO_1984_01,1984,HERIT_03,HERIT,"The tapes let listeners hear fine artists who are no longer alive, but the excerpt does not clearly frame this as safeguarding, memory-work, or public heritage.",27
JALEO_1984_01::A13,jaleo,Jaleo,JALEO_1984_01,1984,PED_01,PED,"Mariano Córdoba is described as a respected teacher/author, but the clearer function is mediated access through the method book and cassette.",22
JALEO_1984_01::A14,jaleo,Jaleo,JALEO_1984_01,1984,COMM_03,COMM,"Private juergas and tablaos are listed as itinerary items, but the passage does not explicitly evaluate public/private or participatory settings.",21
JALEO_1984_01::A16,jaleo,Jaleo,JALEO_1984_01,1984,CRIT_03,CRIT,"The reviewer names a 'best cut' and compares forms, but hierarchy is secondary to the broader critical evaluation and aesthetic criteria already coded.",23
JALEO_1984_01::A17,jaleo,Jaleo,JALEO_1984_01,1984,AUTH_02,AUTH,"The contrast with 'circus-like' modern flamenco suggests boundary-work, but in this review it functions mainly as critical aesthetic judgment already captured by CRIT_02 and CRIT_03.",27
JALEO_1984_01::A18,jaleo,Jaleo,JALEO_1984_01,1984,CRIT_01,CRIT,Phrases such as 'one of the jewels of the flamenco world' are promotional and not developed as critical review.,19
JALEO_1984_01::A19,jaleo,Jaleo,JALEO_1984_01,1984,COMM_03,COMM,"Tablao and restaurant settings are described, but the text does not contrast public/private or participant/spectator relations as a value claim.",22
JALEO_1984_01::A19,jaleo,Jaleo,JALEO_1984_01,1984,AUTH_03,AUTH,"Historical restaurant/family ownership details are present, but they do not authorize flamenco value through tradition or continuity.",18
JALEO_1984_01::A20,jaleo,Jaleo,JALEO_1984_01,1984,CRIT_01,CRIT,"Phrases such as 'added greatly to the ambient' and 'considerable talents' are mild praise, but they are too generic for a strong critical evaluation code.",25
JALEO_1984_01::A20,jaleo,Jaleo,JALEO_1984_01,1984,PED_01,PED,"Rudy Montoya heads the workshop, but the text does not present him as an authoritative teacher or knowledge-holder.",19
JALEO_1984_01::A21,jaleo,Jaleo,JALEO_1984_01,1984,COMM_03,COMM,"The text describes stage visibility and restaurant layout, but it does not make a clear public/private or participation/spectatorship value contrast.",22
JALEO_1984_01::A21,jaleo,Jaleo,JALEO_1984_01,1984,PED_03,PED,"A class advertisement appears at the end, but it is a routine listing with no meaningful discussion of learning access or pedagogy.",22
JALEO_1984_01::A22,jaleo,Jaleo,JALEO_1984_01,1984,PED_03,PED,"A seminar is mentioned, but only as a scheduled event listing with no discussion of learning access or transmission.",19
JALEO_1984_01::A22,jaleo,Jaleo,JALEO_1984_01,1984,CRIT_01,CRIT,The article lists concerts and performers but does not evaluate their quality or significance.,14
JALEO_1984_01::A23,jaleo,Jaleo,JALEO_1984_01,1984,AUTH_03,AUTH,"The awards encourage departure from traditional presentations, but tradition is not used to authorize flamenco or proper performance.",18
JALEO_1984_01::A23,jaleo,Jaleo,JALEO_1984_01,1984,HERIT_01,HERIT,"Ethnic dance is discussed broadly, but the passage does not frame it as public heritage or patrimony.",17
JALEO_1984_03::A1,jaleo,Jaleo,JALEO_1984_03,1984,AUTH_03,AUTH,"The references to Andalusian roots and a marginal flamenco province raise roots discourse, but the passage mainly uses them to mark outsider status rather than to authorize tradition or continuity.",30
JALEO_1984_03::A2,jaleo,Jaleo,JALEO_1984_03,1984,CRIT_03,CRIT,"The gathering of important representatives and public homage suggests canonization, but the clearest discourse work is evaluative and authenticity-based rather than formal ranking.",24
JALEO_1984_03::A2,jaleo,Jaleo,JALEO_1984_03,1984,AUTH_03,AUTH,"The mention of cante areas and old centers such as Triana, Cádiz, and Jerez evokes roots, but the passage does not clearly use continuity with the past as the primary source of authority.",33
JALEO_1984_03::A3,jaleo,Jaleo,JALEO_1984_03,1984,PED_03,PED,"The request for addresses to buy flamenco books concerns access to materials, but it is only an administrative reader query without a discourse claim about learning or mediation.",28
JALEO_1984_03::A3,jaleo,Jaleo,JALEO_1984_03,1984,CRIT_01,CRIT,"The phrase 'incredibly powerful stuff' evaluates a Machado poem, not a flamenco artist, practice, performance, or publication.",17
JALEO_1984_03::A5,jaleo,Jaleo,JALEO_1984_03,1984,CRIT_02,CRIT,"Compas, style, palmas, pitos, and posture are named as teaching content, but they function mainly as pedagogy rather than as critical evaluation of a performance.",25
JALEO_1984_03::A5,jaleo,Jaleo,JALEO_1984_03,1984,COMM_02,COMM,"The Peña Flamenca de Londres supports the course, but the passage does not clearly give the peña authority to judge or define flamenco beyond sponsorship.",25
JALEO_1984_03::A6,jaleo,Jaleo,JALEO_1984_03,1984,CRIT_03,CRIT,"The text names great masters and legendary José Greco, but the passage mainly uses those names to support Caro's biography and training rather than to build a hierarchy.",29
JALEO_1984_03::A6,jaleo,Jaleo,JALEO_1984_03,1984,PED_03,PED,"Caro is director and teacher of the New Jersey Art Academy, but the article gives only a brief institutional role rather than a developed claim about access or pedagogy.",29
JALEO_1984_03::A7,jaleo,Jaleo,JALEO_1984_03,1984,CRIT_03,CRIT,"Mentions working with 'the best' and names great artists, but this functions mainly as biographical self-positioning rather than a clear canon or ranking claim.",25
JALEO_1984_03::A8,jaleo,Jaleo,JALEO_1984_03,1984,COMM_02,COMM,"The audience is described as knowledgeable gypsies and payos with an eye for quality, but the stronger discourse function is identity framing rather than community authority.",26
JALEO_1984_03::A8,jaleo,Jaleo,JALEO_1984_03,1984,CRIT_01,CRIT,"There is evaluative praise of Juana's authentic singing and fresh art, but the main function is authenticity and lineage rather than a developed critical review.",26
JALEO_1984_03::A9,jaleo,Jaleo,JALEO_1984_03,1984,HERIT_03,HERIT,"The benefit for social and cultural services suggests public cultural work, but the visible text does not clearly frame flamenco as heritage to be safeguarded.",25
JALEO_1984_03::A10,jaleo,Jaleo,JALEO_1984_03,1984,COMM_04,COMM,"The text mentions male and female body ideals, but this is primarily anatomical/aesthetic instruction rather than identity-based belonging or authority.",22
JALEO_1984_03::A12,jaleo,Jaleo,JALEO_1984_03,1984,CRIT_03,CRIT,Phrases such as 'one of the jewels' and 'world renowned' are promotional and do not provide enough independent critical hierarchy to code canon formation.,24
JALEO_1984_03::A12,jaleo,Jaleo,JALEO_1984_03,1984,AUTH_02,AUTH,"The phrase 'pure artistry' appears, but it does not clearly draw an explicit boundary against impure or improper flamenco.",19
JALEO_1984_03::A13,jaleo,Jaleo,JALEO_1984_03,1984,PED_02,PED,"The visible trigger word 'practice' refers to someone playing the guitar backstage, not embodied/oral transmission or pedagogy.",18
JALEO_1984_03::A14,jaleo,Jaleo,JALEO_1984_03,1984,CRIT_01,CRIT,Promotional descriptions such as sold-out audiences and touring history are mostly press-release credentials rather than clear critical assessment.,20
JALEO_1984_03::A15,jaleo,Jaleo,JALEO_1984_03,1984,AUTH_03,AUTH,References to history and traditions contextualize the program but do not clearly use tradition to authorize present flamenco practice.,19
JALEO_1984_03::A15,jaleo,Jaleo,JALEO_1984_03,1984,CRIT_03,CRIT,"Historical references to Fanny Elssler and Petipa are comparative context, not a clear ranking or canon-building move in the visible excerpt.",22
JALEO_1984_03::A16,jaleo,Jaleo,JALEO_1984_03,1984,COMM_03,COMM,"The juerga scenes describe participatory gatherings, but the passage mainly lists attendees and events without clearly contrasting participation with spectatorship as a value claim.",24
JALEO_1984_03::A16,jaleo,Jaleo,JALEO_1984_03,1984,PED_02,PED,"The phrase 'pupil of Diego del Gastor' identifies a teacher relation, but the visible sentence does not develop lineage transmission as an authorizing discourse.",24
JALEO_1984_03::A17,jaleo,Jaleo,JALEO_1984_03,1984,PED_03,PED,"The phrase 'all levels of ability' concerns event participation, not a teaching or institutional learning-access claim.",17
JALEO_1984_03::A18,jaleo,Jaleo,JALEO_1984_03,1984,COMM_02,COMM,"The reference to hanging out with gypsies may suggest community proximity, but the visible passage frames it mainly as circumstance rather than community authority or recognition.",26
JALEO_1984_03::A19,jaleo,Jaleo,JALEO_1984_03,1984,COMM_03,COMM,"The juerga at a home with shared food and drinks suggests participatory setting, but the wording is mainly logistical rather than evaluative about public/private flamenco value.",27
JALEO_1984_05::A2,jaleo,Jaleo,JALEO_1984_05,1984,PED_03,PED,"The editorial mentions articles from Spain and East Coast updates, but this is administrative acknowledgement rather than a clear discourse about learning access or knowledge mediation.",26
JALEO_1984_05::A2,jaleo,Jaleo,JALEO_1984_05,1984,COMM_02,COMM,"Subscriber generosity and staff contributions indicate community support, but the text does not clearly authorize flamenco value through community standing or belonging.",22
JALEO_1984_05::A3,jaleo,Jaleo,JALEO_1984_05,1984,CRIT_04,CRIT,"The request for more concert reviews invokes review discourse, but it does not itself exercise critical authority or police artistic boundaries.",21
JALEO_1984_05::A4,jaleo,Jaleo,JALEO_1984_05,1984,HERIT_02,HERIT,"Command performances for heads of state confer prestige, but the passage does not frame flamenco or Spanish dance as public heritage.",21
JALEO_1984_05::A5,jaleo,Jaleo,JALEO_1984_05,1984,PED_03,PED,"The text mentions teaching at institutions and master classes, but mostly as itinerary/biography rather than a discourse about access to flamenco knowledge.",23
JALEO_1984_05::A5,jaleo,Jaleo,JALEO_1984_05,1984,HERIT_02,HERIT,"The Governor's Award is official recognition, but there is no explicit heritage or public-culture framing in the visible excerpt.",21
JALEO_1984_05::A6,jaleo,Jaleo,JALEO_1984_05,1984,PED_03,PED,"The four weeks of classes and performance opportunity are biographical facts, not a discourse about institutional or transnational learning access.",20
JALEO_1984_05::A6,jaleo,Jaleo,JALEO_1984_05,1984,CRIT_01,CRIT,"The recording advertisement uses promotional phrases such as rare and unique, but this is product advertising without clear critical judgment or criteria.",22
JALEO_1984_05::A6,jaleo,Jaleo,JALEO_1984_05,1984,HERIT_03,HERIT,"Rare live recordings and letras/translations could suggest preservation, but the visible text frames them as sale items rather than safeguarding or heritage work.",24
JALEO_1984_05::A7,jaleo,Jaleo,JALEO_1984_05,1984,CRIT_04,CRIT,"The interview discusses jazz and innovation, but it does not explicitly use critique to police a proper/improper flamenco boundary.",20
JALEO_1984_05::A7,jaleo,Jaleo,JALEO_1984_05,1984,COMM_01,COMM,"The phrase 'they don't let it' hints at gatekeeping, but the social group and authority boundary are too unspecified to code.",22
JALEO_1984_05::A8,jaleo,Jaleo,JALEO_1984_05,1984,AUTH_03,AUTH,"Traditional guitars are mentioned only as a comparison for design features, not as a continuity or roots claim authorizing flamenco value.",21
JALEO_1984_05::A8,jaleo,Jaleo,JALEO_1984_05,1984,COMM_04,COMM,"Extremeñan identity and local support are present, but they do not clearly shape flamenco belonging, authority, or representation.",18
JALEO_1984_05::A8,jaleo,Jaleo,JALEO_1984_05,1984,HERIT_02,HERIT,"The municipal festival listing names institutions and artists, but it is an event notice without heritage authorization discourse.",18
JALEO_1984_05::A9,jaleo,Jaleo,JALEO_1984_05,1984,HERIT_03,HERIT,"The text is memorial and continuity-oriented, but it does not clearly frame flamenco as public heritage, safeguarding, or collective heritage management.",22
JALEO_1984_05::A10,jaleo,Jaleo,JALEO_1984_05,1984,COMM_01,COMM,"The statement that Extremadura is outside Andalucía is geographically and stylistically relevant, but it does not clearly draw a social insider/outsider boundary around authority or belonging.",27
JALEO_1984_05::A10,jaleo,Jaleo,JALEO_1984_05,1984,COMM_04,COMM,"The phrase 'gypsy from Extremadura' identifies Marelu, but the visible text mainly uses it descriptively rather than making identity the basis of authority or representation.",25
JALEO_1984_05::A11,jaleo,Jaleo,JALEO_1984_05,1984,AUTH_01,AUTH,"The phrase 'believable, real and true' is authenticity-adjacent, but the clearer discourse function is tradition/roots rather than an explicit claim of genuine flamenco.",25
JALEO_1984_05::A11,jaleo,Jaleo,JALEO_1984_05,1984,PED_03,PED,"The warning against copying is relevant to transmission, but the passage primarily evaluates choreographic quality rather than thematizing learning access or pedagogy.",22
JALEO_1984_05::A13,jaleo,Jaleo,JALEO_1984_05,1984,PED_02,PED,"The author mentions knowledge acquired by word-of-mouth, but the visible passage does not make oral/embodied lineage the basis of authority strongly enough.",25
JALEO_1984_05::A13,jaleo,Jaleo,JALEO_1984_05,1984,PED_03,PED,"The course notice and contact details show access to instruction, but they are mostly administrative and promotional rather than evaluative institutional pedagogy.",22
JALEO_1984_05::A13,jaleo,Jaleo,JALEO_1984_05,1984,COMM_02,COMM,"The retrieval hint points to 'understanding,' but the visible text does not grant authority to an afición, peña, or community actor.",21
JALEO_1984_05::A14,jaleo,Jaleo,JALEO_1984_05,1984,HERIT_03,HERIT,"The historical decrees and persecution narrative suggest memory-work, but the visible text does not explicitly frame the performance as heritage, safeguarding, or community heritage practice.",26
JALEO_1984_05::A14,jaleo,Jaleo,JALEO_1984_05,1984,AUTH_03,AUTH,"The historical decrees provide historical depth, but they authorize the drama's political theme rather than grounding flamenco value in tradition or continuity.",23
JALEO_1984_05::A15,jaleo,Jaleo,JALEO_1984_05,1984,CRIT_03,CRIT,"The text names elite attendees and well-known artists, but it does not clearly construct a canon or hierarchy beyond social prominence.",22
JALEO_1984_05::A16,jaleo,Jaleo,JALEO_1984_05,1984,CRIT_01,CRIT,"Several promotional phrases praise performers, but the stronger discourse function is canonical ranking and pedagogical transmission rather than a developed critical review.",22
JALEO_1984_05::A17,jaleo,Jaleo,JALEO_1984_05,1984,HERIT_03,HERIT,"The documentary idea about ethnic music development suggests cultural preservation, but the visible wording does not clearly frame flamenco as heritage or safeguarding.",23
JALEO_1984_05::A18,jaleo,Jaleo,JALEO_1984_05,1984,PED_03,PED,"The dance class advertisement names beginner classes, but it is a routine listing without evaluative or access-discourse stakes.",19
JALEO_1984_05::A19,jaleo,Jaleo,JALEO_1984_05,1984,PED_03,PED,"The calendar mentions workshops, but only as routine event listings with no clear pedagogical authority, access, or transmission discourse.",19
JALEO_1984_05::A19,jaleo,Jaleo,JALEO_1984_05,1984,COMM_03,COMM,"The calendar lists juergas and a camp-out juerga, but gives no visible description of participatory setting or evaluative community meaning.",21
JALEO_1984_08::A1,jaleo,Jaleo,JALEO_1984_08,1984,PED_03,PED,"The passage mentions records spreading flamenco guitar fandom worldwide, but it does not clearly frame this as learning, pedagogy, or access to flamenco knowledge.",24
JALEO_1984_08::A2,jaleo,Jaleo,JALEO_1984_08,1984,AUTH_02,AUTH,"The phrase 'pura artistry' invokes purity, but the visible text does not draw a clear boundary against impure, fake, or improper flamenco.",22
JALEO_1984_08::A2,jaleo,Jaleo,JALEO_1984_08,1984,CRIT_01,CRIT,"Promotional phrases such as 'wide critical acclaim' and 'extensive praise' are present, but they function as advertising copy without specific evaluative criteria.",22
JALEO_1984_08::A3,jaleo,Jaleo,JALEO_1984_08,1984,COMM_04,COMM,"The excerpt foregrounds El Cabrero's goatherd identity and marginality, but does not clearly make identity the basis of flamenco belonging or authority.",23
JALEO_1984_08::A3,jaleo,Jaleo,JALEO_1984_08,1984,CRIT_04,CRIT,"The passage critiques social and institutional control around the singer, but it does not clearly use expert criticism to police flamenco boundaries.",22
JALEO_1984_08::A5,jaleo,Jaleo,JALEO_1984_08,1984,AUTH_03,AUTH,"The phrase 'same roots' is metaphysical rather than a clear tradition, origin, or continuity claim authorizing flamenco.",17
JALEO_1984_08::A5,jaleo,Jaleo,JALEO_1984_08,1984,PED_03,PED,"The 'beginners mind' language gestures toward learning, but does not clearly concern institutional or transnational access to flamenco knowledge.",19
JALEO_1984_08::A9,jaleo,Jaleo,JALEO_1984_08,1984,PED_01,PED,The mention of Enrique el Cojo as 'my only teacher' identifies a teacher but does not clearly position him as an authoritative pedagogue in the visible excerpt.,27
JALEO_1984_08::A9,jaleo,Jaleo,JALEO_1984_08,1984,CRIT_01,CRIT,"The award and success are biographical status markers, but the visible passage gives little explicit critical assessment beyond event outcomes.",20
JALEO_1984_08::A10,jaleo,Jaleo,JALEO_1984_08,1984,AUTH_01,AUTH,"The phrase 'genuine folklore of Andalucía' suggests authenticity, but the visible passage does not clearly develop a flamenco authenticity claim beyond institutional preservation.",23
JALEO_1984_08::A11,jaleo,Jaleo,JALEO_1984_08,1984,CRIT_02,CRIT,"The phrase 'flamenco quality' is evaluative, but the passage does not define a specific aesthetic criterion such as compás, duende, technique, or depth.",23
JALEO_1984_08::A11,jaleo,Jaleo,JALEO_1984_08,1984,AUTH_02,AUTH,"The review criticizes an intercultural premise, but it does not clearly draw a genuine/impure flamenco boundary.",17
JALEO_1984_08::A12,jaleo,Jaleo,JALEO_1984_08,1984,COMM_03,COMM,"Clubs and performance settings are mentioned, but the visible passage does not clearly contrast participatory/private flamenco with public spectatorship as a value claim.",24
JALEO_1984_08::A12,jaleo,Jaleo,JALEO_1984_08,1984,COMM_04,COMM,"Gendered language appears in the description of Yerma, but it functions as plot/stage characterization rather than a broader flamenco identity-authority frame.",23
JALEO_1984_08::A13,jaleo,Jaleo,JALEO_1984_08,1984,AUTH_02,AUTH,"The phrase 'purely flamenco' is present, but the visible passage does not clearly exclude or devalue an impure opposing form.",20
JALEO_1984_08::A13,jaleo,Jaleo,JALEO_1984_08,1984,CRIT_02,CRIT,"Terms such as 'classic finesse' and 'exquisite form' evaluate dance, but the broader review does not clearly define them as flamenco-specific aesthetic criteria.",24
JALEO_1984_08::A14,jaleo,Jaleo,JALEO_1984_08,1984,COMM_02,COMM,"The article maps New York-area performers, restaurants, and companies, but it does not clearly make community standing or afición the basis of authority.",24
JALEO_1984_08::A14,jaleo,Jaleo,JALEO_1984_08,1984,HERIT_02,HERIT,"City officials are praised for bringing a show to Glen Cove, but the passage does not frame this as official heritage recognition or patrimonial authorization.",25
JALEO_1984_08::A15,jaleo,Jaleo,JALEO_1984_08,1984,PED_01,PED,"The text calls Melinda Marquez a teacher and mentions training, but this is neutral biographical/press-release information without a clear claim of pedagogical authority or flamenco knowledge transmission.",29
JALEO_1984_08::A16,jaleo,Jaleo,JALEO_1984_08,1984,COMM_02,COMM,"The text lists Jaleistas and thanks hosts, but it does not clearly grant the community special authority to judge or sustain flamenco beyond participation.",24
JALEO_1984_08::A17,jaleo,Jaleo,JALEO_1984_08,1984,AUTH_03,AUTH,"The phrase 'traditional music from Southern Spain' and 'gypsy origins' invokes origin language, but the excerpt mainly uses it descriptively/evaluatively rather than grounding present legitimacy in continuity or roots.",30
JALEO_1984_08::A17,jaleo,Jaleo,JALEO_1984_08,1984,COMM_04,COMM,"The mention of 'gypsy origins' marks identity, but it is too brief to show identity organizing belonging, representation, or authority beyond an aesthetic observation.",24
JALEO_1984_10::A1,jaleo,Jaleo,JALEO_1984_10,1984,COMM_03,COMM,"The phrase 'we in the theatre were all one' suggests shared feeling, but it does not clearly contrast participatory flamenco with passive spectatorship or establish a participatory setting.",28
JALEO_1984_10::A2,jaleo,Jaleo,JALEO_1984_10,1984,AUTH_02,AUTH,"The concern that Paco de Lucia might 'give up playing flamenco altogether' hints at a flamenco/jazz boundary, but it does not clearly exclude jazz or label it improper flamenco.",30
JALEO_1984_10::A2,jaleo,Jaleo,JALEO_1984_10,1984,CRIT_04,CRIT,"The letter praises the interview for asking 'the right questions,' but this is ordinary reader evaluation rather than a clear exercise of critic or expert authority over flamenco.",28
JALEO_1984_10::A3,jaleo,Jaleo,JALEO_1984_10,1984,PED_03,PED,"The dance workshop advertisement mentions beginner and intermediate students, but it is a routine listing without evaluative learning or access stakes.",21
JALEO_1984_10::A3,jaleo,Jaleo,JALEO_1984_10,1984,CRIT_02,CRIT,"The poem uses aesthetic language about guitar, but it is too generic and poetic to establish a clear flamenco quality criterion.",21
JALEO_1984_10::A4,jaleo,Jaleo,JALEO_1984_10,1984,COMM_04,COMM,"The excerpt notes Córdoba's Castilian origin and residence in Silicon Valley, but identity or place does not clearly organize belonging or authority.",23
JALEO_1984_10::A5,jaleo,Jaleo,JALEO_1984_10,1984,COMM_03,COMM,"The fin de fiesta is valued as resembling a flamenco gathering, but this overlaps with the emitted authenticity and critical-evaluation evidence and is not developed enough as a public/private participation contrast.",33
JALEO_1984_10::A5,jaleo,Jaleo,JALEO_1984_10,1984,AUTH_03,AUTH,"The forge scene is said to transport listeners to flamenco origins, but this is covered by broader authenticity and critical evaluation rather than a distinct continuity claim.",27
JALEO_1984_10::A5,jaleo,Jaleo,JALEO_1984_10,1984,CRIT_03,CRIT,"Terms such as older, venerated artists and schedule labels like Maestros suggest hierarchy, but the strongest visible discourse is evaluative review rather than canon formation.",25
JALEO_1984_10::A6,jaleo,Jaleo,JALEO_1984_10,1984,COMM_02,COMM,"The text contrasts attentive aficionados with bored attendees, but it does not grant aficionados authority to judge or sustain flamenco.",20
JALEO_1984_10::A6,jaleo,Jaleo,JALEO_1984_10,1984,CRIT_04,CRIT,"The article is critical, but it does not rely on named critic/expert authority or police a proper/improper flamenco boundary beyond festival quality.",24
JALEO_1984_10::A7,jaleo,Jaleo,JALEO_1984_10,1984,PED_02,PED,The blacksmith family history suggests origin context but does not clearly show flamenco knowledge being transmitted through family or embodied apprenticeship in the visible text.,25
JALEO_1984_10::A7,jaleo,Jaleo,JALEO_1984_10,1984,PED_01,PED,"The phrase work of the master honors Mairena, but it does not clearly describe him teaching, correcting, or mediating flamenco knowledge in the visible excerpt.",25
JALEO_1984_10::A7,jaleo,Jaleo,JALEO_1984_10,1984,COMM_04,COMM,"Andalusian expression and blacksmith background mark identity/place, but they do not independently organize belonging or group authority beyond Mairena's canonization.",22
JALEO_1984_10::A8,jaleo,Jaleo,JALEO_1984_10,1984,CRIT_04,CRIT,"The interview question about forgetting flamenco origins suggests boundary critique, but the visible passage does not develop an expert critical judgment strongly enough to emit.",25
JALEO_1984_10::A8,jaleo,Jaleo,JALEO_1984_10,1984,AUTH_01,AUTH,"The singer says he expresses himself as he is, but this is generic sincerity rather than a clear claim that his flamenco is authentic.",24
JALEO_1984_10::A9,jaleo,Jaleo,JALEO_1984_10,1984,CRIT_03,CRIT,"The article calls Javier Molina one of the greatest figures and notes Sanlúcar's popularity, but hierarchy is secondary to lineage and boundary debate already captured.",26
JALEO_1984_10::A9,jaleo,Jaleo,JALEO_1984_10,1984,PED_02,PED,"The father-teacher connection implies transmission, but the passage does not describe embodied, oral, familial, or apprenticeship transmission in enough detail.",21
JALEO_1984_10::A10,jaleo,Jaleo,JALEO_1984_10,1984,PED_02,PED,"The statement that flamenco is not learned relates to pedagogy, but it denies learning rather than describing a mode of transmission.",21
JALEO_1984_10::A10,jaleo,Jaleo,JALEO_1984_10,1984,CRIT_03,CRIT,"La Chunga is described as famous and admired, but the article does not build a sustained canon or ranking claim from that praise.",23
JALEO_1984_10::A11,jaleo,Jaleo,JALEO_1984_10,1984,CRIT_01,CRIT,"The ending calls an opera-film pleasurable and worth viewing, but the visible excerpt is truncated and the evaluative target is under-specified.",23
JALEO_1984_10::A11,jaleo,Jaleo,JALEO_1984_10,1984,COMM_04,COMM,"The passage discusses Spanish names, Gypsy pharaoh references, and artistic identity, but the main discourse function is authenticity rather than identity-group authority.",23
JALEO_1984_10::A12,jaleo,Jaleo,JALEO_1984_10,1984,AUTH_03,AUTH,"The article calls soleares foundational and mother-like, but its central claim is essence/authenticity and hierarchy rather than continuity with a valued past.",24
JALEO_1984_10::A12,jaleo,Jaleo,JALEO_1984_10,1984,COMM_04,COMM,"The retrieval hint points to 'many', but the visible text does not use identity-group framing to define belonging or authority.",21
JALEO_1984_10::A13,jaleo,Jaleo,JALEO_1984_10,1984,CRIT_01,CRIT,"The article contains evaluative statements about popularity and modern style, but the stronger function is boundary critique between purist and modern factions.",22
JALEO_1984_10::A14,jaleo,Jaleo,JALEO_1984_10,1984,CRIT_01,CRIT,"Phrases such as 'resounding success' and 'momentous occasion' are promotional praise, but they do not provide substantial critical evaluation of flamenco performance.",22
JALEO_1984_10::A14,jaleo,Jaleo,JALEO_1984_10,1984,HERIT_02,HERIT,"The Consulate and Illinois Arts Council are mentioned, but the excerpt does not clearly make official authorization the basis of heritage value.",22
JALEO_1984_10::A15,jaleo,Jaleo,JALEO_1984_10,1984,AUTH_03,AUTH,"The article mentions tradition, inheritance, and change over time, but these are already captured through canon/ranking and purity-boundary claims.",21
JALEO_1984_10::A16,jaleo,Jaleo,JALEO_1984_10,1984,CRIT_03,CRIT,"Phrases like 'un maestro de maestros' and 'best of the best' suggest hierarchy, but the article's main distinct functions are review evaluation, pedagogy, and living transmission.",27
JALEO_1984_10::A16,jaleo,Jaleo,JALEO_1984_10,1984,COMM_03,COMM,"The workshop's community atmosphere and informal fiestas are described, but the passage does not clearly contrast participatory settings against spectatorship or public staging.",24
JALEO_1984_10::A17,jaleo,Jaleo,JALEO_1984_10,1984,CRIT_01,CRIT,"The word 'remarkable' praises Charles Moeser, but it is too brief to support a separate critical-evaluation code beyond community-sustaining authority.",22
JALEO_1984_10::A18,jaleo,Jaleo,JALEO_1984_10,1984,COMM_03,COMM,"The article describes a juerga with participants playing and dancing, but it does not contrast participatory/private flamenco with public spectatorship or make that setting evaluatively meaningful.",27
JALEO_1984_10::A19,jaleo,Jaleo,JALEO_1984_10,1984,COMM_03,COMM,"The December juerga at a home and tapas-sharing instructions describe a participatory social event, but the text does not attach authority, authenticity, or value to that setting.",28
JALEO_1984_10::A19,jaleo,Jaleo,JALEO_1984_10,1984,PED_01,PED,"Lynn Schroeder is called a flamenco dance student, but no teacher, method, or pedagogical authority is presented.",17
JALEO_1985_01::A1,jaleo,Jaleo,JALEO_1985_01,1985,CRIT_03,CRIT,"The article calls Enrique a celebrity and names notable students, but the stronger visible discourse function is pedagogical authority rather than canon formation.",23
JALEO_1985_01::A2,jaleo,Jaleo,JALEO_1985_01,1985,AUTH_03,AUTH,"The phrase 'native land' invokes origin, but it mainly explains why information from Spain is useful rather than grounding a present flamenco practice in tradition or roots.",27
JALEO_1985_01::A2,jaleo,Jaleo,JALEO_1985_01,1985,COMM_02,COMM,"The reference to 'Flamenco people' describes readership economics, not a community's authority to recognize or judge flamenco.",18
JALEO_1985_01::A4,jaleo,Jaleo,JALEO_1985_01,1985,PED_02,PED,"Gades says he could imitate everything others did, but the line is a brief autobiographical recollection rather than an explicit lineage or embodied transmission claim.",25
JALEO_1985_01::A4,jaleo,Jaleo,JALEO_1985_01,1985,CRIT_01,CRIT,"There are evaluative phrases such as 'electrified American audiences,' but the same evidence is more precisely captured as canon/status construction under CRIT_03.",23
JALEO_1985_01::A5,jaleo,Jaleo,JALEO_1985_01,1985,COMM_04,COMM,"The evidence-window trigger is incidental; clothing and male/female lines do not clearly frame identity as authority, belonging, or representation.",21
JALEO_1985_01::A5,jaleo,Jaleo,JALEO_1985_01,1985,AUTH_01,AUTH,"The passage mentions flamenco idiom but does not explicitly claim genuineness, properness, or authenticity.",14
JALEO_1985_01::A6,jaleo,Jaleo,JALEO_1985_01,1985,COMM_03,COMM,The word audience appears only in relation to the film's potential audience and does not make participation or public/private setting evaluatively meaningful.,24
JALEO_1985_01::A6,jaleo,Jaleo,JALEO_1985_01,1985,CRIT_04,CRIT,"Although this is a newspaper review, the visible excerpt does not foreground the critic's authority beyond ordinary review discourse.",20
JALEO_1985_01::A7,jaleo,Jaleo,JALEO_1985_01,1985,AUTH_01,AUTH,The phrase 'pure rustic forms' suggests authenticity but is not developed enough in the visible text to emit a separate authenticity claim.,22
JALEO_1985_01::A7,jaleo,Jaleo,JALEO_1985_01,1985,CRIT_01,CRIT,"The visible text praises Greco's style and excitement, but stronger emitted codes already capture the clearer pedagogical and boundary-work discourse.",22
JALEO_1985_01::A8,jaleo,Jaleo,JALEO_1985_01,1985,CRIT_04,CRIT,"The author mentions research and selecting among theories, but the visible text primarily mediates history rather than exercising explicit critic or expert boundary authority.",24
JALEO_1985_01::A8,jaleo,Jaleo,JALEO_1985_01,1985,CRIT_02,CRIT,The trigger 'in-depth' refers to scholarly study rather than an aesthetic criterion used to judge flamenco quality.,18
JALEO_1985_01::A9,jaleo,Jaleo,JALEO_1985_01,1985,CRIT_03,CRIT,"Names such as Sabicas, Mario Escudero, and 'well-known' or 'famous' artists signal status, but the passage does not clearly build a canon or ranking.",25
JALEO_1985_01::A9,jaleo,Jaleo,JALEO_1985_01,1985,AUTH_03,AUTH,"Biographical references to birthplace, early study, and career development do not clearly authorize present flamenco through tradition or roots.",19
JALEO_1985_01::A10,jaleo,Jaleo,JALEO_1985_01,1985,COMM_02,COMM,"The closing reference to aficionados in the United States and elsewhere addresses a community of interest, but it does not clearly grant them authority to judge or sustain flamenco.",29
JALEO_1985_01::A11,jaleo,Jaleo,JALEO_1985_01,1985,AUTH_03,AUTH,"The phrase 'flamenco comes from Spain, the south, Andalucía' asserts geographic origin, but the visible passage does not use roots or continuity to authorize a present practice strongly enough.",29
JALEO_1985_01::A11,jaleo,Jaleo,JALEO_1985_01,1985,COMM_01,COMM,"The contrast between Andalucía and places such as New York, California, Mexico, Burgos, or Bilbao is more geographic than a clear social insider/outsider boundary.",25
JALEO_1985_01::A12,jaleo,Jaleo,JALEO_1985_01,1985,PED_03,PED,"The article is instructional, but it does not clearly concern institutional, transnational, media, outsider, or access structures of learning.",19
JALEO_1985_01::A13,jaleo,Jaleo,JALEO_1985_01,1985,CRIT_02,CRIT,"The review mentions technique, cante, and repertoire, but these are folded into broader performance evaluation rather than developed as distinct aesthetic criteria.",22
JALEO_1985_01::A14,jaleo,Jaleo,JALEO_1985_01,1985,AUTH_02,AUTH,"Older residents are said to know dances 'in a purer form,' but the phrase does not clearly draw a proper/improper flamenco boundary in the visible passage.",27
JALEO_1985_01::A14,jaleo,Jaleo,JALEO_1985_01,1985,COMM_04,COMM,"Gypsy influences from Andalucía are mentioned descriptively in a definition of flamenco, but identity does not clearly organize belonging or authority.",21
JALEO_1985_01::A15,jaleo,Jaleo,JALEO_1985_01,1985,COMM_01,COMM,"The acceptance rule for intermediate or advanced students creates an access condition, but it functions administratively rather than as a broader insider/outsider boundary around flamenco authority.",27
JALEO_1985_01::A17,jaleo,Jaleo,JALEO_1985_01,1985,CRIT_01,CRIT,Several other adjectives such as 'exceptional danter' are evaluative but appear in passing within a listings report and add little distinct discourse function.,23
JALEO_1985_01::A18,jaleo,Jaleo,JALEO_1985_01,1985,PED_03,PED,"The university and production contexts suggest institutional access, but the visible evaluative discussion centers more on Keet's educator role and preservation work than on access structures.",27
JALEO_1985_01::A19,jaleo,Jaleo,JALEO_1985_01,1985,CRIT_03,CRIT,"The phrase 'famed as soloist' signals reputation, but it is mainly credentialing a workshop instructor rather than constructing a canon or ranking.",22
JALEO_1985_01::A20,jaleo,Jaleo,JALEO_1985_01,1985,CRIT_01,CRIT,"Phrases such as 'great chipbowl' and 'a lot of fun' praise the gathering lightly, but the passage is mainly a routine juerga report without sustained critical judgment or criteria.",29
JALEO_1985_01::A20,jaleo,Jaleo,JALEO_1985_01,1985,COMM_03,COMM,"The juerga format implies participatory social flamenco, but the visible text only lists attendees and logistics without contrasting participation, spectatorship, or setting as a value claim.",26
JALEO_1985_07::A1,jaleo,Jaleo,JALEO_1985_07,1985,CRIT_03,CRIT,"References to prominent performers and La Llave del Oro del Cante imply status, but the visible passage uses them mainly as biographical context rather than developing a canon or hierarchy.",30
JALEO_1985_07::A1,jaleo,Jaleo,JALEO_1985_07,1985,COMM_02,COMM,"Family and theatrical-community context are present, but the passage does not clearly claim that family or afición authorizes Maravilla's flamenco knowledge.",23
JALEO_1985_07::A2,jaleo,Jaleo,JALEO_1985_07,1985,COMM_03,COMM,"Letters mention juergas and networks, but do not clearly contrast participatory versus spectatorial flamenco as a value-bearing setting.",19
JALEO_1985_07::A2,jaleo,Jaleo,JALEO_1985_07,1985,AUTH_03,AUTH,"The phrase 'Jerez dynasty' suggests lineage, but it is promotional shorthand rather than a developed continuity or roots claim.",19
JALEO_1985_07::A3,jaleo,Jaleo,JALEO_1985_07,1985,PED_01,PED,"The text says DeVoe studied under Mariano Córdoba, but the visible passage does not make Córdoba's teaching authority or transmission process the focus.",24
JALEO_1985_07::A3,jaleo,Jaleo,JALEO_1985_07,1985,CRIT_04,CRIT,"Jaleo is cited as heralding DeVoe, but the passage does not foreground the publication's critical authority enough to emit a separate expert-authority code.",25
JALEO_1985_07::A4,jaleo,Jaleo,JALEO_1985_07,1985,AUTH_03,AUTH,"The Old World/New World and regional soul language suggests roots and continuity, but the visible text frames identity representation more clearly than tradition as an explicit authority claim.",29
JALEO_1985_07::A5,jaleo,Jaleo,JALEO_1985_07,1985,CRIT_03,CRIT,"Camarón is called the number one draw, but the visible passage emphasizes popularity and audience response more than canon formation or artistic hierarchy.",23
JALEO_1985_07::A6,jaleo,Jaleo,JALEO_1985_07,1985,CRIT_01,CRIT,"The obituary contains clear praise, but CRIT_03 better captures its canonizing and exemplary discourse.",14
JALEO_1985_07::A7,jaleo,Jaleo,JALEO_1985_07,1985,CRIT_01,CRIT,"The obituary evaluates Ramos positively, but the more specific ranking and aesthetic-criteria codes capture the visible evaluative work.",19
JALEO_1985_07::A8,jaleo,Jaleo,JALEO_1985_07,1985,CRIT_01,CRIT,"The concert is called superb, but that praise is brief and secondary to the article's stronger pedagogical and criteria-focused discourse.",22
JALEO_1985_07::A9,jaleo,Jaleo,JALEO_1985_07,1985,COMM_04,COMM,"The participant range and references to students include demographic/community details, but they do not clearly make identity the basis of authority or belonging.",24
JALEO_1985_07::A10,jaleo,Jaleo,JALEO_1985_07,1985,PED_01,PED,"The visible biography names Morca's training with José Greco, José Cansino, and others, but the passage reports training rather than positioning those teachers as current pedagogical authorities.",28
JALEO_1985_07::A10,jaleo,Jaleo,JALEO_1985_07,1985,PED_02,PED,"The body is central to the description of flamenco dance, but the visible text does not frame bodily knowledge as learned through oral or embodied lineage transmission.",27
JALEO_1985_07::A11,jaleo,Jaleo,JALEO_1985_07,1985,COMM_04,COMM,"Terms such as gitanillos appear in lists of performers, but identity is not clearly used to define authority, belonging, or representation.",21
JALEO_1985_07::A11,jaleo,Jaleo,JALEO_1985_07,1985,CRIT_01,CRIT,"There are evaluative adjectives for restaurants and performers, but the strongest evaluative function is already captured by canon/hierarchy ranking.",20
JALEO_1985_07::A12,jaleo,Jaleo,JALEO_1985_07,1985,PED_01,PED,"The text names teachers and professors, but it mainly documents Sanchez's training history rather than making a claim about their authority to define flamenco knowledge.",26
JALEO_1985_07::A12,jaleo,Jaleo,JALEO_1985_07,1985,CRIT_01,CRIT,"Phrases about natural aptitude and swift progress are evaluative, but they are brief profile praise and less distinct than the hierarchy/status claims.",23
JALEO_1985_07::A13,jaleo,Jaleo,JALEO_1985_07,1985,HERIT_02,HERIT,"The passage mentions official Andalusian government offices, but the visible text does not clearly frame the recordings as heritage through an authorized heritage mechanism.",24
JALEO_1985_07::A13,jaleo,Jaleo,JALEO_1985_07,1985,HERIT_03,HERIT,"Offering three hundred hours of cante for editing and release suggests preservation, but the passage does not explicitly frame it as safeguarding, living heritage, or collective memory work.",28
JALEO_1985_07::A13,jaleo,Jaleo,JALEO_1985_07,1985,AUTH_02,AUTH,"The text uses 'pure' cante/artists, but it does not clearly draw an exclusionary pure/impure boundary against a devalued flamenco target.",22
JALEO_1985_07::A14,jaleo,Jaleo,JALEO_1985_07,1985,HERIT_03,HERIT,"The phrase 'very living art form' suggests living culture, but the passage does not frame flamenco through safeguarding, public heritage, or community heritage responsibility.",24
JALEO_1985_07::A15,jaleo,Jaleo,JALEO_1985_07,1985,AUTH_03,AUTH,"The phrase 'Andalucía, the heart of this musical culture' suggests roots, but the stronger visible discourse function is pedagogical access through the seminar.",23
JALEO_1985_07::A15,jaleo,Jaleo,JALEO_1985_07,1985,CRIT_01,CRIT,"Phrases such as 'wide critical acclaim' and 'extensive praise' are evaluative, but they are promotional and less specific than the canon/status claim retained.",24
JALEO_1985_07::A16,jaleo,Jaleo,JALEO_1985_07,1985,AUTH_04,AUTH,"The text rejects a show format and favors informal sharing, but it does not explicitly claim this intimacy is more authentic flamenco.",22
JALEO_1985_07::A16,jaleo,Jaleo,JALEO_1985_07,1985,CRIT_04,CRIT,"The line asking critics to go elsewhere polices the social setting, but it does not grant critical authority or develop a boundary critique of flamenco style.",26
JALEO_1985_07::A17,jaleo,Jaleo,JALEO_1985_07,1985,COMM_03,COMM,"The workshop advertisement mentions fireside chats and communal lodging, but it does not clearly contrast participatory community practice with spectatorship or public staging.",23
JALEO_1985_07::A17,jaleo,Jaleo,JALEO_1985_07,1985,CRIT_01,CRIT,"The phrase 'in-depth' is positive, but it functions mainly as a pedagogical description rather than a distinct critical evaluation.",20
JALEO_1985_07::A19,jaleo,Jaleo,JALEO_1985_07,1985,PED_03,PED,"The directory lists dance, guitar, and cante instruction contacts, but it is administrative listing data without discourse about learning access, authority, or transmission.",23
JALEO_1985_07::A19,jaleo,Jaleo,JALEO_1985_07,1985,COMM_03,COMM,"The directory lists juergas and entertainment venues, but there is no visible evaluative contrast between participation and spectatorship.",18
JALEO_1985_10::A1,jaleo,Jaleo,JALEO_1985_10,1985,COMM_04,COMM,"The phrase 'genuinely gypsy features' describes appearance and identity, but it does not clearly authorize his flamenco authority or define belonging.",21
JALEO_1985_10::A1,jaleo,Jaleo,JALEO_1985_10,1985,COMM_03,COMM,"The tablao is mentioned as a workplace, but the passage does not evaluate public/private or participatory setting.",18
JALEO_1985_10::A2,jaleo,Jaleo,JALEO_1985_10,1985,CRIT_02,CRIT,"The discussion of taped music suggests a possible aesthetic criterion, but the visible passage mainly rebuts the critic rather than defining taped music as a quality criterion.",27
JALEO_1985_10::A3,jaleo,Jaleo,JALEO_1985_10,1985,AUTH_03,AUTH,"The word 'traditional' appears, but the visible passage mostly defines identity and way of life rather than using tradition/continuity to authorize a present practice.",25
JALEO_1985_10::A3,jaleo,Jaleo,JALEO_1985_10,1985,CRIT_04,CRIT,"The editor summarizes Pohren's complaints, but the passage is too condensed and secondhand to code expert critical authority separately.",20
JALEO_1985_10::A4,jaleo,Jaleo,JALEO_1985_10,1985,AUTH_02,AUTH,"The passage draws a real/sophisticated contrast, but it does not explicitly use purity, fake, or illegitimacy rhetoric strong enough to code purity boundary-work separately.",26
JALEO_1985_10::A4,jaleo,Jaleo,JALEO_1985_10,1985,PED_03,PED,"Lessons are mentioned at the centre, but the visible passage emphasizes authenticity and immersive experience more than institutional access to learning.",21
JALEO_1985_10::A5,jaleo,Jaleo,JALEO_1985_10,1985,AUTH_03,AUTH,"The trigger word 'original' refers to Picasso costumes, not flamenco tradition or continuity.",13
JALEO_1985_10::A5,jaleo,Jaleo,JALEO_1985_10,1985,CRIT_04,CRIT,"Angel Torres is called a leading authority, but the visible function is pedagogical coaching rather than exercised critical judgment.",19
JALEO_1985_10::A5,jaleo,Jaleo,JALEO_1985_10,1985,COMM_03,COMM,"Tablaos and Madrid are mentioned as work circuits, but the passage does not evaluate public/private or participatory setting.",19
JALEO_1985_10::A6,jaleo,Jaleo,JALEO_1985_10,1985,HERIT_01,HERIT,"The word 'heritage' appears, but the passage frames artistic inheritance and tradition rather than public cultural heritage or patrimony.",19
JALEO_1985_10::A6,jaleo,Jaleo,JALEO_1985_10,1985,CRIT_03,CRIT,"Amaya is praised as internationally influential, but the stronger visible discourse is tradition/identity framing rather than explicit canon ranking.",20
JALEO_1985_10::A7,jaleo,Jaleo,JALEO_1985_10,1985,AUTH_03,AUTH,"The mention of roots and Triana supplies location/origin atmosphere, but does not clearly use roots to authorize proper flamenco practice.",21
JALEO_1985_10::A7,jaleo,Jaleo,JALEO_1985_10,1985,CRIT_02,CRIT,"Quality and force are named, but the passage primarily discusses learning methods rather than applying aesthetic criteria in a review.",20
JALEO_1985_10::A8,jaleo,Jaleo,JALEO_1985_10,1985,HERIT_03,HERIT,"The memory language is personal biographical recollection and does not frame collective heritage, safeguarding, or public memory-work.",18
JALEO_1985_10::A8,jaleo,Jaleo,JALEO_1985_10,1985,COMM_02,COMM,The reference to artists and friendships suggests social milieu but does not clearly grant community authority over flamenco.,18
JALEO_1985_10::A9,jaleo,Jaleo,JALEO_1985_10,1985,COMM_02,COMM,"Flamencos congregating in taverns is mentioned, but the visible passage does not clearly make that community an authority for judging flamenco.",21
JALEO_1985_10::A9,jaleo,Jaleo,JALEO_1985_10,1985,COMM_03,COMM,"Tablao and tourist trade are mentioned, but the stronger evidence is critical boundary-policing rather than a developed public/private participatory contrast.",22
JALEO_1985_10::A10,jaleo,Jaleo,JALEO_1985_10,1985,PED_02,PED,"Rhythm and influence are central, but the passage does not clearly describe embodied/oral transmission or learning practice.",18
JALEO_1985_10::A10,jaleo,Jaleo,JALEO_1985_10,1985,AUTH_04,AUTH,"Public performance is linked to rah-rah endings, but the critique is aesthetic rather than explicitly anti-commercial or intimate-authenticity discourse.",22
JALEO_1985_10::A11,jaleo,Jaleo,JALEO_1985_10,1985,COMM_02,COMM,"The reference to aficionados from Málaga believing he created a style shows community attribution, but the passage mainly corrects authorship rather than granting community authority.",25
JALEO_1985_10::A11,jaleo,Jaleo,JALEO_1985_10,1985,CRIT_01,CRIT,"There is praise of Varea's qualities and humility, but the strongest discourse function is pedagogical lineage rather than a developed critical review.",23
JALEO_1985_10::A12,jaleo,Jaleo,JALEO_1985_10,1985,PED_03,PED,"The transcription and tablature could support access to learning, but the visible text mainly evaluates the music rather than thematizing pedagogy or access.",23
JALEO_1985_10::A14,jaleo,Jaleo,JALEO_1985_10,1985,COMM_03,COMM,"The audience's demand for spectacle is mentioned, but the text does not clearly contrast participatory/private flamenco with spectatorial/public flamenco as a value system.",26
JALEO_1985_10::A14,jaleo,Jaleo,JALEO_1985_10,1985,CRIT_03,CRIT,"There are internal comparisons between dancers, but no stable canon, ranking, or hierarchy beyond descriptive contrast.",16
JALEO_1985_10::A15,jaleo,Jaleo,JALEO_1985_10,1985,AUTH_01,AUTH,"The phrase 'true guitar' suggests authenticity, but it is ambiguous and may function as general praise rather than a clear claim about genuine flamenco.",24
JALEO_1985_10::A15,jaleo,Jaleo,JALEO_1985_10,1985,COMM_04,COMM,"The 'English woman' described as 'very flamence' and 'a bland gypsy' contains identity language, but it is incidental and OCR-damaged rather than a clear authority or belonging frame.",29
JALEO_1985_10::A17,jaleo,Jaleo,JALEO_1985_10,1985,CRIT_01,CRIT,"The passage praises the students and Morca's sources, but the evaluative force is already captured more specifically by aesthetic criteria and pedagogical authority.",24
JALEO_1985_10::A17,jaleo,Jaleo,JALEO_1985_10,1985,COMM_04,COMM,"The Taos Indian Pueblo honorific suggests identity/community recognition, but the visible text does not make identity a sustained basis of flamenco authority.",23
JALEO_1988_09::A1,jaleo,Jaleo,JALEO_1988_09,1988,CRIT_01,CRIT,"The article contains direct evaluations such as 'most exciting world fusion music,' but broader canon/ranking and boundary critique better capture the main discourse work.",25
JALEO_1988_09::A1,jaleo,Jaleo,JALEO_1988_09,1988,COMM_04,COMM,"The phrase 'young Andalusian gypsy groups' invokes identity, but the stronger visible authorization comes from family lineage and continuity rather than identity framing alone.",24
JALEO_1988_09::A2,jaleo,Jaleo,JALEO_1988_09,1988,HERIT_03,HERIT,"The proposed video documentation suggests preservation of memory, but the visible text does not explicitly frame it as public heritage or safeguarding.",22
JALEO_1988_09::A2,jaleo,Jaleo,JALEO_1988_09,1988,CRIT_01,CRIT,"The reader's praise for Jaleo and flamenco beauty is positive, but it is too general to function as a substantive critical evaluation.",23
JALEO_1988_09::A3,jaleo,Jaleo,JALEO_1988_09,1988,PED_01,PED,"The article positions important artists as sources of authority, but the visible interview excerpt does not show a direct teacher-student relation for Enrique.",24
JALEO_1988_09::A3,jaleo,Jaleo,JALEO_1988_09,1988,AUTH_01,AUTH,"The phrase 'real artists' is evaluative, but it does not explicitly claim authentic or proper flamenco beyond family status.",19
JALEO_1988_09::A4,jaleo,Jaleo,JALEO_1988_09,1988,COMM_04,COMM,"References to gypsy settlement and family relations are present, but the visible text mainly uses them as historical context rather than clearly defining identity-based authority or belonging.",28
JALEO_1988_09::A5,jaleo,Jaleo,JALEO_1988_09,1988,COMM_02,COMM,"The text mentions expectant aficionados and families, but does not clearly grant them authority to recognize, sustain, or judge flamenco.",20
JALEO_1988_09::A7,jaleo,Jaleo,JALEO_1988_09,1988,CRIT_04,CRIT,"A named critic is cited, but the main discourse function of the quote is canonizing hierarchy already captured by CRIT_03.",20
JALEO_1988_09::A8,jaleo,Jaleo,JALEO_1988_09,1988,PED_01,PED,"La Meri is called a teacher and authority, but the stronger visible pedagogical claim concerns institutional training, captured by PED_03.",20
JALEO_1988_09::A8,jaleo,Jaleo,JALEO_1988_09,1988,PED_02,PED,"Adam del Monte's learning in caves suggests situated transmission, but the visible text emphasizes authenticity and outsider reception more clearly than an oral or embodied lineage process.",28
JALEO_1988_09::A9,jaleo,Jaleo,JALEO_1988_09,1988,PED_01,PED,"The program notes list teachers and study history, but mostly as biography rather than positioning a teacher or method as authoritative.",21
JALEO_1988_09::A9,jaleo,Jaleo,JALEO_1988_09,1988,AUTH_03,AUTH,"The notes mention geographic origins and Arabic influence, but the visible text does not clearly use origins to authorize present flamenco value.",22
JALEO_1988_09::A10,jaleo,Jaleo,JALEO_1988_09,1988,AUTH_01,AUTH,"Phrases such as 'less flamenco than the others' imply comparison, but the text does not clearly make a formal authenticity claim.",21
JALEO_1988_09::A11,jaleo,Jaleo,JALEO_1988_09,1988,COMM_03,COMM,"The article contrasts performing art with closed informal juergas and fiestas, but the main discourse in the visible text concerns age and performance criteria rather than participatory setting.",28
JALEO_1988_09::A11,jaleo,Jaleo,JALEO_1988_09,1988,PED_01,PED,"Pilar López is said to have trained major male dancers, but the stronger visible discourse is critical evaluation rather than pedagogical authority.",22
JALEO_1988_09::A12,jaleo,Jaleo,JALEO_1988_09,1988,PED_03,PED,"The column discusses reader-written articles, but it does not clearly frame this as access to flamenco knowledge or institutional pedagogy.",21
JALEO_1988_09::A13,jaleo,Jaleo,JALEO_1988_09,1988,COMM_02,COMM,"Aficionado status is mentioned, but in this article it functions mainly as reviewer/critic authority rather than broader community authority.",20
JALEO_1988_09::A13,jaleo,Jaleo,JALEO_1988_09,1988,CRIT_02,CRIT,"Terms like 'duende' and 'modern, jazzy' appear in titles or descriptions, but they are not clearly applied as aesthetic criteria in the visible text.",24
JALEO_1988_09::A15,jaleo,Jaleo,JALEO_1988_09,1988,PED_02,PED,"The retrieval trigger 'gesture' appears, but the passage evaluates performance gesture and audience relation rather than oral, embodied, lineage-based transmission.",21
JALEO_1989_03::A1,jaleo,Jaleo,JALEO_1989_03,1989,CRIT_02,CRIT,"Compás and bulería are mentioned, but the passage does not clearly apply them as developed aesthetic criteria beyond general praise.",20
JALEO_1989_03::A2,jaleo,Jaleo,JALEO_1989_03,1989,CRIT_01,CRIT,"The editor discusses publication errors and hopes to improve quality, but this is editorial self-correction rather than criticism of flamenco art, performance, or authority.",25
JALEO_1989_03::A3,jaleo,Jaleo,JALEO_1989_03,1989,HERIT_02,HERIT,"The Fundación is institutionally backed and public-facing, but the visible text does not explicitly frame flamenco as heritage or patrimony.",21
JALEO_1989_03::A4,jaleo,Jaleo,JALEO_1989_03,1989,PED_03,PED,"The word creative appears, but the visible passage concerns artistic influence and canon formation rather than learning access or pedagogy.",20
JALEO_1989_03::A4,jaleo,Jaleo,JALEO_1989_03,1989,HERIT_01,HERIT,"The word heritage appears, but the main discourse is tradition/canon rather than public cultural heritage or patrimonial management.",19
JALEO_1989_03::A5,jaleo,Jaleo,JALEO_1989_03,1989,AUTH_03,AUTH,"The text mentions evolution while remaining faithful to constants, but the claim functions mainly as an aesthetic criterion rather than a tradition/continuity argument.",24
JALEO_1989_03::A6,jaleo,Jaleo,JALEO_1989_03,1989,PED_03,PED,"The phrase 'An educational must for guitarists and singers' points toward mediated learning access, but it appears in promotional copy with limited pedagogical detail.",24
JALEO_1989_03::A7,jaleo,Jaleo,JALEO_1989_03,1989,PED_02,PED,"The discussion of palmas, aire, and compás suggests embodied knowledge, but the visible excerpt does not clearly show a lineage or embodied transmission claim beyond general learning.",27
JALEO_1989_03::A8,jaleo,Jaleo,JALEO_1989_03,1989,COMM_02,COMM,"Family is central, but the clearest discourse function is transmission and continuity rather than community authority to judge or sustain flamenco.",21
JALEO_1989_03::A8,jaleo,Jaleo,JALEO_1989_03,1989,HERIT_03,HERIT,"The excerpt suggests living continuation, but it does not frame the practice as public heritage, safeguarding, or collective memory-work.",20
JALEO_1989_03::A9,jaleo,Jaleo,JALEO_1989_03,1989,COMM_03,COMM,"Jaleadores and participation are discussed, but the passage primarily treats them as pedagogical performance elements rather than a public/private participatory value contrast.",23
JALEO_1989_03::A9,jaleo,Jaleo,JALEO_1989_03,1989,COMM_04,COMM,"The question about whether one must be Gypsy raises identity-boundary discourse, but the excerpt says little time was spent on it and does not develop a clear identity framing.",30
JALEO_1989_03::A9,jaleo,Jaleo,JALEO_1989_03,1989,AUTH_04,AUTH,"The text discusses business and Las Vegas-type tablaos, but it explicitly avoids framing commercialization as an authenticity threat.",19
JALEO_1989_03::A10,jaleo,Jaleo,JALEO_1989_03,1989,AUTH_03,AUTH,"The article mentions roots and tradition, but the primary discourse function is pedagogical technique and aesthetic expression rather than authorizing present practice through continuity with the past.",27
JALEO_1989_03::A10,jaleo,Jaleo,JALEO_1989_03,1989,COMM_03,COMM,"The small tablaos and theater/festival stage are contrasted, but the passage does not clearly value one participatory setting over another as a belonging or authority boundary.",27
JALEO_1989_03::A11,jaleo,Jaleo,JALEO_1989_03,1989,CRIT_02,CRIT,"The passage contrasts counting compás with dancing through feeling and expression, but this is embedded in Teo's pedagogical explanation rather than a distinct critical judgment.",26
JALEO_1989_03::A11,jaleo,Jaleo,JALEO_1989_03,1989,AUTH_03,AUTH,"Origins and evolution are mentioned, but the visible excerpt does not clearly use roots or continuity to authorize current practice.",20
JALEO_1989_03::A13,jaleo,Jaleo,JALEO_1989_03,1989,PED_01,PED,"Basilio is called a teacher, but the visible passage does not frame him as pedagogically authorizing flamenco knowledge.",18
JALEO_1989_03::A13,jaleo,Jaleo,JALEO_1989_03,1989,CRIT_02,CRIT,"The excerpt contains aesthetic adjectives, but it does not clearly name or apply a stable criterion such as compás, duende, technique, or expression.",23
JALEO_1989_03::A14,jaleo,Jaleo,JALEO_1989_03,1989,PED_02,PED,"Basilio's guitar study is described as mainly by ear, but this is general musical biography and does not clearly authorize flamenco knowledge through oral or embodied transmission.",28
JALEO_1989_03::A14,jaleo,Jaleo,JALEO_1989_03,1989,COMM_04,COMM,"Family origins and national locations are mentioned, but they do not clearly organize flamenco belonging, authority, or representation.",18
JALEO_1989_03::A15,jaleo,Jaleo,JALEO_1989_03,1989,CRIT_04,CRIT,"The excerpt comes from a named newspaper critic, but the codes already capture the exercised evaluative and boundary-making judgments without needing a separate expert-authority tag.",27
JALEO_1989_03::A15,jaleo,Jaleo,JALEO_1989_03,1989,AUTH_03,AUTH,"The review contests claims of Royal tradition and ancient subsidized dance culture, but the tradition claim concerns national dance institutions more than flamenco authenticity or continuity.",26
JALEO_1989_03::A16,jaleo,Jaleo,JALEO_1989_03,1989,HERIT_02,HERIT,"Arts Council and National Endowment support is mentioned, but the passage does not explicitly frame that support as heritage authorization or public cultural recognition.",24
JALEO_1989_03::A16,jaleo,Jaleo,JALEO_1989_03,1989,PED_03,PED,"The home-study guitar course advertisement mentions instruction and techniques, but it is routine sales copy rather than a discourse move about access to flamenco knowledge.",26
JALEO_1989_03::A17,jaleo,Jaleo,JALEO_1989_03,1989,HERIT_03,HERIT,"The Roberto Lorca tribute book invokes memory and love, but the visible ad is mainly charitable and commemorative rather than public heritage or safeguarding discourse.",25
JALEO_1989_03::A17,jaleo,Jaleo,JALEO_1989_03,1989,CRIT_01,CRIT,"The program is described as mixed and colorfully costumed, but the wording is too light and descriptive to count as clear critical evaluation.",23
JALEO_1990_04::A1,jaleo,Jaleo,JALEO_1990_04,1990,AUTH_01,AUTH,"The phrase 'real business' appears, but it refers to solo performance focus rather than a clear claim of genuine or proper flamenco.",22
JALEO_1990_04::A1,jaleo,Jaleo,JALEO_1990_04,1990,COMM_04,COMM,"The review references Christian, Jewish, Arab, Indian, and Muslim cultural resonances, but these do not clearly define group belonging or authority within flamenco.",23
JALEO_1990_04::A2,jaleo,Jaleo,JALEO_1990_04,1990,HERIT_03,HERIT,"The editorial wants Jaleo to continue, but it does not explicitly frame the magazine as cultural heritage, safeguarding, or public memory work.",22
JALEO_1990_04::A2,jaleo,Jaleo,JALEO_1990_04,1990,CRIT_01,CRIT,"The editorial praises Jaleo as rewarding and useful, but the main discourse function is community continuity rather than critical evaluation of flamenco art.",23
JALEO_1990_04::A3,jaleo,Jaleo,JALEO_1990_04,1990,PED_01,PED,"Named teachers and a masterclass are mentioned, but the letter does not position any one teacher or institution as an authoritative flamenco pedagogue.",23
JALEO_1990_04::A3,jaleo,Jaleo,JALEO_1990_04,1990,COMM_02,COMM,"The editor invites readers to respond, but the visible passage does not clearly grant community authority to judge or sustain flamenco beyond practical correspondence.",24
JALEO_1990_04::A4,jaleo,Jaleo,JALEO_1990_04,1990,PED_03,PED,"The advertisements mention transcriptions and beginner instruction, but the main discourse does not clearly frame institutional or transnational learning access as an analytic issue.",24
JALEO_1990_04::A5,jaleo,Jaleo,JALEO_1990_04,1990,PED_01,PED,"The text calls him a scholar and mentions his book, but the visible excerpt does not clearly position him as an authoritative teacher or corrector.",25
JALEO_1990_04::A5,jaleo,Jaleo,JALEO_1990_04,1990,CRIT_01,CRIT,"The passage contains general praise, but the stronger discourse functions are ranking and authenticity/tradition authorization.",16
JALEO_1990_04::A6,jaleo,Jaleo,JALEO_1990_04,1990,COMM_03,COMM,"The text mentions cafés, clubs, tablaos, and family gathering, but the visible passage mainly evaluates urban and historical change rather than participatory public/private flamenco settings.",26
JALEO_1990_04::A7,jaleo,Jaleo,JALEO_1990_04,1990,CRIT_02,CRIT,"Feeling and profundity are used as aesthetic criteria, but they are secondary to the stronger boundary and anti-commercial discourse.",20
JALEO_1990_04::A7,jaleo,Jaleo,JALEO_1990_04,1990,CRIT_04,CRIT,The critique of fusion overlaps strongly with AUTH_04; AUTH_04 captures the anti-commercial authenticity stakes more directly.,17
JALEO_1990_04::A9,jaleo,Jaleo,JALEO_1990_04,1990,AUTH_03,AUTH,"The text says artists should interpret the feeling and tradition of the form, but the main discourse is pedagogical and aesthetic rather than a separate tradition-continuity claim.",28
JALEO_1990_04::A10,jaleo,Jaleo,JALEO_1990_04,1990,AUTH_01,AUTH,"The phrase ""the real thing"" marks authenticity, but it is described as a theatrical signal to the audience rather than a direct authorization of the production as genuinely flamenco.",29
JALEO_1990_04::A11,jaleo,Jaleo,JALEO_1990_04,1990,AUTH_03,AUTH,"Authenticity and tradition are mentioned, but the main discourse function is pedagogical development rather than tradition authorizing present flamenco.",19
JALEO_1990_04::A12,jaleo,Jaleo,JALEO_1990_04,1990,AUTH_03,AUTH,"The text mentions Spanish traditions and memory, but the strongest functions are family/pedagogical transmission and community recognition rather than explicit tradition-based authority.",24
JALEO_1990_04::A13,jaleo,Jaleo,JALEO_1990_04,1990,HERIT_03,HERIT,"The company offers educational programs related to Spanish culture, but the passage does not clearly frame this as safeguarding, heritage management, or public cultural preservation.",25
JALEO_1990_04::A15,jaleo,Jaleo,JALEO_1990_04,1990,HERIT_01,HERIT,"The passage clearly concerns Spanish culture as public value, but the more specific institutional recognition and preservation codes capture the heritage function.",22
JALEO_1990_04::A16,jaleo,Jaleo,JALEO_1990_04,1990,CRIT_01,CRIT,The praise of Montoya as a fine teacher overlaps with PED_01 and does not need a separate general evaluation code.,20
JALEO_1990_04::A17,jaleo,Jaleo,JALEO_1990_04,1990,AUTH_02,AUTH,"The text criticizes vulgarization, but the boundary is framed as Spanish dance criticism rather than a clear proper/improper flamenco purity claim.",22
JALEO_1990_04::A18,jaleo,Jaleo,JALEO_1990_04,1990,COMM_04,COMM,"Nationality is important in the all-Spanish troupe claim, but COMM_01 more precisely captures the insider/outsider boundary at work.",20
JALEO_1990_04::A19,jaleo,Jaleo,JALEO_1990_04,1990,AUTH_04,AUTH,"The contrast with modern studios suggests intimacy and seriousness, but it is not explicitly tied to flamenco authenticity or anti-commercial authenticity.",22
JALEO_1990_04::A20,jaleo,Jaleo,JALEO_1990_04,1990,CRIT_04,CRIT,"References to flamencologists and commentary appear, but the visible text mainly evaluates the book rather than authorizing a specific expert judgment.",21
JALEO_1990_04::A21,jaleo,Jaleo,JALEO_1990_04,1990,COMM_03,COMM,"The audience echoes handclaps, but the passage does not clearly contrast participatory flamenco with spectatorship or make the setting a source of authority.",23
JALEO_1990_04::A21,jaleo,Jaleo,JALEO_1990_04,1990,COMM_04,COMM,"The references to gypsy clan, languages, and cosmopolitan lifestyle frame identity descriptively, but do not clearly make identity authorize belonging or representation.",22
JALEO_1990_04::A22,jaleo,Jaleo,JALEO_1990_04,1990,CRIT_02,CRIT,"Duende appears in a program title, but the visible text does not use it as an aesthetic criterion to judge quality.",21
JALEO_1990_04::A22,jaleo,Jaleo,JALEO_1990_04,1990,AUTH_02,AUTH,"The phrase 'pure flamenco with jazz' contrasts categories, but it does not clearly exclude or devalue impure/improper flamenco.",19
JALEO_1990_04::A23,jaleo,Jaleo,JALEO_1990_04,1990,HERIT_03,HERIT,"Video/audio taping 'for posterity' suggests memory preservation, but it is personal event documentation without clear public heritage framing.",19
JALEO_1990_04::A23,jaleo,Jaleo,JALEO_1990_04,1990,CRIT_01,CRIT,"There are brief quality judgments such as 'Beautiful cante,' but they are secondary to the stronger community and transmission discourse.",20
JALEO_1991_07::A1,jaleo,Jaleo,JALEO_1991_07,1991,AUTH_04,AUTH,"Commercial videos are mentioned as distribution information, not as a critique of commercialized flamenco or authenticity loss.",17
JALEO_1991_07::A1,jaleo,Jaleo,JALEO_1991_07,1991,COMM_04,COMM,The phrase 'few good men and women' is generic recruitment language and does not frame flamenco authority through gender identity.,20
JALEO_1991_07::A2,jaleo,Jaleo,JALEO_1991_07,1991,PED_01,PED,"The workshop invokes authoritative sources, but the stronger function is institutional/transnational access to learning through the magazine rather than a specific teacher-student authority.",25
JALEO_1991_07::A2,jaleo,Jaleo,JALEO_1991_07,1991,CRIT_01,CRIT,"Later event notices use praise such as 'fine flamenco entertainment,' but these are routine listings and not central critical assessment.",20
JALEO_1991_07::A3,jaleo,Jaleo,JALEO_1991_07,1991,PED_01,PED,"The visible text mentions maestras, teachers, schools, and classes, but much of it is biographical or administrative rather than an explicit authorization of flamenco knowledge.",25
JALEO_1991_07::A3,jaleo,Jaleo,JALEO_1991_07,1991,HERIT_02,HERIT,"The Fundación Andaluzas de Flamenco de Jerez is named as owner of the painting, but the passage does not clearly frame this as official heritage authorization.",26
JALEO_1991_07::A4,jaleo,Jaleo,JALEO_1991_07,1991,CRIT_02,CRIT,"Aesthetic labels such as Ideal Sound, Expressiveness, Sound Concept, and Tone Quality are listed, but the stronger visible discourse is review evaluation and pedagogy.",24
JALEO_1991_07::A5,jaleo,Jaleo,JALEO_1991_07,1991,CRIT_01,CRIT,"Phrases such as extraordinary following and passion are positive, but they function mostly as organizational self-description rather than independent critical evaluation.",22
JALEO_1991_07::A5,jaleo,Jaleo,JALEO_1991_07,1991,PED_01,PED,"Several teachers are named, but the clearer discourse concerns institutional/transnational access rather than one teacher's authority.",18
JALEO_1991_07::A6,jaleo,Jaleo,JALEO_1991_07,1991,AUTH_03,AUTH,"The festivals are described as displaying repertoire and traditions, but the visible text does not strongly use tradition to authorize present practice beyond the aesthetic criterion already coded.",28
JALEO_1991_07::A6,jaleo,Jaleo,JALEO_1991_07,1991,COMM_02,COMM,"The phrase 'Sevillanas know exactly' also suggests local community authority, but it overlaps heavily with the coded aesthetic-criteria passage.",20
JALEO_1991_07::A8,jaleo,Jaleo,JALEO_1991_07,1991,AUTH_01,AUTH,"The phrase 'Authentic Flamenco Skirts' is product marketing for clothing, not a discourse claim about authentic flamenco practice.",18
JALEO_1991_07::A8,jaleo,Jaleo,JALEO_1991_07,1991,CRIT_01,CRIT,Quality language such as 'the very best' and 'finest quality fabric' evaluates merchandise rather than flamenco artistry or practice.,19
JALEO_1991_07::A9,jaleo,Jaleo,JALEO_1991_07,1991,PED_01,PED,The mention of a residency 'as instructors and performers' is scheduling information and does not clearly authorize a teaching method or pedagogical authority.,23
JALEO_1991_07::A9,jaleo,Jaleo,JALEO_1991_07,1991,PED_03,PED,"The reference to fusion and cross-over influences describes stylistic mixture, not learning access or institutional pedagogy.",17
JALEO_1991_07::A10,jaleo,Jaleo,JALEO_1991_07,1991,PED_02,PED,"Listening is named as necessary for learning, but the ad does not clearly frame embodied/oral lineage transmission or situated apprenticeship.",21
JALEO_1991_07::A10,jaleo,Jaleo,JALEO_1991_07,1991,HERIT_03,HERIT,"The title 'Living Flamenco Anthology' is suggestive, but the visible copy does not develop a safeguarding or living-heritage discourse.",20
JALEO_1991_07::A11,jaleo,Jaleo,JALEO_1991_07,1991,AUTH_03,AUTH,The phrase 'traditional flamenco roots with contemporary dance music' is promotional genre description and does not clearly use tradition to authorize proper flamenco.,23
JALEO_1991_07::A11,jaleo,Jaleo,JALEO_1991_07,1991,COMM_03,COMM,The statement that Jaleo 'involves the audience' describes spectacle participation but does not contrast participatory flamenco with detached public spectatorship.,20
JALEO_1991_07::A11,jaleo,Jaleo,JALEO_1991_07,1991,HERIT_02,HERIT,"The Junta and Fundación appear in administrative seminar information, but the visible text does not explicitly frame flamenco as heritage under institutional recognition.",23
JALEO_1991_10::A2,jaleo,Jaleo,JALEO_1991_10,1991,AUTH_03,AUTH,"The passage gives an origin account of cante gitano, but the visible excerpt does not clearly use that origin to authorize a present flamenco practice.",25
JALEO_1991_10::A2,jaleo,Jaleo,JALEO_1991_10,1991,CRIT_02,CRIT,Words such as 'powerful' and 'passionate' describe cante gitano but are not applied as explicit aesthetic criteria for judging a specific performance or practice.,24
JALEO_1991_10::A2,jaleo,Jaleo,JALEO_1991_10,1991,AUTH_04,AUTH,"The public/private contrast suggests authenticity stakes, but the excerpt does not explicitly frame public or commercial staging as weakening authentic flamenco.",22
JALEO_1991_10::A3,jaleo,Jaleo,JALEO_1991_10,1991,AUTH_03,AUTH,"The historical account discusses flamenco epochs and early artists, but the clearer discourse function is canonizing historical hierarchy rather than using roots or continuity to authorize present practice.",28
JALEO_1991_10::A4,jaleo,Jaleo,JALEO_1991_10,1991,CRIT_03,CRIT,"Tablao Zambra is called a mecca for the best and most honest flamenco, but the visible excerpt cuts off before enough distinct canon-building evidence develops.",26
JALEO_1991_10::A5,jaleo,Jaleo,JALEO_1991_10,1991,COMM_03,COMM,"The review says the intimate club makes the audience feel involved and unable to stay aloof, but the dominant discourse function is aesthetic evaluation rather than a sustained public/private participatory contrast.",32
JALEO_1991_10::A5,jaleo,Jaleo,JALEO_1991_10,1991,AUTH_03,AUTH,"The text references traditional flamenco and centuries of sharpened emotion, but does not clearly use tradition or continuity as the main authorizing claim.",23
JALEO_1991_10::A6,jaleo,Jaleo,JALEO_1991_10,1991,CRIT_01,CRIT,"The phrase ""heartbeat of the show"" is evaluative, but the visible text is only a six-word caption and is too short to support a reliable article-level annotation.",29
JALEO_1991_10::A7,jaleo,Jaleo,JALEO_1991_10,1991,AUTH_01,AUTH,"""Authentic Flamenco Skirts"" is product marketing for clothing, not an authenticity claim about flamenco practice or authority.",17
JALEO_1991_10::A7,jaleo,Jaleo,JALEO_1991_10,1991,CRIT_01,CRIT,"Phrases such as ""quality costumes"" and ""the very best"" praise a product, but they do not evaluate flamenco artistry, performance, or discourse.",22
JALEO_1991_10::A8,jaleo,Jaleo,JALEO_1991_10,1991,COMM_04,COMM,"The article uses gendered language about male and female performers, but it mainly functions as descriptive review rhetoric rather than a clear identity-based authority claim.",26
JALEO_1991_10::A9,jaleo,Jaleo,JALEO_1991_10,1991,PED_01,PED,"The advertisements mention a teacher and classes, but they are routine listings without a clear pedagogical authority claim.",18
JALEO_1991_10::A10,jaleo,Jaleo,JALEO_1991_10,1991,AUTH_03,AUTH,"The phrase ""true roots of the cante"" suggests rootedness, but the same span is already more directly covered by the stronger authenticity and identity-authority claims.",26
JALEO_1992_01::A2,jaleo,Jaleo,JALEO_1992_01,1992,CRIT_01,CRIT,"Phrases such as ""high acclaim"" and ""remarkable performing ability"" praise Eva Encinias, but the surrounding passage is mainly biographical promotion rather than sustained critical judgment.",25
JALEO_1992_01::A2,jaleo,Jaleo,JALEO_1992_01,1992,PED_01,PED,"Several teachers are named, but most mentions are neutral biographies; the clearer discourse function is institutional and familial transmission rather than a specific authority-to-teach claim.",27
JALEO_1992_01::A3,jaleo,Jaleo,JALEO_1992_01,1992,COMM_03,COMM,"The text lists new tablaos and restaurants, but it does not clearly contrast public/private or participatory/spectatorial settings as value-bearing.",22
JALEO_1992_01::A3,jaleo,Jaleo,JALEO_1992_01,1992,CRIT_01,CRIT,"The praise of Ms. Lawlor is evaluative, but it is better captured as community-support discourse than as criticism of a flamenco performance or work.",25
JALEO_1992_01::A4,jaleo,Jaleo,JALEO_1992_01,1992,COMM_02,COMM,"The Los Angeles flamenco community is mentioned as fortunate to have Deborah Lawlor, but the passage does not clearly grant community-based authority to judge or sustain flamenco.",28
JALEO_1992_01::A5,jaleo,Jaleo,JALEO_1992_01,1992,PED_03,PED,"The text mentions limited access to videos, but the main visible discourse evaluates performance innovation rather than explaining learning access or pedagogy.",22
JALEO_1992_01::A5,jaleo,Jaleo,JALEO_1992_01,1992,AUTH_03,AUTH,"Traditional flamenco and flamenco puras are mentioned, but the excerpt does not clearly use tradition as an authorizing basis for proper flamenco.",22
JALEO_1992_01::A6,jaleo,Jaleo,JALEO_1992_01,1992,PED_02,PED,"Paco de Lucia imitates Melchor's accompaniment style, but the visible text frames it more as artistic modeling than as explicit lineage transmission or learning.",25
JALEO_1992_01::A7,jaleo,Jaleo,JALEO_1992_01,1992,AUTH_03,AUTH,"The text calls Sevilla the home of flamenco, but the visible passage primarily contests status and treatment rather than grounding present value in roots or continuity.",26
JALEO_1992_01::A7,jaleo,Jaleo,JALEO_1992_01,1992,COMM_03,COMM,"The ending describes gypsies gathering in a venta to sing, dance, and play, but it is too brief and descriptive to show evaluative public/private participatory setting discourse.",28
JALEO_1992_04::A2,jaleo,Jaleo,JALEO_1992_04,1992,PED_03,PED,"The notice lists workshops, levels, and college credit, but it is a routine event/class listing without evaluative or socially meaningful access/transmission stakes.",24
JALEO_1992_04::A3,jaleo,Jaleo,JALEO_1992_04,1992,PED_03,PED,"The summer school and guitar workshop imply learning access, but the passage is only an administrative announcement and does not authorize or evaluate flamenco knowledge transmission.",26
JALEO_1992_04::A4,jaleo,Jaleo,JALEO_1992_04,1992,CRIT_01,CRIT,"Phrases such as 'sold out performances' and 'one of the more interesting recent projects' are mildly evaluative, but the visible passage is largely promotional and does not provide enough critical assessment.",31
JALEO_1992_04::A4,jaleo,Jaleo,JALEO_1992_04,1992,HERIT_02,HERIT,"The company received a grant and recognition from an arts commission, but this is ordinary institutional support rather than heritage authorization or patrimonial framing.",24
JALEO_1992_04::A5,jaleo,Jaleo,JALEO_1992_04,1992,PED_03,PED,"The book/cassette is praised for building knowledge of flamenco and history, but this overlaps with the stronger review and roots claims and is not enough by itself to code institutional/transnational learning access.",34
JALEO_1992_04::A5,jaleo,Jaleo,JALEO_1992_04,1992,HERIT_03,HERIT,"The phrase 'living thing' resembles living-heritage language, but the passage does not explicitly frame flamenco as public heritage or safeguarding.",21
JALEO_1992_04::A6,jaleo,Jaleo,JALEO_1992_04,1992,AUTH_01,AUTH,"The juerga description says the self is laid bare 'without additions or artifices,' but this poetic authenticity language is not clearly a claim about proper flamenco.",26
JALEO_1992_04::A6,jaleo,Jaleo,JALEO_1992_04,1992,COMM_03,COMM,"The flamenco circle and juerga imply participatory social setting, but the visible passage does not clearly contrast participation with public spectatorship or use the setting to define authority.",28
JALEO_1992_04::A6,jaleo,Jaleo,JALEO_1992_04,1992,CRIT_01,CRIT,"The debate praises professionalization as helping flamenco progress, but the short visible ending lacks enough target-specific critical evaluation to emit this code.",23
JALEO_1992_04::A7,jaleo,Jaleo,JALEO_1992_04,1992,COMM_04,COMM,"References to gypsies and to an artist 'whether gypsy or not' invoke identity categories, but the visible passage does not clearly use identity to authorize belonging or representation.",28
JALEO_1992_04::A7,jaleo,Jaleo,JALEO_1992_04,1992,PED_03,PED,"The discussion of fusion and production involves development and adaptation, but it is not framed as learning or access to flamenco knowledge.",22
JALEO_1992_04::A8,jaleo,Jaleo,JALEO_1992_04,1992,AUTH_03,AUTH,"The colombianas and tientos passages discuss origins and development, but the visible text primarily explains chronology/classification rather than using roots to authorize present value.",25
JALEO_1992_04::A8,jaleo,Jaleo,JALEO_1992_04,1992,PED_03,PED,"The Q&A format mediates knowledge for readers, but the stronger evidence is the respondent's technical/historical authority rather than institutional or transnational access.",25
JALEO_1986_FALL::A1,jaleo,Jaleo,JALEO_1986_FALL,1986,COMM_03,COMM,"The movement from cave/tavern and intimate circles to great halls suggests a public/private shift, but the visible passage describes historical change more than evaluating one setting over another.",30
JALEO_1986_FALL::A1,jaleo,Jaleo,JALEO_1986_FALL,1986,AUTH_02,AUTH,"Purist critics imply that Paco's music may not be flamenco, but the clearest discourse function is critical boundary policing rather than the article itself asserting a purity boundary.",29
JALEO_1986_FALL::A2,jaleo,Jaleo,JALEO_1986_FALL,1986,PED_03,PED,"The editor's note requests correspondents and information sharing, but it is administrative rather than a clear discourse about pedagogical authority or access.",23
JALEO_1986_FALL::A2,jaleo,Jaleo,JALEO_1986_FALL,1986,COMM_01,COMM,"The contrast between the expert listener and the radio announcer implies knowledge difference, but it is not framed as a broader insider/outsider boundary around flamenco belonging.",27
JALEO_1986_FALL::A3,jaleo,Jaleo,JALEO_1986_FALL,1986,PED_01,PED,"The word 'master' appears in an analogy to a baroque lute composer, not as flamenco pedagogical authority.",17
JALEO_1986_FALL::A3,jaleo,Jaleo,JALEO_1986_FALL,1986,AUTH_01,AUTH,The advertisement phrase 'AUTHENTIC FLAMENCO' is promotional copy and does not provide sufficient discourse function for an authenticity code.,19
JALEO_1986_FALL::A3,jaleo,Jaleo,JALEO_1986_FALL,1986,CRIT_01,CRIT,"The text praises some artists as geniuses, but the stronger visible discourse concerns preservation and transmission rather than a developed critical evaluation.",22
JALEO_1986_FALL::A4,jaleo,Jaleo,JALEO_1986_FALL,1986,AUTH_01,AUTH,"The title and repeated phrase Flamenco Puro suggest authenticity, but the visible passage does not clearly assert a genuine/proper flamenco claim beyond the production name.",26
JALEO_1986_FALL::A4,jaleo,Jaleo,JALEO_1986_FALL,1986,HERIT_03,HERIT,"Lineage and inheritance are present, but the passage frames them more as embodied/familial transmission than as public heritage safeguarding or memory-work.",23
JALEO_1986_FALL::A6,jaleo,Jaleo,JALEO_1986_FALL,1986,COMM_02,COMM,"The public making the song 'their own' suggests community uptake, but it does not clearly grant community authority to recognize or judge flamenco.",23
JALEO_1986_FALL::A8,jaleo,Jaleo,JALEO_1986_FALL,1986,HERIT_02,HERIT,"Church permission and a Vatican performance indicate institutional access, but the visible text does not frame flamenco as heritage or public cultural value.",23
JALEO_1986_FALL::A8,jaleo,Jaleo,JALEO_1986_FALL,1986,CRIT_03,CRIT,"Performing for the Pope may imply prestige, but the passage reports the event without ranking or explicit canonizing evaluation.",19
JALEO_1986_FALL::A9,jaleo,Jaleo,JALEO_1986_FALL,1986,PED_01,PED,"Named teachers and studios appear, but most mentions are practical listings rather than strong claims of pedagogical authority.",18
JALEO_1986_FALL::A9,jaleo,Jaleo,JALEO_1986_FALL,1986,CRIT_04,CRIT,"The phrase 'self-appointed ethnic police cum aficionados' criticizes gatekeeping, but the passage does not develop an expert-authority judgment enough to emit separately.",24
JALEO_1986_FALL::A10,jaleo,Jaleo,JALEO_1986_FALL,1986,PED_01,PED,"Teachers are named, but the article does not make a clear authority claim beyond course administration.",16
JALEO_1986_FALL::A11,jaleo,Jaleo,JALEO_1986_FALL,1986,PED_01,PED,"Edward Freeman is mentioned as a teacher, but the passage primarily uses that relationship to authorize criticism rather than to discuss pedagogy itself.",23
JALEO_1986_FALL::A11,jaleo,Jaleo,JALEO_1986_FALL,1986,CRIT_03,CRIT,"The article lists a small set of decent publications, but the canon/hierarchy function is secondary to the review and not developed enough for a separate code.",27
JALEO_1986_FALL::A12,jaleo,Jaleo,JALEO_1986_FALL,1986,HERIT_02,HERIT,"Church leaders and the bishop confer institutional acceptance, but the article lacks explicit heritage or patrimony framing.",17
JALEO_1986_FALL::A12,jaleo,Jaleo,JALEO_1986_FALL,1986,COMM_03,COMM,"The passage contrasts worship with entertainment, but it does not clearly contrast participatory/private flamenco with spectatorial/public flamenco.",19
JALEO_1986_FALL::A12,jaleo,Jaleo,JALEO_1986_FALL,1986,AUTH_04,AUTH,"'Not mere entertainment' marks a boundary, but the claim is about liturgical propriety rather than commercial spectacle as an authenticity threat.",21
JALEO_1986_FALL::A13,jaleo,Jaleo,JALEO_1986_FALL,1986,CRIT_01,CRIT,"The production details are descriptive and promotional, without clear evaluative judgment.",11
JALEO_1986_FALL::A13,jaleo,Jaleo,JALEO_1986_FALL,1986,PED_01,PED,"Named teachers are mentioned, but the excerpt does not establish their pedagogical authority beyond saying they taught.",17
JALEO_1986_FALL::A14,jaleo,Jaleo,JALEO_1986_FALL,1986,AUTH_03,AUTH,"The references to 'antigua' style and training in Spain suggest tradition, but the passage mainly uses them as aesthetic description rather than explicit continuity or roots-based authorization.",28
JALEO_1986_FALL::A16,jaleo,Jaleo,JALEO_1986_FALL,1986,PED_01,PED,"The interview mentions daily ballet discipline and having studied with different people, but no specific teacher or method is strongly authorized as flamenco pedagogy.",24
JALEO_1986_FALL::A17,jaleo,Jaleo,JALEO_1986_FALL,1986,AUTH_01,AUTH,"The phrase 'true flamenco happening' suggests properness, but the stronger discourse function is pedagogical and aesthetic rather than a separate authenticity claim.",22
JALEO_1986_FALL::A18,jaleo,Jaleo,JALEO_1986_FALL,1986,CRIT_03,CRIT,"The advertisement's phrases such as 'legendary' and 'historic' canonize Manuel Agujetas, but the marketing context makes the claim less reliable than the stronger boundary and pedagogy evidence elsewhere in the visible text.",33
JALEO_1986_FALL::A19,jaleo,Jaleo,JALEO_1986_FALL,1986,HERIT_03,HERIT,"The Society is said to serve Hispanic communities, but the visible text does not frame this as safeguarding or public heritage work.",22
JALEO_1986_FALL::A19,jaleo,Jaleo,JALEO_1986_FALL,1986,CRIT_01,CRIT,"Concert promotion includes praise of performers, but it reads as promotional copy rather than grounded critical evaluation.",17
JALEO_1986_FALL::A20,jaleo,Jaleo,JALEO_1986_FALL,1986,PED_03,PED,"The word 'interpret' appears in relation to film, but the passage is about artistic representation rather than learning access or pedagogy.",21
JALEO_1986_FALL::A20,jaleo,Jaleo,JALEO_1986_FALL,1986,AUTH_03,AUTH,"Saura speaks of recovering the music of his country and Andalusia, but the visible text does not clearly use roots or continuity to authorize present flamenco.",26
JALEO_1986_FALL::A21,jaleo,Jaleo,JALEO_1986_FALL,1986,PED_02,PED,"The retrieval hint points to imitation, but the visible text does not describe oral, embodied, or lineage-based flamenco transmission.",20
JALEO_1986_FALL::A21,jaleo,Jaleo,JALEO_1986_FALL,1986,CRIT_01,CRIT,"The feria is praised as fun and successful, but the evaluation concerns the festival atmosphere more than flamenco artistry.",19
JALEO_1986_FALL::A22,jaleo,Jaleo,JALEO_1986_FALL,1986,COMM_03,COMM,"The juerga setting suggests communal participation, but the visible text mainly reports and evaluates the event rather than contrasting participatory settings.",21
JALEO_1986_FALL::A23,jaleo,Jaleo,JALEO_1986_FALL,1986,HERIT_03,HERIT,"The article calls for local support and continuity, but it does not frame flamenco as public heritage or safeguarding.",19
JALEO_1986_FALL::A23,jaleo,Jaleo,JALEO_1986_FALL,1986,PED_03,PED,"Classes and workshops are mentioned as part of community activity, but the passage does not focus on institutional or transnational learning access.",22
JALEO_1985_SPRING::A2,jaleo,Jaleo,JALEO_1985_SPRING,1985,COMM_02,COMM,"Subscriber support and group encouragement suggest community, but the evidence mainly concerns magazine mediation and personal encouragement rather than community authority to judge or sustain flamenco.",26
JALEO_1985_SPRING::A4,jaleo,Jaleo,JALEO_1985_SPRING,1985,PED_01,PED,"Ciro is described as directing and supervising choreography, but the passage does not frame him as teaching or transmitting flamenco knowledge.",21
JALEO_1985_SPRING::A5,jaleo,Jaleo,JALEO_1985_SPRING,1985,CRIT_03,CRIT,"The phrase 'Golden Age' hints at periodization and hierarchy, but the visible excerpt mainly uses it as historical framing rather than building a canon.",24
JALEO_1985_SPRING::A6,jaleo,Jaleo,JALEO_1985_SPRING,1985,HERIT_02,HERIT,"The predicted street dedication suggests civic recognition, but it is framed as a future wish rather than an actual institutional heritage action.",22
JALEO_1985_SPRING::A8,jaleo,Jaleo,JALEO_1985_SPRING,1985,AUTH_02,AUTH,"The author describes himself as far-right in flamenco taste and preferring cante and guitar with jaleo, but this is self-positioning rather than a clear exclusionary purity claim.",29
JALEO_1985_SPRING::A8,jaleo,Jaleo,JALEO_1985_SPRING,1985,CRIT_02,CRIT,"Technical vocabulary such as compás, melody, and accompaniment is used mainly for instruction and classification, not for aesthetic judgment.",19
JALEO_1985_SPRING::A9,jaleo,Jaleo,JALEO_1985_SPRING,1985,AUTH_04,AUTH,"Commercial messages are mentioned as part of the radio program, but there is no anti-commercial authenticity judgment.",18
JALEO_1985_SPRING::A10,jaleo,Jaleo,JALEO_1985_SPRING,1985,CRIT_03,CRIT,"The final sentence describes Molina's career decline, but it overlaps with the broader negative critical evaluation rather than forming a separate canon/ranking claim.",25
JALEO_1985_SPRING::A11,jaleo,Jaleo,JALEO_1985_SPRING,1985,AUTH_02,AUTH,"The article contrasts proper flamenco with clichés and mediocrity, but the stronger discourse function is anti-commercial/boundary critique rather than explicit purity rhetoric.",24
JALEO_1985_SPRING::A11,jaleo,Jaleo,JALEO_1985_SPRING,1985,CRIT_02,CRIT,"Respect, knowledge, compás, and feeling appear as value criteria, but the clearest coding is the broader critique of professional responsibility and tourist cliché.",23
JALEO_1985_SPRING::A12,jaleo,Jaleo,JALEO_1985_SPRING,1985,AUTH_03,AUTH,"Traditional compositions and traditional form are mentioned, but they mainly function within record evaluation rather than independently authorizing continuity.",19
JALEO_1985_SPRING::A12,jaleo,Jaleo,JALEO_1985_SPRING,1985,PED_01,PED,"Marcos is said to have learned with maestro Pepe Martinez, but this is biographical publicity rather than a developed claim of pedagogical authority.",23
JALEO_1985_SPRING::A13,jaleo,Jaleo,JALEO_1985_SPRING,1985,CRIT_01,CRIT,"The New York Times praise and promotional adjectives evaluate dancers, but the passage is primarily a press release and the clearest discourse is pedagogical authorization.",25
JALEO_1985_SPRING::A13,jaleo,Jaleo,JALEO_1985_SPRING,1985,HERIT_03,HERIT,"Regional dances and influences are to be discussed and demonstrated, but the text lacks explicit safeguarding or public heritage framing.",20
JALEO_1985_SPRING::A14,jaleo,Jaleo,JALEO_1985_SPRING,1985,PED_01,PED,"Montoya is described as teaching students for 12 years, but the visible passage emphasizes identity and authenticity more than pedagogical authority.",21
JALEO_1985_SPRING::A14,jaleo,Jaleo,JALEO_1985_SPRING,1985,CRIT_01,CRIT,"Critical praise from Dance Magazine appears, but it mainly supports biographical prestige rather than a developed review judgment in the visible excerpt.",22
JALEO_1985_SPRING::A15,jaleo,Jaleo,JALEO_1985_SPRING,1985,COMM_02,COMM,"The juerga is described as a friendly community gathering, but no authority, recognition, or insider competence is attributed to the group.",21
JALEO_1985_SPRING::A15,jaleo,Jaleo,JALEO_1985_SPRING,1985,COMM_03,COMM,"The text reports attendance and enjoyment at a social event, but does not contrast participatory versus spectatorial flamenco or attach value to the setting.",24
JALEO_1985_SPRING::A16,jaleo,Jaleo,JALEO_1985_SPRING,1985,COMM_03,COMM,"The text mentions monthly juergas and member locations, but it reports activity neutrally rather than valuing a participatory setting or contrasting it with spectatorship.",24
JALEO_1986_SPRING::A1,jaleo,Jaleo,JALEO_1986_SPRING,1986,AUTH_02,AUTH,"The contrast between pure/intimate flamenco and flashier fusion suggests boundary work, but the text does not fully exclude fusion as fake or illegitimate.",24
JALEO_1986_SPRING::A2,jaleo,Jaleo,JALEO_1986_SPRING,1986,CRIT_04,CRIT,"The Pohren letter criticizes exploitation and pay, but it does not clearly use expert critical authority or police proper/improper flamenco form.",22
JALEO_1986_SPRING::A2,jaleo,Jaleo,JALEO_1986_SPRING,1986,COMM_02,COMM,"The text mentions aficionados, but they are not clearly positioned as authorities who judge or sustain flamenco.",17
JALEO_1986_SPRING::A3,jaleo,Jaleo,JALEO_1986_SPRING,1986,COMM_04,COMM,"The artists are identified as Japanese, but the visible text does not clearly make Japanese identity itself the basis of authority, belonging, or exclusion.",24
JALEO_1986_SPRING::A3,jaleo,Jaleo,JALEO_1986_SPRING,1986,AUTH_02,AUTH,"The phrase 'not the way that flamenco should be' suggests possible boundary work, but the reviewer also grants technique, originality, and jondo feeling, so a strong purity exclusion is not supported.",31
JALEO_1986_SPRING::A4,jaleo,Jaleo,JALEO_1986_SPRING,1986,AUTH_01,AUTH,"The text says flamenco is valued and declared an art, but it does not clearly make an authenticity or proper-flamenco claim.",22
JALEO_1986_SPRING::A4,jaleo,Jaleo,JALEO_1986_SPRING,1986,PED_01,PED,"Teachers and lessons are mentioned, but no specific teacher or method is clearly positioned as authoritative beyond the broader institutional access captured by PED_03.",24
JALEO_1986_SPRING::A5,jaleo,Jaleo,JALEO_1986_SPRING,1986,PED_01,PED,"The word 'apprentice' refers to barrel-factory work, not flamenco pedagogical authority.",12
JALEO_1986_SPRING::A6,jaleo,Jaleo,JALEO_1986_SPRING,1986,CRIT_02,CRIT,"Unorthodox style is mentioned as a reception issue, but the visible text does not clearly apply aesthetic criteria in detail.",20
JALEO_1986_SPRING::A7,jaleo,Jaleo,JALEO_1986_SPRING,1986,COMM_04,COMM,"Jerez identity is important, but the visible text mainly uses it as artistic provenance rather than a developed identity-based authority claim.",22
JALEO_1986_SPRING::A8,jaleo,Jaleo,JALEO_1986_SPRING,1986,COMM_02,COMM,"Aficionados and family are mentioned, but the visible text does not clearly grant them authority to judge or sustain flamenco.",20
JALEO_1986_SPRING::A11,jaleo,Jaleo,JALEO_1986_SPRING,1986,CRIT_03,CRIT,"The competition and previous winners imply hierarchy, but the visible text mainly announces event logistics rather than constructing a canon or ranking.",22
JALEO_1986_SPRING::A12,jaleo,Jaleo,JALEO_1986_SPRING,1986,AUTH_02,AUTH,"The phrase 'pure flamenco' suggests purity, but the visible text does not clearly identify an excluded or degraded opposing form.",20
JALEO_1986_SPRING::A13,jaleo,Jaleo,JALEO_1986_SPRING,1986,AUTH_04,AUTH,"Tourist performance is mentioned, but the visible text does not criticize tourism as corrupting authenticity.",15
JALEO_1986_SPRING::A14,jaleo,Jaleo,JALEO_1986_SPRING,1986,HERIT_01,HERIT,"The phrase 'musical heritage' appears, but the visible text mainly uses it for historical continuity rather than public heritage or patrimonial framing.",22
JALEO_1986_SPRING::A14,jaleo,Jaleo,JALEO_1986_SPRING,1986,PED_03,PED,"The word 'school' refers to St. Isidore's historical school, not flamenco learning access or institutional flamenco pedagogy.",18
JALEO_1986_SPRING::A15,jaleo,Jaleo,JALEO_1986_SPRING,1986,PED_03,PED,"The projected studies center may enable institutional learning access, but the visible passage emphasizes archive and public institution more than pedagogy.",21
JALEO_1986_SPRING::A16,jaleo,Jaleo,JALEO_1986_SPRING,1986,PED_03,PED,"Master classes and summer classes are mentioned, but mostly as itinerary information without a developed access or transmission claim.",19
JALEO_1986_SPRING::A17,jaleo,Jaleo,JALEO_1986_SPRING,1986,CRIT_03,CRIT,"The text calls Manolo Romero a major exponent of a lineage, but the stronger evidence is aesthetic evaluation rather than canon construction.",22
JALEO_1986_SPRING::A19,jaleo,Jaleo,JALEO_1986_SPRING,1986,COMM_02,COMM,"The Denver flamenco scene is described, but the article centers Heredia's biography and teaching rather than community authority.",19
JALEO_1986_SPRING::A20,jaleo,Jaleo,JALEO_1986_SPRING,1986,COMM_03,COMM,"The audience interaction and clapping suggest participatory atmosphere, but the visible text does not clearly contrast participatory co-presence with spectatorship as a value boundary.",25
JALEO_1986_SPRING::A21,jaleo,Jaleo,JALEO_1986_SPRING,1986,AUTH_04,AUTH,"The phrase 'genuine ... watering hole' suggests valued social co-presence, but it does not explicitly link intimacy or anti-commercial setting to flamenco authenticity.",24
JALEO_1987_SPRING::A1,jaleo,Jaleo,JALEO_1987_SPRING,1987,CRIT_03,CRIT,"The contest rankings and comparisons imply hierarchy, but the clearer discourse work is direct evaluation and authenticity boundary-making.",19
JALEO_1987_SPRING::A2,jaleo,Jaleo,JALEO_1987_SPRING,1987,HERIT_03,HERIT,"The editorial discusses Jaleo's survival as a publication, but it does not clearly frame flamenco as public cultural heritage or safeguarding.",22
JALEO_1987_SPRING::A3,jaleo,Jaleo,JALEO_1987_SPRING,1987,PED_02,PED,"The memoir names teachers and apprenticeship, but it does not clearly describe oral, embodied, familial, or intergenerational transmission as the mode of learning.",23
JALEO_1987_SPRING::A3,jaleo,Jaleo,JALEO_1987_SPRING,1987,CRIT_01,CRIT,"There is extensive praise of Amaya, but CRIT_03 captures the stronger canonizing and hierarchical function of that praise.",18
JALEO_1987_SPRING::A4,jaleo,Jaleo,JALEO_1987_SPRING,1987,HERIT_03,HERIT,"The recording of Málaga artists' voices suggests preservation, but the visible text does not clearly frame it as public heritage safeguarding.",21
JALEO_1987_SPRING::A4,jaleo,Jaleo,JALEO_1987_SPRING,1987,PED_03,PED,"The introduction mentions insight into becoming a professional flamenco in Spain, but the visible excerpt does not develop learning or access to knowledge.",23
JALEO_1987_SPRING::A5,jaleo,Jaleo,JALEO_1987_SPRING,1987,PED_02,PED,"The passage mentions generational inheritance, but it is framed as quasi-genetic capacity rather than embodied, oral, or apprenticeship-based transmission.",21
JALEO_1987_SPRING::A5,jaleo,Jaleo,JALEO_1987_SPRING,1987,COMM_04,COMM,"Identity categories are present, but the stronger discourse function is the insider/outsider boundary around understanding cante.",17
JALEO_1987_SPRING::A6,jaleo,Jaleo,JALEO_1987_SPRING,1987,AUTH_03,AUTH,"Ancestry and place are invoked, but the clearest function is lineage transmission and identity framing rather than tradition-continuity as such.",21
JALEO_1987_SPRING::A7,jaleo,Jaleo,JALEO_1987_SPRING,1987,PED_01,PED,"The word maestro appears, but it functions mainly as artistic honorific/canonization rather than explicit teaching authority.",17
JALEO_1987_SPRING::A7,jaleo,Jaleo,JALEO_1987_SPRING,1987,AUTH_01,AUTH,"The phrase 'true gentleman' evaluates Cepero's character, not the authenticity of flamenco practice.",14
JALEO_1987_SPRING::A8,jaleo,Jaleo,JALEO_1987_SPRING,1987,AUTH_03,AUTH,"The word 'maintain' appears, but the claim is about preserving authentic flavor in one arrangement, not broader tradition or continuity.",20
JALEO_1987_SPRING::A8,jaleo,Jaleo,JALEO_1987_SPRING,1987,CRIT_01,CRIT,The passage is mostly descriptive news; 'enthusiastic' and 'increased notably' do not clearly evaluate flamenco quality.,16
JALEO_1987_SPRING::A9,jaleo,Jaleo,JALEO_1987_SPRING,1987,PED_03,PED,"The article mentions study with teachers and non-Spanish guitarists, but the dominant function is record criticism rather than sustained discussion of learning access.",24
JALEO_1987_SPRING::A11,jaleo,Jaleo,JALEO_1987_SPRING,1987,CRIT_04,CRIT,"The passage critiques flamenco change and Americanization, but the visible evidence is primarily identity and belonging discourse rather than expert critical authority.",22
JALEO_1987_SPRING::A12,jaleo,Jaleo,JALEO_1987_SPRING,1987,PED_01,PED,"The text gives advice about diet and discipline, but it does not establish a flamenco teacher, method, or authority over flamenco knowledge.",22
JALEO_1987_SPRING::A12,jaleo,Jaleo,JALEO_1987_SPRING,1987,COMM_03,COMM,"The juerga is described as a setting that may bring out flamenco, but the passage uses it mainly to discuss bodily consequences rather than participatory authority.",26
JALEO_1987_SPRING::A15,jaleo,Jaleo,JALEO_1987_SPRING,1987,HERIT_03,HERIT,"The word 'memory' appears only in the phrase 'recent memory' as a review idiom, not as heritage memory-work.",19
JALEO_1987_SPRING::A15,jaleo,Jaleo,JALEO_1987_SPRING,1987,PED_03,PED,"The visible biography mentions formal studies and classes, but it functions as performer background rather than a claim about institutional learning access.",22
JALEO_1987_SPRING::A16,jaleo,Jaleo,JALEO_1987_SPRING,1987,COMM_03,COMM,"The juerga and patio gathering suggest participatory flamenco, but the visible text mainly describes an event and mixed festivities rather than making a clear value claim about participation versus spectatorship.",30
JALEO_1987_SPRING::A17,jaleo,Jaleo,JALEO_1987_SPRING,1987,AUTH_03,AUTH,"The Cádiz settings and typical personalities imply tradition, but the passage describes a staged concept more than explicitly using continuity or roots to authorize present flamenco.",26
JALEO_1986_SUMMER::A1,jaleo,Jaleo,JALEO_1986_SUMMER,1986,AUTH_04,AUTH,"The text warns against entertaining the gallery for easy applause, but the stronger and clearer discourse function is purity/authenticity boundary work rather than a broad anti-commercial authenticity claim.",30
JALEO_1986_SUMMER::A2,jaleo,Jaleo,JALEO_1986_SUMMER,1986,COMM_03,COMM,"The mention of juergas suggests participatory settings, but the text mainly describes difficulty locating contacts rather than valuing the juerga as a participatory form.",24
JALEO_1986_SUMMER::A3,jaleo,Jaleo,JALEO_1986_SUMMER,1986,CRIT_03,CRIT,"The mention of Carlos Montoya, Sabicas, and Manitas de Plata as common reference points suggests a popular canon, but the article focuses more on insider/outsider perception and critical debate than ranking them.",33
JALEO_1986_SUMMER::A4,jaleo,Jaleo,JALEO_1986_SUMMER,1986,AUTH_03,AUTH,"The ending mentions flamenco roots being investigated and flamenco being revived, but the truncated context makes the present-value tradition claim too incomplete to code confidently.",26
JALEO_1986_SUMMER::A5,jaleo,Jaleo,JALEO_1986_SUMMER,1986,HERIT_03,HERIT,"The phrase 'take root well' suggests continuity, but it is framed mainly as learning/access rather than public heritage or safeguarding discourse.",22
JALEO_1986_SUMMER::A6,jaleo,Jaleo,JALEO_1986_SUMMER,1986,HERIT_03,HERIT,"The text invokes experiences, pilgrimage, and tribute, but it does not clearly frame flamenco as heritage, safeguarding, or public cultural memory.",21
JALEO_1986_SUMMER::A7,jaleo,Jaleo,JALEO_1986_SUMMER,1986,COMM_01,COMM,"The article implies foreign access to Spanish flamenco circles, but it does not clearly draw an insider/outsider boundary with evaluative consequences.",22
JALEO_1986_SUMMER::A8,jaleo,Jaleo,JALEO_1986_SUMMER,1986,PED_03,PED,"The article includes translated material and mentions summer courses, but the visible excerpts do not clearly evaluate institutional/transnational learning access.",21
JALEO_1986_SUMMER::A9,jaleo,Jaleo,JALEO_1986_SUMMER,1986,AUTH_04,AUTH,"The statement that multinational record companies have turned their backs on flamenco criticizes industry neglect, but it does not clearly link commerce to authenticity loss.",25
JALEO_1986_SUMMER::A9,jaleo,Jaleo,JALEO_1986_SUMMER,1986,COMM_02,COMM,"Aficionados are mentioned as an audience whose interest is redirected, but they are not positioned as authorities who judge or sustain flamenco.",22
JALEO_1986_SUMMER::A10,jaleo,Jaleo,JALEO_1986_SUMMER,1986,CRIT_01,CRIT,"There are several evaluative phrases such as exceptional and outstanding, but the stronger function of the excerpt is hierarchical canonization rather than a specific review judgment.",26
JALEO_1986_SUMMER::A10,jaleo,Jaleo,JALEO_1986_SUMMER,1986,COMM_02,COMM,"The retrieval hint points to known participants, but the visible text does not grant afición, peñas, families, or local communities authority to judge flamenco.",24
JALEO_1986_SUMMER::A11,jaleo,Jaleo,JALEO_1986_SUMMER,1986,AUTH_02,AUTH,"The word purity appears, but it is used as praise for dance quality rather than to draw a boundary against impure or illegitimate flamenco.",24
JALEO_1986_SUMMER::A11,jaleo,Jaleo,JALEO_1986_SUMMER,1986,PED_03,PED,"The text mentions creating a wider public and integrating traditional and contemporary dance forms, but it does not frame learning access or pedagogy.",23
JALEO_1986_SUMMER::A12,jaleo,Jaleo,JALEO_1986_SUMMER,1986,AUTH_01,AUTH,"Phrases such as true to herself and truly concern Carmen's character and personal sincerity, not authenticity of flamenco practice.",20
JALEO_1986_SUMMER::A12,jaleo,Jaleo,JALEO_1986_SUMMER,1986,COMM_04,COMM,"The text discusses man, woman, wife, and protagonist, but these do not organize flamenco belonging or identity-based authority.",19
JALEO_1986_SUMMER::A13,jaleo,Jaleo,JALEO_1986_SUMMER,1986,AUTH_02,AUTH,"The review criticizes hybrid mixtures and cinematic treatment, but it does not clearly define proper flamenco through a genuine/fake or pure/impure boundary.",24
JALEO_1986_SUMMER::A13,jaleo,Jaleo,JALEO_1986_SUMMER,1986,CRIT_03,CRIT,"The comparison with earlier filmed versions implies a broader evaluative hierarchy, but the primary function is criticism of the current film rather than canon formation.",25
JALEO_1986_SUMMER::A15,jaleo,Jaleo,JALEO_1986_SUMMER,1986,COMM_03,COMM,"The audience keeps compás and there is communion between artists and recipients, but the text does not clearly contrast participatory settings with passive spectatorship.",24
JALEO_1986_SUMMER::A16,jaleo,Jaleo,JALEO_1986_SUMMER,1986,AUTH_04,AUTH,"The article contrasts art with finances, but it does not explicitly frame commerce as a loss of flamenco authenticity.",19
JALEO_1986_SUMMER::A16,jaleo,Jaleo,JALEO_1986_SUMMER,1986,CRIT_01,CRIT,"The opening continuation praises the preceding night, but this article fragment is a mixed notes column and the clearest new evaluative discourse is the commercial boundary critique.",27
JALEO_1986_SUMMER::A17,jaleo,Jaleo,JALEO_1986_SUMMER,1986,AUTH_01,AUTH,"The phrase 'true flamenco' appears, but the stronger function is boundary work around purity and innovation, already captured by AUTH_02.",20
JALEO_1986_SUMMER::A17,jaleo,Jaleo,JALEO_1986_SUMMER,1986,PED_03,PED,"The article discusses collaboration and creative process, but not learning/access or pedagogy.",13
JALEO_1986_SUMMER::A18,jaleo,Jaleo,JALEO_1986_SUMMER,1986,AUTH_03,AUTH,"Gypsy roots are mentioned, but the stronger visible function is identity framing and critical evaluation rather than tradition/continuity authorization.",20
JALEO_1986_SUMMER::A19,jaleo,Jaleo,JALEO_1986_SUMMER,1986,CRIT_01,CRIT,"The text praises the contest's prestige, but the stronger function is canon/hierarchy construction rather than a discrete review of a performance.",23
JALEO_1986_SUMMER::A21,jaleo,Jaleo,JALEO_1986_SUMMER,1986,AUTH_02,AUTH,"The phrase 'pura' is explicit, but the text does not clearly draw an exclusionary boundary between proper and improper flamenco.",20
JALEO_1986_SUMMER::A22,jaleo,Jaleo,JALEO_1986_SUMMER,1986,CRIT_03,CRIT,"The program groups artists by forms and themes, but the visible schedule does not clearly rank or canonize them.",19
JALEO_1986_SUMMER::A23,jaleo,Jaleo,JALEO_1986_SUMMER,1986,PED_03,PED,"The excerpt mentions instructors and students from several countries, but the visible text is too fragmentary to establish a learning/access discourse function.",23
JALEO_1986_SUMMER::A24,jaleo,Jaleo,JALEO_1986_SUMMER,1986,PED_03,PED,"The presentation includes explanation and demonstrations of a new technique, but the passage frames it more as technical exhibition than flamenco learning/access discourse.",24
JALEO_1986_SUMMER::A26,jaleo,Jaleo,JALEO_1986_SUMMER,1986,AUTH_03,AUTH,"The phrase 'old and treasured' values older choreography, but the visible excerpt does not develop a clear tradition-continuity claim.",20
JALEO_1986_SUMMER::A27,jaleo,Jaleo,JALEO_1986_SUMMER,1986,COMM_04,COMM,"Heredia's gypsy identity and knowledge of gypsy history are described, but the excerpt does not clearly make that identity authorize flamenco belonging or performance.",25
JALEO_1986_SUMMER::A27,jaleo,Jaleo,JALEO_1986_SUMMER,1986,PED_02,PED,"The 'students of my students' phrasing suggests lineage, but it is not clearly embodied, oral, familial, or intergenerational transmission.",19
JALEO_1986_SUMMER::A28,jaleo,Jaleo,JALEO_1986_SUMMER,1986,CRIT_01,CRIT,"Words such as 'talented,' 'virtuoso,' and 'accomplished' are promotional and evaluative, but the press-release style gives little developed critical judgment.",21
JALEO_1986_SUMMER::A28,jaleo,Jaleo,JALEO_1986_SUMMER,1986,HERIT_02,HERIT,"Public arts funding is mentioned, but there is no explicit heritage or public-culture authorization frame.",16
JALEO_1986_SUMMER::A29,jaleo,Jaleo,JALEO_1986_SUMMER,1986,PED_01,PED,"Radford's explanations before pieces suggest pedagogical mediation, but the visible excerpt mainly uses this as concert-review description rather than clearly authorizing him as a teacher.",27
JALEO_1986_SUMMER::A29,jaleo,Jaleo,JALEO_1986_SUMMER,1986,CRIT_03,CRIT,"Carlos Montoya is called the undisputed king of flamenco, but this is brief background framing rather than the main evaluative discourse of the visible reviews.",25
JALEO_1986_SUMMER::A31,jaleo,Jaleo,JALEO_1986_SUMMER,1986,PED_03,PED,"Contreras's studies in Barcelona and international travel suggest transnational learning, but the passage reads mainly as biography rather than a discourse about access to flamenco knowledge.",27
JALEO_1987_SUMMER::A1,jaleo,Jaleo,JALEO_1987_SUMMER,1987,CRIT_01,CRIT,"The text notes the group had very little success in the United States, but this is more a report of reception than an explicit critical judgment of artistic quality.",29
JALEO_1987_SUMMER::A1,jaleo,Jaleo,JALEO_1987_SUMMER,1987,AUTH_02,AUTH,"The broader title suggests a possible boundary critique of flamenco-rock, but the visible article text here does not yet clearly draw a genuine/spurious flamenco boundary.",27
JALEO_1987_SUMMER::A2,jaleo,Jaleo,JALEO_1987_SUMMER,1987,COMM_02,COMM,"The family history and home-based flamenco identity indicate belonging, but they do not clearly grant the family community authority to judge or sustain flamenco beyond personal memory.",28
JALEO_1987_SUMMER::A2,jaleo,Jaleo,JALEO_1987_SUMMER,1987,CRIT_01,CRIT,"The letter praises Jaleo, but much of that praise is generic reader appreciation rather than sustained critical evaluation.",18
JALEO_1987_SUMMER::A8,jaleo,Jaleo,JALEO_1987_SUMMER,1987,COMM_04,COMM,"Gypsy identity and Spanish South exclusivity are salient, but the strongest visible discourse is purity/canon/evaluation rather than a clear belonging or representation argument.",25
JALEO_1987_SUMMER::A8,jaleo,Jaleo,JALEO_1987_SUMMER,1987,AUTH_03,AUTH,"The 'Golden Chapter' and no-successors language suggests decline of continuity, but it is more directly canonical/elegiac than a tradition-continuity claim.",23
JALEO_1987_SUMMER::A9,jaleo,Jaleo,JALEO_1987_SUMMER,1987,CRIT_03,CRIT,"Terms such as 'well-known' and associations with famous artists imply status, but the visible text does not build a strong ranking or canon beyond general reputation.",27
JALEO_1987_SUMMER::A10,jaleo,Jaleo,JALEO_1987_SUMMER,1987,PED_01,PED,"The biography notes Lorca directed a school and taught, but this is mostly factual career chronology rather than a discourse move authorizing flamenco knowledge.",24
JALEO_1987_SUMMER::A11,jaleo,Jaleo,JALEO_1987_SUMMER,1987,CRIT_04,CRIT,"The phrase 'an authority on Spanish and classical ballet' signals expertise, but it is not clearly exercised as flamenco critical authority in the visible text.",25
JALEO_1987_SUMMER::A11,jaleo,Jaleo,JALEO_1987_SUMMER,1987,CRIT_01,CRIT,"Advertisements mention record reviews and guitar ownership, but the article text does not itself evaluate flamenco quality.",17
JALEO_1987_SUMMER::A12,jaleo,Jaleo,JALEO_1987_SUMMER,1987,AUTH_03,AUTH,"Sevillanas are called 'the traditional set of dances of Sevilla,' but the article mainly gives practical learning advice rather than using tradition to authorize present flamenco value.",27
JALEO_1987_SUMMER::A12,jaleo,Jaleo,JALEO_1987_SUMMER,1987,COMM_02,COMM,"The text says everyone in Sevilla knows and dances sevillanas, but this does not clearly grant community authority to judge or sustain flamenco.",23
JALEO_1987_SUMMER::A13,jaleo,Jaleo,JALEO_1987_SUMMER,1987,COMM_03,COMM,"Private classes are mentioned only as instructional format, not as a value-bearing public/private participatory contrast.",17
JALEO_1987_SUMMER::A13,jaleo,Jaleo,JALEO_1987_SUMMER,1987,AUTH_01,AUTH,"The phrase 'arte puro' is evaluative, but the visible excerpt does not clearly define the work as genuinely or properly flamenco rather than simply praising it.",26
JALEO_1987_SUMMER::A14,jaleo,Jaleo,JALEO_1987_SUMMER,1987,COMM_04,COMM,Artist names and group photos do not clearly frame identity categories as shaping flamenco authority or belonging.,17
JALEO_1987_SUMMER::A14,jaleo,Jaleo,JALEO_1987_SUMMER,1987,COMM_03,COMM,"Audience enthusiasm is described, but not contrasted with participatory versus spectatorial flamenco settings.",13
JALEO_1987_SUMMER::A15,jaleo,Jaleo,JALEO_1987_SUMMER,1987,AUTH_03,AUTH,"The academy founded to 'perpetuate' Spanish dance suggests continuity, but the wording is biographical and lacks stronger tradition-authorization stakes.",20
JALEO_1987_SUMMER::A15,jaleo,Jaleo,JALEO_1987_SUMMER,1987,PED_02,PED,"Teacher-student lineages are present, but the visible text emphasizes formal study and institutional training more than embodied/oral lineage transmission.",21
JALEO_1987_SUMMER::A16,jaleo,Jaleo,JALEO_1987_SUMMER,1987,COMM_04,COMM,"The merging of two cultures and international participants are mentioned, but identity does not clearly organize belonging or authority in the visible text.",23
JALEO_1987_SUMMER::A16,jaleo,Jaleo,JALEO_1987_SUMMER,1987,AUTH_03,AUTH,The advertisement title 'Traditional Flamenco Guitar' is product labeling and does not itself authorize flamenco through tradition.,17
JALEO_1987_SUMMER::A16,jaleo,Jaleo,JALEO_1987_SUMMER,1987,PED_03,PED,"The home-study guitar course advertises instruction, but it is routine sales copy with weak discourse stakes compared with the institutional Spanish Dance Society evidence.",25
JALEO_1987_SUMMER::A18,jaleo,Jaleo,JALEO_1987_SUMMER,1987,AUTH_03,AUTH,"The rumba is said to keep 'gypsy roots,' but the claim is brief and not clearly used to authorize present practice through tradition.",23
JALEO_1987_SUMMER::A18,jaleo,Jaleo,JALEO_1987_SUMMER,1987,COMM_03,COMM,"Audience response is described, but the excerpt does not clearly contrast participatory co-presence with passive spectatorship.",17
JALEO_1986_WINTER::A1,jaleo,Jaleo,JALEO_1986_WINTER,1986,AUTH_03,AUTH,"Images of earth, mother's milk, and possible disappearance suggest rootedness and continuity, but the stronger visible function is defining authenticity and belonging rather than preserving a past tradition.",29
JALEO_1986_WINTER::A2,jaleo,Jaleo,JALEO_1986_WINTER,1986,PED_01,PED,"The word maestro appears, but it functions mainly as an honorific/canonical title rather than authorizing Agujetas as a teacher.",20
JALEO_1986_WINTER::A2,jaleo,Jaleo,JALEO_1986_WINTER,1986,HERIT_03,HERIT,"The claim that the performance will remain forever implies preservation, but the passage remains primarily commercial/canonical without clear public heritage or safeguarding framing.",24
JALEO_1986_WINTER::A3,jaleo,Jaleo,JALEO_1986_WINTER,1986,PED_02,PED,"The article notes that Vargas learned while surrounded by artists, but the visible passage does not clearly describe embodied/oral lineage transmission as an authorizing process.",26
JALEO_1986_WINTER::A3,jaleo,Jaleo,JALEO_1986_WINTER,1986,COMM_01,COMM,"There are distinctions between audience, stage, gypsy, paya, bailarina, and bailaora, but the clearest social function is identity framing rather than an insider/outsider boundary.",25
JALEO_1986_WINTER::A4,jaleo,Jaleo,JALEO_1986_WINTER,1986,CRIT_03,CRIT,"The article compares flamenco to other forms of exercise and ballet, but that comparison concerns bodily fitness rather than canon or hierarchy within flamenco.",24
JALEO_1986_WINTER::A10,jaleo,Jaleo,JALEO_1986_WINTER,1986,COMM_02,COMM,"The closing passage praises dedicated aficionados who travel to concerts and juergas, but it does not clearly grant them authority to judge or define flamenco.",25
JALEO_1986_WINTER::A11,jaleo,Jaleo,JALEO_1986_WINTER,1986,HERIT_03,HERIT,"The word 'memories' appears in a choreographic description of retrospection, but it is not public cultural memory or heritage work.",20
JALEO_1986_WINTER::A13,jaleo,Jaleo,JALEO_1986_WINTER,1986,COMM_02,COMM,"The article asks members to contribute and participate, but it does not clearly position members as authoritative judges or sustainers of flamenco value.",23
